ARM GAS  /tmp/ccBxf6FW.s 			page 1


   1              		.cpu cortex-m4
   2              		.arch armv7e-m
   3              		.fpu fpv4-sp-d16
   4              		.eabi_attribute 27, 1
   5              		.eabi_attribute 28, 1
   6              		.eabi_attribute 20, 1
   7              		.eabi_attribute 21, 1
   8              		.eabi_attribute 23, 3
   9              		.eabi_attribute 24, 1
  10              		.eabi_attribute 25, 1
  11              		.eabi_attribute 26, 1
  12              		.eabi_attribute 30, 1
  13              		.eabi_attribute 34, 1
  14              		.eabi_attribute 18, 4
  15              		.file	"stm32l4xx_hal_rcc_ex.c"
  16              		.text
  17              	.Ltext0:
  18              		.cfi_sections	.debug_frame
  19              		.section	.text.RCCEx_GetSAIxPeriphCLKFreq,"ax",%progbits
  20              		.align	1
  21              		.syntax unified
  22              		.thumb
  23              		.thumb_func
  25              	RCCEx_GetSAIxPeriphCLKFreq:
  26              	.LVL0:
  27              	.LFB314:
  28              		.file 1 "Drivers/STM32L4xx_HAL_Driver/Src/stm32l4xx_hal_rcc_ex.c"
   1:Drivers/STM32L4xx_HAL_Driver/Src/stm32l4xx_hal_rcc_ex.c **** /**
   2:Drivers/STM32L4xx_HAL_Driver/Src/stm32l4xx_hal_rcc_ex.c ****   ******************************************************************************
   3:Drivers/STM32L4xx_HAL_Driver/Src/stm32l4xx_hal_rcc_ex.c ****   * @file    stm32l4xx_hal_rcc_ex.c
   4:Drivers/STM32L4xx_HAL_Driver/Src/stm32l4xx_hal_rcc_ex.c ****   * @author  MCD Application Team
   5:Drivers/STM32L4xx_HAL_Driver/Src/stm32l4xx_hal_rcc_ex.c ****   * @brief   Extended RCC HAL module driver.
   6:Drivers/STM32L4xx_HAL_Driver/Src/stm32l4xx_hal_rcc_ex.c ****   *          This file provides firmware functions to manage the following
   7:Drivers/STM32L4xx_HAL_Driver/Src/stm32l4xx_hal_rcc_ex.c ****   *          functionalities RCC extended peripheral:
   8:Drivers/STM32L4xx_HAL_Driver/Src/stm32l4xx_hal_rcc_ex.c ****   *           + Extended Peripheral Control functions
   9:Drivers/STM32L4xx_HAL_Driver/Src/stm32l4xx_hal_rcc_ex.c ****   *           + Extended Clock management functions
  10:Drivers/STM32L4xx_HAL_Driver/Src/stm32l4xx_hal_rcc_ex.c ****   *           + Extended Clock Recovery System Control functions
  11:Drivers/STM32L4xx_HAL_Driver/Src/stm32l4xx_hal_rcc_ex.c ****   *
  12:Drivers/STM32L4xx_HAL_Driver/Src/stm32l4xx_hal_rcc_ex.c ****   ******************************************************************************
  13:Drivers/STM32L4xx_HAL_Driver/Src/stm32l4xx_hal_rcc_ex.c ****   * @attention
  14:Drivers/STM32L4xx_HAL_Driver/Src/stm32l4xx_hal_rcc_ex.c ****   *
  15:Drivers/STM32L4xx_HAL_Driver/Src/stm32l4xx_hal_rcc_ex.c ****   * Copyright (c) 2017 STMicroelectronics.
  16:Drivers/STM32L4xx_HAL_Driver/Src/stm32l4xx_hal_rcc_ex.c ****   * All rights reserved.
  17:Drivers/STM32L4xx_HAL_Driver/Src/stm32l4xx_hal_rcc_ex.c ****   *
  18:Drivers/STM32L4xx_HAL_Driver/Src/stm32l4xx_hal_rcc_ex.c ****   * This software is licensed under terms that can be found in the LICENSE file in
  19:Drivers/STM32L4xx_HAL_Driver/Src/stm32l4xx_hal_rcc_ex.c ****   * the root directory of this software component.
  20:Drivers/STM32L4xx_HAL_Driver/Src/stm32l4xx_hal_rcc_ex.c ****   * If no LICENSE file comes with this software, it is provided AS-IS.
  21:Drivers/STM32L4xx_HAL_Driver/Src/stm32l4xx_hal_rcc_ex.c ****   ******************************************************************************
  22:Drivers/STM32L4xx_HAL_Driver/Src/stm32l4xx_hal_rcc_ex.c ****   */
  23:Drivers/STM32L4xx_HAL_Driver/Src/stm32l4xx_hal_rcc_ex.c **** 
  24:Drivers/STM32L4xx_HAL_Driver/Src/stm32l4xx_hal_rcc_ex.c **** /* Includes ------------------------------------------------------------------*/
  25:Drivers/STM32L4xx_HAL_Driver/Src/stm32l4xx_hal_rcc_ex.c **** #include "stm32l4xx_hal.h"
  26:Drivers/STM32L4xx_HAL_Driver/Src/stm32l4xx_hal_rcc_ex.c **** 
  27:Drivers/STM32L4xx_HAL_Driver/Src/stm32l4xx_hal_rcc_ex.c **** /** @addtogroup STM32L4xx_HAL_Driver
  28:Drivers/STM32L4xx_HAL_Driver/Src/stm32l4xx_hal_rcc_ex.c ****   * @{
  29:Drivers/STM32L4xx_HAL_Driver/Src/stm32l4xx_hal_rcc_ex.c ****   */
  30:Drivers/STM32L4xx_HAL_Driver/Src/stm32l4xx_hal_rcc_ex.c **** 
ARM GAS  /tmp/ccBxf6FW.s 			page 2


  31:Drivers/STM32L4xx_HAL_Driver/Src/stm32l4xx_hal_rcc_ex.c **** /** @defgroup RCCEx RCCEx
  32:Drivers/STM32L4xx_HAL_Driver/Src/stm32l4xx_hal_rcc_ex.c ****   * @brief RCC Extended HAL module driver
  33:Drivers/STM32L4xx_HAL_Driver/Src/stm32l4xx_hal_rcc_ex.c ****   * @{
  34:Drivers/STM32L4xx_HAL_Driver/Src/stm32l4xx_hal_rcc_ex.c ****   */
  35:Drivers/STM32L4xx_HAL_Driver/Src/stm32l4xx_hal_rcc_ex.c **** 
  36:Drivers/STM32L4xx_HAL_Driver/Src/stm32l4xx_hal_rcc_ex.c **** #ifdef HAL_RCC_MODULE_ENABLED
  37:Drivers/STM32L4xx_HAL_Driver/Src/stm32l4xx_hal_rcc_ex.c **** 
  38:Drivers/STM32L4xx_HAL_Driver/Src/stm32l4xx_hal_rcc_ex.c **** /* Private typedef -----------------------------------------------------------*/
  39:Drivers/STM32L4xx_HAL_Driver/Src/stm32l4xx_hal_rcc_ex.c **** /* Private defines -----------------------------------------------------------*/
  40:Drivers/STM32L4xx_HAL_Driver/Src/stm32l4xx_hal_rcc_ex.c **** /** @defgroup RCCEx_Private_Constants RCCEx Private Constants
  41:Drivers/STM32L4xx_HAL_Driver/Src/stm32l4xx_hal_rcc_ex.c ****  * @{
  42:Drivers/STM32L4xx_HAL_Driver/Src/stm32l4xx_hal_rcc_ex.c ****  */
  43:Drivers/STM32L4xx_HAL_Driver/Src/stm32l4xx_hal_rcc_ex.c **** #define PLLSAI1_TIMEOUT_VALUE     2U    /* 2 ms (minimum Tick + 1) */
  44:Drivers/STM32L4xx_HAL_Driver/Src/stm32l4xx_hal_rcc_ex.c **** #define PLLSAI2_TIMEOUT_VALUE     2U    /* 2 ms (minimum Tick + 1) */
  45:Drivers/STM32L4xx_HAL_Driver/Src/stm32l4xx_hal_rcc_ex.c **** #define PLL_TIMEOUT_VALUE         2U    /* 2 ms (minimum Tick + 1) */
  46:Drivers/STM32L4xx_HAL_Driver/Src/stm32l4xx_hal_rcc_ex.c **** 
  47:Drivers/STM32L4xx_HAL_Driver/Src/stm32l4xx_hal_rcc_ex.c **** #define DIVIDER_P_UPDATE          0U
  48:Drivers/STM32L4xx_HAL_Driver/Src/stm32l4xx_hal_rcc_ex.c **** #define DIVIDER_Q_UPDATE          1U
  49:Drivers/STM32L4xx_HAL_Driver/Src/stm32l4xx_hal_rcc_ex.c **** #define DIVIDER_R_UPDATE          2U
  50:Drivers/STM32L4xx_HAL_Driver/Src/stm32l4xx_hal_rcc_ex.c **** 
  51:Drivers/STM32L4xx_HAL_Driver/Src/stm32l4xx_hal_rcc_ex.c **** #define __LSCO_CLK_ENABLE()       __HAL_RCC_GPIOA_CLK_ENABLE()
  52:Drivers/STM32L4xx_HAL_Driver/Src/stm32l4xx_hal_rcc_ex.c **** #define LSCO_GPIO_PORT            GPIOA
  53:Drivers/STM32L4xx_HAL_Driver/Src/stm32l4xx_hal_rcc_ex.c **** #define LSCO_PIN                  GPIO_PIN_2
  54:Drivers/STM32L4xx_HAL_Driver/Src/stm32l4xx_hal_rcc_ex.c **** /**
  55:Drivers/STM32L4xx_HAL_Driver/Src/stm32l4xx_hal_rcc_ex.c ****   * @}
  56:Drivers/STM32L4xx_HAL_Driver/Src/stm32l4xx_hal_rcc_ex.c ****   */
  57:Drivers/STM32L4xx_HAL_Driver/Src/stm32l4xx_hal_rcc_ex.c **** 
  58:Drivers/STM32L4xx_HAL_Driver/Src/stm32l4xx_hal_rcc_ex.c **** /* Private macros ------------------------------------------------------------*/
  59:Drivers/STM32L4xx_HAL_Driver/Src/stm32l4xx_hal_rcc_ex.c **** /* Private variables ---------------------------------------------------------*/
  60:Drivers/STM32L4xx_HAL_Driver/Src/stm32l4xx_hal_rcc_ex.c **** /* Private function prototypes -----------------------------------------------*/
  61:Drivers/STM32L4xx_HAL_Driver/Src/stm32l4xx_hal_rcc_ex.c **** /** @defgroup RCCEx_Private_Functions RCCEx Private Functions
  62:Drivers/STM32L4xx_HAL_Driver/Src/stm32l4xx_hal_rcc_ex.c ****  * @{
  63:Drivers/STM32L4xx_HAL_Driver/Src/stm32l4xx_hal_rcc_ex.c ****  */
  64:Drivers/STM32L4xx_HAL_Driver/Src/stm32l4xx_hal_rcc_ex.c **** #if defined(RCC_PLLSAI1_SUPPORT)
  65:Drivers/STM32L4xx_HAL_Driver/Src/stm32l4xx_hal_rcc_ex.c **** 
  66:Drivers/STM32L4xx_HAL_Driver/Src/stm32l4xx_hal_rcc_ex.c **** static HAL_StatusTypeDef RCCEx_PLLSAI1_Config(RCC_PLLSAI1InitTypeDef *PllSai1, uint32_t Divider);
  67:Drivers/STM32L4xx_HAL_Driver/Src/stm32l4xx_hal_rcc_ex.c **** 
  68:Drivers/STM32L4xx_HAL_Driver/Src/stm32l4xx_hal_rcc_ex.c **** #endif /* RCC_PLLSAI1_SUPPORT */
  69:Drivers/STM32L4xx_HAL_Driver/Src/stm32l4xx_hal_rcc_ex.c **** 
  70:Drivers/STM32L4xx_HAL_Driver/Src/stm32l4xx_hal_rcc_ex.c **** #if defined(RCC_PLLSAI2_SUPPORT)
  71:Drivers/STM32L4xx_HAL_Driver/Src/stm32l4xx_hal_rcc_ex.c **** 
  72:Drivers/STM32L4xx_HAL_Driver/Src/stm32l4xx_hal_rcc_ex.c **** static HAL_StatusTypeDef RCCEx_PLLSAI2_Config(RCC_PLLSAI2InitTypeDef *PllSai2, uint32_t Divider);
  73:Drivers/STM32L4xx_HAL_Driver/Src/stm32l4xx_hal_rcc_ex.c **** 
  74:Drivers/STM32L4xx_HAL_Driver/Src/stm32l4xx_hal_rcc_ex.c **** #endif /* RCC_PLLSAI2_SUPPORT */
  75:Drivers/STM32L4xx_HAL_Driver/Src/stm32l4xx_hal_rcc_ex.c **** 
  76:Drivers/STM32L4xx_HAL_Driver/Src/stm32l4xx_hal_rcc_ex.c **** #if defined(SAI1)
  77:Drivers/STM32L4xx_HAL_Driver/Src/stm32l4xx_hal_rcc_ex.c **** 
  78:Drivers/STM32L4xx_HAL_Driver/Src/stm32l4xx_hal_rcc_ex.c **** static uint32_t RCCEx_GetSAIxPeriphCLKFreq(uint32_t PeriphClk, uint32_t InputFrequency);
  79:Drivers/STM32L4xx_HAL_Driver/Src/stm32l4xx_hal_rcc_ex.c **** 
  80:Drivers/STM32L4xx_HAL_Driver/Src/stm32l4xx_hal_rcc_ex.c **** #endif /* SAI1 */
  81:Drivers/STM32L4xx_HAL_Driver/Src/stm32l4xx_hal_rcc_ex.c **** /**
  82:Drivers/STM32L4xx_HAL_Driver/Src/stm32l4xx_hal_rcc_ex.c ****   * @}
  83:Drivers/STM32L4xx_HAL_Driver/Src/stm32l4xx_hal_rcc_ex.c ****   */
  84:Drivers/STM32L4xx_HAL_Driver/Src/stm32l4xx_hal_rcc_ex.c **** 
  85:Drivers/STM32L4xx_HAL_Driver/Src/stm32l4xx_hal_rcc_ex.c **** /* Exported functions --------------------------------------------------------*/
  86:Drivers/STM32L4xx_HAL_Driver/Src/stm32l4xx_hal_rcc_ex.c **** 
  87:Drivers/STM32L4xx_HAL_Driver/Src/stm32l4xx_hal_rcc_ex.c **** /** @defgroup RCCEx_Exported_Functions RCCEx Exported Functions
ARM GAS  /tmp/ccBxf6FW.s 			page 3


  88:Drivers/STM32L4xx_HAL_Driver/Src/stm32l4xx_hal_rcc_ex.c ****   * @{
  89:Drivers/STM32L4xx_HAL_Driver/Src/stm32l4xx_hal_rcc_ex.c ****   */
  90:Drivers/STM32L4xx_HAL_Driver/Src/stm32l4xx_hal_rcc_ex.c **** 
  91:Drivers/STM32L4xx_HAL_Driver/Src/stm32l4xx_hal_rcc_ex.c **** /** @defgroup RCCEx_Exported_Functions_Group1 Extended Peripheral Control functions
  92:Drivers/STM32L4xx_HAL_Driver/Src/stm32l4xx_hal_rcc_ex.c ****  *  @brief  Extended Peripheral Control functions
  93:Drivers/STM32L4xx_HAL_Driver/Src/stm32l4xx_hal_rcc_ex.c ****  *
  94:Drivers/STM32L4xx_HAL_Driver/Src/stm32l4xx_hal_rcc_ex.c **** @verbatim
  95:Drivers/STM32L4xx_HAL_Driver/Src/stm32l4xx_hal_rcc_ex.c ****  ===============================================================================
  96:Drivers/STM32L4xx_HAL_Driver/Src/stm32l4xx_hal_rcc_ex.c ****                 ##### Extended Peripheral Control functions  #####
  97:Drivers/STM32L4xx_HAL_Driver/Src/stm32l4xx_hal_rcc_ex.c ****  ===============================================================================
  98:Drivers/STM32L4xx_HAL_Driver/Src/stm32l4xx_hal_rcc_ex.c ****     [..]
  99:Drivers/STM32L4xx_HAL_Driver/Src/stm32l4xx_hal_rcc_ex.c ****     This subsection provides a set of functions allowing to control the RCC Clocks
 100:Drivers/STM32L4xx_HAL_Driver/Src/stm32l4xx_hal_rcc_ex.c ****     frequencies.
 101:Drivers/STM32L4xx_HAL_Driver/Src/stm32l4xx_hal_rcc_ex.c ****     [..]
 102:Drivers/STM32L4xx_HAL_Driver/Src/stm32l4xx_hal_rcc_ex.c ****     (@) Important note: Care must be taken when HAL_RCCEx_PeriphCLKConfig() is used to
 103:Drivers/STM32L4xx_HAL_Driver/Src/stm32l4xx_hal_rcc_ex.c ****         select the RTC clock source; in this case the Backup domain will be reset in
 104:Drivers/STM32L4xx_HAL_Driver/Src/stm32l4xx_hal_rcc_ex.c ****         order to modify the RTC Clock source, as consequence RTC registers (including
 105:Drivers/STM32L4xx_HAL_Driver/Src/stm32l4xx_hal_rcc_ex.c ****         the backup registers) are set to their reset values.
 106:Drivers/STM32L4xx_HAL_Driver/Src/stm32l4xx_hal_rcc_ex.c **** 
 107:Drivers/STM32L4xx_HAL_Driver/Src/stm32l4xx_hal_rcc_ex.c **** @endverbatim
 108:Drivers/STM32L4xx_HAL_Driver/Src/stm32l4xx_hal_rcc_ex.c ****   * @{
 109:Drivers/STM32L4xx_HAL_Driver/Src/stm32l4xx_hal_rcc_ex.c ****   */
 110:Drivers/STM32L4xx_HAL_Driver/Src/stm32l4xx_hal_rcc_ex.c **** /**
 111:Drivers/STM32L4xx_HAL_Driver/Src/stm32l4xx_hal_rcc_ex.c ****   * @brief  Initialize the RCC extended peripherals clocks according to the specified
 112:Drivers/STM32L4xx_HAL_Driver/Src/stm32l4xx_hal_rcc_ex.c ****   *         parameters in the RCC_PeriphCLKInitTypeDef.
 113:Drivers/STM32L4xx_HAL_Driver/Src/stm32l4xx_hal_rcc_ex.c ****   * @param  PeriphClkInit  pointer to an RCC_PeriphCLKInitTypeDef structure that
 114:Drivers/STM32L4xx_HAL_Driver/Src/stm32l4xx_hal_rcc_ex.c ****   *         contains a field PeriphClockSelection which can be a combination of the following value
 115:Drivers/STM32L4xx_HAL_Driver/Src/stm32l4xx_hal_rcc_ex.c ****   *            @arg @ref RCC_PERIPHCLK_RTC  RTC peripheral clock
 116:Drivers/STM32L4xx_HAL_Driver/Src/stm32l4xx_hal_rcc_ex.c ****   *            @arg @ref RCC_PERIPHCLK_ADC  ADC peripheral clock
 117:Drivers/STM32L4xx_HAL_Driver/Src/stm32l4xx_hal_rcc_ex.c ****   @if STM32L462xx
 118:Drivers/STM32L4xx_HAL_Driver/Src/stm32l4xx_hal_rcc_ex.c ****   *            @arg @ref RCC_PERIPHCLK_DFSDM1  DFSDM1 peripheral clock (only for devices with DFSDM
 119:Drivers/STM32L4xx_HAL_Driver/Src/stm32l4xx_hal_rcc_ex.c ****   @endif
 120:Drivers/STM32L4xx_HAL_Driver/Src/stm32l4xx_hal_rcc_ex.c ****   @if STM32L486xx
 121:Drivers/STM32L4xx_HAL_Driver/Src/stm32l4xx_hal_rcc_ex.c ****   *            @arg @ref RCC_PERIPHCLK_DFSDM1  DFSDM1 peripheral clock (only for devices with DFSDM
 122:Drivers/STM32L4xx_HAL_Driver/Src/stm32l4xx_hal_rcc_ex.c ****   @endif
 123:Drivers/STM32L4xx_HAL_Driver/Src/stm32l4xx_hal_rcc_ex.c ****   @if STM32L4A6xx
 124:Drivers/STM32L4xx_HAL_Driver/Src/stm32l4xx_hal_rcc_ex.c ****   *            @arg @ref RCC_PERIPHCLK_DFSDM1  DFSDM1 peripheral clock (only for devices with DFSDM
 125:Drivers/STM32L4xx_HAL_Driver/Src/stm32l4xx_hal_rcc_ex.c ****   @endif
 126:Drivers/STM32L4xx_HAL_Driver/Src/stm32l4xx_hal_rcc_ex.c ****   *            @arg @ref RCC_PERIPHCLK_I2C1  I2C1 peripheral clock
 127:Drivers/STM32L4xx_HAL_Driver/Src/stm32l4xx_hal_rcc_ex.c ****   *            @arg @ref RCC_PERIPHCLK_I2C2  I2C2 peripheral clock
 128:Drivers/STM32L4xx_HAL_Driver/Src/stm32l4xx_hal_rcc_ex.c ****   *            @arg @ref RCC_PERIPHCLK_I2C3  I2C3 peripheral clock
 129:Drivers/STM32L4xx_HAL_Driver/Src/stm32l4xx_hal_rcc_ex.c ****   @if STM32L462xx
 130:Drivers/STM32L4xx_HAL_Driver/Src/stm32l4xx_hal_rcc_ex.c ****   *            @arg @ref RCC_PERIPHCLK_I2C4  I2C4 peripheral clock (only for devices with I2C4)
 131:Drivers/STM32L4xx_HAL_Driver/Src/stm32l4xx_hal_rcc_ex.c ****   @endif
 132:Drivers/STM32L4xx_HAL_Driver/Src/stm32l4xx_hal_rcc_ex.c ****   @if STM32L4A6xx
 133:Drivers/STM32L4xx_HAL_Driver/Src/stm32l4xx_hal_rcc_ex.c ****   *            @arg @ref RCC_PERIPHCLK_I2C4  I2C4 peripheral clock (only for devices with I2C4)
 134:Drivers/STM32L4xx_HAL_Driver/Src/stm32l4xx_hal_rcc_ex.c ****   @endif
 135:Drivers/STM32L4xx_HAL_Driver/Src/stm32l4xx_hal_rcc_ex.c ****   @if STM32L4S9xx
 136:Drivers/STM32L4xx_HAL_Driver/Src/stm32l4xx_hal_rcc_ex.c ****   *            @arg @ref RCC_PERIPHCLK_I2C4  I2C4 peripheral clock (only for devices with I2C4)
 137:Drivers/STM32L4xx_HAL_Driver/Src/stm32l4xx_hal_rcc_ex.c ****   @endif
 138:Drivers/STM32L4xx_HAL_Driver/Src/stm32l4xx_hal_rcc_ex.c ****   *            @arg @ref RCC_PERIPHCLK_LPTIM1  LPTIM1 peripheral clock
 139:Drivers/STM32L4xx_HAL_Driver/Src/stm32l4xx_hal_rcc_ex.c ****   *            @arg @ref RCC_PERIPHCLK_LPTIM2  LPTIM2 peripheral clock
 140:Drivers/STM32L4xx_HAL_Driver/Src/stm32l4xx_hal_rcc_ex.c ****   *            @arg @ref RCC_PERIPHCLK_LPUART1  LPUART1 peripheral clock
 141:Drivers/STM32L4xx_HAL_Driver/Src/stm32l4xx_hal_rcc_ex.c ****   *            @arg @ref RCC_PERIPHCLK_RNG  RNG peripheral clock
 142:Drivers/STM32L4xx_HAL_Driver/Src/stm32l4xx_hal_rcc_ex.c ****   *            @arg @ref RCC_PERIPHCLK_SAI1  SAI1 peripheral clock (only for devices with SAI1)
 143:Drivers/STM32L4xx_HAL_Driver/Src/stm32l4xx_hal_rcc_ex.c ****   @if STM32L486xx
 144:Drivers/STM32L4xx_HAL_Driver/Src/stm32l4xx_hal_rcc_ex.c ****   *            @arg @ref RCC_PERIPHCLK_SAI2  SAI2 peripheral clock (only for devices with SAI2)
ARM GAS  /tmp/ccBxf6FW.s 			page 4


 145:Drivers/STM32L4xx_HAL_Driver/Src/stm32l4xx_hal_rcc_ex.c ****   @endif
 146:Drivers/STM32L4xx_HAL_Driver/Src/stm32l4xx_hal_rcc_ex.c ****   @if STM32L4A6xx
 147:Drivers/STM32L4xx_HAL_Driver/Src/stm32l4xx_hal_rcc_ex.c ****   *            @arg @ref RCC_PERIPHCLK_SAI2  SAI2 peripheral clock (only for devices with SAI2)
 148:Drivers/STM32L4xx_HAL_Driver/Src/stm32l4xx_hal_rcc_ex.c ****   @endif
 149:Drivers/STM32L4xx_HAL_Driver/Src/stm32l4xx_hal_rcc_ex.c ****   @if STM32L4S9xx
 150:Drivers/STM32L4xx_HAL_Driver/Src/stm32l4xx_hal_rcc_ex.c ****   *            @arg @ref RCC_PERIPHCLK_SAI2  SAI2 peripheral clock (only for devices with SAI2)
 151:Drivers/STM32L4xx_HAL_Driver/Src/stm32l4xx_hal_rcc_ex.c ****   @endif
 152:Drivers/STM32L4xx_HAL_Driver/Src/stm32l4xx_hal_rcc_ex.c ****   *            @arg @ref RCC_PERIPHCLK_SDMMC1  SDMMC1 peripheral clock
 153:Drivers/STM32L4xx_HAL_Driver/Src/stm32l4xx_hal_rcc_ex.c ****   @if STM32L443xx
 154:Drivers/STM32L4xx_HAL_Driver/Src/stm32l4xx_hal_rcc_ex.c ****   *            @arg @ref RCC_PERIPHCLK_SWPMI1  SWPMI1 peripheral clock (only for devices with SWPMI
 155:Drivers/STM32L4xx_HAL_Driver/Src/stm32l4xx_hal_rcc_ex.c ****   @endif
 156:Drivers/STM32L4xx_HAL_Driver/Src/stm32l4xx_hal_rcc_ex.c ****   @if STM32L486xx
 157:Drivers/STM32L4xx_HAL_Driver/Src/stm32l4xx_hal_rcc_ex.c ****   *            @arg @ref RCC_PERIPHCLK_SWPMI1  SWPMI1 peripheral clock (only for devices with SWPMI
 158:Drivers/STM32L4xx_HAL_Driver/Src/stm32l4xx_hal_rcc_ex.c ****   @endif
 159:Drivers/STM32L4xx_HAL_Driver/Src/stm32l4xx_hal_rcc_ex.c ****   @if STM32L4A6xx
 160:Drivers/STM32L4xx_HAL_Driver/Src/stm32l4xx_hal_rcc_ex.c ****   *            @arg @ref RCC_PERIPHCLK_SWPMI1  SWPMI1 peripheral clock (only for devices with SWPMI
 161:Drivers/STM32L4xx_HAL_Driver/Src/stm32l4xx_hal_rcc_ex.c ****   @endif
 162:Drivers/STM32L4xx_HAL_Driver/Src/stm32l4xx_hal_rcc_ex.c ****   *            @arg @ref RCC_PERIPHCLK_USART1  USART1 peripheral clock
 163:Drivers/STM32L4xx_HAL_Driver/Src/stm32l4xx_hal_rcc_ex.c ****   *            @arg @ref RCC_PERIPHCLK_USART2  USART1 peripheral clock
 164:Drivers/STM32L4xx_HAL_Driver/Src/stm32l4xx_hal_rcc_ex.c ****   *            @arg @ref RCC_PERIPHCLK_USART3  USART1 peripheral clock
 165:Drivers/STM32L4xx_HAL_Driver/Src/stm32l4xx_hal_rcc_ex.c ****   @if STM32L462xx
 166:Drivers/STM32L4xx_HAL_Driver/Src/stm32l4xx_hal_rcc_ex.c ****   *            @arg @ref RCC_PERIPHCLK_UART4  USART1 peripheral clock (only for devices with UART4)
 167:Drivers/STM32L4xx_HAL_Driver/Src/stm32l4xx_hal_rcc_ex.c ****   @endif
 168:Drivers/STM32L4xx_HAL_Driver/Src/stm32l4xx_hal_rcc_ex.c ****   @if STM32L486xx
 169:Drivers/STM32L4xx_HAL_Driver/Src/stm32l4xx_hal_rcc_ex.c ****   *            @arg @ref RCC_PERIPHCLK_UART4  USART1 peripheral clock (only for devices with UART4)
 170:Drivers/STM32L4xx_HAL_Driver/Src/stm32l4xx_hal_rcc_ex.c ****   *            @arg @ref RCC_PERIPHCLK_UART5  USART1 peripheral clock (only for devices with UART5)
 171:Drivers/STM32L4xx_HAL_Driver/Src/stm32l4xx_hal_rcc_ex.c ****   *            @arg @ref RCC_PERIPHCLK_USB  USB peripheral clock (only for devices with USB)
 172:Drivers/STM32L4xx_HAL_Driver/Src/stm32l4xx_hal_rcc_ex.c ****   @endif
 173:Drivers/STM32L4xx_HAL_Driver/Src/stm32l4xx_hal_rcc_ex.c ****   @if STM32L4A6xx
 174:Drivers/STM32L4xx_HAL_Driver/Src/stm32l4xx_hal_rcc_ex.c ****   *            @arg @ref RCC_PERIPHCLK_UART4  USART1 peripheral clock (only for devices with UART4)
 175:Drivers/STM32L4xx_HAL_Driver/Src/stm32l4xx_hal_rcc_ex.c ****   *            @arg @ref RCC_PERIPHCLK_UART5  USART1 peripheral clock (only for devices with UART5)
 176:Drivers/STM32L4xx_HAL_Driver/Src/stm32l4xx_hal_rcc_ex.c ****   *            @arg @ref RCC_PERIPHCLK_USB  USB peripheral clock (only for devices with USB)
 177:Drivers/STM32L4xx_HAL_Driver/Src/stm32l4xx_hal_rcc_ex.c ****   @endif
 178:Drivers/STM32L4xx_HAL_Driver/Src/stm32l4xx_hal_rcc_ex.c ****   @if STM32L4S9xx
 179:Drivers/STM32L4xx_HAL_Driver/Src/stm32l4xx_hal_rcc_ex.c ****   *            @arg @ref RCC_PERIPHCLK_UART4  USART1 peripheral clock (only for devices with UART4)
 180:Drivers/STM32L4xx_HAL_Driver/Src/stm32l4xx_hal_rcc_ex.c ****   *            @arg @ref RCC_PERIPHCLK_UART5  USART1 peripheral clock (only for devices with UART5)
 181:Drivers/STM32L4xx_HAL_Driver/Src/stm32l4xx_hal_rcc_ex.c ****   *            @arg @ref RCC_PERIPHCLK_USB  USB peripheral clock (only for devices with USB)
 182:Drivers/STM32L4xx_HAL_Driver/Src/stm32l4xx_hal_rcc_ex.c ****   *            @arg @ref RCC_PERIPHCLK_DFSDM1  DFSDM1 peripheral kernel clock (only for devices wit
 183:Drivers/STM32L4xx_HAL_Driver/Src/stm32l4xx_hal_rcc_ex.c ****   *            @arg @ref RCC_PERIPHCLK_DFSDM1AUDIO  DFSDM1 peripheral audio clock (only for devices
 184:Drivers/STM32L4xx_HAL_Driver/Src/stm32l4xx_hal_rcc_ex.c ****   *            @arg @ref RCC_PERIPHCLK_LTDC  LTDC peripheral clock (only for devices with LTDC)
 185:Drivers/STM32L4xx_HAL_Driver/Src/stm32l4xx_hal_rcc_ex.c ****   *            @arg @ref RCC_PERIPHCLK_DSI  DSI peripheral clock (only for devices with DSI)
 186:Drivers/STM32L4xx_HAL_Driver/Src/stm32l4xx_hal_rcc_ex.c ****   *            @arg @ref RCC_PERIPHCLK_OSPI  OctoSPI peripheral clock (only for devices with OctoSP
 187:Drivers/STM32L4xx_HAL_Driver/Src/stm32l4xx_hal_rcc_ex.c ****   @endif
 188:Drivers/STM32L4xx_HAL_Driver/Src/stm32l4xx_hal_rcc_ex.c ****   *
 189:Drivers/STM32L4xx_HAL_Driver/Src/stm32l4xx_hal_rcc_ex.c ****   * @note   Care must be taken when HAL_RCCEx_PeriphCLKConfig() is used to select
 190:Drivers/STM32L4xx_HAL_Driver/Src/stm32l4xx_hal_rcc_ex.c ****   *         the RTC clock source: in this case the access to Backup domain is enabled.
 191:Drivers/STM32L4xx_HAL_Driver/Src/stm32l4xx_hal_rcc_ex.c ****   *
 192:Drivers/STM32L4xx_HAL_Driver/Src/stm32l4xx_hal_rcc_ex.c ****   * @retval HAL status
 193:Drivers/STM32L4xx_HAL_Driver/Src/stm32l4xx_hal_rcc_ex.c ****   */
 194:Drivers/STM32L4xx_HAL_Driver/Src/stm32l4xx_hal_rcc_ex.c **** HAL_StatusTypeDef HAL_RCCEx_PeriphCLKConfig(RCC_PeriphCLKInitTypeDef  *PeriphClkInit)
 195:Drivers/STM32L4xx_HAL_Driver/Src/stm32l4xx_hal_rcc_ex.c **** {
 196:Drivers/STM32L4xx_HAL_Driver/Src/stm32l4xx_hal_rcc_ex.c ****   uint32_t tmpregister, tickstart;     /* no init needed */
 197:Drivers/STM32L4xx_HAL_Driver/Src/stm32l4xx_hal_rcc_ex.c ****   HAL_StatusTypeDef ret = HAL_OK;      /* Intermediate status */
 198:Drivers/STM32L4xx_HAL_Driver/Src/stm32l4xx_hal_rcc_ex.c ****   HAL_StatusTypeDef status = HAL_OK;   /* Final status */
 199:Drivers/STM32L4xx_HAL_Driver/Src/stm32l4xx_hal_rcc_ex.c **** 
 200:Drivers/STM32L4xx_HAL_Driver/Src/stm32l4xx_hal_rcc_ex.c ****   /* Check the parameters */
 201:Drivers/STM32L4xx_HAL_Driver/Src/stm32l4xx_hal_rcc_ex.c ****   assert_param(IS_RCC_PERIPHCLOCK(PeriphClkInit->PeriphClockSelection));
ARM GAS  /tmp/ccBxf6FW.s 			page 5


 202:Drivers/STM32L4xx_HAL_Driver/Src/stm32l4xx_hal_rcc_ex.c **** 
 203:Drivers/STM32L4xx_HAL_Driver/Src/stm32l4xx_hal_rcc_ex.c **** #if defined(SAI1)
 204:Drivers/STM32L4xx_HAL_Driver/Src/stm32l4xx_hal_rcc_ex.c **** 
 205:Drivers/STM32L4xx_HAL_Driver/Src/stm32l4xx_hal_rcc_ex.c ****   /*-------------------------- SAI1 clock source configuration ---------------------*/
 206:Drivers/STM32L4xx_HAL_Driver/Src/stm32l4xx_hal_rcc_ex.c ****   if((((PeriphClkInit->PeriphClockSelection) & RCC_PERIPHCLK_SAI1) == RCC_PERIPHCLK_SAI1))
 207:Drivers/STM32L4xx_HAL_Driver/Src/stm32l4xx_hal_rcc_ex.c ****   {
 208:Drivers/STM32L4xx_HAL_Driver/Src/stm32l4xx_hal_rcc_ex.c ****     /* Check the parameters */
 209:Drivers/STM32L4xx_HAL_Driver/Src/stm32l4xx_hal_rcc_ex.c ****     assert_param(IS_RCC_SAI1CLK(PeriphClkInit->Sai1ClockSelection));
 210:Drivers/STM32L4xx_HAL_Driver/Src/stm32l4xx_hal_rcc_ex.c **** 
 211:Drivers/STM32L4xx_HAL_Driver/Src/stm32l4xx_hal_rcc_ex.c ****     switch(PeriphClkInit->Sai1ClockSelection)
 212:Drivers/STM32L4xx_HAL_Driver/Src/stm32l4xx_hal_rcc_ex.c ****     {
 213:Drivers/STM32L4xx_HAL_Driver/Src/stm32l4xx_hal_rcc_ex.c ****     case RCC_SAI1CLKSOURCE_PLL:      /* PLL is used as clock source for SAI1*/
 214:Drivers/STM32L4xx_HAL_Driver/Src/stm32l4xx_hal_rcc_ex.c ****       /* Enable SAI Clock output generated from System PLL . */
 215:Drivers/STM32L4xx_HAL_Driver/Src/stm32l4xx_hal_rcc_ex.c **** #if defined(RCC_PLLSAI2_SUPPORT)
 216:Drivers/STM32L4xx_HAL_Driver/Src/stm32l4xx_hal_rcc_ex.c ****       __HAL_RCC_PLLCLKOUT_ENABLE(RCC_PLL_SAI3CLK);
 217:Drivers/STM32L4xx_HAL_Driver/Src/stm32l4xx_hal_rcc_ex.c **** #else
 218:Drivers/STM32L4xx_HAL_Driver/Src/stm32l4xx_hal_rcc_ex.c ****       __HAL_RCC_PLLCLKOUT_ENABLE(RCC_PLL_SAI2CLK);
 219:Drivers/STM32L4xx_HAL_Driver/Src/stm32l4xx_hal_rcc_ex.c **** #endif /* RCC_PLLSAI2_SUPPORT */
 220:Drivers/STM32L4xx_HAL_Driver/Src/stm32l4xx_hal_rcc_ex.c ****       /* SAI1 clock source config set later after clock selection check */
 221:Drivers/STM32L4xx_HAL_Driver/Src/stm32l4xx_hal_rcc_ex.c ****       break;
 222:Drivers/STM32L4xx_HAL_Driver/Src/stm32l4xx_hal_rcc_ex.c **** 
 223:Drivers/STM32L4xx_HAL_Driver/Src/stm32l4xx_hal_rcc_ex.c ****     case RCC_SAI1CLKSOURCE_PLLSAI1:  /* PLLSAI1 is used as clock source for SAI1*/
 224:Drivers/STM32L4xx_HAL_Driver/Src/stm32l4xx_hal_rcc_ex.c ****       /* PLLSAI1 input clock, parameters M, N & P configuration and clock output (PLLSAI1ClockOut) 
 225:Drivers/STM32L4xx_HAL_Driver/Src/stm32l4xx_hal_rcc_ex.c ****       ret = RCCEx_PLLSAI1_Config(&(PeriphClkInit->PLLSAI1), DIVIDER_P_UPDATE);
 226:Drivers/STM32L4xx_HAL_Driver/Src/stm32l4xx_hal_rcc_ex.c ****       /* SAI1 clock source config set later after clock selection check */
 227:Drivers/STM32L4xx_HAL_Driver/Src/stm32l4xx_hal_rcc_ex.c ****       break;
 228:Drivers/STM32L4xx_HAL_Driver/Src/stm32l4xx_hal_rcc_ex.c **** 
 229:Drivers/STM32L4xx_HAL_Driver/Src/stm32l4xx_hal_rcc_ex.c **** #if defined(RCC_PLLSAI2_SUPPORT)
 230:Drivers/STM32L4xx_HAL_Driver/Src/stm32l4xx_hal_rcc_ex.c **** 
 231:Drivers/STM32L4xx_HAL_Driver/Src/stm32l4xx_hal_rcc_ex.c ****     case RCC_SAI1CLKSOURCE_PLLSAI2:  /* PLLSAI2 is used as clock source for SAI1*/
 232:Drivers/STM32L4xx_HAL_Driver/Src/stm32l4xx_hal_rcc_ex.c ****       /* PLLSAI2 input clock, parameters M, N & P configuration clock output (PLLSAI2ClockOut) */
 233:Drivers/STM32L4xx_HAL_Driver/Src/stm32l4xx_hal_rcc_ex.c ****       ret = RCCEx_PLLSAI2_Config(&(PeriphClkInit->PLLSAI2), DIVIDER_P_UPDATE);
 234:Drivers/STM32L4xx_HAL_Driver/Src/stm32l4xx_hal_rcc_ex.c ****       /* SAI1 clock source config set later after clock selection check */
 235:Drivers/STM32L4xx_HAL_Driver/Src/stm32l4xx_hal_rcc_ex.c ****       break;
 236:Drivers/STM32L4xx_HAL_Driver/Src/stm32l4xx_hal_rcc_ex.c **** 
 237:Drivers/STM32L4xx_HAL_Driver/Src/stm32l4xx_hal_rcc_ex.c **** #endif /* RCC_PLLSAI2_SUPPORT */
 238:Drivers/STM32L4xx_HAL_Driver/Src/stm32l4xx_hal_rcc_ex.c **** 
 239:Drivers/STM32L4xx_HAL_Driver/Src/stm32l4xx_hal_rcc_ex.c ****     case RCC_SAI1CLKSOURCE_PIN:      /* External clock is used as source of SAI1 clock*/
 240:Drivers/STM32L4xx_HAL_Driver/Src/stm32l4xx_hal_rcc_ex.c **** #if defined(STM32L4P5xx) || defined(STM32L4Q5xx) || defined(STM32L4R5xx) || defined(STM32L4R7xx) ||
 241:Drivers/STM32L4xx_HAL_Driver/Src/stm32l4xx_hal_rcc_ex.c ****     case RCC_SAI1CLKSOURCE_HSI:      /* HSI is used as source of SAI1 clock*/
 242:Drivers/STM32L4xx_HAL_Driver/Src/stm32l4xx_hal_rcc_ex.c **** #endif /* STM32L4P5xx || STM32L4Q5xx || STM32L4R5xx || STM32L4R7xx || STM32L4R9xx || STM32L4S5xx ||
 243:Drivers/STM32L4xx_HAL_Driver/Src/stm32l4xx_hal_rcc_ex.c ****       /* SAI1 clock source config set later after clock selection check */
 244:Drivers/STM32L4xx_HAL_Driver/Src/stm32l4xx_hal_rcc_ex.c ****       break;
 245:Drivers/STM32L4xx_HAL_Driver/Src/stm32l4xx_hal_rcc_ex.c **** 
 246:Drivers/STM32L4xx_HAL_Driver/Src/stm32l4xx_hal_rcc_ex.c ****     default:
 247:Drivers/STM32L4xx_HAL_Driver/Src/stm32l4xx_hal_rcc_ex.c ****       ret = HAL_ERROR;
 248:Drivers/STM32L4xx_HAL_Driver/Src/stm32l4xx_hal_rcc_ex.c ****       break;
 249:Drivers/STM32L4xx_HAL_Driver/Src/stm32l4xx_hal_rcc_ex.c ****     }
 250:Drivers/STM32L4xx_HAL_Driver/Src/stm32l4xx_hal_rcc_ex.c **** 
 251:Drivers/STM32L4xx_HAL_Driver/Src/stm32l4xx_hal_rcc_ex.c ****     if(ret == HAL_OK)
 252:Drivers/STM32L4xx_HAL_Driver/Src/stm32l4xx_hal_rcc_ex.c ****     {
 253:Drivers/STM32L4xx_HAL_Driver/Src/stm32l4xx_hal_rcc_ex.c ****       /* Set the source of SAI1 clock*/
 254:Drivers/STM32L4xx_HAL_Driver/Src/stm32l4xx_hal_rcc_ex.c ****       __HAL_RCC_SAI1_CONFIG(PeriphClkInit->Sai1ClockSelection);
 255:Drivers/STM32L4xx_HAL_Driver/Src/stm32l4xx_hal_rcc_ex.c ****     }
 256:Drivers/STM32L4xx_HAL_Driver/Src/stm32l4xx_hal_rcc_ex.c ****     else
 257:Drivers/STM32L4xx_HAL_Driver/Src/stm32l4xx_hal_rcc_ex.c ****     {
 258:Drivers/STM32L4xx_HAL_Driver/Src/stm32l4xx_hal_rcc_ex.c ****       /* set overall return value */
ARM GAS  /tmp/ccBxf6FW.s 			page 6


 259:Drivers/STM32L4xx_HAL_Driver/Src/stm32l4xx_hal_rcc_ex.c ****       status = ret;
 260:Drivers/STM32L4xx_HAL_Driver/Src/stm32l4xx_hal_rcc_ex.c ****     }
 261:Drivers/STM32L4xx_HAL_Driver/Src/stm32l4xx_hal_rcc_ex.c ****   }
 262:Drivers/STM32L4xx_HAL_Driver/Src/stm32l4xx_hal_rcc_ex.c **** 
 263:Drivers/STM32L4xx_HAL_Driver/Src/stm32l4xx_hal_rcc_ex.c **** #endif /* SAI1 */
 264:Drivers/STM32L4xx_HAL_Driver/Src/stm32l4xx_hal_rcc_ex.c **** 
 265:Drivers/STM32L4xx_HAL_Driver/Src/stm32l4xx_hal_rcc_ex.c **** #if defined(SAI2)
 266:Drivers/STM32L4xx_HAL_Driver/Src/stm32l4xx_hal_rcc_ex.c **** 
 267:Drivers/STM32L4xx_HAL_Driver/Src/stm32l4xx_hal_rcc_ex.c ****   /*-------------------------- SAI2 clock source configuration ---------------------*/
 268:Drivers/STM32L4xx_HAL_Driver/Src/stm32l4xx_hal_rcc_ex.c ****   if((((PeriphClkInit->PeriphClockSelection) & RCC_PERIPHCLK_SAI2) == RCC_PERIPHCLK_SAI2))
 269:Drivers/STM32L4xx_HAL_Driver/Src/stm32l4xx_hal_rcc_ex.c ****   {
 270:Drivers/STM32L4xx_HAL_Driver/Src/stm32l4xx_hal_rcc_ex.c ****     /* Check the parameters */
 271:Drivers/STM32L4xx_HAL_Driver/Src/stm32l4xx_hal_rcc_ex.c ****     assert_param(IS_RCC_SAI2CLK(PeriphClkInit->Sai2ClockSelection));
 272:Drivers/STM32L4xx_HAL_Driver/Src/stm32l4xx_hal_rcc_ex.c **** 
 273:Drivers/STM32L4xx_HAL_Driver/Src/stm32l4xx_hal_rcc_ex.c ****     switch(PeriphClkInit->Sai2ClockSelection)
 274:Drivers/STM32L4xx_HAL_Driver/Src/stm32l4xx_hal_rcc_ex.c ****     {
 275:Drivers/STM32L4xx_HAL_Driver/Src/stm32l4xx_hal_rcc_ex.c ****     case RCC_SAI2CLKSOURCE_PLL:      /* PLL is used as clock source for SAI2*/
 276:Drivers/STM32L4xx_HAL_Driver/Src/stm32l4xx_hal_rcc_ex.c ****       /* Enable SAI Clock output generated from System PLL . */
 277:Drivers/STM32L4xx_HAL_Driver/Src/stm32l4xx_hal_rcc_ex.c ****       __HAL_RCC_PLLCLKOUT_ENABLE(RCC_PLL_SAI3CLK);
 278:Drivers/STM32L4xx_HAL_Driver/Src/stm32l4xx_hal_rcc_ex.c ****       /* SAI2 clock source config set later after clock selection check */
 279:Drivers/STM32L4xx_HAL_Driver/Src/stm32l4xx_hal_rcc_ex.c ****       break;
 280:Drivers/STM32L4xx_HAL_Driver/Src/stm32l4xx_hal_rcc_ex.c **** 
 281:Drivers/STM32L4xx_HAL_Driver/Src/stm32l4xx_hal_rcc_ex.c ****     case RCC_SAI2CLKSOURCE_PLLSAI1: /* PLLSAI1 is used as clock source for SAI2*/
 282:Drivers/STM32L4xx_HAL_Driver/Src/stm32l4xx_hal_rcc_ex.c ****       /* PLLSAI1 input clock, parameters M, N & P configuration and clock output (PLLSAI1ClockOut) 
 283:Drivers/STM32L4xx_HAL_Driver/Src/stm32l4xx_hal_rcc_ex.c ****       ret = RCCEx_PLLSAI1_Config(&(PeriphClkInit->PLLSAI1), DIVIDER_P_UPDATE);
 284:Drivers/STM32L4xx_HAL_Driver/Src/stm32l4xx_hal_rcc_ex.c ****       /* SAI2 clock source config set later after clock selection check */
 285:Drivers/STM32L4xx_HAL_Driver/Src/stm32l4xx_hal_rcc_ex.c ****       break;
 286:Drivers/STM32L4xx_HAL_Driver/Src/stm32l4xx_hal_rcc_ex.c **** 
 287:Drivers/STM32L4xx_HAL_Driver/Src/stm32l4xx_hal_rcc_ex.c ****     case RCC_SAI2CLKSOURCE_PLLSAI2:  /* PLLSAI2 is used as clock source for SAI2*/
 288:Drivers/STM32L4xx_HAL_Driver/Src/stm32l4xx_hal_rcc_ex.c ****       /* PLLSAI2 input clock, parameters M, N & P configuration and clock output (PLLSAI2ClockOut) 
 289:Drivers/STM32L4xx_HAL_Driver/Src/stm32l4xx_hal_rcc_ex.c ****       ret = RCCEx_PLLSAI2_Config(&(PeriphClkInit->PLLSAI2), DIVIDER_P_UPDATE);
 290:Drivers/STM32L4xx_HAL_Driver/Src/stm32l4xx_hal_rcc_ex.c ****       /* SAI2 clock source config set later after clock selection check */
 291:Drivers/STM32L4xx_HAL_Driver/Src/stm32l4xx_hal_rcc_ex.c ****       break;
 292:Drivers/STM32L4xx_HAL_Driver/Src/stm32l4xx_hal_rcc_ex.c **** 
 293:Drivers/STM32L4xx_HAL_Driver/Src/stm32l4xx_hal_rcc_ex.c ****     case RCC_SAI2CLKSOURCE_PIN:      /* External clock is used as source of SAI2 clock*/
 294:Drivers/STM32L4xx_HAL_Driver/Src/stm32l4xx_hal_rcc_ex.c **** #if defined(STM32L4P5xx) || defined(STM32L4Q5xx) || defined(STM32L4R5xx) || defined(STM32L4R7xx) ||
 295:Drivers/STM32L4xx_HAL_Driver/Src/stm32l4xx_hal_rcc_ex.c ****     case RCC_SAI2CLKSOURCE_HSI:      /* HSI is used as source of SAI2 clock*/
 296:Drivers/STM32L4xx_HAL_Driver/Src/stm32l4xx_hal_rcc_ex.c **** #endif /* STM32L4P5xx || STM32L4Q5xx || STM32L4R5xx || STM32L4R7xx || STM32L4R9xx || STM32L4S5xx ||
 297:Drivers/STM32L4xx_HAL_Driver/Src/stm32l4xx_hal_rcc_ex.c ****       /* SAI2 clock source config set later after clock selection check */
 298:Drivers/STM32L4xx_HAL_Driver/Src/stm32l4xx_hal_rcc_ex.c ****       break;
 299:Drivers/STM32L4xx_HAL_Driver/Src/stm32l4xx_hal_rcc_ex.c **** 
 300:Drivers/STM32L4xx_HAL_Driver/Src/stm32l4xx_hal_rcc_ex.c ****     default:
 301:Drivers/STM32L4xx_HAL_Driver/Src/stm32l4xx_hal_rcc_ex.c ****       ret = HAL_ERROR;
 302:Drivers/STM32L4xx_HAL_Driver/Src/stm32l4xx_hal_rcc_ex.c ****       break;
 303:Drivers/STM32L4xx_HAL_Driver/Src/stm32l4xx_hal_rcc_ex.c ****     }
 304:Drivers/STM32L4xx_HAL_Driver/Src/stm32l4xx_hal_rcc_ex.c **** 
 305:Drivers/STM32L4xx_HAL_Driver/Src/stm32l4xx_hal_rcc_ex.c ****     if(ret == HAL_OK)
 306:Drivers/STM32L4xx_HAL_Driver/Src/stm32l4xx_hal_rcc_ex.c ****     {
 307:Drivers/STM32L4xx_HAL_Driver/Src/stm32l4xx_hal_rcc_ex.c ****       /* Set the source of SAI2 clock*/
 308:Drivers/STM32L4xx_HAL_Driver/Src/stm32l4xx_hal_rcc_ex.c ****       __HAL_RCC_SAI2_CONFIG(PeriphClkInit->Sai2ClockSelection);
 309:Drivers/STM32L4xx_HAL_Driver/Src/stm32l4xx_hal_rcc_ex.c ****     }
 310:Drivers/STM32L4xx_HAL_Driver/Src/stm32l4xx_hal_rcc_ex.c ****     else
 311:Drivers/STM32L4xx_HAL_Driver/Src/stm32l4xx_hal_rcc_ex.c ****     {
 312:Drivers/STM32L4xx_HAL_Driver/Src/stm32l4xx_hal_rcc_ex.c ****       /* set overall return value */
 313:Drivers/STM32L4xx_HAL_Driver/Src/stm32l4xx_hal_rcc_ex.c ****       status = ret;
 314:Drivers/STM32L4xx_HAL_Driver/Src/stm32l4xx_hal_rcc_ex.c ****     }
 315:Drivers/STM32L4xx_HAL_Driver/Src/stm32l4xx_hal_rcc_ex.c ****   }
ARM GAS  /tmp/ccBxf6FW.s 			page 7


 316:Drivers/STM32L4xx_HAL_Driver/Src/stm32l4xx_hal_rcc_ex.c **** #endif /* SAI2 */
 317:Drivers/STM32L4xx_HAL_Driver/Src/stm32l4xx_hal_rcc_ex.c **** 
 318:Drivers/STM32L4xx_HAL_Driver/Src/stm32l4xx_hal_rcc_ex.c ****   /*-------------------------- RTC clock source configuration ----------------------*/
 319:Drivers/STM32L4xx_HAL_Driver/Src/stm32l4xx_hal_rcc_ex.c ****   if((PeriphClkInit->PeriphClockSelection & RCC_PERIPHCLK_RTC) == RCC_PERIPHCLK_RTC)
 320:Drivers/STM32L4xx_HAL_Driver/Src/stm32l4xx_hal_rcc_ex.c ****   {
 321:Drivers/STM32L4xx_HAL_Driver/Src/stm32l4xx_hal_rcc_ex.c ****     FlagStatus       pwrclkchanged = RESET;
 322:Drivers/STM32L4xx_HAL_Driver/Src/stm32l4xx_hal_rcc_ex.c **** 
 323:Drivers/STM32L4xx_HAL_Driver/Src/stm32l4xx_hal_rcc_ex.c ****     /* Check for RTC Parameters used to output RTCCLK */
 324:Drivers/STM32L4xx_HAL_Driver/Src/stm32l4xx_hal_rcc_ex.c ****     assert_param(IS_RCC_RTCCLKSOURCE(PeriphClkInit->RTCClockSelection));
 325:Drivers/STM32L4xx_HAL_Driver/Src/stm32l4xx_hal_rcc_ex.c **** 
 326:Drivers/STM32L4xx_HAL_Driver/Src/stm32l4xx_hal_rcc_ex.c ****     /* Enable Power Clock */
 327:Drivers/STM32L4xx_HAL_Driver/Src/stm32l4xx_hal_rcc_ex.c ****     if(__HAL_RCC_PWR_IS_CLK_DISABLED() != 0U)
 328:Drivers/STM32L4xx_HAL_Driver/Src/stm32l4xx_hal_rcc_ex.c ****     {
 329:Drivers/STM32L4xx_HAL_Driver/Src/stm32l4xx_hal_rcc_ex.c ****       __HAL_RCC_PWR_CLK_ENABLE();
 330:Drivers/STM32L4xx_HAL_Driver/Src/stm32l4xx_hal_rcc_ex.c ****       pwrclkchanged = SET;
 331:Drivers/STM32L4xx_HAL_Driver/Src/stm32l4xx_hal_rcc_ex.c ****     }
 332:Drivers/STM32L4xx_HAL_Driver/Src/stm32l4xx_hal_rcc_ex.c **** 
 333:Drivers/STM32L4xx_HAL_Driver/Src/stm32l4xx_hal_rcc_ex.c ****     /* Enable write access to Backup domain */
 334:Drivers/STM32L4xx_HAL_Driver/Src/stm32l4xx_hal_rcc_ex.c ****     SET_BIT(PWR->CR1, PWR_CR1_DBP);
 335:Drivers/STM32L4xx_HAL_Driver/Src/stm32l4xx_hal_rcc_ex.c **** 
 336:Drivers/STM32L4xx_HAL_Driver/Src/stm32l4xx_hal_rcc_ex.c ****     /* Wait for Backup domain Write protection disable */
 337:Drivers/STM32L4xx_HAL_Driver/Src/stm32l4xx_hal_rcc_ex.c ****     tickstart = HAL_GetTick();
 338:Drivers/STM32L4xx_HAL_Driver/Src/stm32l4xx_hal_rcc_ex.c **** 
 339:Drivers/STM32L4xx_HAL_Driver/Src/stm32l4xx_hal_rcc_ex.c ****     while(READ_BIT(PWR->CR1, PWR_CR1_DBP) == 0U)
 340:Drivers/STM32L4xx_HAL_Driver/Src/stm32l4xx_hal_rcc_ex.c ****     {
 341:Drivers/STM32L4xx_HAL_Driver/Src/stm32l4xx_hal_rcc_ex.c ****       if((HAL_GetTick() - tickstart) > RCC_DBP_TIMEOUT_VALUE)
 342:Drivers/STM32L4xx_HAL_Driver/Src/stm32l4xx_hal_rcc_ex.c ****       {
 343:Drivers/STM32L4xx_HAL_Driver/Src/stm32l4xx_hal_rcc_ex.c ****         ret = HAL_TIMEOUT;
 344:Drivers/STM32L4xx_HAL_Driver/Src/stm32l4xx_hal_rcc_ex.c ****         break;
 345:Drivers/STM32L4xx_HAL_Driver/Src/stm32l4xx_hal_rcc_ex.c ****       }
 346:Drivers/STM32L4xx_HAL_Driver/Src/stm32l4xx_hal_rcc_ex.c ****     }
 347:Drivers/STM32L4xx_HAL_Driver/Src/stm32l4xx_hal_rcc_ex.c **** 
 348:Drivers/STM32L4xx_HAL_Driver/Src/stm32l4xx_hal_rcc_ex.c ****     if(ret == HAL_OK)
 349:Drivers/STM32L4xx_HAL_Driver/Src/stm32l4xx_hal_rcc_ex.c ****     {
 350:Drivers/STM32L4xx_HAL_Driver/Src/stm32l4xx_hal_rcc_ex.c ****       /* Reset the Backup domain only if the RTC Clock source selection is modified from default */
 351:Drivers/STM32L4xx_HAL_Driver/Src/stm32l4xx_hal_rcc_ex.c ****       tmpregister = READ_BIT(RCC->BDCR, RCC_BDCR_RTCSEL);
 352:Drivers/STM32L4xx_HAL_Driver/Src/stm32l4xx_hal_rcc_ex.c **** 
 353:Drivers/STM32L4xx_HAL_Driver/Src/stm32l4xx_hal_rcc_ex.c ****       if((tmpregister != RCC_RTCCLKSOURCE_NONE) && (tmpregister != PeriphClkInit->RTCClockSelection
 354:Drivers/STM32L4xx_HAL_Driver/Src/stm32l4xx_hal_rcc_ex.c ****       {
 355:Drivers/STM32L4xx_HAL_Driver/Src/stm32l4xx_hal_rcc_ex.c ****         /* Store the content of BDCR register before the reset of Backup Domain */
 356:Drivers/STM32L4xx_HAL_Driver/Src/stm32l4xx_hal_rcc_ex.c ****         tmpregister = READ_BIT(RCC->BDCR, ~(RCC_BDCR_RTCSEL));
 357:Drivers/STM32L4xx_HAL_Driver/Src/stm32l4xx_hal_rcc_ex.c ****         /* RTC Clock selection can be changed only if the Backup Domain is reset */
 358:Drivers/STM32L4xx_HAL_Driver/Src/stm32l4xx_hal_rcc_ex.c ****         __HAL_RCC_BACKUPRESET_FORCE();
 359:Drivers/STM32L4xx_HAL_Driver/Src/stm32l4xx_hal_rcc_ex.c ****         __HAL_RCC_BACKUPRESET_RELEASE();
 360:Drivers/STM32L4xx_HAL_Driver/Src/stm32l4xx_hal_rcc_ex.c ****         /* Restore the Content of BDCR register */
 361:Drivers/STM32L4xx_HAL_Driver/Src/stm32l4xx_hal_rcc_ex.c ****         RCC->BDCR = tmpregister;
 362:Drivers/STM32L4xx_HAL_Driver/Src/stm32l4xx_hal_rcc_ex.c ****       }
 363:Drivers/STM32L4xx_HAL_Driver/Src/stm32l4xx_hal_rcc_ex.c **** 
 364:Drivers/STM32L4xx_HAL_Driver/Src/stm32l4xx_hal_rcc_ex.c ****       /* Wait for LSE reactivation if LSE was enable prior to Backup Domain reset */
 365:Drivers/STM32L4xx_HAL_Driver/Src/stm32l4xx_hal_rcc_ex.c ****       if (HAL_IS_BIT_SET(tmpregister, RCC_BDCR_LSEON))
 366:Drivers/STM32L4xx_HAL_Driver/Src/stm32l4xx_hal_rcc_ex.c ****       {
 367:Drivers/STM32L4xx_HAL_Driver/Src/stm32l4xx_hal_rcc_ex.c ****         /* Get Start Tick*/
 368:Drivers/STM32L4xx_HAL_Driver/Src/stm32l4xx_hal_rcc_ex.c ****         tickstart = HAL_GetTick();
 369:Drivers/STM32L4xx_HAL_Driver/Src/stm32l4xx_hal_rcc_ex.c **** 
 370:Drivers/STM32L4xx_HAL_Driver/Src/stm32l4xx_hal_rcc_ex.c ****         /* Wait till LSE is ready */
 371:Drivers/STM32L4xx_HAL_Driver/Src/stm32l4xx_hal_rcc_ex.c ****         while(READ_BIT(RCC->BDCR, RCC_BDCR_LSERDY) == 0U)
 372:Drivers/STM32L4xx_HAL_Driver/Src/stm32l4xx_hal_rcc_ex.c ****         {
ARM GAS  /tmp/ccBxf6FW.s 			page 8


 373:Drivers/STM32L4xx_HAL_Driver/Src/stm32l4xx_hal_rcc_ex.c ****           if((HAL_GetTick() - tickstart) > RCC_LSE_TIMEOUT_VALUE)
 374:Drivers/STM32L4xx_HAL_Driver/Src/stm32l4xx_hal_rcc_ex.c ****           {
 375:Drivers/STM32L4xx_HAL_Driver/Src/stm32l4xx_hal_rcc_ex.c ****             ret = HAL_TIMEOUT;
 376:Drivers/STM32L4xx_HAL_Driver/Src/stm32l4xx_hal_rcc_ex.c ****             break;
 377:Drivers/STM32L4xx_HAL_Driver/Src/stm32l4xx_hal_rcc_ex.c ****           }
 378:Drivers/STM32L4xx_HAL_Driver/Src/stm32l4xx_hal_rcc_ex.c ****         }
 379:Drivers/STM32L4xx_HAL_Driver/Src/stm32l4xx_hal_rcc_ex.c ****       }
 380:Drivers/STM32L4xx_HAL_Driver/Src/stm32l4xx_hal_rcc_ex.c **** 
 381:Drivers/STM32L4xx_HAL_Driver/Src/stm32l4xx_hal_rcc_ex.c ****       if(ret == HAL_OK)
 382:Drivers/STM32L4xx_HAL_Driver/Src/stm32l4xx_hal_rcc_ex.c ****       {
 383:Drivers/STM32L4xx_HAL_Driver/Src/stm32l4xx_hal_rcc_ex.c ****         /* Apply new RTC clock source selection */
 384:Drivers/STM32L4xx_HAL_Driver/Src/stm32l4xx_hal_rcc_ex.c ****         __HAL_RCC_RTC_CONFIG(PeriphClkInit->RTCClockSelection);
 385:Drivers/STM32L4xx_HAL_Driver/Src/stm32l4xx_hal_rcc_ex.c ****       }
 386:Drivers/STM32L4xx_HAL_Driver/Src/stm32l4xx_hal_rcc_ex.c ****       else
 387:Drivers/STM32L4xx_HAL_Driver/Src/stm32l4xx_hal_rcc_ex.c ****       {
 388:Drivers/STM32L4xx_HAL_Driver/Src/stm32l4xx_hal_rcc_ex.c ****         /* set overall return value */
 389:Drivers/STM32L4xx_HAL_Driver/Src/stm32l4xx_hal_rcc_ex.c ****         status = ret;
 390:Drivers/STM32L4xx_HAL_Driver/Src/stm32l4xx_hal_rcc_ex.c ****       }
 391:Drivers/STM32L4xx_HAL_Driver/Src/stm32l4xx_hal_rcc_ex.c ****     }
 392:Drivers/STM32L4xx_HAL_Driver/Src/stm32l4xx_hal_rcc_ex.c ****     else
 393:Drivers/STM32L4xx_HAL_Driver/Src/stm32l4xx_hal_rcc_ex.c ****     {
 394:Drivers/STM32L4xx_HAL_Driver/Src/stm32l4xx_hal_rcc_ex.c ****       /* set overall return value */
 395:Drivers/STM32L4xx_HAL_Driver/Src/stm32l4xx_hal_rcc_ex.c ****       status = ret;
 396:Drivers/STM32L4xx_HAL_Driver/Src/stm32l4xx_hal_rcc_ex.c ****     }
 397:Drivers/STM32L4xx_HAL_Driver/Src/stm32l4xx_hal_rcc_ex.c **** 
 398:Drivers/STM32L4xx_HAL_Driver/Src/stm32l4xx_hal_rcc_ex.c ****     /* Restore clock configuration if changed */
 399:Drivers/STM32L4xx_HAL_Driver/Src/stm32l4xx_hal_rcc_ex.c ****     if(pwrclkchanged == SET)
 400:Drivers/STM32L4xx_HAL_Driver/Src/stm32l4xx_hal_rcc_ex.c ****     {
 401:Drivers/STM32L4xx_HAL_Driver/Src/stm32l4xx_hal_rcc_ex.c ****       __HAL_RCC_PWR_CLK_DISABLE();
 402:Drivers/STM32L4xx_HAL_Driver/Src/stm32l4xx_hal_rcc_ex.c ****     }
 403:Drivers/STM32L4xx_HAL_Driver/Src/stm32l4xx_hal_rcc_ex.c ****   }
 404:Drivers/STM32L4xx_HAL_Driver/Src/stm32l4xx_hal_rcc_ex.c **** 
 405:Drivers/STM32L4xx_HAL_Driver/Src/stm32l4xx_hal_rcc_ex.c ****   /*-------------------------- USART1 clock source configuration -------------------*/
 406:Drivers/STM32L4xx_HAL_Driver/Src/stm32l4xx_hal_rcc_ex.c ****   if(((PeriphClkInit->PeriphClockSelection) & RCC_PERIPHCLK_USART1) == RCC_PERIPHCLK_USART1)
 407:Drivers/STM32L4xx_HAL_Driver/Src/stm32l4xx_hal_rcc_ex.c ****   {
 408:Drivers/STM32L4xx_HAL_Driver/Src/stm32l4xx_hal_rcc_ex.c ****     /* Check the parameters */
 409:Drivers/STM32L4xx_HAL_Driver/Src/stm32l4xx_hal_rcc_ex.c ****     assert_param(IS_RCC_USART1CLKSOURCE(PeriphClkInit->Usart1ClockSelection));
 410:Drivers/STM32L4xx_HAL_Driver/Src/stm32l4xx_hal_rcc_ex.c **** 
 411:Drivers/STM32L4xx_HAL_Driver/Src/stm32l4xx_hal_rcc_ex.c ****     /* Configure the USART1 clock source */
 412:Drivers/STM32L4xx_HAL_Driver/Src/stm32l4xx_hal_rcc_ex.c ****     __HAL_RCC_USART1_CONFIG(PeriphClkInit->Usart1ClockSelection);
 413:Drivers/STM32L4xx_HAL_Driver/Src/stm32l4xx_hal_rcc_ex.c ****   }
 414:Drivers/STM32L4xx_HAL_Driver/Src/stm32l4xx_hal_rcc_ex.c **** 
 415:Drivers/STM32L4xx_HAL_Driver/Src/stm32l4xx_hal_rcc_ex.c ****   /*-------------------------- USART2 clock source configuration -------------------*/
 416:Drivers/STM32L4xx_HAL_Driver/Src/stm32l4xx_hal_rcc_ex.c ****   if(((PeriphClkInit->PeriphClockSelection) & RCC_PERIPHCLK_USART2) == RCC_PERIPHCLK_USART2)
 417:Drivers/STM32L4xx_HAL_Driver/Src/stm32l4xx_hal_rcc_ex.c ****   {
 418:Drivers/STM32L4xx_HAL_Driver/Src/stm32l4xx_hal_rcc_ex.c ****     /* Check the parameters */
 419:Drivers/STM32L4xx_HAL_Driver/Src/stm32l4xx_hal_rcc_ex.c ****     assert_param(IS_RCC_USART2CLKSOURCE(PeriphClkInit->Usart2ClockSelection));
 420:Drivers/STM32L4xx_HAL_Driver/Src/stm32l4xx_hal_rcc_ex.c **** 
 421:Drivers/STM32L4xx_HAL_Driver/Src/stm32l4xx_hal_rcc_ex.c ****     /* Configure the USART2 clock source */
 422:Drivers/STM32L4xx_HAL_Driver/Src/stm32l4xx_hal_rcc_ex.c ****     __HAL_RCC_USART2_CONFIG(PeriphClkInit->Usart2ClockSelection);
 423:Drivers/STM32L4xx_HAL_Driver/Src/stm32l4xx_hal_rcc_ex.c ****   }
 424:Drivers/STM32L4xx_HAL_Driver/Src/stm32l4xx_hal_rcc_ex.c **** 
 425:Drivers/STM32L4xx_HAL_Driver/Src/stm32l4xx_hal_rcc_ex.c **** #if defined(USART3)
 426:Drivers/STM32L4xx_HAL_Driver/Src/stm32l4xx_hal_rcc_ex.c **** 
 427:Drivers/STM32L4xx_HAL_Driver/Src/stm32l4xx_hal_rcc_ex.c ****   /*-------------------------- USART3 clock source configuration -------------------*/
 428:Drivers/STM32L4xx_HAL_Driver/Src/stm32l4xx_hal_rcc_ex.c ****   if(((PeriphClkInit->PeriphClockSelection) & RCC_PERIPHCLK_USART3) == RCC_PERIPHCLK_USART3)
 429:Drivers/STM32L4xx_HAL_Driver/Src/stm32l4xx_hal_rcc_ex.c ****   {
ARM GAS  /tmp/ccBxf6FW.s 			page 9


 430:Drivers/STM32L4xx_HAL_Driver/Src/stm32l4xx_hal_rcc_ex.c ****     /* Check the parameters */
 431:Drivers/STM32L4xx_HAL_Driver/Src/stm32l4xx_hal_rcc_ex.c ****     assert_param(IS_RCC_USART3CLKSOURCE(PeriphClkInit->Usart3ClockSelection));
 432:Drivers/STM32L4xx_HAL_Driver/Src/stm32l4xx_hal_rcc_ex.c **** 
 433:Drivers/STM32L4xx_HAL_Driver/Src/stm32l4xx_hal_rcc_ex.c ****     /* Configure the USART3 clock source */
 434:Drivers/STM32L4xx_HAL_Driver/Src/stm32l4xx_hal_rcc_ex.c ****     __HAL_RCC_USART3_CONFIG(PeriphClkInit->Usart3ClockSelection);
 435:Drivers/STM32L4xx_HAL_Driver/Src/stm32l4xx_hal_rcc_ex.c ****   }
 436:Drivers/STM32L4xx_HAL_Driver/Src/stm32l4xx_hal_rcc_ex.c **** 
 437:Drivers/STM32L4xx_HAL_Driver/Src/stm32l4xx_hal_rcc_ex.c **** #endif /* USART3 */
 438:Drivers/STM32L4xx_HAL_Driver/Src/stm32l4xx_hal_rcc_ex.c **** 
 439:Drivers/STM32L4xx_HAL_Driver/Src/stm32l4xx_hal_rcc_ex.c **** #if defined(UART4)
 440:Drivers/STM32L4xx_HAL_Driver/Src/stm32l4xx_hal_rcc_ex.c **** 
 441:Drivers/STM32L4xx_HAL_Driver/Src/stm32l4xx_hal_rcc_ex.c ****   /*-------------------------- UART4 clock source configuration --------------------*/
 442:Drivers/STM32L4xx_HAL_Driver/Src/stm32l4xx_hal_rcc_ex.c ****   if(((PeriphClkInit->PeriphClockSelection) & RCC_PERIPHCLK_UART4) == RCC_PERIPHCLK_UART4)
 443:Drivers/STM32L4xx_HAL_Driver/Src/stm32l4xx_hal_rcc_ex.c ****   {
 444:Drivers/STM32L4xx_HAL_Driver/Src/stm32l4xx_hal_rcc_ex.c ****     /* Check the parameters */
 445:Drivers/STM32L4xx_HAL_Driver/Src/stm32l4xx_hal_rcc_ex.c ****     assert_param(IS_RCC_UART4CLKSOURCE(PeriphClkInit->Uart4ClockSelection));
 446:Drivers/STM32L4xx_HAL_Driver/Src/stm32l4xx_hal_rcc_ex.c **** 
 447:Drivers/STM32L4xx_HAL_Driver/Src/stm32l4xx_hal_rcc_ex.c ****     /* Configure the UART4 clock source */
 448:Drivers/STM32L4xx_HAL_Driver/Src/stm32l4xx_hal_rcc_ex.c ****     __HAL_RCC_UART4_CONFIG(PeriphClkInit->Uart4ClockSelection);
 449:Drivers/STM32L4xx_HAL_Driver/Src/stm32l4xx_hal_rcc_ex.c ****   }
 450:Drivers/STM32L4xx_HAL_Driver/Src/stm32l4xx_hal_rcc_ex.c **** 
 451:Drivers/STM32L4xx_HAL_Driver/Src/stm32l4xx_hal_rcc_ex.c **** #endif /* UART4 */
 452:Drivers/STM32L4xx_HAL_Driver/Src/stm32l4xx_hal_rcc_ex.c **** 
 453:Drivers/STM32L4xx_HAL_Driver/Src/stm32l4xx_hal_rcc_ex.c **** #if defined(UART5)
 454:Drivers/STM32L4xx_HAL_Driver/Src/stm32l4xx_hal_rcc_ex.c **** 
 455:Drivers/STM32L4xx_HAL_Driver/Src/stm32l4xx_hal_rcc_ex.c ****   /*-------------------------- UART5 clock source configuration --------------------*/
 456:Drivers/STM32L4xx_HAL_Driver/Src/stm32l4xx_hal_rcc_ex.c ****   if(((PeriphClkInit->PeriphClockSelection) & RCC_PERIPHCLK_UART5) == RCC_PERIPHCLK_UART5)
 457:Drivers/STM32L4xx_HAL_Driver/Src/stm32l4xx_hal_rcc_ex.c ****   {
 458:Drivers/STM32L4xx_HAL_Driver/Src/stm32l4xx_hal_rcc_ex.c ****     /* Check the parameters */
 459:Drivers/STM32L4xx_HAL_Driver/Src/stm32l4xx_hal_rcc_ex.c ****     assert_param(IS_RCC_UART5CLKSOURCE(PeriphClkInit->Uart5ClockSelection));
 460:Drivers/STM32L4xx_HAL_Driver/Src/stm32l4xx_hal_rcc_ex.c **** 
 461:Drivers/STM32L4xx_HAL_Driver/Src/stm32l4xx_hal_rcc_ex.c ****     /* Configure the UART5 clock source */
 462:Drivers/STM32L4xx_HAL_Driver/Src/stm32l4xx_hal_rcc_ex.c ****     __HAL_RCC_UART5_CONFIG(PeriphClkInit->Uart5ClockSelection);
 463:Drivers/STM32L4xx_HAL_Driver/Src/stm32l4xx_hal_rcc_ex.c ****   }
 464:Drivers/STM32L4xx_HAL_Driver/Src/stm32l4xx_hal_rcc_ex.c **** 
 465:Drivers/STM32L4xx_HAL_Driver/Src/stm32l4xx_hal_rcc_ex.c **** #endif /* UART5 */
 466:Drivers/STM32L4xx_HAL_Driver/Src/stm32l4xx_hal_rcc_ex.c **** 
 467:Drivers/STM32L4xx_HAL_Driver/Src/stm32l4xx_hal_rcc_ex.c ****   /*-------------------------- LPUART1 clock source configuration ------------------*/
 468:Drivers/STM32L4xx_HAL_Driver/Src/stm32l4xx_hal_rcc_ex.c ****   if(((PeriphClkInit->PeriphClockSelection) & RCC_PERIPHCLK_LPUART1) == RCC_PERIPHCLK_LPUART1)
 469:Drivers/STM32L4xx_HAL_Driver/Src/stm32l4xx_hal_rcc_ex.c ****   {
 470:Drivers/STM32L4xx_HAL_Driver/Src/stm32l4xx_hal_rcc_ex.c ****     /* Check the parameters */
 471:Drivers/STM32L4xx_HAL_Driver/Src/stm32l4xx_hal_rcc_ex.c ****     assert_param(IS_RCC_LPUART1CLKSOURCE(PeriphClkInit->Lpuart1ClockSelection));
 472:Drivers/STM32L4xx_HAL_Driver/Src/stm32l4xx_hal_rcc_ex.c **** 
 473:Drivers/STM32L4xx_HAL_Driver/Src/stm32l4xx_hal_rcc_ex.c ****     /* Configure the LPUART1 clock source */
 474:Drivers/STM32L4xx_HAL_Driver/Src/stm32l4xx_hal_rcc_ex.c ****     __HAL_RCC_LPUART1_CONFIG(PeriphClkInit->Lpuart1ClockSelection);
 475:Drivers/STM32L4xx_HAL_Driver/Src/stm32l4xx_hal_rcc_ex.c ****   }
 476:Drivers/STM32L4xx_HAL_Driver/Src/stm32l4xx_hal_rcc_ex.c **** 
 477:Drivers/STM32L4xx_HAL_Driver/Src/stm32l4xx_hal_rcc_ex.c ****   /*-------------------------- LPTIM1 clock source configuration -------------------*/
 478:Drivers/STM32L4xx_HAL_Driver/Src/stm32l4xx_hal_rcc_ex.c ****   if(((PeriphClkInit->PeriphClockSelection) & RCC_PERIPHCLK_LPTIM1) == (RCC_PERIPHCLK_LPTIM1))
 479:Drivers/STM32L4xx_HAL_Driver/Src/stm32l4xx_hal_rcc_ex.c ****   {
 480:Drivers/STM32L4xx_HAL_Driver/Src/stm32l4xx_hal_rcc_ex.c ****     assert_param(IS_RCC_LPTIM1CLK(PeriphClkInit->Lptim1ClockSelection));
 481:Drivers/STM32L4xx_HAL_Driver/Src/stm32l4xx_hal_rcc_ex.c ****     __HAL_RCC_LPTIM1_CONFIG(PeriphClkInit->Lptim1ClockSelection);
 482:Drivers/STM32L4xx_HAL_Driver/Src/stm32l4xx_hal_rcc_ex.c ****   }
 483:Drivers/STM32L4xx_HAL_Driver/Src/stm32l4xx_hal_rcc_ex.c **** 
 484:Drivers/STM32L4xx_HAL_Driver/Src/stm32l4xx_hal_rcc_ex.c ****   /*-------------------------- LPTIM2 clock source configuration -------------------*/
 485:Drivers/STM32L4xx_HAL_Driver/Src/stm32l4xx_hal_rcc_ex.c ****   if(((PeriphClkInit->PeriphClockSelection) & RCC_PERIPHCLK_LPTIM2) == (RCC_PERIPHCLK_LPTIM2))
 486:Drivers/STM32L4xx_HAL_Driver/Src/stm32l4xx_hal_rcc_ex.c ****   {
ARM GAS  /tmp/ccBxf6FW.s 			page 10


 487:Drivers/STM32L4xx_HAL_Driver/Src/stm32l4xx_hal_rcc_ex.c ****     assert_param(IS_RCC_LPTIM2CLK(PeriphClkInit->Lptim2ClockSelection));
 488:Drivers/STM32L4xx_HAL_Driver/Src/stm32l4xx_hal_rcc_ex.c ****     __HAL_RCC_LPTIM2_CONFIG(PeriphClkInit->Lptim2ClockSelection);
 489:Drivers/STM32L4xx_HAL_Driver/Src/stm32l4xx_hal_rcc_ex.c ****   }
 490:Drivers/STM32L4xx_HAL_Driver/Src/stm32l4xx_hal_rcc_ex.c **** 
 491:Drivers/STM32L4xx_HAL_Driver/Src/stm32l4xx_hal_rcc_ex.c ****   /*-------------------------- I2C1 clock source configuration ---------------------*/
 492:Drivers/STM32L4xx_HAL_Driver/Src/stm32l4xx_hal_rcc_ex.c ****   if(((PeriphClkInit->PeriphClockSelection) & RCC_PERIPHCLK_I2C1) == RCC_PERIPHCLK_I2C1)
 493:Drivers/STM32L4xx_HAL_Driver/Src/stm32l4xx_hal_rcc_ex.c ****   {
 494:Drivers/STM32L4xx_HAL_Driver/Src/stm32l4xx_hal_rcc_ex.c ****     /* Check the parameters */
 495:Drivers/STM32L4xx_HAL_Driver/Src/stm32l4xx_hal_rcc_ex.c ****     assert_param(IS_RCC_I2C1CLKSOURCE(PeriphClkInit->I2c1ClockSelection));
 496:Drivers/STM32L4xx_HAL_Driver/Src/stm32l4xx_hal_rcc_ex.c **** 
 497:Drivers/STM32L4xx_HAL_Driver/Src/stm32l4xx_hal_rcc_ex.c ****     /* Configure the I2C1 clock source */
 498:Drivers/STM32L4xx_HAL_Driver/Src/stm32l4xx_hal_rcc_ex.c ****     __HAL_RCC_I2C1_CONFIG(PeriphClkInit->I2c1ClockSelection);
 499:Drivers/STM32L4xx_HAL_Driver/Src/stm32l4xx_hal_rcc_ex.c ****   }
 500:Drivers/STM32L4xx_HAL_Driver/Src/stm32l4xx_hal_rcc_ex.c **** 
 501:Drivers/STM32L4xx_HAL_Driver/Src/stm32l4xx_hal_rcc_ex.c **** #if defined(I2C2)
 502:Drivers/STM32L4xx_HAL_Driver/Src/stm32l4xx_hal_rcc_ex.c **** 
 503:Drivers/STM32L4xx_HAL_Driver/Src/stm32l4xx_hal_rcc_ex.c ****   /*-------------------------- I2C2 clock source configuration ---------------------*/
 504:Drivers/STM32L4xx_HAL_Driver/Src/stm32l4xx_hal_rcc_ex.c ****   if(((PeriphClkInit->PeriphClockSelection) & RCC_PERIPHCLK_I2C2) == RCC_PERIPHCLK_I2C2)
 505:Drivers/STM32L4xx_HAL_Driver/Src/stm32l4xx_hal_rcc_ex.c ****   {
 506:Drivers/STM32L4xx_HAL_Driver/Src/stm32l4xx_hal_rcc_ex.c ****     /* Check the parameters */
 507:Drivers/STM32L4xx_HAL_Driver/Src/stm32l4xx_hal_rcc_ex.c ****     assert_param(IS_RCC_I2C2CLKSOURCE(PeriphClkInit->I2c2ClockSelection));
 508:Drivers/STM32L4xx_HAL_Driver/Src/stm32l4xx_hal_rcc_ex.c **** 
 509:Drivers/STM32L4xx_HAL_Driver/Src/stm32l4xx_hal_rcc_ex.c ****     /* Configure the I2C2 clock source */
 510:Drivers/STM32L4xx_HAL_Driver/Src/stm32l4xx_hal_rcc_ex.c ****     __HAL_RCC_I2C2_CONFIG(PeriphClkInit->I2c2ClockSelection);
 511:Drivers/STM32L4xx_HAL_Driver/Src/stm32l4xx_hal_rcc_ex.c ****   }
 512:Drivers/STM32L4xx_HAL_Driver/Src/stm32l4xx_hal_rcc_ex.c **** 
 513:Drivers/STM32L4xx_HAL_Driver/Src/stm32l4xx_hal_rcc_ex.c **** #endif /* I2C2 */
 514:Drivers/STM32L4xx_HAL_Driver/Src/stm32l4xx_hal_rcc_ex.c **** 
 515:Drivers/STM32L4xx_HAL_Driver/Src/stm32l4xx_hal_rcc_ex.c ****   /*-------------------------- I2C3 clock source configuration ---------------------*/
 516:Drivers/STM32L4xx_HAL_Driver/Src/stm32l4xx_hal_rcc_ex.c ****   if(((PeriphClkInit->PeriphClockSelection) & RCC_PERIPHCLK_I2C3) == RCC_PERIPHCLK_I2C3)
 517:Drivers/STM32L4xx_HAL_Driver/Src/stm32l4xx_hal_rcc_ex.c ****   {
 518:Drivers/STM32L4xx_HAL_Driver/Src/stm32l4xx_hal_rcc_ex.c ****     /* Check the parameters */
 519:Drivers/STM32L4xx_HAL_Driver/Src/stm32l4xx_hal_rcc_ex.c ****     assert_param(IS_RCC_I2C3CLKSOURCE(PeriphClkInit->I2c3ClockSelection));
 520:Drivers/STM32L4xx_HAL_Driver/Src/stm32l4xx_hal_rcc_ex.c **** 
 521:Drivers/STM32L4xx_HAL_Driver/Src/stm32l4xx_hal_rcc_ex.c ****     /* Configure the I2C3 clock source */
 522:Drivers/STM32L4xx_HAL_Driver/Src/stm32l4xx_hal_rcc_ex.c ****     __HAL_RCC_I2C3_CONFIG(PeriphClkInit->I2c3ClockSelection);
 523:Drivers/STM32L4xx_HAL_Driver/Src/stm32l4xx_hal_rcc_ex.c ****   }
 524:Drivers/STM32L4xx_HAL_Driver/Src/stm32l4xx_hal_rcc_ex.c **** 
 525:Drivers/STM32L4xx_HAL_Driver/Src/stm32l4xx_hal_rcc_ex.c **** #if defined(I2C4)
 526:Drivers/STM32L4xx_HAL_Driver/Src/stm32l4xx_hal_rcc_ex.c **** 
 527:Drivers/STM32L4xx_HAL_Driver/Src/stm32l4xx_hal_rcc_ex.c ****   /*-------------------------- I2C4 clock source configuration ---------------------*/
 528:Drivers/STM32L4xx_HAL_Driver/Src/stm32l4xx_hal_rcc_ex.c ****   if(((PeriphClkInit->PeriphClockSelection) & RCC_PERIPHCLK_I2C4) == RCC_PERIPHCLK_I2C4)
 529:Drivers/STM32L4xx_HAL_Driver/Src/stm32l4xx_hal_rcc_ex.c ****   {
 530:Drivers/STM32L4xx_HAL_Driver/Src/stm32l4xx_hal_rcc_ex.c ****     /* Check the parameters */
 531:Drivers/STM32L4xx_HAL_Driver/Src/stm32l4xx_hal_rcc_ex.c ****     assert_param(IS_RCC_I2C4CLKSOURCE(PeriphClkInit->I2c4ClockSelection));
 532:Drivers/STM32L4xx_HAL_Driver/Src/stm32l4xx_hal_rcc_ex.c **** 
 533:Drivers/STM32L4xx_HAL_Driver/Src/stm32l4xx_hal_rcc_ex.c ****     /* Configure the I2C4 clock source */
 534:Drivers/STM32L4xx_HAL_Driver/Src/stm32l4xx_hal_rcc_ex.c ****     __HAL_RCC_I2C4_CONFIG(PeriphClkInit->I2c4ClockSelection);
 535:Drivers/STM32L4xx_HAL_Driver/Src/stm32l4xx_hal_rcc_ex.c ****   }
 536:Drivers/STM32L4xx_HAL_Driver/Src/stm32l4xx_hal_rcc_ex.c **** 
 537:Drivers/STM32L4xx_HAL_Driver/Src/stm32l4xx_hal_rcc_ex.c **** #endif /* I2C4 */
 538:Drivers/STM32L4xx_HAL_Driver/Src/stm32l4xx_hal_rcc_ex.c **** 
 539:Drivers/STM32L4xx_HAL_Driver/Src/stm32l4xx_hal_rcc_ex.c **** #if defined(USB_OTG_FS) || defined(USB)
 540:Drivers/STM32L4xx_HAL_Driver/Src/stm32l4xx_hal_rcc_ex.c **** 
 541:Drivers/STM32L4xx_HAL_Driver/Src/stm32l4xx_hal_rcc_ex.c ****   /*-------------------------- USB clock source configuration ----------------------*/
 542:Drivers/STM32L4xx_HAL_Driver/Src/stm32l4xx_hal_rcc_ex.c ****   if(((PeriphClkInit->PeriphClockSelection) & RCC_PERIPHCLK_USB) == (RCC_PERIPHCLK_USB))
 543:Drivers/STM32L4xx_HAL_Driver/Src/stm32l4xx_hal_rcc_ex.c ****   {
ARM GAS  /tmp/ccBxf6FW.s 			page 11


 544:Drivers/STM32L4xx_HAL_Driver/Src/stm32l4xx_hal_rcc_ex.c ****     assert_param(IS_RCC_USBCLKSOURCE(PeriphClkInit->UsbClockSelection));
 545:Drivers/STM32L4xx_HAL_Driver/Src/stm32l4xx_hal_rcc_ex.c ****     __HAL_RCC_USB_CONFIG(PeriphClkInit->UsbClockSelection);
 546:Drivers/STM32L4xx_HAL_Driver/Src/stm32l4xx_hal_rcc_ex.c **** 
 547:Drivers/STM32L4xx_HAL_Driver/Src/stm32l4xx_hal_rcc_ex.c ****     if(PeriphClkInit->UsbClockSelection == RCC_USBCLKSOURCE_PLL)
 548:Drivers/STM32L4xx_HAL_Driver/Src/stm32l4xx_hal_rcc_ex.c ****     {
 549:Drivers/STM32L4xx_HAL_Driver/Src/stm32l4xx_hal_rcc_ex.c ****       /* Enable PLL48M1CLK output clock */
 550:Drivers/STM32L4xx_HAL_Driver/Src/stm32l4xx_hal_rcc_ex.c ****       __HAL_RCC_PLLCLKOUT_ENABLE(RCC_PLL_48M1CLK);
 551:Drivers/STM32L4xx_HAL_Driver/Src/stm32l4xx_hal_rcc_ex.c ****     }
 552:Drivers/STM32L4xx_HAL_Driver/Src/stm32l4xx_hal_rcc_ex.c ****     else
 553:Drivers/STM32L4xx_HAL_Driver/Src/stm32l4xx_hal_rcc_ex.c ****     {
 554:Drivers/STM32L4xx_HAL_Driver/Src/stm32l4xx_hal_rcc_ex.c **** #if defined(RCC_PLLSAI1_SUPPORT)
 555:Drivers/STM32L4xx_HAL_Driver/Src/stm32l4xx_hal_rcc_ex.c ****       if(PeriphClkInit->UsbClockSelection == RCC_USBCLKSOURCE_PLLSAI1)
 556:Drivers/STM32L4xx_HAL_Driver/Src/stm32l4xx_hal_rcc_ex.c ****       {
 557:Drivers/STM32L4xx_HAL_Driver/Src/stm32l4xx_hal_rcc_ex.c ****         /* PLLSAI1 input clock, parameters M, N & Q configuration and clock output (PLLSAI1ClockOut
 558:Drivers/STM32L4xx_HAL_Driver/Src/stm32l4xx_hal_rcc_ex.c ****         ret = RCCEx_PLLSAI1_Config(&(PeriphClkInit->PLLSAI1), DIVIDER_Q_UPDATE);
 559:Drivers/STM32L4xx_HAL_Driver/Src/stm32l4xx_hal_rcc_ex.c **** 
 560:Drivers/STM32L4xx_HAL_Driver/Src/stm32l4xx_hal_rcc_ex.c ****         if(ret != HAL_OK)
 561:Drivers/STM32L4xx_HAL_Driver/Src/stm32l4xx_hal_rcc_ex.c ****         {
 562:Drivers/STM32L4xx_HAL_Driver/Src/stm32l4xx_hal_rcc_ex.c ****           /* set overall return value */
 563:Drivers/STM32L4xx_HAL_Driver/Src/stm32l4xx_hal_rcc_ex.c ****           status = ret;
 564:Drivers/STM32L4xx_HAL_Driver/Src/stm32l4xx_hal_rcc_ex.c ****         }
 565:Drivers/STM32L4xx_HAL_Driver/Src/stm32l4xx_hal_rcc_ex.c ****       }
 566:Drivers/STM32L4xx_HAL_Driver/Src/stm32l4xx_hal_rcc_ex.c **** #endif /* RCC_PLLSAI1_SUPPORT */
 567:Drivers/STM32L4xx_HAL_Driver/Src/stm32l4xx_hal_rcc_ex.c ****     }
 568:Drivers/STM32L4xx_HAL_Driver/Src/stm32l4xx_hal_rcc_ex.c ****   }
 569:Drivers/STM32L4xx_HAL_Driver/Src/stm32l4xx_hal_rcc_ex.c **** 
 570:Drivers/STM32L4xx_HAL_Driver/Src/stm32l4xx_hal_rcc_ex.c **** #endif /* USB_OTG_FS || USB */
 571:Drivers/STM32L4xx_HAL_Driver/Src/stm32l4xx_hal_rcc_ex.c **** 
 572:Drivers/STM32L4xx_HAL_Driver/Src/stm32l4xx_hal_rcc_ex.c **** #if defined(SDMMC1)
 573:Drivers/STM32L4xx_HAL_Driver/Src/stm32l4xx_hal_rcc_ex.c **** 
 574:Drivers/STM32L4xx_HAL_Driver/Src/stm32l4xx_hal_rcc_ex.c ****   /*-------------------------- SDMMC1 clock source configuration -------------------*/
 575:Drivers/STM32L4xx_HAL_Driver/Src/stm32l4xx_hal_rcc_ex.c ****   if(((PeriphClkInit->PeriphClockSelection) & RCC_PERIPHCLK_SDMMC1) == (RCC_PERIPHCLK_SDMMC1))
 576:Drivers/STM32L4xx_HAL_Driver/Src/stm32l4xx_hal_rcc_ex.c ****   {
 577:Drivers/STM32L4xx_HAL_Driver/Src/stm32l4xx_hal_rcc_ex.c ****     assert_param(IS_RCC_SDMMC1CLKSOURCE(PeriphClkInit->Sdmmc1ClockSelection));
 578:Drivers/STM32L4xx_HAL_Driver/Src/stm32l4xx_hal_rcc_ex.c ****     __HAL_RCC_SDMMC1_CONFIG(PeriphClkInit->Sdmmc1ClockSelection);
 579:Drivers/STM32L4xx_HAL_Driver/Src/stm32l4xx_hal_rcc_ex.c **** 
 580:Drivers/STM32L4xx_HAL_Driver/Src/stm32l4xx_hal_rcc_ex.c ****     if(PeriphClkInit->Sdmmc1ClockSelection == RCC_SDMMC1CLKSOURCE_PLL)   /* PLL "Q" ? */
 581:Drivers/STM32L4xx_HAL_Driver/Src/stm32l4xx_hal_rcc_ex.c ****     {
 582:Drivers/STM32L4xx_HAL_Driver/Src/stm32l4xx_hal_rcc_ex.c ****       /* Enable PLL48M1CLK output clock */
 583:Drivers/STM32L4xx_HAL_Driver/Src/stm32l4xx_hal_rcc_ex.c ****       __HAL_RCC_PLLCLKOUT_ENABLE(RCC_PLL_48M1CLK);
 584:Drivers/STM32L4xx_HAL_Driver/Src/stm32l4xx_hal_rcc_ex.c ****     }
 585:Drivers/STM32L4xx_HAL_Driver/Src/stm32l4xx_hal_rcc_ex.c **** #if defined(RCC_CCIPR2_SDMMCSEL)
 586:Drivers/STM32L4xx_HAL_Driver/Src/stm32l4xx_hal_rcc_ex.c ****     else if(PeriphClkInit->Sdmmc1ClockSelection == RCC_SDMMC1CLKSOURCE_PLLP) /* PLL "P" ? */
 587:Drivers/STM32L4xx_HAL_Driver/Src/stm32l4xx_hal_rcc_ex.c ****     {
 588:Drivers/STM32L4xx_HAL_Driver/Src/stm32l4xx_hal_rcc_ex.c ****       /* Enable PLLSAI3CLK output */
 589:Drivers/STM32L4xx_HAL_Driver/Src/stm32l4xx_hal_rcc_ex.c ****       __HAL_RCC_PLLCLKOUT_ENABLE(RCC_PLL_SAI3CLK);
 590:Drivers/STM32L4xx_HAL_Driver/Src/stm32l4xx_hal_rcc_ex.c ****     }
 591:Drivers/STM32L4xx_HAL_Driver/Src/stm32l4xx_hal_rcc_ex.c **** #endif
 592:Drivers/STM32L4xx_HAL_Driver/Src/stm32l4xx_hal_rcc_ex.c ****     else if(PeriphClkInit->Sdmmc1ClockSelection == RCC_SDMMC1CLKSOURCE_PLLSAI1)
 593:Drivers/STM32L4xx_HAL_Driver/Src/stm32l4xx_hal_rcc_ex.c ****     {
 594:Drivers/STM32L4xx_HAL_Driver/Src/stm32l4xx_hal_rcc_ex.c ****       /* PLLSAI1 input clock, parameters M, N & Q configuration and clock output (PLLSAI1ClockOut) 
 595:Drivers/STM32L4xx_HAL_Driver/Src/stm32l4xx_hal_rcc_ex.c ****       ret = RCCEx_PLLSAI1_Config(&(PeriphClkInit->PLLSAI1), DIVIDER_Q_UPDATE);
 596:Drivers/STM32L4xx_HAL_Driver/Src/stm32l4xx_hal_rcc_ex.c **** 
 597:Drivers/STM32L4xx_HAL_Driver/Src/stm32l4xx_hal_rcc_ex.c ****       if(ret != HAL_OK)
 598:Drivers/STM32L4xx_HAL_Driver/Src/stm32l4xx_hal_rcc_ex.c ****       {
 599:Drivers/STM32L4xx_HAL_Driver/Src/stm32l4xx_hal_rcc_ex.c ****         /* set overall return value */
 600:Drivers/STM32L4xx_HAL_Driver/Src/stm32l4xx_hal_rcc_ex.c ****         status = ret;
ARM GAS  /tmp/ccBxf6FW.s 			page 12


 601:Drivers/STM32L4xx_HAL_Driver/Src/stm32l4xx_hal_rcc_ex.c ****       }
 602:Drivers/STM32L4xx_HAL_Driver/Src/stm32l4xx_hal_rcc_ex.c ****     }
 603:Drivers/STM32L4xx_HAL_Driver/Src/stm32l4xx_hal_rcc_ex.c ****     else
 604:Drivers/STM32L4xx_HAL_Driver/Src/stm32l4xx_hal_rcc_ex.c ****     {
 605:Drivers/STM32L4xx_HAL_Driver/Src/stm32l4xx_hal_rcc_ex.c ****       /* nothing to do */
 606:Drivers/STM32L4xx_HAL_Driver/Src/stm32l4xx_hal_rcc_ex.c ****     }
 607:Drivers/STM32L4xx_HAL_Driver/Src/stm32l4xx_hal_rcc_ex.c ****   }
 608:Drivers/STM32L4xx_HAL_Driver/Src/stm32l4xx_hal_rcc_ex.c **** 
 609:Drivers/STM32L4xx_HAL_Driver/Src/stm32l4xx_hal_rcc_ex.c **** #endif /* SDMMC1 */
 610:Drivers/STM32L4xx_HAL_Driver/Src/stm32l4xx_hal_rcc_ex.c **** 
 611:Drivers/STM32L4xx_HAL_Driver/Src/stm32l4xx_hal_rcc_ex.c ****   /*-------------------------- RNG clock source configuration ----------------------*/
 612:Drivers/STM32L4xx_HAL_Driver/Src/stm32l4xx_hal_rcc_ex.c ****   if(((PeriphClkInit->PeriphClockSelection) & RCC_PERIPHCLK_RNG) == (RCC_PERIPHCLK_RNG))
 613:Drivers/STM32L4xx_HAL_Driver/Src/stm32l4xx_hal_rcc_ex.c ****   {
 614:Drivers/STM32L4xx_HAL_Driver/Src/stm32l4xx_hal_rcc_ex.c ****     assert_param(IS_RCC_RNGCLKSOURCE(PeriphClkInit->RngClockSelection));
 615:Drivers/STM32L4xx_HAL_Driver/Src/stm32l4xx_hal_rcc_ex.c ****     __HAL_RCC_RNG_CONFIG(PeriphClkInit->RngClockSelection);
 616:Drivers/STM32L4xx_HAL_Driver/Src/stm32l4xx_hal_rcc_ex.c **** 
 617:Drivers/STM32L4xx_HAL_Driver/Src/stm32l4xx_hal_rcc_ex.c ****     if(PeriphClkInit->RngClockSelection == RCC_RNGCLKSOURCE_PLL)
 618:Drivers/STM32L4xx_HAL_Driver/Src/stm32l4xx_hal_rcc_ex.c ****     {
 619:Drivers/STM32L4xx_HAL_Driver/Src/stm32l4xx_hal_rcc_ex.c ****       /* Enable PLL48M1CLK output clock */
 620:Drivers/STM32L4xx_HAL_Driver/Src/stm32l4xx_hal_rcc_ex.c ****       __HAL_RCC_PLLCLKOUT_ENABLE(RCC_PLL_48M1CLK);
 621:Drivers/STM32L4xx_HAL_Driver/Src/stm32l4xx_hal_rcc_ex.c ****     }
 622:Drivers/STM32L4xx_HAL_Driver/Src/stm32l4xx_hal_rcc_ex.c **** #if defined(RCC_PLLSAI1_SUPPORT)
 623:Drivers/STM32L4xx_HAL_Driver/Src/stm32l4xx_hal_rcc_ex.c ****     else if(PeriphClkInit->RngClockSelection == RCC_RNGCLKSOURCE_PLLSAI1)
 624:Drivers/STM32L4xx_HAL_Driver/Src/stm32l4xx_hal_rcc_ex.c ****     {
 625:Drivers/STM32L4xx_HAL_Driver/Src/stm32l4xx_hal_rcc_ex.c ****       /* PLLSAI1 input clock, parameters M, N & Q configuration and clock output (PLLSAI1ClockOut) 
 626:Drivers/STM32L4xx_HAL_Driver/Src/stm32l4xx_hal_rcc_ex.c ****       ret = RCCEx_PLLSAI1_Config(&(PeriphClkInit->PLLSAI1), DIVIDER_Q_UPDATE);
 627:Drivers/STM32L4xx_HAL_Driver/Src/stm32l4xx_hal_rcc_ex.c **** 
 628:Drivers/STM32L4xx_HAL_Driver/Src/stm32l4xx_hal_rcc_ex.c ****       if(ret != HAL_OK)
 629:Drivers/STM32L4xx_HAL_Driver/Src/stm32l4xx_hal_rcc_ex.c ****       {
 630:Drivers/STM32L4xx_HAL_Driver/Src/stm32l4xx_hal_rcc_ex.c ****         /* set overall return value */
 631:Drivers/STM32L4xx_HAL_Driver/Src/stm32l4xx_hal_rcc_ex.c ****         status = ret;
 632:Drivers/STM32L4xx_HAL_Driver/Src/stm32l4xx_hal_rcc_ex.c ****       }
 633:Drivers/STM32L4xx_HAL_Driver/Src/stm32l4xx_hal_rcc_ex.c ****     }
 634:Drivers/STM32L4xx_HAL_Driver/Src/stm32l4xx_hal_rcc_ex.c **** #endif /* RCC_PLLSAI1_SUPPORT */
 635:Drivers/STM32L4xx_HAL_Driver/Src/stm32l4xx_hal_rcc_ex.c ****     else
 636:Drivers/STM32L4xx_HAL_Driver/Src/stm32l4xx_hal_rcc_ex.c ****     {
 637:Drivers/STM32L4xx_HAL_Driver/Src/stm32l4xx_hal_rcc_ex.c ****       /* nothing to do */
 638:Drivers/STM32L4xx_HAL_Driver/Src/stm32l4xx_hal_rcc_ex.c ****     }
 639:Drivers/STM32L4xx_HAL_Driver/Src/stm32l4xx_hal_rcc_ex.c ****   }
 640:Drivers/STM32L4xx_HAL_Driver/Src/stm32l4xx_hal_rcc_ex.c **** 
 641:Drivers/STM32L4xx_HAL_Driver/Src/stm32l4xx_hal_rcc_ex.c ****   /*-------------------------- ADC clock source configuration ----------------------*/
 642:Drivers/STM32L4xx_HAL_Driver/Src/stm32l4xx_hal_rcc_ex.c **** #if !defined(STM32L412xx) && !defined(STM32L422xx)
 643:Drivers/STM32L4xx_HAL_Driver/Src/stm32l4xx_hal_rcc_ex.c ****   if(((PeriphClkInit->PeriphClockSelection) & RCC_PERIPHCLK_ADC) == RCC_PERIPHCLK_ADC)
 644:Drivers/STM32L4xx_HAL_Driver/Src/stm32l4xx_hal_rcc_ex.c ****   {
 645:Drivers/STM32L4xx_HAL_Driver/Src/stm32l4xx_hal_rcc_ex.c ****     /* Check the parameters */
 646:Drivers/STM32L4xx_HAL_Driver/Src/stm32l4xx_hal_rcc_ex.c ****     assert_param(IS_RCC_ADCCLKSOURCE(PeriphClkInit->AdcClockSelection));
 647:Drivers/STM32L4xx_HAL_Driver/Src/stm32l4xx_hal_rcc_ex.c **** 
 648:Drivers/STM32L4xx_HAL_Driver/Src/stm32l4xx_hal_rcc_ex.c ****     /* Configure the ADC interface clock source */
 649:Drivers/STM32L4xx_HAL_Driver/Src/stm32l4xx_hal_rcc_ex.c ****     __HAL_RCC_ADC_CONFIG(PeriphClkInit->AdcClockSelection);
 650:Drivers/STM32L4xx_HAL_Driver/Src/stm32l4xx_hal_rcc_ex.c **** 
 651:Drivers/STM32L4xx_HAL_Driver/Src/stm32l4xx_hal_rcc_ex.c **** #if defined(RCC_PLLSAI1_SUPPORT)
 652:Drivers/STM32L4xx_HAL_Driver/Src/stm32l4xx_hal_rcc_ex.c ****     if(PeriphClkInit->AdcClockSelection == RCC_ADCCLKSOURCE_PLLSAI1)
 653:Drivers/STM32L4xx_HAL_Driver/Src/stm32l4xx_hal_rcc_ex.c ****     {
 654:Drivers/STM32L4xx_HAL_Driver/Src/stm32l4xx_hal_rcc_ex.c ****       /* PLLSAI1 input clock, parameters M, N & R configuration and clock output (PLLSAI1ClockOut) 
 655:Drivers/STM32L4xx_HAL_Driver/Src/stm32l4xx_hal_rcc_ex.c ****       ret = RCCEx_PLLSAI1_Config(&(PeriphClkInit->PLLSAI1), DIVIDER_R_UPDATE);
 656:Drivers/STM32L4xx_HAL_Driver/Src/stm32l4xx_hal_rcc_ex.c **** 
 657:Drivers/STM32L4xx_HAL_Driver/Src/stm32l4xx_hal_rcc_ex.c ****       if(ret != HAL_OK)
ARM GAS  /tmp/ccBxf6FW.s 			page 13


 658:Drivers/STM32L4xx_HAL_Driver/Src/stm32l4xx_hal_rcc_ex.c ****       {
 659:Drivers/STM32L4xx_HAL_Driver/Src/stm32l4xx_hal_rcc_ex.c ****         /* set overall return value */
 660:Drivers/STM32L4xx_HAL_Driver/Src/stm32l4xx_hal_rcc_ex.c ****         status = ret;
 661:Drivers/STM32L4xx_HAL_Driver/Src/stm32l4xx_hal_rcc_ex.c ****       }
 662:Drivers/STM32L4xx_HAL_Driver/Src/stm32l4xx_hal_rcc_ex.c ****     }
 663:Drivers/STM32L4xx_HAL_Driver/Src/stm32l4xx_hal_rcc_ex.c **** #endif /* RCC_PLLSAI1_SUPPORT */
 664:Drivers/STM32L4xx_HAL_Driver/Src/stm32l4xx_hal_rcc_ex.c **** 
 665:Drivers/STM32L4xx_HAL_Driver/Src/stm32l4xx_hal_rcc_ex.c **** #if defined(STM32L471xx) || defined(STM32L475xx) || defined(STM32L476xx) || defined(STM32L485xx) ||
 666:Drivers/STM32L4xx_HAL_Driver/Src/stm32l4xx_hal_rcc_ex.c **** 
 667:Drivers/STM32L4xx_HAL_Driver/Src/stm32l4xx_hal_rcc_ex.c ****     else if(PeriphClkInit->AdcClockSelection == RCC_ADCCLKSOURCE_PLLSAI2)
 668:Drivers/STM32L4xx_HAL_Driver/Src/stm32l4xx_hal_rcc_ex.c ****     {
 669:Drivers/STM32L4xx_HAL_Driver/Src/stm32l4xx_hal_rcc_ex.c ****       /* PLLSAI2 input clock, parameters M, N & R configuration and clock output (PLLSAI2ClockOut) 
 670:Drivers/STM32L4xx_HAL_Driver/Src/stm32l4xx_hal_rcc_ex.c ****       ret = RCCEx_PLLSAI2_Config(&(PeriphClkInit->PLLSAI2), DIVIDER_R_UPDATE);
 671:Drivers/STM32L4xx_HAL_Driver/Src/stm32l4xx_hal_rcc_ex.c **** 
 672:Drivers/STM32L4xx_HAL_Driver/Src/stm32l4xx_hal_rcc_ex.c ****       if(ret != HAL_OK)
 673:Drivers/STM32L4xx_HAL_Driver/Src/stm32l4xx_hal_rcc_ex.c ****       {
 674:Drivers/STM32L4xx_HAL_Driver/Src/stm32l4xx_hal_rcc_ex.c ****         /* set overall return value */
 675:Drivers/STM32L4xx_HAL_Driver/Src/stm32l4xx_hal_rcc_ex.c ****         status = ret;
 676:Drivers/STM32L4xx_HAL_Driver/Src/stm32l4xx_hal_rcc_ex.c ****       }
 677:Drivers/STM32L4xx_HAL_Driver/Src/stm32l4xx_hal_rcc_ex.c ****     }
 678:Drivers/STM32L4xx_HAL_Driver/Src/stm32l4xx_hal_rcc_ex.c ****     else
 679:Drivers/STM32L4xx_HAL_Driver/Src/stm32l4xx_hal_rcc_ex.c ****     {
 680:Drivers/STM32L4xx_HAL_Driver/Src/stm32l4xx_hal_rcc_ex.c ****       /* nothing to do */
 681:Drivers/STM32L4xx_HAL_Driver/Src/stm32l4xx_hal_rcc_ex.c ****     }
 682:Drivers/STM32L4xx_HAL_Driver/Src/stm32l4xx_hal_rcc_ex.c **** 
 683:Drivers/STM32L4xx_HAL_Driver/Src/stm32l4xx_hal_rcc_ex.c **** #endif /* STM32L471xx || STM32L475xx || STM32L476xx || STM32L485xx || STM32L486xx || STM32L496xx ||
 684:Drivers/STM32L4xx_HAL_Driver/Src/stm32l4xx_hal_rcc_ex.c **** 
 685:Drivers/STM32L4xx_HAL_Driver/Src/stm32l4xx_hal_rcc_ex.c ****   }
 686:Drivers/STM32L4xx_HAL_Driver/Src/stm32l4xx_hal_rcc_ex.c **** #endif /* !STM32L412xx && !STM32L422xx */
 687:Drivers/STM32L4xx_HAL_Driver/Src/stm32l4xx_hal_rcc_ex.c **** 
 688:Drivers/STM32L4xx_HAL_Driver/Src/stm32l4xx_hal_rcc_ex.c **** #if defined(SWPMI1)
 689:Drivers/STM32L4xx_HAL_Driver/Src/stm32l4xx_hal_rcc_ex.c **** 
 690:Drivers/STM32L4xx_HAL_Driver/Src/stm32l4xx_hal_rcc_ex.c ****   /*-------------------------- SWPMI1 clock source configuration -------------------*/
 691:Drivers/STM32L4xx_HAL_Driver/Src/stm32l4xx_hal_rcc_ex.c ****   if(((PeriphClkInit->PeriphClockSelection) & RCC_PERIPHCLK_SWPMI1) == RCC_PERIPHCLK_SWPMI1)
 692:Drivers/STM32L4xx_HAL_Driver/Src/stm32l4xx_hal_rcc_ex.c ****   {
 693:Drivers/STM32L4xx_HAL_Driver/Src/stm32l4xx_hal_rcc_ex.c ****     /* Check the parameters */
 694:Drivers/STM32L4xx_HAL_Driver/Src/stm32l4xx_hal_rcc_ex.c ****     assert_param(IS_RCC_SWPMI1CLKSOURCE(PeriphClkInit->Swpmi1ClockSelection));
 695:Drivers/STM32L4xx_HAL_Driver/Src/stm32l4xx_hal_rcc_ex.c **** 
 696:Drivers/STM32L4xx_HAL_Driver/Src/stm32l4xx_hal_rcc_ex.c ****     /* Configure the SWPMI1 clock source */
 697:Drivers/STM32L4xx_HAL_Driver/Src/stm32l4xx_hal_rcc_ex.c ****     __HAL_RCC_SWPMI1_CONFIG(PeriphClkInit->Swpmi1ClockSelection);
 698:Drivers/STM32L4xx_HAL_Driver/Src/stm32l4xx_hal_rcc_ex.c ****   }
 699:Drivers/STM32L4xx_HAL_Driver/Src/stm32l4xx_hal_rcc_ex.c **** 
 700:Drivers/STM32L4xx_HAL_Driver/Src/stm32l4xx_hal_rcc_ex.c **** #endif /* SWPMI1 */
 701:Drivers/STM32L4xx_HAL_Driver/Src/stm32l4xx_hal_rcc_ex.c **** 
 702:Drivers/STM32L4xx_HAL_Driver/Src/stm32l4xx_hal_rcc_ex.c **** #if defined(DFSDM1_Filter0)
 703:Drivers/STM32L4xx_HAL_Driver/Src/stm32l4xx_hal_rcc_ex.c **** 
 704:Drivers/STM32L4xx_HAL_Driver/Src/stm32l4xx_hal_rcc_ex.c ****   /*-------------------------- DFSDM1 clock source configuration -------------------*/
 705:Drivers/STM32L4xx_HAL_Driver/Src/stm32l4xx_hal_rcc_ex.c ****   if(((PeriphClkInit->PeriphClockSelection) & RCC_PERIPHCLK_DFSDM1) == RCC_PERIPHCLK_DFSDM1)
 706:Drivers/STM32L4xx_HAL_Driver/Src/stm32l4xx_hal_rcc_ex.c ****   {
 707:Drivers/STM32L4xx_HAL_Driver/Src/stm32l4xx_hal_rcc_ex.c ****     /* Check the parameters */
 708:Drivers/STM32L4xx_HAL_Driver/Src/stm32l4xx_hal_rcc_ex.c ****     assert_param(IS_RCC_DFSDM1CLKSOURCE(PeriphClkInit->Dfsdm1ClockSelection));
 709:Drivers/STM32L4xx_HAL_Driver/Src/stm32l4xx_hal_rcc_ex.c **** 
 710:Drivers/STM32L4xx_HAL_Driver/Src/stm32l4xx_hal_rcc_ex.c ****     /* Configure the DFSDM1 interface clock source */
 711:Drivers/STM32L4xx_HAL_Driver/Src/stm32l4xx_hal_rcc_ex.c ****     __HAL_RCC_DFSDM1_CONFIG(PeriphClkInit->Dfsdm1ClockSelection);
 712:Drivers/STM32L4xx_HAL_Driver/Src/stm32l4xx_hal_rcc_ex.c ****   }
 713:Drivers/STM32L4xx_HAL_Driver/Src/stm32l4xx_hal_rcc_ex.c **** 
 714:Drivers/STM32L4xx_HAL_Driver/Src/stm32l4xx_hal_rcc_ex.c **** #if defined(STM32L4P5xx) || defined(STM32L4Q5xx) || defined(STM32L4R5xx) || defined(STM32L4R7xx) ||
ARM GAS  /tmp/ccBxf6FW.s 			page 14


 715:Drivers/STM32L4xx_HAL_Driver/Src/stm32l4xx_hal_rcc_ex.c ****   /*-------------------------- DFSDM1 audio clock source configuration -------------*/
 716:Drivers/STM32L4xx_HAL_Driver/Src/stm32l4xx_hal_rcc_ex.c ****   if(((PeriphClkInit->PeriphClockSelection) & RCC_PERIPHCLK_DFSDM1AUDIO) == RCC_PERIPHCLK_DFSDM1AUD
 717:Drivers/STM32L4xx_HAL_Driver/Src/stm32l4xx_hal_rcc_ex.c ****   {
 718:Drivers/STM32L4xx_HAL_Driver/Src/stm32l4xx_hal_rcc_ex.c ****     /* Check the parameters */
 719:Drivers/STM32L4xx_HAL_Driver/Src/stm32l4xx_hal_rcc_ex.c ****     assert_param(IS_RCC_DFSDM1AUDIOCLKSOURCE(PeriphClkInit->Dfsdm1AudioClockSelection));
 720:Drivers/STM32L4xx_HAL_Driver/Src/stm32l4xx_hal_rcc_ex.c **** 
 721:Drivers/STM32L4xx_HAL_Driver/Src/stm32l4xx_hal_rcc_ex.c ****     /* Configure the DFSDM1 interface audio clock source */
 722:Drivers/STM32L4xx_HAL_Driver/Src/stm32l4xx_hal_rcc_ex.c ****     __HAL_RCC_DFSDM1AUDIO_CONFIG(PeriphClkInit->Dfsdm1AudioClockSelection);
 723:Drivers/STM32L4xx_HAL_Driver/Src/stm32l4xx_hal_rcc_ex.c ****   }
 724:Drivers/STM32L4xx_HAL_Driver/Src/stm32l4xx_hal_rcc_ex.c **** 
 725:Drivers/STM32L4xx_HAL_Driver/Src/stm32l4xx_hal_rcc_ex.c **** #endif /* STM32L4P5xx || STM32L4Q5xx || STM32L4R5xx || STM32L4R7xx || STM32L4R9xx || STM32L4S5xx ||
 726:Drivers/STM32L4xx_HAL_Driver/Src/stm32l4xx_hal_rcc_ex.c **** 
 727:Drivers/STM32L4xx_HAL_Driver/Src/stm32l4xx_hal_rcc_ex.c **** #endif /* DFSDM1_Filter0 */
 728:Drivers/STM32L4xx_HAL_Driver/Src/stm32l4xx_hal_rcc_ex.c **** 
 729:Drivers/STM32L4xx_HAL_Driver/Src/stm32l4xx_hal_rcc_ex.c **** #if defined(LTDC)
 730:Drivers/STM32L4xx_HAL_Driver/Src/stm32l4xx_hal_rcc_ex.c **** 
 731:Drivers/STM32L4xx_HAL_Driver/Src/stm32l4xx_hal_rcc_ex.c ****   /*-------------------------- LTDC clock source configuration --------------------*/
 732:Drivers/STM32L4xx_HAL_Driver/Src/stm32l4xx_hal_rcc_ex.c ****   if(((PeriphClkInit->PeriphClockSelection) & RCC_PERIPHCLK_LTDC) == RCC_PERIPHCLK_LTDC)
 733:Drivers/STM32L4xx_HAL_Driver/Src/stm32l4xx_hal_rcc_ex.c ****   {
 734:Drivers/STM32L4xx_HAL_Driver/Src/stm32l4xx_hal_rcc_ex.c ****     /* Check the parameters */
 735:Drivers/STM32L4xx_HAL_Driver/Src/stm32l4xx_hal_rcc_ex.c ****     assert_param(IS_RCC_LTDCCLKSOURCE(PeriphClkInit->LtdcClockSelection));
 736:Drivers/STM32L4xx_HAL_Driver/Src/stm32l4xx_hal_rcc_ex.c **** 
 737:Drivers/STM32L4xx_HAL_Driver/Src/stm32l4xx_hal_rcc_ex.c ****     /* Disable the PLLSAI2 */
 738:Drivers/STM32L4xx_HAL_Driver/Src/stm32l4xx_hal_rcc_ex.c ****     __HAL_RCC_PLLSAI2_DISABLE();
 739:Drivers/STM32L4xx_HAL_Driver/Src/stm32l4xx_hal_rcc_ex.c **** 
 740:Drivers/STM32L4xx_HAL_Driver/Src/stm32l4xx_hal_rcc_ex.c ****     /* Get Start Tick*/
 741:Drivers/STM32L4xx_HAL_Driver/Src/stm32l4xx_hal_rcc_ex.c ****     tickstart = HAL_GetTick();
 742:Drivers/STM32L4xx_HAL_Driver/Src/stm32l4xx_hal_rcc_ex.c **** 
 743:Drivers/STM32L4xx_HAL_Driver/Src/stm32l4xx_hal_rcc_ex.c ****     /* Wait till PLLSAI2 is ready */
 744:Drivers/STM32L4xx_HAL_Driver/Src/stm32l4xx_hal_rcc_ex.c ****     while(READ_BIT(RCC->CR, RCC_CR_PLLSAI2RDY) != 0U)
 745:Drivers/STM32L4xx_HAL_Driver/Src/stm32l4xx_hal_rcc_ex.c ****     {
 746:Drivers/STM32L4xx_HAL_Driver/Src/stm32l4xx_hal_rcc_ex.c ****       if((HAL_GetTick() - tickstart) > PLLSAI2_TIMEOUT_VALUE)
 747:Drivers/STM32L4xx_HAL_Driver/Src/stm32l4xx_hal_rcc_ex.c ****       {
 748:Drivers/STM32L4xx_HAL_Driver/Src/stm32l4xx_hal_rcc_ex.c ****         ret = HAL_TIMEOUT;
 749:Drivers/STM32L4xx_HAL_Driver/Src/stm32l4xx_hal_rcc_ex.c ****         break;
 750:Drivers/STM32L4xx_HAL_Driver/Src/stm32l4xx_hal_rcc_ex.c ****       }
 751:Drivers/STM32L4xx_HAL_Driver/Src/stm32l4xx_hal_rcc_ex.c ****     }
 752:Drivers/STM32L4xx_HAL_Driver/Src/stm32l4xx_hal_rcc_ex.c **** 
 753:Drivers/STM32L4xx_HAL_Driver/Src/stm32l4xx_hal_rcc_ex.c ****     if(ret == HAL_OK)
 754:Drivers/STM32L4xx_HAL_Driver/Src/stm32l4xx_hal_rcc_ex.c ****     {
 755:Drivers/STM32L4xx_HAL_Driver/Src/stm32l4xx_hal_rcc_ex.c ****       /* Configure the LTDC clock source */
 756:Drivers/STM32L4xx_HAL_Driver/Src/stm32l4xx_hal_rcc_ex.c ****       __HAL_RCC_LTDC_CONFIG(PeriphClkInit->LtdcClockSelection);
 757:Drivers/STM32L4xx_HAL_Driver/Src/stm32l4xx_hal_rcc_ex.c **** 
 758:Drivers/STM32L4xx_HAL_Driver/Src/stm32l4xx_hal_rcc_ex.c ****       /* PLLSAI2 input clock, parameters M, N & R configuration and clock output (PLLSAI2ClockOut) 
 759:Drivers/STM32L4xx_HAL_Driver/Src/stm32l4xx_hal_rcc_ex.c ****       ret = RCCEx_PLLSAI2_Config(&(PeriphClkInit->PLLSAI2), DIVIDER_R_UPDATE);
 760:Drivers/STM32L4xx_HAL_Driver/Src/stm32l4xx_hal_rcc_ex.c ****     }
 761:Drivers/STM32L4xx_HAL_Driver/Src/stm32l4xx_hal_rcc_ex.c **** 
 762:Drivers/STM32L4xx_HAL_Driver/Src/stm32l4xx_hal_rcc_ex.c ****     if(ret != HAL_OK)
 763:Drivers/STM32L4xx_HAL_Driver/Src/stm32l4xx_hal_rcc_ex.c ****     {
 764:Drivers/STM32L4xx_HAL_Driver/Src/stm32l4xx_hal_rcc_ex.c ****       /* set overall return value */
 765:Drivers/STM32L4xx_HAL_Driver/Src/stm32l4xx_hal_rcc_ex.c ****       status = ret;
 766:Drivers/STM32L4xx_HAL_Driver/Src/stm32l4xx_hal_rcc_ex.c ****     }
 767:Drivers/STM32L4xx_HAL_Driver/Src/stm32l4xx_hal_rcc_ex.c ****   }
 768:Drivers/STM32L4xx_HAL_Driver/Src/stm32l4xx_hal_rcc_ex.c **** 
 769:Drivers/STM32L4xx_HAL_Driver/Src/stm32l4xx_hal_rcc_ex.c **** #endif /* LTDC */
 770:Drivers/STM32L4xx_HAL_Driver/Src/stm32l4xx_hal_rcc_ex.c **** 
 771:Drivers/STM32L4xx_HAL_Driver/Src/stm32l4xx_hal_rcc_ex.c **** #if defined(DSI)
ARM GAS  /tmp/ccBxf6FW.s 			page 15


 772:Drivers/STM32L4xx_HAL_Driver/Src/stm32l4xx_hal_rcc_ex.c **** 
 773:Drivers/STM32L4xx_HAL_Driver/Src/stm32l4xx_hal_rcc_ex.c ****   /*-------------------------- DSI clock source configuration ---------------------*/
 774:Drivers/STM32L4xx_HAL_Driver/Src/stm32l4xx_hal_rcc_ex.c ****   if(((PeriphClkInit->PeriphClockSelection) & RCC_PERIPHCLK_DSI) == RCC_PERIPHCLK_DSI)
 775:Drivers/STM32L4xx_HAL_Driver/Src/stm32l4xx_hal_rcc_ex.c ****   {
 776:Drivers/STM32L4xx_HAL_Driver/Src/stm32l4xx_hal_rcc_ex.c ****     /* Check the parameters */
 777:Drivers/STM32L4xx_HAL_Driver/Src/stm32l4xx_hal_rcc_ex.c ****     assert_param(IS_RCC_DSICLKSOURCE(PeriphClkInit->DsiClockSelection));
 778:Drivers/STM32L4xx_HAL_Driver/Src/stm32l4xx_hal_rcc_ex.c **** 
 779:Drivers/STM32L4xx_HAL_Driver/Src/stm32l4xx_hal_rcc_ex.c ****     /* Configure the DSI clock source */
 780:Drivers/STM32L4xx_HAL_Driver/Src/stm32l4xx_hal_rcc_ex.c ****     __HAL_RCC_DSI_CONFIG(PeriphClkInit->DsiClockSelection);
 781:Drivers/STM32L4xx_HAL_Driver/Src/stm32l4xx_hal_rcc_ex.c **** 
 782:Drivers/STM32L4xx_HAL_Driver/Src/stm32l4xx_hal_rcc_ex.c ****     if(PeriphClkInit->DsiClockSelection == RCC_DSICLKSOURCE_PLLSAI2)
 783:Drivers/STM32L4xx_HAL_Driver/Src/stm32l4xx_hal_rcc_ex.c ****     {
 784:Drivers/STM32L4xx_HAL_Driver/Src/stm32l4xx_hal_rcc_ex.c ****       /* PLLSAI2 input clock, parameters M, N & Q configuration and clock output (PLLSAI2ClockOut) 
 785:Drivers/STM32L4xx_HAL_Driver/Src/stm32l4xx_hal_rcc_ex.c ****       ret = RCCEx_PLLSAI2_Config(&(PeriphClkInit->PLLSAI2), DIVIDER_Q_UPDATE);
 786:Drivers/STM32L4xx_HAL_Driver/Src/stm32l4xx_hal_rcc_ex.c **** 
 787:Drivers/STM32L4xx_HAL_Driver/Src/stm32l4xx_hal_rcc_ex.c ****       if(ret != HAL_OK)
 788:Drivers/STM32L4xx_HAL_Driver/Src/stm32l4xx_hal_rcc_ex.c ****       {
 789:Drivers/STM32L4xx_HAL_Driver/Src/stm32l4xx_hal_rcc_ex.c ****         /* set overall return value */
 790:Drivers/STM32L4xx_HAL_Driver/Src/stm32l4xx_hal_rcc_ex.c ****         status = ret;
 791:Drivers/STM32L4xx_HAL_Driver/Src/stm32l4xx_hal_rcc_ex.c ****       }
 792:Drivers/STM32L4xx_HAL_Driver/Src/stm32l4xx_hal_rcc_ex.c ****     }
 793:Drivers/STM32L4xx_HAL_Driver/Src/stm32l4xx_hal_rcc_ex.c ****   }
 794:Drivers/STM32L4xx_HAL_Driver/Src/stm32l4xx_hal_rcc_ex.c **** 
 795:Drivers/STM32L4xx_HAL_Driver/Src/stm32l4xx_hal_rcc_ex.c **** #endif /* DSI */
 796:Drivers/STM32L4xx_HAL_Driver/Src/stm32l4xx_hal_rcc_ex.c **** 
 797:Drivers/STM32L4xx_HAL_Driver/Src/stm32l4xx_hal_rcc_ex.c **** #if defined(OCTOSPI1) || defined(OCTOSPI2)
 798:Drivers/STM32L4xx_HAL_Driver/Src/stm32l4xx_hal_rcc_ex.c **** 
 799:Drivers/STM32L4xx_HAL_Driver/Src/stm32l4xx_hal_rcc_ex.c ****   /*-------------------------- OctoSPIx clock source configuration ----------------*/
 800:Drivers/STM32L4xx_HAL_Driver/Src/stm32l4xx_hal_rcc_ex.c ****   if(((PeriphClkInit->PeriphClockSelection) & RCC_PERIPHCLK_OSPI) == RCC_PERIPHCLK_OSPI)
 801:Drivers/STM32L4xx_HAL_Driver/Src/stm32l4xx_hal_rcc_ex.c ****   {
 802:Drivers/STM32L4xx_HAL_Driver/Src/stm32l4xx_hal_rcc_ex.c ****     /* Check the parameters */
 803:Drivers/STM32L4xx_HAL_Driver/Src/stm32l4xx_hal_rcc_ex.c ****     assert_param(IS_RCC_OSPICLKSOURCE(PeriphClkInit->OspiClockSelection));
 804:Drivers/STM32L4xx_HAL_Driver/Src/stm32l4xx_hal_rcc_ex.c **** 
 805:Drivers/STM32L4xx_HAL_Driver/Src/stm32l4xx_hal_rcc_ex.c ****     /* Configure the OctoSPI clock source */
 806:Drivers/STM32L4xx_HAL_Driver/Src/stm32l4xx_hal_rcc_ex.c ****     __HAL_RCC_OSPI_CONFIG(PeriphClkInit->OspiClockSelection);
 807:Drivers/STM32L4xx_HAL_Driver/Src/stm32l4xx_hal_rcc_ex.c **** 
 808:Drivers/STM32L4xx_HAL_Driver/Src/stm32l4xx_hal_rcc_ex.c ****     if(PeriphClkInit->OspiClockSelection == RCC_OSPICLKSOURCE_PLL)
 809:Drivers/STM32L4xx_HAL_Driver/Src/stm32l4xx_hal_rcc_ex.c ****     {
 810:Drivers/STM32L4xx_HAL_Driver/Src/stm32l4xx_hal_rcc_ex.c ****       /* Enable PLL48M1CLK output */
 811:Drivers/STM32L4xx_HAL_Driver/Src/stm32l4xx_hal_rcc_ex.c ****       __HAL_RCC_PLLCLKOUT_ENABLE(RCC_PLL_48M1CLK);
 812:Drivers/STM32L4xx_HAL_Driver/Src/stm32l4xx_hal_rcc_ex.c ****     }
 813:Drivers/STM32L4xx_HAL_Driver/Src/stm32l4xx_hal_rcc_ex.c ****   }
 814:Drivers/STM32L4xx_HAL_Driver/Src/stm32l4xx_hal_rcc_ex.c **** 
 815:Drivers/STM32L4xx_HAL_Driver/Src/stm32l4xx_hal_rcc_ex.c **** #endif /* OCTOSPI1 || OCTOSPI2 */
 816:Drivers/STM32L4xx_HAL_Driver/Src/stm32l4xx_hal_rcc_ex.c **** 
 817:Drivers/STM32L4xx_HAL_Driver/Src/stm32l4xx_hal_rcc_ex.c ****   return status;
 818:Drivers/STM32L4xx_HAL_Driver/Src/stm32l4xx_hal_rcc_ex.c **** }
 819:Drivers/STM32L4xx_HAL_Driver/Src/stm32l4xx_hal_rcc_ex.c **** 
 820:Drivers/STM32L4xx_HAL_Driver/Src/stm32l4xx_hal_rcc_ex.c **** /**
 821:Drivers/STM32L4xx_HAL_Driver/Src/stm32l4xx_hal_rcc_ex.c ****   * @brief  Get the RCC_ClkInitStruct according to the internal RCC configuration registers.
 822:Drivers/STM32L4xx_HAL_Driver/Src/stm32l4xx_hal_rcc_ex.c ****   * @param  PeriphClkInit  pointer to an RCC_PeriphCLKInitTypeDef structure that
 823:Drivers/STM32L4xx_HAL_Driver/Src/stm32l4xx_hal_rcc_ex.c ****   *         returns the configuration information for the Extended Peripherals
 824:Drivers/STM32L4xx_HAL_Driver/Src/stm32l4xx_hal_rcc_ex.c ****   *         clocks(SAI1, SAI2, LPTIM1, LPTIM2, I2C1, I2C2, I2C3, I2C4, LPUART1,
 825:Drivers/STM32L4xx_HAL_Driver/Src/stm32l4xx_hal_rcc_ex.c ****   *         USART1, USART2, USART3, UART4, UART5, RTC, ADCx, DFSDMx, SWPMI1, USB, SDMMC1 and RNG).
 826:Drivers/STM32L4xx_HAL_Driver/Src/stm32l4xx_hal_rcc_ex.c ****   * @retval None
 827:Drivers/STM32L4xx_HAL_Driver/Src/stm32l4xx_hal_rcc_ex.c ****   */
 828:Drivers/STM32L4xx_HAL_Driver/Src/stm32l4xx_hal_rcc_ex.c **** void HAL_RCCEx_GetPeriphCLKConfig(RCC_PeriphCLKInitTypeDef  *PeriphClkInit)
ARM GAS  /tmp/ccBxf6FW.s 			page 16


 829:Drivers/STM32L4xx_HAL_Driver/Src/stm32l4xx_hal_rcc_ex.c **** {
 830:Drivers/STM32L4xx_HAL_Driver/Src/stm32l4xx_hal_rcc_ex.c ****   /* Set all possible values for the extended clock type parameter------------*/
 831:Drivers/STM32L4xx_HAL_Driver/Src/stm32l4xx_hal_rcc_ex.c **** 
 832:Drivers/STM32L4xx_HAL_Driver/Src/stm32l4xx_hal_rcc_ex.c **** #if defined(STM32L412xx) || defined(STM32L422xx)
 833:Drivers/STM32L4xx_HAL_Driver/Src/stm32l4xx_hal_rcc_ex.c **** 
 834:Drivers/STM32L4xx_HAL_Driver/Src/stm32l4xx_hal_rcc_ex.c ****   PeriphClkInit->PeriphClockSelection = RCC_PERIPHCLK_USART1  | RCC_PERIPHCLK_USART2 | RCC_PERIPHCL
 835:Drivers/STM32L4xx_HAL_Driver/Src/stm32l4xx_hal_rcc_ex.c ****                                         RCC_PERIPHCLK_LPUART1 | RCC_PERIPHCLK_I2C1   | RCC_PERIPHCL
 836:Drivers/STM32L4xx_HAL_Driver/Src/stm32l4xx_hal_rcc_ex.c ****                                         RCC_PERIPHCLK_LPTIM1  | RCC_PERIPHCLK_LPTIM2 |             
 837:Drivers/STM32L4xx_HAL_Driver/Src/stm32l4xx_hal_rcc_ex.c ****                                                                 RCC_PERIPHCLK_RNG    |             
 838:Drivers/STM32L4xx_HAL_Driver/Src/stm32l4xx_hal_rcc_ex.c ****                                         RCC_PERIPHCLK_RTC ;
 839:Drivers/STM32L4xx_HAL_Driver/Src/stm32l4xx_hal_rcc_ex.c **** 
 840:Drivers/STM32L4xx_HAL_Driver/Src/stm32l4xx_hal_rcc_ex.c **** #elif defined(STM32L431xx)
 841:Drivers/STM32L4xx_HAL_Driver/Src/stm32l4xx_hal_rcc_ex.c **** 
 842:Drivers/STM32L4xx_HAL_Driver/Src/stm32l4xx_hal_rcc_ex.c ****   PeriphClkInit->PeriphClockSelection = RCC_PERIPHCLK_USART1  | RCC_PERIPHCLK_USART2 | RCC_PERIPHCL
 843:Drivers/STM32L4xx_HAL_Driver/Src/stm32l4xx_hal_rcc_ex.c ****                                         RCC_PERIPHCLK_LPUART1 | RCC_PERIPHCLK_I2C1   | RCC_PERIPHCL
 844:Drivers/STM32L4xx_HAL_Driver/Src/stm32l4xx_hal_rcc_ex.c ****                                         RCC_PERIPHCLK_LPTIM1  | RCC_PERIPHCLK_LPTIM2 | RCC_PERIPHCL
 845:Drivers/STM32L4xx_HAL_Driver/Src/stm32l4xx_hal_rcc_ex.c ****                                         RCC_PERIPHCLK_SDMMC1  | RCC_PERIPHCLK_RNG    | RCC_PERIPHCL
 846:Drivers/STM32L4xx_HAL_Driver/Src/stm32l4xx_hal_rcc_ex.c ****                                         RCC_PERIPHCLK_RTC ;
 847:Drivers/STM32L4xx_HAL_Driver/Src/stm32l4xx_hal_rcc_ex.c **** 
 848:Drivers/STM32L4xx_HAL_Driver/Src/stm32l4xx_hal_rcc_ex.c **** #elif defined(STM32L432xx) || defined(STM32L442xx)
 849:Drivers/STM32L4xx_HAL_Driver/Src/stm32l4xx_hal_rcc_ex.c **** 
 850:Drivers/STM32L4xx_HAL_Driver/Src/stm32l4xx_hal_rcc_ex.c ****   PeriphClkInit->PeriphClockSelection = RCC_PERIPHCLK_USART1  | RCC_PERIPHCLK_USART2 |             
 851:Drivers/STM32L4xx_HAL_Driver/Src/stm32l4xx_hal_rcc_ex.c ****                                         RCC_PERIPHCLK_LPUART1 | RCC_PERIPHCLK_I2C1   |             
 852:Drivers/STM32L4xx_HAL_Driver/Src/stm32l4xx_hal_rcc_ex.c ****                                         RCC_PERIPHCLK_LPTIM1  | RCC_PERIPHCLK_LPTIM2 | RCC_PERIPHCL
 853:Drivers/STM32L4xx_HAL_Driver/Src/stm32l4xx_hal_rcc_ex.c ****                                                                 RCC_PERIPHCLK_RNG    | RCC_PERIPHCL
 854:Drivers/STM32L4xx_HAL_Driver/Src/stm32l4xx_hal_rcc_ex.c ****                                         RCC_PERIPHCLK_RTC ;
 855:Drivers/STM32L4xx_HAL_Driver/Src/stm32l4xx_hal_rcc_ex.c **** 
 856:Drivers/STM32L4xx_HAL_Driver/Src/stm32l4xx_hal_rcc_ex.c **** #elif defined(STM32L433xx) || defined(STM32L443xx)
 857:Drivers/STM32L4xx_HAL_Driver/Src/stm32l4xx_hal_rcc_ex.c **** 
 858:Drivers/STM32L4xx_HAL_Driver/Src/stm32l4xx_hal_rcc_ex.c ****   PeriphClkInit->PeriphClockSelection = RCC_PERIPHCLK_USART1  | RCC_PERIPHCLK_USART2 | RCC_PERIPHCL
 859:Drivers/STM32L4xx_HAL_Driver/Src/stm32l4xx_hal_rcc_ex.c ****                                         RCC_PERIPHCLK_LPUART1 | RCC_PERIPHCLK_I2C1   | RCC_PERIPHCL
 860:Drivers/STM32L4xx_HAL_Driver/Src/stm32l4xx_hal_rcc_ex.c ****                                         RCC_PERIPHCLK_LPTIM1  | RCC_PERIPHCLK_LPTIM2 | RCC_PERIPHCL
 861:Drivers/STM32L4xx_HAL_Driver/Src/stm32l4xx_hal_rcc_ex.c ****                                         RCC_PERIPHCLK_SDMMC1  | RCC_PERIPHCLK_RNG    | RCC_PERIPHCL
 862:Drivers/STM32L4xx_HAL_Driver/Src/stm32l4xx_hal_rcc_ex.c ****                                         RCC_PERIPHCLK_RTC ;
 863:Drivers/STM32L4xx_HAL_Driver/Src/stm32l4xx_hal_rcc_ex.c **** 
 864:Drivers/STM32L4xx_HAL_Driver/Src/stm32l4xx_hal_rcc_ex.c **** #elif defined(STM32L451xx)
 865:Drivers/STM32L4xx_HAL_Driver/Src/stm32l4xx_hal_rcc_ex.c **** 
 866:Drivers/STM32L4xx_HAL_Driver/Src/stm32l4xx_hal_rcc_ex.c ****   PeriphClkInit->PeriphClockSelection = RCC_PERIPHCLK_USART1  | RCC_PERIPHCLK_USART2 | RCC_PERIPHCL
 867:Drivers/STM32L4xx_HAL_Driver/Src/stm32l4xx_hal_rcc_ex.c ****                                         RCC_PERIPHCLK_LPUART1 | RCC_PERIPHCLK_I2C1   | RCC_PERIPHCL
 868:Drivers/STM32L4xx_HAL_Driver/Src/stm32l4xx_hal_rcc_ex.c ****                                         RCC_PERIPHCLK_LPTIM1  | RCC_PERIPHCLK_LPTIM2 | RCC_PERIPHCL
 869:Drivers/STM32L4xx_HAL_Driver/Src/stm32l4xx_hal_rcc_ex.c ****                                         RCC_PERIPHCLK_SDMMC1  | RCC_PERIPHCLK_RNG    | RCC_PERIPHCL
 870:Drivers/STM32L4xx_HAL_Driver/Src/stm32l4xx_hal_rcc_ex.c ****                                         RCC_PERIPHCLK_RTC ;
 871:Drivers/STM32L4xx_HAL_Driver/Src/stm32l4xx_hal_rcc_ex.c **** 
 872:Drivers/STM32L4xx_HAL_Driver/Src/stm32l4xx_hal_rcc_ex.c **** #elif defined(STM32L452xx) || defined(STM32L462xx)
 873:Drivers/STM32L4xx_HAL_Driver/Src/stm32l4xx_hal_rcc_ex.c **** 
 874:Drivers/STM32L4xx_HAL_Driver/Src/stm32l4xx_hal_rcc_ex.c ****   PeriphClkInit->PeriphClockSelection = RCC_PERIPHCLK_USART1  | RCC_PERIPHCLK_USART2 | RCC_PERIPHCL
 875:Drivers/STM32L4xx_HAL_Driver/Src/stm32l4xx_hal_rcc_ex.c ****                                         RCC_PERIPHCLK_LPUART1 | RCC_PERIPHCLK_I2C1   | RCC_PERIPHCL
 876:Drivers/STM32L4xx_HAL_Driver/Src/stm32l4xx_hal_rcc_ex.c ****                                         RCC_PERIPHCLK_LPTIM1  | RCC_PERIPHCLK_LPTIM2 | RCC_PERIPHCL
 877:Drivers/STM32L4xx_HAL_Driver/Src/stm32l4xx_hal_rcc_ex.c ****                                         RCC_PERIPHCLK_SDMMC1  | RCC_PERIPHCLK_RNG    | RCC_PERIPHCL
 878:Drivers/STM32L4xx_HAL_Driver/Src/stm32l4xx_hal_rcc_ex.c ****                                         RCC_PERIPHCLK_RTC ;
 879:Drivers/STM32L4xx_HAL_Driver/Src/stm32l4xx_hal_rcc_ex.c **** 
 880:Drivers/STM32L4xx_HAL_Driver/Src/stm32l4xx_hal_rcc_ex.c **** #elif defined(STM32L471xx)
 881:Drivers/STM32L4xx_HAL_Driver/Src/stm32l4xx_hal_rcc_ex.c **** 
 882:Drivers/STM32L4xx_HAL_Driver/Src/stm32l4xx_hal_rcc_ex.c ****   PeriphClkInit->PeriphClockSelection = RCC_PERIPHCLK_USART1  | RCC_PERIPHCLK_USART2 | RCC_PERIPHCL
 883:Drivers/STM32L4xx_HAL_Driver/Src/stm32l4xx_hal_rcc_ex.c ****                                         RCC_PERIPHCLK_LPUART1 | RCC_PERIPHCLK_I2C1   | RCC_PERIPHCL
 884:Drivers/STM32L4xx_HAL_Driver/Src/stm32l4xx_hal_rcc_ex.c ****                                         RCC_PERIPHCLK_LPTIM1  | RCC_PERIPHCLK_LPTIM2 | RCC_PERIPHCL
 885:Drivers/STM32L4xx_HAL_Driver/Src/stm32l4xx_hal_rcc_ex.c ****                                         RCC_PERIPHCLK_SDMMC1  | RCC_PERIPHCLK_RNG    | RCC_PERIPHCL
ARM GAS  /tmp/ccBxf6FW.s 			page 17


 886:Drivers/STM32L4xx_HAL_Driver/Src/stm32l4xx_hal_rcc_ex.c ****                                         RCC_PERIPHCLK_RTC ;
 887:Drivers/STM32L4xx_HAL_Driver/Src/stm32l4xx_hal_rcc_ex.c **** 
 888:Drivers/STM32L4xx_HAL_Driver/Src/stm32l4xx_hal_rcc_ex.c **** #elif defined(STM32L475xx) || defined(STM32L476xx) || defined(STM32L485xx) || defined(STM32L486xx)
 889:Drivers/STM32L4xx_HAL_Driver/Src/stm32l4xx_hal_rcc_ex.c **** 
 890:Drivers/STM32L4xx_HAL_Driver/Src/stm32l4xx_hal_rcc_ex.c ****   PeriphClkInit->PeriphClockSelection = RCC_PERIPHCLK_USART1  | RCC_PERIPHCLK_USART2 | RCC_PERIPHCL
 891:Drivers/STM32L4xx_HAL_Driver/Src/stm32l4xx_hal_rcc_ex.c ****                                         RCC_PERIPHCLK_LPUART1 | RCC_PERIPHCLK_I2C1   | RCC_PERIPHCL
 892:Drivers/STM32L4xx_HAL_Driver/Src/stm32l4xx_hal_rcc_ex.c ****                                         RCC_PERIPHCLK_LPTIM1  | RCC_PERIPHCLK_LPTIM2 | RCC_PERIPHCL
 893:Drivers/STM32L4xx_HAL_Driver/Src/stm32l4xx_hal_rcc_ex.c ****                                         RCC_PERIPHCLK_SDMMC1  | RCC_PERIPHCLK_RNG    | RCC_PERIPHCL
 894:Drivers/STM32L4xx_HAL_Driver/Src/stm32l4xx_hal_rcc_ex.c ****                                         RCC_PERIPHCLK_RTC ;
 895:Drivers/STM32L4xx_HAL_Driver/Src/stm32l4xx_hal_rcc_ex.c **** 
 896:Drivers/STM32L4xx_HAL_Driver/Src/stm32l4xx_hal_rcc_ex.c **** #elif defined(STM32L496xx) || defined(STM32L4A6xx)
 897:Drivers/STM32L4xx_HAL_Driver/Src/stm32l4xx_hal_rcc_ex.c **** 
 898:Drivers/STM32L4xx_HAL_Driver/Src/stm32l4xx_hal_rcc_ex.c ****   PeriphClkInit->PeriphClockSelection = RCC_PERIPHCLK_USART1  | RCC_PERIPHCLK_USART2 | RCC_PERIPHCL
 899:Drivers/STM32L4xx_HAL_Driver/Src/stm32l4xx_hal_rcc_ex.c ****                                         RCC_PERIPHCLK_LPUART1 | RCC_PERIPHCLK_I2C1   | RCC_PERIPHCL
 900:Drivers/STM32L4xx_HAL_Driver/Src/stm32l4xx_hal_rcc_ex.c ****                                         RCC_PERIPHCLK_LPTIM1  | RCC_PERIPHCLK_LPTIM2 | RCC_PERIPHCL
 901:Drivers/STM32L4xx_HAL_Driver/Src/stm32l4xx_hal_rcc_ex.c ****                                         RCC_PERIPHCLK_SDMMC1  | RCC_PERIPHCLK_RNG    | RCC_PERIPHCL
 902:Drivers/STM32L4xx_HAL_Driver/Src/stm32l4xx_hal_rcc_ex.c ****                                         RCC_PERIPHCLK_RTC ;
 903:Drivers/STM32L4xx_HAL_Driver/Src/stm32l4xx_hal_rcc_ex.c **** 
 904:Drivers/STM32L4xx_HAL_Driver/Src/stm32l4xx_hal_rcc_ex.c **** #elif defined(STM32L4R5xx) || defined(STM32L4S5xx)
 905:Drivers/STM32L4xx_HAL_Driver/Src/stm32l4xx_hal_rcc_ex.c **** 
 906:Drivers/STM32L4xx_HAL_Driver/Src/stm32l4xx_hal_rcc_ex.c ****   PeriphClkInit->PeriphClockSelection = RCC_PERIPHCLK_USART1  | RCC_PERIPHCLK_USART2 | RCC_PERIPHCL
 907:Drivers/STM32L4xx_HAL_Driver/Src/stm32l4xx_hal_rcc_ex.c ****                                         RCC_PERIPHCLK_LPUART1 | RCC_PERIPHCLK_I2C1   | RCC_PERIPHCL
 908:Drivers/STM32L4xx_HAL_Driver/Src/stm32l4xx_hal_rcc_ex.c ****                                         RCC_PERIPHCLK_LPTIM1  | RCC_PERIPHCLK_LPTIM2 | RCC_PERIPHCL
 909:Drivers/STM32L4xx_HAL_Driver/Src/stm32l4xx_hal_rcc_ex.c ****                                         RCC_PERIPHCLK_SDMMC1  | RCC_PERIPHCLK_RNG    | RCC_PERIPHCL
 910:Drivers/STM32L4xx_HAL_Driver/Src/stm32l4xx_hal_rcc_ex.c ****                                         RCC_PERIPHCLK_DFSDM1AUDIO | RCC_PERIPHCLK_RTC | RCC_PERIPHC
 911:Drivers/STM32L4xx_HAL_Driver/Src/stm32l4xx_hal_rcc_ex.c **** 
 912:Drivers/STM32L4xx_HAL_Driver/Src/stm32l4xx_hal_rcc_ex.c **** #elif defined(STM32L4R7xx) || defined(STM32L4S7xx) || defined(STM32L4Q5xx)
 913:Drivers/STM32L4xx_HAL_Driver/Src/stm32l4xx_hal_rcc_ex.c **** 
 914:Drivers/STM32L4xx_HAL_Driver/Src/stm32l4xx_hal_rcc_ex.c ****   PeriphClkInit->PeriphClockSelection = RCC_PERIPHCLK_USART1  | RCC_PERIPHCLK_USART2 | RCC_PERIPHCL
 915:Drivers/STM32L4xx_HAL_Driver/Src/stm32l4xx_hal_rcc_ex.c ****                                         RCC_PERIPHCLK_LPUART1 | RCC_PERIPHCLK_I2C1   | RCC_PERIPHCL
 916:Drivers/STM32L4xx_HAL_Driver/Src/stm32l4xx_hal_rcc_ex.c ****                                         RCC_PERIPHCLK_LPTIM1  | RCC_PERIPHCLK_LPTIM2 | RCC_PERIPHCL
 917:Drivers/STM32L4xx_HAL_Driver/Src/stm32l4xx_hal_rcc_ex.c ****                                         RCC_PERIPHCLK_SDMMC1  | RCC_PERIPHCLK_RNG    | RCC_PERIPHCL
 918:Drivers/STM32L4xx_HAL_Driver/Src/stm32l4xx_hal_rcc_ex.c ****                                         RCC_PERIPHCLK_DFSDM1AUDIO | RCC_PERIPHCLK_RTC | RCC_PERIPHC
 919:Drivers/STM32L4xx_HAL_Driver/Src/stm32l4xx_hal_rcc_ex.c **** 
 920:Drivers/STM32L4xx_HAL_Driver/Src/stm32l4xx_hal_rcc_ex.c **** #elif defined(STM32L4R9xx) || defined(STM32L4S9xx)
 921:Drivers/STM32L4xx_HAL_Driver/Src/stm32l4xx_hal_rcc_ex.c **** 
 922:Drivers/STM32L4xx_HAL_Driver/Src/stm32l4xx_hal_rcc_ex.c ****   PeriphClkInit->PeriphClockSelection = RCC_PERIPHCLK_USART1  | RCC_PERIPHCLK_USART2 | RCC_PERIPHCL
 923:Drivers/STM32L4xx_HAL_Driver/Src/stm32l4xx_hal_rcc_ex.c ****                                         RCC_PERIPHCLK_LPUART1 | RCC_PERIPHCLK_I2C1   | RCC_PERIPHCL
 924:Drivers/STM32L4xx_HAL_Driver/Src/stm32l4xx_hal_rcc_ex.c ****                                         RCC_PERIPHCLK_LPTIM1  | RCC_PERIPHCLK_LPTIM2 | RCC_PERIPHCL
 925:Drivers/STM32L4xx_HAL_Driver/Src/stm32l4xx_hal_rcc_ex.c ****                                         RCC_PERIPHCLK_SDMMC1  | RCC_PERIPHCLK_RNG    | RCC_PERIPHCL
 926:Drivers/STM32L4xx_HAL_Driver/Src/stm32l4xx_hal_rcc_ex.c ****                                         RCC_PERIPHCLK_DFSDM1AUDIO | RCC_PERIPHCLK_RTC | RCC_PERIPHC
 927:Drivers/STM32L4xx_HAL_Driver/Src/stm32l4xx_hal_rcc_ex.c **** 
 928:Drivers/STM32L4xx_HAL_Driver/Src/stm32l4xx_hal_rcc_ex.c **** #endif /* STM32L431xx */
 929:Drivers/STM32L4xx_HAL_Driver/Src/stm32l4xx_hal_rcc_ex.c **** 
 930:Drivers/STM32L4xx_HAL_Driver/Src/stm32l4xx_hal_rcc_ex.c **** #if defined(RCC_PLLSAI1_SUPPORT)
 931:Drivers/STM32L4xx_HAL_Driver/Src/stm32l4xx_hal_rcc_ex.c **** 
 932:Drivers/STM32L4xx_HAL_Driver/Src/stm32l4xx_hal_rcc_ex.c ****   /* Get the PLLSAI1 Clock configuration -----------------------------------------------*/
 933:Drivers/STM32L4xx_HAL_Driver/Src/stm32l4xx_hal_rcc_ex.c **** 
 934:Drivers/STM32L4xx_HAL_Driver/Src/stm32l4xx_hal_rcc_ex.c ****   PeriphClkInit->PLLSAI1.PLLSAI1Source = READ_BIT(RCC->PLLCFGR, RCC_PLLCFGR_PLLSRC) >> RCC_PLLCFGR_
 935:Drivers/STM32L4xx_HAL_Driver/Src/stm32l4xx_hal_rcc_ex.c **** #if defined(RCC_PLLSAI1M_DIV_1_16_SUPPORT)
 936:Drivers/STM32L4xx_HAL_Driver/Src/stm32l4xx_hal_rcc_ex.c ****   PeriphClkInit->PLLSAI1.PLLSAI1M = (READ_BIT(RCC->PLLSAI1CFGR, RCC_PLLSAI1CFGR_PLLSAI1M) >> RCC_PL
 937:Drivers/STM32L4xx_HAL_Driver/Src/stm32l4xx_hal_rcc_ex.c **** #else
 938:Drivers/STM32L4xx_HAL_Driver/Src/stm32l4xx_hal_rcc_ex.c ****   PeriphClkInit->PLLSAI1.PLLSAI1M = (READ_BIT(RCC->PLLCFGR, RCC_PLLCFGR_PLLM) >> RCC_PLLCFGR_PLLM_P
 939:Drivers/STM32L4xx_HAL_Driver/Src/stm32l4xx_hal_rcc_ex.c **** #endif /* RCC_PLLSAI1M_DIV_1_16_SUPPORT */
 940:Drivers/STM32L4xx_HAL_Driver/Src/stm32l4xx_hal_rcc_ex.c ****   PeriphClkInit->PLLSAI1.PLLSAI1N = READ_BIT(RCC->PLLSAI1CFGR, RCC_PLLSAI1CFGR_PLLSAI1N) >> RCC_PLL
 941:Drivers/STM32L4xx_HAL_Driver/Src/stm32l4xx_hal_rcc_ex.c ****   PeriphClkInit->PLLSAI1.PLLSAI1P = ((READ_BIT(RCC->PLLSAI1CFGR, RCC_PLLSAI1CFGR_PLLSAI1P) >> RCC_P
 942:Drivers/STM32L4xx_HAL_Driver/Src/stm32l4xx_hal_rcc_ex.c ****   PeriphClkInit->PLLSAI1.PLLSAI1Q = ((READ_BIT(RCC->PLLSAI1CFGR, RCC_PLLSAI1CFGR_PLLSAI1Q) >> RCC_P
ARM GAS  /tmp/ccBxf6FW.s 			page 18


 943:Drivers/STM32L4xx_HAL_Driver/Src/stm32l4xx_hal_rcc_ex.c ****   PeriphClkInit->PLLSAI1.PLLSAI1R = ((READ_BIT(RCC->PLLSAI1CFGR, RCC_PLLSAI1CFGR_PLLSAI1R) >> RCC_P
 944:Drivers/STM32L4xx_HAL_Driver/Src/stm32l4xx_hal_rcc_ex.c **** 
 945:Drivers/STM32L4xx_HAL_Driver/Src/stm32l4xx_hal_rcc_ex.c **** #endif /* RCC_PLLSAI1_SUPPORT */
 946:Drivers/STM32L4xx_HAL_Driver/Src/stm32l4xx_hal_rcc_ex.c **** 
 947:Drivers/STM32L4xx_HAL_Driver/Src/stm32l4xx_hal_rcc_ex.c **** #if defined(RCC_PLLSAI2_SUPPORT)
 948:Drivers/STM32L4xx_HAL_Driver/Src/stm32l4xx_hal_rcc_ex.c **** 
 949:Drivers/STM32L4xx_HAL_Driver/Src/stm32l4xx_hal_rcc_ex.c ****   /* Get the PLLSAI2 Clock configuration -----------------------------------------------*/
 950:Drivers/STM32L4xx_HAL_Driver/Src/stm32l4xx_hal_rcc_ex.c **** 
 951:Drivers/STM32L4xx_HAL_Driver/Src/stm32l4xx_hal_rcc_ex.c ****   PeriphClkInit->PLLSAI2.PLLSAI2Source = PeriphClkInit->PLLSAI1.PLLSAI1Source;
 952:Drivers/STM32L4xx_HAL_Driver/Src/stm32l4xx_hal_rcc_ex.c **** #if defined(RCC_PLLSAI2M_DIV_1_16_SUPPORT)
 953:Drivers/STM32L4xx_HAL_Driver/Src/stm32l4xx_hal_rcc_ex.c ****   PeriphClkInit->PLLSAI2.PLLSAI2M = (READ_BIT(RCC->PLLSAI2CFGR, RCC_PLLSAI2CFGR_PLLSAI2M) >> RCC_PL
 954:Drivers/STM32L4xx_HAL_Driver/Src/stm32l4xx_hal_rcc_ex.c **** #else
 955:Drivers/STM32L4xx_HAL_Driver/Src/stm32l4xx_hal_rcc_ex.c ****   PeriphClkInit->PLLSAI2.PLLSAI2M = PeriphClkInit->PLLSAI1.PLLSAI1M;
 956:Drivers/STM32L4xx_HAL_Driver/Src/stm32l4xx_hal_rcc_ex.c **** #endif /* RCC_PLLSAI2M_DIV_1_16_SUPPORT */
 957:Drivers/STM32L4xx_HAL_Driver/Src/stm32l4xx_hal_rcc_ex.c ****   PeriphClkInit->PLLSAI2.PLLSAI2N = READ_BIT(RCC->PLLSAI2CFGR, RCC_PLLSAI2CFGR_PLLSAI2N) >> RCC_PLL
 958:Drivers/STM32L4xx_HAL_Driver/Src/stm32l4xx_hal_rcc_ex.c ****   PeriphClkInit->PLLSAI2.PLLSAI2P = ((READ_BIT(RCC->PLLSAI2CFGR, RCC_PLLSAI2CFGR_PLLSAI2P) >> RCC_P
 959:Drivers/STM32L4xx_HAL_Driver/Src/stm32l4xx_hal_rcc_ex.c **** #if defined(RCC_PLLSAI2Q_DIV_SUPPORT)
 960:Drivers/STM32L4xx_HAL_Driver/Src/stm32l4xx_hal_rcc_ex.c ****   PeriphClkInit->PLLSAI2.PLLSAI2Q = ((READ_BIT(RCC->PLLSAI2CFGR, RCC_PLLSAI2CFGR_PLLSAI2Q) >> RCC_P
 961:Drivers/STM32L4xx_HAL_Driver/Src/stm32l4xx_hal_rcc_ex.c **** #endif /* RCC_PLLSAI2Q_DIV_SUPPORT */
 962:Drivers/STM32L4xx_HAL_Driver/Src/stm32l4xx_hal_rcc_ex.c ****   PeriphClkInit->PLLSAI2.PLLSAI2R = ((READ_BIT(RCC->PLLSAI2CFGR, RCC_PLLSAI2CFGR_PLLSAI2R)>> RCC_PL
 963:Drivers/STM32L4xx_HAL_Driver/Src/stm32l4xx_hal_rcc_ex.c **** 
 964:Drivers/STM32L4xx_HAL_Driver/Src/stm32l4xx_hal_rcc_ex.c **** #endif /* RCC_PLLSAI2_SUPPORT */
 965:Drivers/STM32L4xx_HAL_Driver/Src/stm32l4xx_hal_rcc_ex.c **** 
 966:Drivers/STM32L4xx_HAL_Driver/Src/stm32l4xx_hal_rcc_ex.c ****   /* Get the USART1 clock source ---------------------------------------------*/
 967:Drivers/STM32L4xx_HAL_Driver/Src/stm32l4xx_hal_rcc_ex.c ****   PeriphClkInit->Usart1ClockSelection  = __HAL_RCC_GET_USART1_SOURCE();
 968:Drivers/STM32L4xx_HAL_Driver/Src/stm32l4xx_hal_rcc_ex.c ****   /* Get the USART2 clock source ---------------------------------------------*/
 969:Drivers/STM32L4xx_HAL_Driver/Src/stm32l4xx_hal_rcc_ex.c ****   PeriphClkInit->Usart2ClockSelection  = __HAL_RCC_GET_USART2_SOURCE();
 970:Drivers/STM32L4xx_HAL_Driver/Src/stm32l4xx_hal_rcc_ex.c **** 
 971:Drivers/STM32L4xx_HAL_Driver/Src/stm32l4xx_hal_rcc_ex.c **** #if defined(USART3)
 972:Drivers/STM32L4xx_HAL_Driver/Src/stm32l4xx_hal_rcc_ex.c ****   /* Get the USART3 clock source ---------------------------------------------*/
 973:Drivers/STM32L4xx_HAL_Driver/Src/stm32l4xx_hal_rcc_ex.c ****   PeriphClkInit->Usart3ClockSelection  = __HAL_RCC_GET_USART3_SOURCE();
 974:Drivers/STM32L4xx_HAL_Driver/Src/stm32l4xx_hal_rcc_ex.c **** #endif /* USART3 */
 975:Drivers/STM32L4xx_HAL_Driver/Src/stm32l4xx_hal_rcc_ex.c **** 
 976:Drivers/STM32L4xx_HAL_Driver/Src/stm32l4xx_hal_rcc_ex.c **** #if defined(UART4)
 977:Drivers/STM32L4xx_HAL_Driver/Src/stm32l4xx_hal_rcc_ex.c ****   /* Get the UART4 clock source ----------------------------------------------*/
 978:Drivers/STM32L4xx_HAL_Driver/Src/stm32l4xx_hal_rcc_ex.c ****   PeriphClkInit->Uart4ClockSelection   = __HAL_RCC_GET_UART4_SOURCE();
 979:Drivers/STM32L4xx_HAL_Driver/Src/stm32l4xx_hal_rcc_ex.c **** #endif /* UART4 */
 980:Drivers/STM32L4xx_HAL_Driver/Src/stm32l4xx_hal_rcc_ex.c **** 
 981:Drivers/STM32L4xx_HAL_Driver/Src/stm32l4xx_hal_rcc_ex.c **** #if defined(UART5)
 982:Drivers/STM32L4xx_HAL_Driver/Src/stm32l4xx_hal_rcc_ex.c ****   /* Get the UART5 clock source ----------------------------------------------*/
 983:Drivers/STM32L4xx_HAL_Driver/Src/stm32l4xx_hal_rcc_ex.c ****   PeriphClkInit->Uart5ClockSelection   = __HAL_RCC_GET_UART5_SOURCE();
 984:Drivers/STM32L4xx_HAL_Driver/Src/stm32l4xx_hal_rcc_ex.c **** #endif /* UART5 */
 985:Drivers/STM32L4xx_HAL_Driver/Src/stm32l4xx_hal_rcc_ex.c **** 
 986:Drivers/STM32L4xx_HAL_Driver/Src/stm32l4xx_hal_rcc_ex.c ****   /* Get the LPUART1 clock source --------------------------------------------*/
 987:Drivers/STM32L4xx_HAL_Driver/Src/stm32l4xx_hal_rcc_ex.c ****   PeriphClkInit->Lpuart1ClockSelection = __HAL_RCC_GET_LPUART1_SOURCE();
 988:Drivers/STM32L4xx_HAL_Driver/Src/stm32l4xx_hal_rcc_ex.c **** 
 989:Drivers/STM32L4xx_HAL_Driver/Src/stm32l4xx_hal_rcc_ex.c ****   /* Get the I2C1 clock source -----------------------------------------------*/
 990:Drivers/STM32L4xx_HAL_Driver/Src/stm32l4xx_hal_rcc_ex.c ****   PeriphClkInit->I2c1ClockSelection    = __HAL_RCC_GET_I2C1_SOURCE();
 991:Drivers/STM32L4xx_HAL_Driver/Src/stm32l4xx_hal_rcc_ex.c **** 
 992:Drivers/STM32L4xx_HAL_Driver/Src/stm32l4xx_hal_rcc_ex.c **** #if defined(I2C2)
 993:Drivers/STM32L4xx_HAL_Driver/Src/stm32l4xx_hal_rcc_ex.c ****    /* Get the I2C2 clock source ----------------------------------------------*/
 994:Drivers/STM32L4xx_HAL_Driver/Src/stm32l4xx_hal_rcc_ex.c ****   PeriphClkInit->I2c2ClockSelection    = __HAL_RCC_GET_I2C2_SOURCE();
 995:Drivers/STM32L4xx_HAL_Driver/Src/stm32l4xx_hal_rcc_ex.c **** #endif /* I2C2 */
 996:Drivers/STM32L4xx_HAL_Driver/Src/stm32l4xx_hal_rcc_ex.c **** 
 997:Drivers/STM32L4xx_HAL_Driver/Src/stm32l4xx_hal_rcc_ex.c ****   /* Get the I2C3 clock source -----------------------------------------------*/
 998:Drivers/STM32L4xx_HAL_Driver/Src/stm32l4xx_hal_rcc_ex.c ****   PeriphClkInit->I2c3ClockSelection    = __HAL_RCC_GET_I2C3_SOURCE();
 999:Drivers/STM32L4xx_HAL_Driver/Src/stm32l4xx_hal_rcc_ex.c **** 
ARM GAS  /tmp/ccBxf6FW.s 			page 19


1000:Drivers/STM32L4xx_HAL_Driver/Src/stm32l4xx_hal_rcc_ex.c **** #if defined(I2C4)
1001:Drivers/STM32L4xx_HAL_Driver/Src/stm32l4xx_hal_rcc_ex.c ****   /* Get the I2C4 clock source -----------------------------------------------*/
1002:Drivers/STM32L4xx_HAL_Driver/Src/stm32l4xx_hal_rcc_ex.c ****   PeriphClkInit->I2c4ClockSelection    = __HAL_RCC_GET_I2C4_SOURCE();
1003:Drivers/STM32L4xx_HAL_Driver/Src/stm32l4xx_hal_rcc_ex.c **** #endif /* I2C4 */
1004:Drivers/STM32L4xx_HAL_Driver/Src/stm32l4xx_hal_rcc_ex.c **** 
1005:Drivers/STM32L4xx_HAL_Driver/Src/stm32l4xx_hal_rcc_ex.c ****   /* Get the LPTIM1 clock source ---------------------------------------------*/
1006:Drivers/STM32L4xx_HAL_Driver/Src/stm32l4xx_hal_rcc_ex.c ****   PeriphClkInit->Lptim1ClockSelection  = __HAL_RCC_GET_LPTIM1_SOURCE();
1007:Drivers/STM32L4xx_HAL_Driver/Src/stm32l4xx_hal_rcc_ex.c **** 
1008:Drivers/STM32L4xx_HAL_Driver/Src/stm32l4xx_hal_rcc_ex.c ****   /* Get the LPTIM2 clock source ---------------------------------------------*/
1009:Drivers/STM32L4xx_HAL_Driver/Src/stm32l4xx_hal_rcc_ex.c ****   PeriphClkInit->Lptim2ClockSelection  = __HAL_RCC_GET_LPTIM2_SOURCE();
1010:Drivers/STM32L4xx_HAL_Driver/Src/stm32l4xx_hal_rcc_ex.c **** 
1011:Drivers/STM32L4xx_HAL_Driver/Src/stm32l4xx_hal_rcc_ex.c **** #if defined(SAI1)
1012:Drivers/STM32L4xx_HAL_Driver/Src/stm32l4xx_hal_rcc_ex.c ****   /* Get the SAI1 clock source -----------------------------------------------*/
1013:Drivers/STM32L4xx_HAL_Driver/Src/stm32l4xx_hal_rcc_ex.c ****   PeriphClkInit->Sai1ClockSelection    = __HAL_RCC_GET_SAI1_SOURCE();
1014:Drivers/STM32L4xx_HAL_Driver/Src/stm32l4xx_hal_rcc_ex.c **** #endif /* SAI1 */
1015:Drivers/STM32L4xx_HAL_Driver/Src/stm32l4xx_hal_rcc_ex.c **** 
1016:Drivers/STM32L4xx_HAL_Driver/Src/stm32l4xx_hal_rcc_ex.c **** #if defined(SAI2)
1017:Drivers/STM32L4xx_HAL_Driver/Src/stm32l4xx_hal_rcc_ex.c ****   /* Get the SAI2 clock source -----------------------------------------------*/
1018:Drivers/STM32L4xx_HAL_Driver/Src/stm32l4xx_hal_rcc_ex.c ****   PeriphClkInit->Sai2ClockSelection    = __HAL_RCC_GET_SAI2_SOURCE();
1019:Drivers/STM32L4xx_HAL_Driver/Src/stm32l4xx_hal_rcc_ex.c **** #endif /* SAI2 */
1020:Drivers/STM32L4xx_HAL_Driver/Src/stm32l4xx_hal_rcc_ex.c **** 
1021:Drivers/STM32L4xx_HAL_Driver/Src/stm32l4xx_hal_rcc_ex.c ****   /* Get the RTC clock source ------------------------------------------------*/
1022:Drivers/STM32L4xx_HAL_Driver/Src/stm32l4xx_hal_rcc_ex.c ****   PeriphClkInit->RTCClockSelection     = __HAL_RCC_GET_RTC_SOURCE();
1023:Drivers/STM32L4xx_HAL_Driver/Src/stm32l4xx_hal_rcc_ex.c **** 
1024:Drivers/STM32L4xx_HAL_Driver/Src/stm32l4xx_hal_rcc_ex.c **** #if defined(USB_OTG_FS) || defined(USB)
1025:Drivers/STM32L4xx_HAL_Driver/Src/stm32l4xx_hal_rcc_ex.c ****   /* Get the USB clock source ------------------------------------------------*/
1026:Drivers/STM32L4xx_HAL_Driver/Src/stm32l4xx_hal_rcc_ex.c ****   PeriphClkInit->UsbClockSelection   = __HAL_RCC_GET_USB_SOURCE();
1027:Drivers/STM32L4xx_HAL_Driver/Src/stm32l4xx_hal_rcc_ex.c **** #endif /* USB_OTG_FS || USB */
1028:Drivers/STM32L4xx_HAL_Driver/Src/stm32l4xx_hal_rcc_ex.c **** 
1029:Drivers/STM32L4xx_HAL_Driver/Src/stm32l4xx_hal_rcc_ex.c **** #if defined(SDMMC1)
1030:Drivers/STM32L4xx_HAL_Driver/Src/stm32l4xx_hal_rcc_ex.c ****   /* Get the SDMMC1 clock source ---------------------------------------------*/
1031:Drivers/STM32L4xx_HAL_Driver/Src/stm32l4xx_hal_rcc_ex.c ****   PeriphClkInit->Sdmmc1ClockSelection   = __HAL_RCC_GET_SDMMC1_SOURCE();
1032:Drivers/STM32L4xx_HAL_Driver/Src/stm32l4xx_hal_rcc_ex.c **** #endif /* SDMMC1 */
1033:Drivers/STM32L4xx_HAL_Driver/Src/stm32l4xx_hal_rcc_ex.c **** 
1034:Drivers/STM32L4xx_HAL_Driver/Src/stm32l4xx_hal_rcc_ex.c ****   /* Get the RNG clock source ------------------------------------------------*/
1035:Drivers/STM32L4xx_HAL_Driver/Src/stm32l4xx_hal_rcc_ex.c ****   PeriphClkInit->RngClockSelection   = __HAL_RCC_GET_RNG_SOURCE();
1036:Drivers/STM32L4xx_HAL_Driver/Src/stm32l4xx_hal_rcc_ex.c **** 
1037:Drivers/STM32L4xx_HAL_Driver/Src/stm32l4xx_hal_rcc_ex.c **** #if !defined(STM32L412xx) && !defined(STM32L422xx)
1038:Drivers/STM32L4xx_HAL_Driver/Src/stm32l4xx_hal_rcc_ex.c ****   /* Get the ADC clock source ------------------------------------------------*/
1039:Drivers/STM32L4xx_HAL_Driver/Src/stm32l4xx_hal_rcc_ex.c ****   PeriphClkInit->AdcClockSelection     = __HAL_RCC_GET_ADC_SOURCE();
1040:Drivers/STM32L4xx_HAL_Driver/Src/stm32l4xx_hal_rcc_ex.c **** #endif /* !STM32L412xx && !STM32L422xx */
1041:Drivers/STM32L4xx_HAL_Driver/Src/stm32l4xx_hal_rcc_ex.c **** 
1042:Drivers/STM32L4xx_HAL_Driver/Src/stm32l4xx_hal_rcc_ex.c **** #if defined(SWPMI1)
1043:Drivers/STM32L4xx_HAL_Driver/Src/stm32l4xx_hal_rcc_ex.c ****   /* Get the SWPMI1 clock source ---------------------------------------------*/
1044:Drivers/STM32L4xx_HAL_Driver/Src/stm32l4xx_hal_rcc_ex.c ****   PeriphClkInit->Swpmi1ClockSelection  = __HAL_RCC_GET_SWPMI1_SOURCE();
1045:Drivers/STM32L4xx_HAL_Driver/Src/stm32l4xx_hal_rcc_ex.c **** #endif /* SWPMI1 */
1046:Drivers/STM32L4xx_HAL_Driver/Src/stm32l4xx_hal_rcc_ex.c **** 
1047:Drivers/STM32L4xx_HAL_Driver/Src/stm32l4xx_hal_rcc_ex.c **** #if defined(DFSDM1_Filter0)
1048:Drivers/STM32L4xx_HAL_Driver/Src/stm32l4xx_hal_rcc_ex.c ****   /* Get the DFSDM1 clock source ---------------------------------------------*/
1049:Drivers/STM32L4xx_HAL_Driver/Src/stm32l4xx_hal_rcc_ex.c ****   PeriphClkInit->Dfsdm1ClockSelection  = __HAL_RCC_GET_DFSDM1_SOURCE();
1050:Drivers/STM32L4xx_HAL_Driver/Src/stm32l4xx_hal_rcc_ex.c **** 
1051:Drivers/STM32L4xx_HAL_Driver/Src/stm32l4xx_hal_rcc_ex.c **** #if defined(STM32L4R5xx) || defined(STM32L4R7xx) || defined(STM32L4R9xx) || defined(STM32L4S5xx) ||
1052:Drivers/STM32L4xx_HAL_Driver/Src/stm32l4xx_hal_rcc_ex.c ****   /* Get the DFSDM1 audio clock source ---------------------------------------*/
1053:Drivers/STM32L4xx_HAL_Driver/Src/stm32l4xx_hal_rcc_ex.c ****   PeriphClkInit->Dfsdm1AudioClockSelection  = __HAL_RCC_GET_DFSDM1AUDIO_SOURCE();
1054:Drivers/STM32L4xx_HAL_Driver/Src/stm32l4xx_hal_rcc_ex.c **** #endif /* STM32L4R5xx || STM32L4R7xx || STM32L4R9xx || STM32L4S5xx || STM32L4S7xx || STM32L4S9xx */
1055:Drivers/STM32L4xx_HAL_Driver/Src/stm32l4xx_hal_rcc_ex.c **** #endif /* DFSDM1_Filter0 */
1056:Drivers/STM32L4xx_HAL_Driver/Src/stm32l4xx_hal_rcc_ex.c **** 
ARM GAS  /tmp/ccBxf6FW.s 			page 20


1057:Drivers/STM32L4xx_HAL_Driver/Src/stm32l4xx_hal_rcc_ex.c **** #if defined(LTDC)
1058:Drivers/STM32L4xx_HAL_Driver/Src/stm32l4xx_hal_rcc_ex.c ****   /* Get the LTDC clock source -----------------------------------------------*/
1059:Drivers/STM32L4xx_HAL_Driver/Src/stm32l4xx_hal_rcc_ex.c ****   PeriphClkInit->LtdcClockSelection = __HAL_RCC_GET_LTDC_SOURCE();
1060:Drivers/STM32L4xx_HAL_Driver/Src/stm32l4xx_hal_rcc_ex.c **** #endif /* LTDC */
1061:Drivers/STM32L4xx_HAL_Driver/Src/stm32l4xx_hal_rcc_ex.c **** 
1062:Drivers/STM32L4xx_HAL_Driver/Src/stm32l4xx_hal_rcc_ex.c **** #if defined(DSI)
1063:Drivers/STM32L4xx_HAL_Driver/Src/stm32l4xx_hal_rcc_ex.c ****   /* Get the DSI clock source ------------------------------------------------*/
1064:Drivers/STM32L4xx_HAL_Driver/Src/stm32l4xx_hal_rcc_ex.c ****   PeriphClkInit->DsiClockSelection = __HAL_RCC_GET_DSI_SOURCE();
1065:Drivers/STM32L4xx_HAL_Driver/Src/stm32l4xx_hal_rcc_ex.c **** #endif /* DSI */
1066:Drivers/STM32L4xx_HAL_Driver/Src/stm32l4xx_hal_rcc_ex.c **** 
1067:Drivers/STM32L4xx_HAL_Driver/Src/stm32l4xx_hal_rcc_ex.c **** #if defined(OCTOSPI1) || defined(OCTOSPI2)
1068:Drivers/STM32L4xx_HAL_Driver/Src/stm32l4xx_hal_rcc_ex.c ****   /* Get the OctoSPIclock source --------------------------------------------*/
1069:Drivers/STM32L4xx_HAL_Driver/Src/stm32l4xx_hal_rcc_ex.c ****   PeriphClkInit->OspiClockSelection = __HAL_RCC_GET_OSPI_SOURCE();
1070:Drivers/STM32L4xx_HAL_Driver/Src/stm32l4xx_hal_rcc_ex.c **** #endif /* OCTOSPI1 || OCTOSPI2 */
1071:Drivers/STM32L4xx_HAL_Driver/Src/stm32l4xx_hal_rcc_ex.c **** }
1072:Drivers/STM32L4xx_HAL_Driver/Src/stm32l4xx_hal_rcc_ex.c **** 
1073:Drivers/STM32L4xx_HAL_Driver/Src/stm32l4xx_hal_rcc_ex.c **** /**
1074:Drivers/STM32L4xx_HAL_Driver/Src/stm32l4xx_hal_rcc_ex.c ****   * @brief  Return the peripheral clock frequency for peripherals with clock source from PLLSAIs
1075:Drivers/STM32L4xx_HAL_Driver/Src/stm32l4xx_hal_rcc_ex.c ****   * @note   Return 0 if peripheral clock identifier not managed by this API
1076:Drivers/STM32L4xx_HAL_Driver/Src/stm32l4xx_hal_rcc_ex.c ****   * @param  PeriphClk  Peripheral clock identifier
1077:Drivers/STM32L4xx_HAL_Driver/Src/stm32l4xx_hal_rcc_ex.c ****   *         This parameter can be one of the following values:
1078:Drivers/STM32L4xx_HAL_Driver/Src/stm32l4xx_hal_rcc_ex.c ****   *            @arg @ref RCC_PERIPHCLK_RTC  RTC peripheral clock
1079:Drivers/STM32L4xx_HAL_Driver/Src/stm32l4xx_hal_rcc_ex.c ****   *            @arg @ref RCC_PERIPHCLK_ADC  ADC peripheral clock
1080:Drivers/STM32L4xx_HAL_Driver/Src/stm32l4xx_hal_rcc_ex.c ****   @if STM32L462xx
1081:Drivers/STM32L4xx_HAL_Driver/Src/stm32l4xx_hal_rcc_ex.c ****   *            @arg @ref RCC_PERIPHCLK_DFSDM1  DFSDM1 peripheral clock (only for devices with DFSDM
1082:Drivers/STM32L4xx_HAL_Driver/Src/stm32l4xx_hal_rcc_ex.c ****   @endif
1083:Drivers/STM32L4xx_HAL_Driver/Src/stm32l4xx_hal_rcc_ex.c ****   @if STM32L486xx
1084:Drivers/STM32L4xx_HAL_Driver/Src/stm32l4xx_hal_rcc_ex.c ****   *            @arg @ref RCC_PERIPHCLK_DFSDM1  DFSDM1 peripheral clock (only for devices with DFSDM
1085:Drivers/STM32L4xx_HAL_Driver/Src/stm32l4xx_hal_rcc_ex.c ****   @endif
1086:Drivers/STM32L4xx_HAL_Driver/Src/stm32l4xx_hal_rcc_ex.c ****   @if STM32L4A6xx
1087:Drivers/STM32L4xx_HAL_Driver/Src/stm32l4xx_hal_rcc_ex.c ****   *            @arg @ref RCC_PERIPHCLK_DFSDM1  DFSDM1 peripheral clock (only for devices with DFSDM
1088:Drivers/STM32L4xx_HAL_Driver/Src/stm32l4xx_hal_rcc_ex.c ****   @endif
1089:Drivers/STM32L4xx_HAL_Driver/Src/stm32l4xx_hal_rcc_ex.c ****   *            @arg @ref RCC_PERIPHCLK_I2C1  I2C1 peripheral clock
1090:Drivers/STM32L4xx_HAL_Driver/Src/stm32l4xx_hal_rcc_ex.c ****   *            @arg @ref RCC_PERIPHCLK_I2C2  I2C2 peripheral clock
1091:Drivers/STM32L4xx_HAL_Driver/Src/stm32l4xx_hal_rcc_ex.c ****   *            @arg @ref RCC_PERIPHCLK_I2C3  I2C3 peripheral clock
1092:Drivers/STM32L4xx_HAL_Driver/Src/stm32l4xx_hal_rcc_ex.c ****   @if STM32L462xx
1093:Drivers/STM32L4xx_HAL_Driver/Src/stm32l4xx_hal_rcc_ex.c ****   *            @arg @ref RCC_PERIPHCLK_I2C4  I2C4 peripheral clock (only for devices with I2C4)
1094:Drivers/STM32L4xx_HAL_Driver/Src/stm32l4xx_hal_rcc_ex.c ****   @endif
1095:Drivers/STM32L4xx_HAL_Driver/Src/stm32l4xx_hal_rcc_ex.c ****   @if STM32L4A6xx
1096:Drivers/STM32L4xx_HAL_Driver/Src/stm32l4xx_hal_rcc_ex.c ****   *            @arg @ref RCC_PERIPHCLK_I2C4  I2C4 peripheral clock (only for devices with I2C4)
1097:Drivers/STM32L4xx_HAL_Driver/Src/stm32l4xx_hal_rcc_ex.c ****   @endif
1098:Drivers/STM32L4xx_HAL_Driver/Src/stm32l4xx_hal_rcc_ex.c ****   @if STM32L4S9xx
1099:Drivers/STM32L4xx_HAL_Driver/Src/stm32l4xx_hal_rcc_ex.c ****   *            @arg @ref RCC_PERIPHCLK_I2C4  I2C4 peripheral clock (only for devices with I2C4)
1100:Drivers/STM32L4xx_HAL_Driver/Src/stm32l4xx_hal_rcc_ex.c ****   @endif
1101:Drivers/STM32L4xx_HAL_Driver/Src/stm32l4xx_hal_rcc_ex.c ****   *            @arg @ref RCC_PERIPHCLK_LPTIM1  LPTIM1 peripheral clock
1102:Drivers/STM32L4xx_HAL_Driver/Src/stm32l4xx_hal_rcc_ex.c ****   *            @arg @ref RCC_PERIPHCLK_LPTIM2  LPTIM2 peripheral clock
1103:Drivers/STM32L4xx_HAL_Driver/Src/stm32l4xx_hal_rcc_ex.c ****   *            @arg @ref RCC_PERIPHCLK_LPUART1  LPUART1 peripheral clock
1104:Drivers/STM32L4xx_HAL_Driver/Src/stm32l4xx_hal_rcc_ex.c ****   *            @arg @ref RCC_PERIPHCLK_RNG  RNG peripheral clock
1105:Drivers/STM32L4xx_HAL_Driver/Src/stm32l4xx_hal_rcc_ex.c ****   *            @arg @ref RCC_PERIPHCLK_SAI1  SAI1 peripheral clock (only for devices with SAI1)
1106:Drivers/STM32L4xx_HAL_Driver/Src/stm32l4xx_hal_rcc_ex.c ****   @if STM32L486xx
1107:Drivers/STM32L4xx_HAL_Driver/Src/stm32l4xx_hal_rcc_ex.c ****   *            @arg @ref RCC_PERIPHCLK_SAI2  SAI2 peripheral clock (only for devices with SAI2)
1108:Drivers/STM32L4xx_HAL_Driver/Src/stm32l4xx_hal_rcc_ex.c ****   @endif
1109:Drivers/STM32L4xx_HAL_Driver/Src/stm32l4xx_hal_rcc_ex.c ****   @if STM32L4A6xx
1110:Drivers/STM32L4xx_HAL_Driver/Src/stm32l4xx_hal_rcc_ex.c ****   *            @arg @ref RCC_PERIPHCLK_SAI2  SAI2 peripheral clock (only for devices with SAI2)
1111:Drivers/STM32L4xx_HAL_Driver/Src/stm32l4xx_hal_rcc_ex.c ****   @endif
1112:Drivers/STM32L4xx_HAL_Driver/Src/stm32l4xx_hal_rcc_ex.c ****   @if STM32L4S9xx
1113:Drivers/STM32L4xx_HAL_Driver/Src/stm32l4xx_hal_rcc_ex.c ****   *            @arg @ref RCC_PERIPHCLK_SAI2  SAI2 peripheral clock (only for devices with SAI2)
ARM GAS  /tmp/ccBxf6FW.s 			page 21


1114:Drivers/STM32L4xx_HAL_Driver/Src/stm32l4xx_hal_rcc_ex.c ****   @endif
1115:Drivers/STM32L4xx_HAL_Driver/Src/stm32l4xx_hal_rcc_ex.c ****   *            @arg @ref RCC_PERIPHCLK_SDMMC1  SDMMC1 peripheral clock
1116:Drivers/STM32L4xx_HAL_Driver/Src/stm32l4xx_hal_rcc_ex.c ****   @if STM32L443xx
1117:Drivers/STM32L4xx_HAL_Driver/Src/stm32l4xx_hal_rcc_ex.c ****   *            @arg @ref RCC_PERIPHCLK_SWPMI1  SWPMI1 peripheral clock (only for devices with SWPMI
1118:Drivers/STM32L4xx_HAL_Driver/Src/stm32l4xx_hal_rcc_ex.c ****   @endif
1119:Drivers/STM32L4xx_HAL_Driver/Src/stm32l4xx_hal_rcc_ex.c ****   @if STM32L486xx
1120:Drivers/STM32L4xx_HAL_Driver/Src/stm32l4xx_hal_rcc_ex.c ****   *            @arg @ref RCC_PERIPHCLK_SWPMI1  SWPMI1 peripheral clock (only for devices with SWPMI
1121:Drivers/STM32L4xx_HAL_Driver/Src/stm32l4xx_hal_rcc_ex.c ****   @endif
1122:Drivers/STM32L4xx_HAL_Driver/Src/stm32l4xx_hal_rcc_ex.c ****   @if STM32L4A6xx
1123:Drivers/STM32L4xx_HAL_Driver/Src/stm32l4xx_hal_rcc_ex.c ****   *            @arg @ref RCC_PERIPHCLK_SWPMI1  SWPMI1 peripheral clock (only for devices with SWPMI
1124:Drivers/STM32L4xx_HAL_Driver/Src/stm32l4xx_hal_rcc_ex.c ****   @endif
1125:Drivers/STM32L4xx_HAL_Driver/Src/stm32l4xx_hal_rcc_ex.c ****   *            @arg @ref RCC_PERIPHCLK_USART1  USART1 peripheral clock
1126:Drivers/STM32L4xx_HAL_Driver/Src/stm32l4xx_hal_rcc_ex.c ****   *            @arg @ref RCC_PERIPHCLK_USART2  USART1 peripheral clock
1127:Drivers/STM32L4xx_HAL_Driver/Src/stm32l4xx_hal_rcc_ex.c ****   *            @arg @ref RCC_PERIPHCLK_USART3  USART1 peripheral clock
1128:Drivers/STM32L4xx_HAL_Driver/Src/stm32l4xx_hal_rcc_ex.c ****   @if STM32L462xx
1129:Drivers/STM32L4xx_HAL_Driver/Src/stm32l4xx_hal_rcc_ex.c ****   *            @arg @ref RCC_PERIPHCLK_UART4  UART4 peripheral clock (only for devices with UART4)
1130:Drivers/STM32L4xx_HAL_Driver/Src/stm32l4xx_hal_rcc_ex.c ****   *            @arg @ref RCC_PERIPHCLK_USB  USB peripheral clock (only for devices with USB)
1131:Drivers/STM32L4xx_HAL_Driver/Src/stm32l4xx_hal_rcc_ex.c ****   @endif
1132:Drivers/STM32L4xx_HAL_Driver/Src/stm32l4xx_hal_rcc_ex.c ****   @if STM32L486xx
1133:Drivers/STM32L4xx_HAL_Driver/Src/stm32l4xx_hal_rcc_ex.c ****   *            @arg @ref RCC_PERIPHCLK_UART4  UART4 peripheral clock (only for devices with UART4)
1134:Drivers/STM32L4xx_HAL_Driver/Src/stm32l4xx_hal_rcc_ex.c ****   *            @arg @ref RCC_PERIPHCLK_UART5  UART5 peripheral clock (only for devices with UART5)
1135:Drivers/STM32L4xx_HAL_Driver/Src/stm32l4xx_hal_rcc_ex.c ****   *            @arg @ref RCC_PERIPHCLK_USB  USB peripheral clock (only for devices with USB)
1136:Drivers/STM32L4xx_HAL_Driver/Src/stm32l4xx_hal_rcc_ex.c ****   @endif
1137:Drivers/STM32L4xx_HAL_Driver/Src/stm32l4xx_hal_rcc_ex.c ****   @if STM32L4A6xx
1138:Drivers/STM32L4xx_HAL_Driver/Src/stm32l4xx_hal_rcc_ex.c ****   *            @arg @ref RCC_PERIPHCLK_UART4  UART4 peripheral clock (only for devices with UART4)
1139:Drivers/STM32L4xx_HAL_Driver/Src/stm32l4xx_hal_rcc_ex.c ****   *            @arg @ref RCC_PERIPHCLK_UART5  UART5 peripheral clock (only for devices with UART5)
1140:Drivers/STM32L4xx_HAL_Driver/Src/stm32l4xx_hal_rcc_ex.c ****   *            @arg @ref RCC_PERIPHCLK_USB  USB peripheral clock (only for devices with USB)
1141:Drivers/STM32L4xx_HAL_Driver/Src/stm32l4xx_hal_rcc_ex.c ****   @endif
1142:Drivers/STM32L4xx_HAL_Driver/Src/stm32l4xx_hal_rcc_ex.c ****   @if STM32L4S9xx
1143:Drivers/STM32L4xx_HAL_Driver/Src/stm32l4xx_hal_rcc_ex.c ****   *            @arg @ref RCC_PERIPHCLK_UART4  USART1 peripheral clock (only for devices with UART4)
1144:Drivers/STM32L4xx_HAL_Driver/Src/stm32l4xx_hal_rcc_ex.c ****   *            @arg @ref RCC_PERIPHCLK_UART5  USART1 peripheral clock (only for devices with UART5)
1145:Drivers/STM32L4xx_HAL_Driver/Src/stm32l4xx_hal_rcc_ex.c ****   *            @arg @ref RCC_PERIPHCLK_USB  USB peripheral clock (only for devices with USB)
1146:Drivers/STM32L4xx_HAL_Driver/Src/stm32l4xx_hal_rcc_ex.c ****   *            @arg @ref RCC_PERIPHCLK_DFSDM1  DFSDM1 peripheral kernel clock (only for devices wit
1147:Drivers/STM32L4xx_HAL_Driver/Src/stm32l4xx_hal_rcc_ex.c ****   *            @arg @ref RCC_PERIPHCLK_DFSDM1AUDIO  DFSDM1 peripheral audio clock (only for devices
1148:Drivers/STM32L4xx_HAL_Driver/Src/stm32l4xx_hal_rcc_ex.c ****   *            @arg @ref RCC_PERIPHCLK_LTDC  LTDC peripheral clock (only for devices with LTDC)
1149:Drivers/STM32L4xx_HAL_Driver/Src/stm32l4xx_hal_rcc_ex.c ****   *            @arg @ref RCC_PERIPHCLK_DSI  DSI peripheral clock (only for devices with DSI)
1150:Drivers/STM32L4xx_HAL_Driver/Src/stm32l4xx_hal_rcc_ex.c ****   *            @arg @ref RCC_PERIPHCLK_OSPI  OctoSPI peripheral clock (only for devices with OctoSP
1151:Drivers/STM32L4xx_HAL_Driver/Src/stm32l4xx_hal_rcc_ex.c ****   @endif
1152:Drivers/STM32L4xx_HAL_Driver/Src/stm32l4xx_hal_rcc_ex.c ****   * @retval Frequency in Hz
1153:Drivers/STM32L4xx_HAL_Driver/Src/stm32l4xx_hal_rcc_ex.c ****   */
1154:Drivers/STM32L4xx_HAL_Driver/Src/stm32l4xx_hal_rcc_ex.c **** uint32_t HAL_RCCEx_GetPeriphCLKFreq(uint32_t PeriphClk)
1155:Drivers/STM32L4xx_HAL_Driver/Src/stm32l4xx_hal_rcc_ex.c **** {
1156:Drivers/STM32L4xx_HAL_Driver/Src/stm32l4xx_hal_rcc_ex.c ****   uint32_t frequency = 0U;
1157:Drivers/STM32L4xx_HAL_Driver/Src/stm32l4xx_hal_rcc_ex.c ****   uint32_t srcclk, pll_oscsource, pllvco, plln;    /* no init needed */
1158:Drivers/STM32L4xx_HAL_Driver/Src/stm32l4xx_hal_rcc_ex.c **** #if defined(SDMMC1) && defined(RCC_CCIPR2_SDMMCSEL)
1159:Drivers/STM32L4xx_HAL_Driver/Src/stm32l4xx_hal_rcc_ex.c ****   uint32_t pllp;  /* no init needed */
1160:Drivers/STM32L4xx_HAL_Driver/Src/stm32l4xx_hal_rcc_ex.c **** #endif
1161:Drivers/STM32L4xx_HAL_Driver/Src/stm32l4xx_hal_rcc_ex.c **** 
1162:Drivers/STM32L4xx_HAL_Driver/Src/stm32l4xx_hal_rcc_ex.c ****   /* Check the parameters */
1163:Drivers/STM32L4xx_HAL_Driver/Src/stm32l4xx_hal_rcc_ex.c ****   assert_param(IS_RCC_PERIPHCLOCK(PeriphClk));
1164:Drivers/STM32L4xx_HAL_Driver/Src/stm32l4xx_hal_rcc_ex.c **** 
1165:Drivers/STM32L4xx_HAL_Driver/Src/stm32l4xx_hal_rcc_ex.c ****   if(PeriphClk == RCC_PERIPHCLK_RTC)
1166:Drivers/STM32L4xx_HAL_Driver/Src/stm32l4xx_hal_rcc_ex.c ****   {
1167:Drivers/STM32L4xx_HAL_Driver/Src/stm32l4xx_hal_rcc_ex.c ****     /* Get the current RTC source */
1168:Drivers/STM32L4xx_HAL_Driver/Src/stm32l4xx_hal_rcc_ex.c ****     srcclk = __HAL_RCC_GET_RTC_SOURCE();
1169:Drivers/STM32L4xx_HAL_Driver/Src/stm32l4xx_hal_rcc_ex.c **** 
1170:Drivers/STM32L4xx_HAL_Driver/Src/stm32l4xx_hal_rcc_ex.c ****     switch(srcclk)
ARM GAS  /tmp/ccBxf6FW.s 			page 22


1171:Drivers/STM32L4xx_HAL_Driver/Src/stm32l4xx_hal_rcc_ex.c ****     {
1172:Drivers/STM32L4xx_HAL_Driver/Src/stm32l4xx_hal_rcc_ex.c ****     case RCC_RTCCLKSOURCE_LSE:
1173:Drivers/STM32L4xx_HAL_Driver/Src/stm32l4xx_hal_rcc_ex.c ****       /* Check if LSE is ready */
1174:Drivers/STM32L4xx_HAL_Driver/Src/stm32l4xx_hal_rcc_ex.c ****       if(HAL_IS_BIT_SET(RCC->BDCR, RCC_BDCR_LSERDY))
1175:Drivers/STM32L4xx_HAL_Driver/Src/stm32l4xx_hal_rcc_ex.c ****       {
1176:Drivers/STM32L4xx_HAL_Driver/Src/stm32l4xx_hal_rcc_ex.c ****         frequency = LSE_VALUE;
1177:Drivers/STM32L4xx_HAL_Driver/Src/stm32l4xx_hal_rcc_ex.c ****       }
1178:Drivers/STM32L4xx_HAL_Driver/Src/stm32l4xx_hal_rcc_ex.c ****       break;
1179:Drivers/STM32L4xx_HAL_Driver/Src/stm32l4xx_hal_rcc_ex.c ****     case RCC_RTCCLKSOURCE_LSI:
1180:Drivers/STM32L4xx_HAL_Driver/Src/stm32l4xx_hal_rcc_ex.c ****       /* Check if LSI is ready */
1181:Drivers/STM32L4xx_HAL_Driver/Src/stm32l4xx_hal_rcc_ex.c ****       if(HAL_IS_BIT_SET(RCC->CSR, RCC_CSR_LSIRDY))
1182:Drivers/STM32L4xx_HAL_Driver/Src/stm32l4xx_hal_rcc_ex.c ****       {
1183:Drivers/STM32L4xx_HAL_Driver/Src/stm32l4xx_hal_rcc_ex.c **** #if defined(RCC_CSR_LSIPREDIV)
1184:Drivers/STM32L4xx_HAL_Driver/Src/stm32l4xx_hal_rcc_ex.c ****         if(HAL_IS_BIT_SET(RCC->CSR, RCC_CSR_LSIPREDIV))
1185:Drivers/STM32L4xx_HAL_Driver/Src/stm32l4xx_hal_rcc_ex.c ****         {
1186:Drivers/STM32L4xx_HAL_Driver/Src/stm32l4xx_hal_rcc_ex.c ****           frequency = LSI_VALUE/128U;
1187:Drivers/STM32L4xx_HAL_Driver/Src/stm32l4xx_hal_rcc_ex.c ****         }
1188:Drivers/STM32L4xx_HAL_Driver/Src/stm32l4xx_hal_rcc_ex.c ****         else
1189:Drivers/STM32L4xx_HAL_Driver/Src/stm32l4xx_hal_rcc_ex.c **** #endif /* RCC_CSR_LSIPREDIV */
1190:Drivers/STM32L4xx_HAL_Driver/Src/stm32l4xx_hal_rcc_ex.c ****         {
1191:Drivers/STM32L4xx_HAL_Driver/Src/stm32l4xx_hal_rcc_ex.c ****           frequency = LSI_VALUE;
1192:Drivers/STM32L4xx_HAL_Driver/Src/stm32l4xx_hal_rcc_ex.c ****         }
1193:Drivers/STM32L4xx_HAL_Driver/Src/stm32l4xx_hal_rcc_ex.c ****       }
1194:Drivers/STM32L4xx_HAL_Driver/Src/stm32l4xx_hal_rcc_ex.c ****       break;
1195:Drivers/STM32L4xx_HAL_Driver/Src/stm32l4xx_hal_rcc_ex.c ****     case RCC_RTCCLKSOURCE_HSE_DIV32:
1196:Drivers/STM32L4xx_HAL_Driver/Src/stm32l4xx_hal_rcc_ex.c ****       /* Check if HSE is ready */
1197:Drivers/STM32L4xx_HAL_Driver/Src/stm32l4xx_hal_rcc_ex.c ****       if(HAL_IS_BIT_SET(RCC->CR, RCC_CR_HSERDY))
1198:Drivers/STM32L4xx_HAL_Driver/Src/stm32l4xx_hal_rcc_ex.c ****       {
1199:Drivers/STM32L4xx_HAL_Driver/Src/stm32l4xx_hal_rcc_ex.c ****         frequency = HSE_VALUE / 32U;
1200:Drivers/STM32L4xx_HAL_Driver/Src/stm32l4xx_hal_rcc_ex.c ****       }
1201:Drivers/STM32L4xx_HAL_Driver/Src/stm32l4xx_hal_rcc_ex.c ****       break;
1202:Drivers/STM32L4xx_HAL_Driver/Src/stm32l4xx_hal_rcc_ex.c ****     default:
1203:Drivers/STM32L4xx_HAL_Driver/Src/stm32l4xx_hal_rcc_ex.c ****       /* No clock source, frequency default init at 0 */
1204:Drivers/STM32L4xx_HAL_Driver/Src/stm32l4xx_hal_rcc_ex.c ****       break;
1205:Drivers/STM32L4xx_HAL_Driver/Src/stm32l4xx_hal_rcc_ex.c ****     }
1206:Drivers/STM32L4xx_HAL_Driver/Src/stm32l4xx_hal_rcc_ex.c ****   }
1207:Drivers/STM32L4xx_HAL_Driver/Src/stm32l4xx_hal_rcc_ex.c ****   else
1208:Drivers/STM32L4xx_HAL_Driver/Src/stm32l4xx_hal_rcc_ex.c ****   {
1209:Drivers/STM32L4xx_HAL_Driver/Src/stm32l4xx_hal_rcc_ex.c ****     /* Other external peripheral clock source than RTC */
1210:Drivers/STM32L4xx_HAL_Driver/Src/stm32l4xx_hal_rcc_ex.c ****     pll_oscsource = __HAL_RCC_GET_PLL_OSCSOURCE();
1211:Drivers/STM32L4xx_HAL_Driver/Src/stm32l4xx_hal_rcc_ex.c **** 
1212:Drivers/STM32L4xx_HAL_Driver/Src/stm32l4xx_hal_rcc_ex.c ****     /* Compute PLL clock input */
1213:Drivers/STM32L4xx_HAL_Driver/Src/stm32l4xx_hal_rcc_ex.c ****     switch(pll_oscsource)
1214:Drivers/STM32L4xx_HAL_Driver/Src/stm32l4xx_hal_rcc_ex.c ****     {
1215:Drivers/STM32L4xx_HAL_Driver/Src/stm32l4xx_hal_rcc_ex.c ****     case RCC_PLLSOURCE_MSI:   /* MSI ? */
1216:Drivers/STM32L4xx_HAL_Driver/Src/stm32l4xx_hal_rcc_ex.c ****       if(HAL_IS_BIT_SET(RCC->CR, RCC_CR_MSIRDY))
1217:Drivers/STM32L4xx_HAL_Driver/Src/stm32l4xx_hal_rcc_ex.c ****       {
1218:Drivers/STM32L4xx_HAL_Driver/Src/stm32l4xx_hal_rcc_ex.c ****         /*MSI frequency range in HZ*/
1219:Drivers/STM32L4xx_HAL_Driver/Src/stm32l4xx_hal_rcc_ex.c ****         pllvco = MSIRangeTable[(__HAL_RCC_GET_MSI_RANGE() >> 4U)];
1220:Drivers/STM32L4xx_HAL_Driver/Src/stm32l4xx_hal_rcc_ex.c ****       }
1221:Drivers/STM32L4xx_HAL_Driver/Src/stm32l4xx_hal_rcc_ex.c ****       else
1222:Drivers/STM32L4xx_HAL_Driver/Src/stm32l4xx_hal_rcc_ex.c ****       {
1223:Drivers/STM32L4xx_HAL_Driver/Src/stm32l4xx_hal_rcc_ex.c ****         pllvco = 0U;
1224:Drivers/STM32L4xx_HAL_Driver/Src/stm32l4xx_hal_rcc_ex.c ****       }
1225:Drivers/STM32L4xx_HAL_Driver/Src/stm32l4xx_hal_rcc_ex.c ****       break;
1226:Drivers/STM32L4xx_HAL_Driver/Src/stm32l4xx_hal_rcc_ex.c ****     case RCC_PLLSOURCE_HSI:   /* HSI ? */
1227:Drivers/STM32L4xx_HAL_Driver/Src/stm32l4xx_hal_rcc_ex.c ****       if(HAL_IS_BIT_SET(RCC->CR, RCC_CR_HSIRDY))
ARM GAS  /tmp/ccBxf6FW.s 			page 23


1228:Drivers/STM32L4xx_HAL_Driver/Src/stm32l4xx_hal_rcc_ex.c ****       {
1229:Drivers/STM32L4xx_HAL_Driver/Src/stm32l4xx_hal_rcc_ex.c ****         pllvco = HSI_VALUE;
1230:Drivers/STM32L4xx_HAL_Driver/Src/stm32l4xx_hal_rcc_ex.c ****       }
1231:Drivers/STM32L4xx_HAL_Driver/Src/stm32l4xx_hal_rcc_ex.c ****       else
1232:Drivers/STM32L4xx_HAL_Driver/Src/stm32l4xx_hal_rcc_ex.c ****       {
1233:Drivers/STM32L4xx_HAL_Driver/Src/stm32l4xx_hal_rcc_ex.c ****         pllvco = 0U;
1234:Drivers/STM32L4xx_HAL_Driver/Src/stm32l4xx_hal_rcc_ex.c ****       }
1235:Drivers/STM32L4xx_HAL_Driver/Src/stm32l4xx_hal_rcc_ex.c ****       break;
1236:Drivers/STM32L4xx_HAL_Driver/Src/stm32l4xx_hal_rcc_ex.c ****     case RCC_PLLSOURCE_HSE:   /* HSE ? */
1237:Drivers/STM32L4xx_HAL_Driver/Src/stm32l4xx_hal_rcc_ex.c ****       if(HAL_IS_BIT_SET(RCC->CR, RCC_CR_HSERDY))
1238:Drivers/STM32L4xx_HAL_Driver/Src/stm32l4xx_hal_rcc_ex.c ****       {
1239:Drivers/STM32L4xx_HAL_Driver/Src/stm32l4xx_hal_rcc_ex.c ****         pllvco = HSE_VALUE;
1240:Drivers/STM32L4xx_HAL_Driver/Src/stm32l4xx_hal_rcc_ex.c ****       }
1241:Drivers/STM32L4xx_HAL_Driver/Src/stm32l4xx_hal_rcc_ex.c ****       else
1242:Drivers/STM32L4xx_HAL_Driver/Src/stm32l4xx_hal_rcc_ex.c ****       {
1243:Drivers/STM32L4xx_HAL_Driver/Src/stm32l4xx_hal_rcc_ex.c ****         pllvco = 0U;
1244:Drivers/STM32L4xx_HAL_Driver/Src/stm32l4xx_hal_rcc_ex.c ****       }
1245:Drivers/STM32L4xx_HAL_Driver/Src/stm32l4xx_hal_rcc_ex.c ****       break;
1246:Drivers/STM32L4xx_HAL_Driver/Src/stm32l4xx_hal_rcc_ex.c ****     default:
1247:Drivers/STM32L4xx_HAL_Driver/Src/stm32l4xx_hal_rcc_ex.c ****       /* No source */
1248:Drivers/STM32L4xx_HAL_Driver/Src/stm32l4xx_hal_rcc_ex.c ****       pllvco = 0U;
1249:Drivers/STM32L4xx_HAL_Driver/Src/stm32l4xx_hal_rcc_ex.c ****       break;
1250:Drivers/STM32L4xx_HAL_Driver/Src/stm32l4xx_hal_rcc_ex.c ****     }
1251:Drivers/STM32L4xx_HAL_Driver/Src/stm32l4xx_hal_rcc_ex.c **** 
1252:Drivers/STM32L4xx_HAL_Driver/Src/stm32l4xx_hal_rcc_ex.c ****     switch(PeriphClk)
1253:Drivers/STM32L4xx_HAL_Driver/Src/stm32l4xx_hal_rcc_ex.c ****     {
1254:Drivers/STM32L4xx_HAL_Driver/Src/stm32l4xx_hal_rcc_ex.c **** #if defined(SAI1)
1255:Drivers/STM32L4xx_HAL_Driver/Src/stm32l4xx_hal_rcc_ex.c **** 
1256:Drivers/STM32L4xx_HAL_Driver/Src/stm32l4xx_hal_rcc_ex.c ****     case RCC_PERIPHCLK_SAI1:
1257:Drivers/STM32L4xx_HAL_Driver/Src/stm32l4xx_hal_rcc_ex.c ****       frequency = RCCEx_GetSAIxPeriphCLKFreq(RCC_PERIPHCLK_SAI1, pllvco);
1258:Drivers/STM32L4xx_HAL_Driver/Src/stm32l4xx_hal_rcc_ex.c ****       break;
1259:Drivers/STM32L4xx_HAL_Driver/Src/stm32l4xx_hal_rcc_ex.c **** 
1260:Drivers/STM32L4xx_HAL_Driver/Src/stm32l4xx_hal_rcc_ex.c **** #endif
1261:Drivers/STM32L4xx_HAL_Driver/Src/stm32l4xx_hal_rcc_ex.c **** 
1262:Drivers/STM32L4xx_HAL_Driver/Src/stm32l4xx_hal_rcc_ex.c **** #if defined(SAI2)
1263:Drivers/STM32L4xx_HAL_Driver/Src/stm32l4xx_hal_rcc_ex.c **** 
1264:Drivers/STM32L4xx_HAL_Driver/Src/stm32l4xx_hal_rcc_ex.c ****     case RCC_PERIPHCLK_SAI2:
1265:Drivers/STM32L4xx_HAL_Driver/Src/stm32l4xx_hal_rcc_ex.c ****       frequency = RCCEx_GetSAIxPeriphCLKFreq(RCC_PERIPHCLK_SAI2, pllvco);
1266:Drivers/STM32L4xx_HAL_Driver/Src/stm32l4xx_hal_rcc_ex.c ****       break;
1267:Drivers/STM32L4xx_HAL_Driver/Src/stm32l4xx_hal_rcc_ex.c **** 
1268:Drivers/STM32L4xx_HAL_Driver/Src/stm32l4xx_hal_rcc_ex.c **** #endif
1269:Drivers/STM32L4xx_HAL_Driver/Src/stm32l4xx_hal_rcc_ex.c **** 
1270:Drivers/STM32L4xx_HAL_Driver/Src/stm32l4xx_hal_rcc_ex.c **** #if defined(USB_OTG_FS) || defined(USB)
1271:Drivers/STM32L4xx_HAL_Driver/Src/stm32l4xx_hal_rcc_ex.c **** 
1272:Drivers/STM32L4xx_HAL_Driver/Src/stm32l4xx_hal_rcc_ex.c ****     case RCC_PERIPHCLK_USB:
1273:Drivers/STM32L4xx_HAL_Driver/Src/stm32l4xx_hal_rcc_ex.c **** 
1274:Drivers/STM32L4xx_HAL_Driver/Src/stm32l4xx_hal_rcc_ex.c **** #endif /* USB_OTG_FS || USB */
1275:Drivers/STM32L4xx_HAL_Driver/Src/stm32l4xx_hal_rcc_ex.c **** 
1276:Drivers/STM32L4xx_HAL_Driver/Src/stm32l4xx_hal_rcc_ex.c ****     case RCC_PERIPHCLK_RNG:
1277:Drivers/STM32L4xx_HAL_Driver/Src/stm32l4xx_hal_rcc_ex.c **** 
1278:Drivers/STM32L4xx_HAL_Driver/Src/stm32l4xx_hal_rcc_ex.c **** #if defined(SDMMC1) && !defined(RCC_CCIPR2_SDMMCSEL)
1279:Drivers/STM32L4xx_HAL_Driver/Src/stm32l4xx_hal_rcc_ex.c **** 
1280:Drivers/STM32L4xx_HAL_Driver/Src/stm32l4xx_hal_rcc_ex.c ****     case RCC_PERIPHCLK_SDMMC1:
1281:Drivers/STM32L4xx_HAL_Driver/Src/stm32l4xx_hal_rcc_ex.c **** 
1282:Drivers/STM32L4xx_HAL_Driver/Src/stm32l4xx_hal_rcc_ex.c **** #endif /* SDMMC1 && !RCC_CCIPR2_SDMMCSEL */
1283:Drivers/STM32L4xx_HAL_Driver/Src/stm32l4xx_hal_rcc_ex.c ****       {
1284:Drivers/STM32L4xx_HAL_Driver/Src/stm32l4xx_hal_rcc_ex.c ****         srcclk = READ_BIT(RCC->CCIPR, RCC_CCIPR_CLK48SEL);
ARM GAS  /tmp/ccBxf6FW.s 			page 24


1285:Drivers/STM32L4xx_HAL_Driver/Src/stm32l4xx_hal_rcc_ex.c **** 
1286:Drivers/STM32L4xx_HAL_Driver/Src/stm32l4xx_hal_rcc_ex.c ****         switch(srcclk)
1287:Drivers/STM32L4xx_HAL_Driver/Src/stm32l4xx_hal_rcc_ex.c ****         {
1288:Drivers/STM32L4xx_HAL_Driver/Src/stm32l4xx_hal_rcc_ex.c ****         case RCC_CCIPR_CLK48SEL:   /* MSI ? */
1289:Drivers/STM32L4xx_HAL_Driver/Src/stm32l4xx_hal_rcc_ex.c ****           if(HAL_IS_BIT_SET(RCC->CR, RCC_CR_MSIRDY))
1290:Drivers/STM32L4xx_HAL_Driver/Src/stm32l4xx_hal_rcc_ex.c ****           {
1291:Drivers/STM32L4xx_HAL_Driver/Src/stm32l4xx_hal_rcc_ex.c ****             /*MSI frequency range in HZ*/
1292:Drivers/STM32L4xx_HAL_Driver/Src/stm32l4xx_hal_rcc_ex.c ****             frequency = MSIRangeTable[(__HAL_RCC_GET_MSI_RANGE() >> 4U)];
1293:Drivers/STM32L4xx_HAL_Driver/Src/stm32l4xx_hal_rcc_ex.c ****           }
1294:Drivers/STM32L4xx_HAL_Driver/Src/stm32l4xx_hal_rcc_ex.c ****           break;
1295:Drivers/STM32L4xx_HAL_Driver/Src/stm32l4xx_hal_rcc_ex.c ****         case RCC_CCIPR_CLK48SEL_1:  /* PLL ? */
1296:Drivers/STM32L4xx_HAL_Driver/Src/stm32l4xx_hal_rcc_ex.c ****           if(HAL_IS_BIT_SET(RCC->CR, RCC_CR_PLLRDY))
1297:Drivers/STM32L4xx_HAL_Driver/Src/stm32l4xx_hal_rcc_ex.c ****           {
1298:Drivers/STM32L4xx_HAL_Driver/Src/stm32l4xx_hal_rcc_ex.c ****             if(HAL_IS_BIT_SET(RCC->PLLCFGR, RCC_PLLCFGR_PLLQEN))
1299:Drivers/STM32L4xx_HAL_Driver/Src/stm32l4xx_hal_rcc_ex.c ****             {
1300:Drivers/STM32L4xx_HAL_Driver/Src/stm32l4xx_hal_rcc_ex.c ****               /* f(PLL Source) * PLLN / PLLM */
1301:Drivers/STM32L4xx_HAL_Driver/Src/stm32l4xx_hal_rcc_ex.c ****               plln = READ_BIT(RCC->PLLCFGR, RCC_PLLCFGR_PLLN) >> RCC_PLLCFGR_PLLN_Pos;
1302:Drivers/STM32L4xx_HAL_Driver/Src/stm32l4xx_hal_rcc_ex.c ****               pllvco = ((pllvco * plln) / ((READ_BIT(RCC->PLLCFGR, RCC_PLLCFGR_PLLM) >> RCC_PLLCFGR
1303:Drivers/STM32L4xx_HAL_Driver/Src/stm32l4xx_hal_rcc_ex.c ****               /* f(PLL48M1CLK) = f(VCO input) / PLLQ */
1304:Drivers/STM32L4xx_HAL_Driver/Src/stm32l4xx_hal_rcc_ex.c ****               frequency = (pllvco / (((READ_BIT(RCC->PLLCFGR, RCC_PLLCFGR_PLLQ) >> RCC_PLLCFGR_PLLQ
1305:Drivers/STM32L4xx_HAL_Driver/Src/stm32l4xx_hal_rcc_ex.c ****             }
1306:Drivers/STM32L4xx_HAL_Driver/Src/stm32l4xx_hal_rcc_ex.c ****           }
1307:Drivers/STM32L4xx_HAL_Driver/Src/stm32l4xx_hal_rcc_ex.c ****           break;
1308:Drivers/STM32L4xx_HAL_Driver/Src/stm32l4xx_hal_rcc_ex.c **** #if defined(RCC_PLLSAI1_SUPPORT)
1309:Drivers/STM32L4xx_HAL_Driver/Src/stm32l4xx_hal_rcc_ex.c ****         case RCC_CCIPR_CLK48SEL_0:  /* PLLSAI1 ? */
1310:Drivers/STM32L4xx_HAL_Driver/Src/stm32l4xx_hal_rcc_ex.c ****           if(HAL_IS_BIT_SET(RCC->CR, RCC_CR_PLLSAI1RDY))
1311:Drivers/STM32L4xx_HAL_Driver/Src/stm32l4xx_hal_rcc_ex.c ****           {
1312:Drivers/STM32L4xx_HAL_Driver/Src/stm32l4xx_hal_rcc_ex.c ****             if(HAL_IS_BIT_SET(RCC->PLLSAI1CFGR, RCC_PLLSAI1CFGR_PLLSAI1QEN))
1313:Drivers/STM32L4xx_HAL_Driver/Src/stm32l4xx_hal_rcc_ex.c ****             {
1314:Drivers/STM32L4xx_HAL_Driver/Src/stm32l4xx_hal_rcc_ex.c ****               plln = READ_BIT(RCC->PLLSAI1CFGR, RCC_PLLSAI1CFGR_PLLSAI1N) >> RCC_PLLSAI1CFGR_PLLSAI
1315:Drivers/STM32L4xx_HAL_Driver/Src/stm32l4xx_hal_rcc_ex.c **** #if defined(RCC_PLLSAI1M_DIV_1_16_SUPPORT)
1316:Drivers/STM32L4xx_HAL_Driver/Src/stm32l4xx_hal_rcc_ex.c ****               /* PLLSAI1M exists: apply PLLSAI1M divider for PLLSAI1 output computation */
1317:Drivers/STM32L4xx_HAL_Driver/Src/stm32l4xx_hal_rcc_ex.c ****               /* f(PLLSAI1 Source) * PLLSAI1N / PLLSAI1M */
1318:Drivers/STM32L4xx_HAL_Driver/Src/stm32l4xx_hal_rcc_ex.c ****               pllvco = ((pllvco * plln) / ((READ_BIT(RCC->PLLSAI1CFGR, RCC_PLLSAI1CFGR_PLLSAI1M) >>
1319:Drivers/STM32L4xx_HAL_Driver/Src/stm32l4xx_hal_rcc_ex.c **** #else
1320:Drivers/STM32L4xx_HAL_Driver/Src/stm32l4xx_hal_rcc_ex.c ****               /* f(PLL Source) * PLLSAI1N / PLLM */
1321:Drivers/STM32L4xx_HAL_Driver/Src/stm32l4xx_hal_rcc_ex.c ****               pllvco = ((pllvco * plln) / ((READ_BIT(RCC->PLLCFGR, RCC_PLLCFGR_PLLM) >> RCC_PLLCFGR
1322:Drivers/STM32L4xx_HAL_Driver/Src/stm32l4xx_hal_rcc_ex.c **** #endif
1323:Drivers/STM32L4xx_HAL_Driver/Src/stm32l4xx_hal_rcc_ex.c ****               /* f(PLL48M2CLK) = f(VCOSAI1 input) / PLLSAI1Q */
1324:Drivers/STM32L4xx_HAL_Driver/Src/stm32l4xx_hal_rcc_ex.c ****               frequency = (pllvco / (((READ_BIT(RCC->PLLSAI1CFGR, RCC_PLLSAI1CFGR_PLLSAI1Q) >> RCC_
1325:Drivers/STM32L4xx_HAL_Driver/Src/stm32l4xx_hal_rcc_ex.c ****             }
1326:Drivers/STM32L4xx_HAL_Driver/Src/stm32l4xx_hal_rcc_ex.c ****           }
1327:Drivers/STM32L4xx_HAL_Driver/Src/stm32l4xx_hal_rcc_ex.c ****           break;
1328:Drivers/STM32L4xx_HAL_Driver/Src/stm32l4xx_hal_rcc_ex.c **** #endif /* RCC_PLLSAI1_SUPPORT */
1329:Drivers/STM32L4xx_HAL_Driver/Src/stm32l4xx_hal_rcc_ex.c **** #if defined(RCC_HSI48_SUPPORT)
1330:Drivers/STM32L4xx_HAL_Driver/Src/stm32l4xx_hal_rcc_ex.c ****         case 0U:
1331:Drivers/STM32L4xx_HAL_Driver/Src/stm32l4xx_hal_rcc_ex.c ****           if(HAL_IS_BIT_SET(RCC->CRRCR, RCC_CRRCR_HSI48RDY)) /* HSI48 ? */
1332:Drivers/STM32L4xx_HAL_Driver/Src/stm32l4xx_hal_rcc_ex.c ****           {
1333:Drivers/STM32L4xx_HAL_Driver/Src/stm32l4xx_hal_rcc_ex.c ****             frequency = HSI48_VALUE;
1334:Drivers/STM32L4xx_HAL_Driver/Src/stm32l4xx_hal_rcc_ex.c ****           }
1335:Drivers/STM32L4xx_HAL_Driver/Src/stm32l4xx_hal_rcc_ex.c ****           break;
1336:Drivers/STM32L4xx_HAL_Driver/Src/stm32l4xx_hal_rcc_ex.c **** #endif /* RCC_HSI48_SUPPORT */
1337:Drivers/STM32L4xx_HAL_Driver/Src/stm32l4xx_hal_rcc_ex.c ****         default:
1338:Drivers/STM32L4xx_HAL_Driver/Src/stm32l4xx_hal_rcc_ex.c ****           /* No clock source, frequency default init at 0 */
1339:Drivers/STM32L4xx_HAL_Driver/Src/stm32l4xx_hal_rcc_ex.c ****           break;
1340:Drivers/STM32L4xx_HAL_Driver/Src/stm32l4xx_hal_rcc_ex.c ****         } /* switch(srcclk) */
1341:Drivers/STM32L4xx_HAL_Driver/Src/stm32l4xx_hal_rcc_ex.c ****         break;
ARM GAS  /tmp/ccBxf6FW.s 			page 25


1342:Drivers/STM32L4xx_HAL_Driver/Src/stm32l4xx_hal_rcc_ex.c ****       }
1343:Drivers/STM32L4xx_HAL_Driver/Src/stm32l4xx_hal_rcc_ex.c **** 
1344:Drivers/STM32L4xx_HAL_Driver/Src/stm32l4xx_hal_rcc_ex.c **** #if defined(SDMMC1) && defined(RCC_CCIPR2_SDMMCSEL)
1345:Drivers/STM32L4xx_HAL_Driver/Src/stm32l4xx_hal_rcc_ex.c **** 
1346:Drivers/STM32L4xx_HAL_Driver/Src/stm32l4xx_hal_rcc_ex.c ****     case RCC_PERIPHCLK_SDMMC1:
1347:Drivers/STM32L4xx_HAL_Driver/Src/stm32l4xx_hal_rcc_ex.c **** 
1348:Drivers/STM32L4xx_HAL_Driver/Src/stm32l4xx_hal_rcc_ex.c ****       if(HAL_IS_BIT_SET(RCC->CCIPR2, RCC_CCIPR2_SDMMCSEL))  /* PLL "P" ? */
1349:Drivers/STM32L4xx_HAL_Driver/Src/stm32l4xx_hal_rcc_ex.c ****       {
1350:Drivers/STM32L4xx_HAL_Driver/Src/stm32l4xx_hal_rcc_ex.c ****         if(HAL_IS_BIT_SET(RCC->CR, RCC_CR_PLLRDY))
1351:Drivers/STM32L4xx_HAL_Driver/Src/stm32l4xx_hal_rcc_ex.c ****         {
1352:Drivers/STM32L4xx_HAL_Driver/Src/stm32l4xx_hal_rcc_ex.c ****           if(HAL_IS_BIT_SET(RCC->PLLCFGR, RCC_PLLCFGR_PLLPEN))
1353:Drivers/STM32L4xx_HAL_Driver/Src/stm32l4xx_hal_rcc_ex.c ****           {
1354:Drivers/STM32L4xx_HAL_Driver/Src/stm32l4xx_hal_rcc_ex.c ****             /* f(PLL Source) * PLLN / PLLM */
1355:Drivers/STM32L4xx_HAL_Driver/Src/stm32l4xx_hal_rcc_ex.c ****             plln = READ_BIT(RCC->PLLCFGR, RCC_PLLCFGR_PLLN) >> RCC_PLLCFGR_PLLN_Pos;
1356:Drivers/STM32L4xx_HAL_Driver/Src/stm32l4xx_hal_rcc_ex.c ****             pllvco = ((pllvco * plln) / ((READ_BIT(RCC->PLLCFGR, RCC_PLLCFGR_PLLM) >> RCC_PLLCFGR_P
1357:Drivers/STM32L4xx_HAL_Driver/Src/stm32l4xx_hal_rcc_ex.c ****             /* f(PLLSAI3CLK) = f(VCO input) / PLLP */
1358:Drivers/STM32L4xx_HAL_Driver/Src/stm32l4xx_hal_rcc_ex.c ****             pllp = READ_BIT(RCC->PLLCFGR, RCC_PLLCFGR_PLLPDIV) >> RCC_PLLCFGR_PLLPDIV_Pos;
1359:Drivers/STM32L4xx_HAL_Driver/Src/stm32l4xx_hal_rcc_ex.c ****             if(pllp == 0U)
1360:Drivers/STM32L4xx_HAL_Driver/Src/stm32l4xx_hal_rcc_ex.c ****             {
1361:Drivers/STM32L4xx_HAL_Driver/Src/stm32l4xx_hal_rcc_ex.c ****               if(READ_BIT(RCC->PLLCFGR, RCC_PLLCFGR_PLLP) != 0U)
1362:Drivers/STM32L4xx_HAL_Driver/Src/stm32l4xx_hal_rcc_ex.c ****               {
1363:Drivers/STM32L4xx_HAL_Driver/Src/stm32l4xx_hal_rcc_ex.c ****                 pllp = 17U;
1364:Drivers/STM32L4xx_HAL_Driver/Src/stm32l4xx_hal_rcc_ex.c ****               }
1365:Drivers/STM32L4xx_HAL_Driver/Src/stm32l4xx_hal_rcc_ex.c ****               else
1366:Drivers/STM32L4xx_HAL_Driver/Src/stm32l4xx_hal_rcc_ex.c ****               {
1367:Drivers/STM32L4xx_HAL_Driver/Src/stm32l4xx_hal_rcc_ex.c ****                 pllp = 7U;
1368:Drivers/STM32L4xx_HAL_Driver/Src/stm32l4xx_hal_rcc_ex.c ****               }
1369:Drivers/STM32L4xx_HAL_Driver/Src/stm32l4xx_hal_rcc_ex.c ****             }
1370:Drivers/STM32L4xx_HAL_Driver/Src/stm32l4xx_hal_rcc_ex.c ****             frequency = (pllvco / pllp);
1371:Drivers/STM32L4xx_HAL_Driver/Src/stm32l4xx_hal_rcc_ex.c ****           }
1372:Drivers/STM32L4xx_HAL_Driver/Src/stm32l4xx_hal_rcc_ex.c ****         }
1373:Drivers/STM32L4xx_HAL_Driver/Src/stm32l4xx_hal_rcc_ex.c ****       }
1374:Drivers/STM32L4xx_HAL_Driver/Src/stm32l4xx_hal_rcc_ex.c ****       else  /* 48MHz from PLL "Q" or MSI or PLLSAI1Q or HSI48 */
1375:Drivers/STM32L4xx_HAL_Driver/Src/stm32l4xx_hal_rcc_ex.c ****       {
1376:Drivers/STM32L4xx_HAL_Driver/Src/stm32l4xx_hal_rcc_ex.c ****         srcclk = READ_BIT(RCC->CCIPR, RCC_CCIPR_CLK48SEL);
1377:Drivers/STM32L4xx_HAL_Driver/Src/stm32l4xx_hal_rcc_ex.c **** 
1378:Drivers/STM32L4xx_HAL_Driver/Src/stm32l4xx_hal_rcc_ex.c ****         switch(srcclk)
1379:Drivers/STM32L4xx_HAL_Driver/Src/stm32l4xx_hal_rcc_ex.c ****         {
1380:Drivers/STM32L4xx_HAL_Driver/Src/stm32l4xx_hal_rcc_ex.c ****         case RCC_CCIPR_CLK48SEL:   /* MSI ? */
1381:Drivers/STM32L4xx_HAL_Driver/Src/stm32l4xx_hal_rcc_ex.c ****           if(HAL_IS_BIT_SET(RCC->CR, RCC_CR_MSIRDY))
1382:Drivers/STM32L4xx_HAL_Driver/Src/stm32l4xx_hal_rcc_ex.c ****           {
1383:Drivers/STM32L4xx_HAL_Driver/Src/stm32l4xx_hal_rcc_ex.c ****             /*MSI frequency range in HZ*/
1384:Drivers/STM32L4xx_HAL_Driver/Src/stm32l4xx_hal_rcc_ex.c ****             frequency = MSIRangeTable[(__HAL_RCC_GET_MSI_RANGE() >> 4U)];
1385:Drivers/STM32L4xx_HAL_Driver/Src/stm32l4xx_hal_rcc_ex.c ****           }
1386:Drivers/STM32L4xx_HAL_Driver/Src/stm32l4xx_hal_rcc_ex.c ****           break;
1387:Drivers/STM32L4xx_HAL_Driver/Src/stm32l4xx_hal_rcc_ex.c ****         case RCC_CCIPR_CLK48SEL_1:  /* PLL "Q" ? */
1388:Drivers/STM32L4xx_HAL_Driver/Src/stm32l4xx_hal_rcc_ex.c ****           if(HAL_IS_BIT_SET(RCC->CR, RCC_CR_PLLRDY))
1389:Drivers/STM32L4xx_HAL_Driver/Src/stm32l4xx_hal_rcc_ex.c ****           {
1390:Drivers/STM32L4xx_HAL_Driver/Src/stm32l4xx_hal_rcc_ex.c ****             if(HAL_IS_BIT_SET(RCC->PLLCFGR, RCC_PLLCFGR_PLLQEN))
1391:Drivers/STM32L4xx_HAL_Driver/Src/stm32l4xx_hal_rcc_ex.c ****             {
1392:Drivers/STM32L4xx_HAL_Driver/Src/stm32l4xx_hal_rcc_ex.c ****               /* f(PLL Source) * PLLN / PLLM */
1393:Drivers/STM32L4xx_HAL_Driver/Src/stm32l4xx_hal_rcc_ex.c ****               plln = READ_BIT(RCC->PLLCFGR, RCC_PLLCFGR_PLLN) >> RCC_PLLCFGR_PLLN_Pos;
1394:Drivers/STM32L4xx_HAL_Driver/Src/stm32l4xx_hal_rcc_ex.c ****               pllvco = ((pllvco * plln) / ((READ_BIT(RCC->PLLCFGR, RCC_PLLCFGR_PLLM) >> RCC_PLLCFGR
1395:Drivers/STM32L4xx_HAL_Driver/Src/stm32l4xx_hal_rcc_ex.c ****               /* f(PLL48M1CLK) = f(VCO input) / PLLQ */
1396:Drivers/STM32L4xx_HAL_Driver/Src/stm32l4xx_hal_rcc_ex.c ****               frequency = (pllvco / (((READ_BIT(RCC->PLLCFGR, RCC_PLLCFGR_PLLQ) >> RCC_PLLCFGR_PLLQ
1397:Drivers/STM32L4xx_HAL_Driver/Src/stm32l4xx_hal_rcc_ex.c ****             }
1398:Drivers/STM32L4xx_HAL_Driver/Src/stm32l4xx_hal_rcc_ex.c ****           }
ARM GAS  /tmp/ccBxf6FW.s 			page 26


1399:Drivers/STM32L4xx_HAL_Driver/Src/stm32l4xx_hal_rcc_ex.c ****           break;
1400:Drivers/STM32L4xx_HAL_Driver/Src/stm32l4xx_hal_rcc_ex.c ****         case RCC_CCIPR_CLK48SEL_0:  /* PLLSAI1 ? */
1401:Drivers/STM32L4xx_HAL_Driver/Src/stm32l4xx_hal_rcc_ex.c ****           if(HAL_IS_BIT_SET(RCC->CR, RCC_CR_PLLSAI1RDY))
1402:Drivers/STM32L4xx_HAL_Driver/Src/stm32l4xx_hal_rcc_ex.c ****           {
1403:Drivers/STM32L4xx_HAL_Driver/Src/stm32l4xx_hal_rcc_ex.c ****             if(HAL_IS_BIT_SET(RCC->PLLSAI1CFGR, RCC_PLLSAI1CFGR_PLLSAI1QEN))
1404:Drivers/STM32L4xx_HAL_Driver/Src/stm32l4xx_hal_rcc_ex.c ****             {
1405:Drivers/STM32L4xx_HAL_Driver/Src/stm32l4xx_hal_rcc_ex.c ****               /* f(PLLSAI1 Source) * PLLSAI1N / PLLSAI1M */
1406:Drivers/STM32L4xx_HAL_Driver/Src/stm32l4xx_hal_rcc_ex.c ****               plln = READ_BIT(RCC->PLLSAI1CFGR, RCC_PLLSAI1CFGR_PLLSAI1N) >> RCC_PLLSAI1CFGR_PLLSAI
1407:Drivers/STM32L4xx_HAL_Driver/Src/stm32l4xx_hal_rcc_ex.c ****               pllvco = ((pllvco * plln) / ((READ_BIT(RCC->PLLSAI1CFGR, RCC_PLLSAI1CFGR_PLLSAI1M) >>
1408:Drivers/STM32L4xx_HAL_Driver/Src/stm32l4xx_hal_rcc_ex.c ****               /* f(PLL48M2CLK) = f(VCOSAI1 input) / PLLSAI1Q */
1409:Drivers/STM32L4xx_HAL_Driver/Src/stm32l4xx_hal_rcc_ex.c ****               frequency = (pllvco / (((READ_BIT(RCC->PLLSAI1CFGR, RCC_PLLSAI1CFGR_PLLSAI1Q) >> RCC_
1410:Drivers/STM32L4xx_HAL_Driver/Src/stm32l4xx_hal_rcc_ex.c ****             }
1411:Drivers/STM32L4xx_HAL_Driver/Src/stm32l4xx_hal_rcc_ex.c ****           }
1412:Drivers/STM32L4xx_HAL_Driver/Src/stm32l4xx_hal_rcc_ex.c ****           break;
1413:Drivers/STM32L4xx_HAL_Driver/Src/stm32l4xx_hal_rcc_ex.c ****         case 0U:
1414:Drivers/STM32L4xx_HAL_Driver/Src/stm32l4xx_hal_rcc_ex.c ****           if(HAL_IS_BIT_SET(RCC->CRRCR, RCC_CRRCR_HSI48RDY)) /* HSI48 ? */
1415:Drivers/STM32L4xx_HAL_Driver/Src/stm32l4xx_hal_rcc_ex.c ****           {
1416:Drivers/STM32L4xx_HAL_Driver/Src/stm32l4xx_hal_rcc_ex.c ****             frequency = HSI48_VALUE;
1417:Drivers/STM32L4xx_HAL_Driver/Src/stm32l4xx_hal_rcc_ex.c ****           }
1418:Drivers/STM32L4xx_HAL_Driver/Src/stm32l4xx_hal_rcc_ex.c ****           break;
1419:Drivers/STM32L4xx_HAL_Driver/Src/stm32l4xx_hal_rcc_ex.c ****         default:
1420:Drivers/STM32L4xx_HAL_Driver/Src/stm32l4xx_hal_rcc_ex.c ****           /* No clock source, frequency default init at 0 */
1421:Drivers/STM32L4xx_HAL_Driver/Src/stm32l4xx_hal_rcc_ex.c ****           break;
1422:Drivers/STM32L4xx_HAL_Driver/Src/stm32l4xx_hal_rcc_ex.c ****         } /* switch(srcclk) */
1423:Drivers/STM32L4xx_HAL_Driver/Src/stm32l4xx_hal_rcc_ex.c ****       }
1424:Drivers/STM32L4xx_HAL_Driver/Src/stm32l4xx_hal_rcc_ex.c ****       break;
1425:Drivers/STM32L4xx_HAL_Driver/Src/stm32l4xx_hal_rcc_ex.c **** 
1426:Drivers/STM32L4xx_HAL_Driver/Src/stm32l4xx_hal_rcc_ex.c **** #endif /* SDMMC1 && RCC_CCIPR2_SDMMCSEL */
1427:Drivers/STM32L4xx_HAL_Driver/Src/stm32l4xx_hal_rcc_ex.c **** 
1428:Drivers/STM32L4xx_HAL_Driver/Src/stm32l4xx_hal_rcc_ex.c ****     case RCC_PERIPHCLK_USART1:
1429:Drivers/STM32L4xx_HAL_Driver/Src/stm32l4xx_hal_rcc_ex.c ****       {
1430:Drivers/STM32L4xx_HAL_Driver/Src/stm32l4xx_hal_rcc_ex.c ****         /* Get the current USART1 source */
1431:Drivers/STM32L4xx_HAL_Driver/Src/stm32l4xx_hal_rcc_ex.c ****         srcclk = __HAL_RCC_GET_USART1_SOURCE();
1432:Drivers/STM32L4xx_HAL_Driver/Src/stm32l4xx_hal_rcc_ex.c **** 
1433:Drivers/STM32L4xx_HAL_Driver/Src/stm32l4xx_hal_rcc_ex.c ****         switch(srcclk)
1434:Drivers/STM32L4xx_HAL_Driver/Src/stm32l4xx_hal_rcc_ex.c ****         {
1435:Drivers/STM32L4xx_HAL_Driver/Src/stm32l4xx_hal_rcc_ex.c ****         case RCC_USART1CLKSOURCE_PCLK2:
1436:Drivers/STM32L4xx_HAL_Driver/Src/stm32l4xx_hal_rcc_ex.c ****           frequency = HAL_RCC_GetPCLK2Freq();
1437:Drivers/STM32L4xx_HAL_Driver/Src/stm32l4xx_hal_rcc_ex.c ****           break;
1438:Drivers/STM32L4xx_HAL_Driver/Src/stm32l4xx_hal_rcc_ex.c ****         case RCC_USART1CLKSOURCE_SYSCLK:
1439:Drivers/STM32L4xx_HAL_Driver/Src/stm32l4xx_hal_rcc_ex.c ****           frequency = HAL_RCC_GetSysClockFreq();
1440:Drivers/STM32L4xx_HAL_Driver/Src/stm32l4xx_hal_rcc_ex.c ****           break;
1441:Drivers/STM32L4xx_HAL_Driver/Src/stm32l4xx_hal_rcc_ex.c ****         case RCC_USART1CLKSOURCE_HSI:
1442:Drivers/STM32L4xx_HAL_Driver/Src/stm32l4xx_hal_rcc_ex.c ****           if(HAL_IS_BIT_SET(RCC->CR, RCC_CR_HSIRDY))
1443:Drivers/STM32L4xx_HAL_Driver/Src/stm32l4xx_hal_rcc_ex.c ****           {
1444:Drivers/STM32L4xx_HAL_Driver/Src/stm32l4xx_hal_rcc_ex.c ****             frequency = HSI_VALUE;
1445:Drivers/STM32L4xx_HAL_Driver/Src/stm32l4xx_hal_rcc_ex.c ****           }
1446:Drivers/STM32L4xx_HAL_Driver/Src/stm32l4xx_hal_rcc_ex.c ****           break;
1447:Drivers/STM32L4xx_HAL_Driver/Src/stm32l4xx_hal_rcc_ex.c ****         case RCC_USART1CLKSOURCE_LSE:
1448:Drivers/STM32L4xx_HAL_Driver/Src/stm32l4xx_hal_rcc_ex.c ****           if(HAL_IS_BIT_SET(RCC->BDCR, RCC_BDCR_LSERDY))
1449:Drivers/STM32L4xx_HAL_Driver/Src/stm32l4xx_hal_rcc_ex.c ****           {
1450:Drivers/STM32L4xx_HAL_Driver/Src/stm32l4xx_hal_rcc_ex.c ****             frequency = LSE_VALUE;
1451:Drivers/STM32L4xx_HAL_Driver/Src/stm32l4xx_hal_rcc_ex.c ****           }
1452:Drivers/STM32L4xx_HAL_Driver/Src/stm32l4xx_hal_rcc_ex.c ****           break;
1453:Drivers/STM32L4xx_HAL_Driver/Src/stm32l4xx_hal_rcc_ex.c ****         default:
1454:Drivers/STM32L4xx_HAL_Driver/Src/stm32l4xx_hal_rcc_ex.c ****           /* No clock source, frequency default init at 0 */
1455:Drivers/STM32L4xx_HAL_Driver/Src/stm32l4xx_hal_rcc_ex.c ****           break;
ARM GAS  /tmp/ccBxf6FW.s 			page 27


1456:Drivers/STM32L4xx_HAL_Driver/Src/stm32l4xx_hal_rcc_ex.c ****         }
1457:Drivers/STM32L4xx_HAL_Driver/Src/stm32l4xx_hal_rcc_ex.c **** 
1458:Drivers/STM32L4xx_HAL_Driver/Src/stm32l4xx_hal_rcc_ex.c ****         break;
1459:Drivers/STM32L4xx_HAL_Driver/Src/stm32l4xx_hal_rcc_ex.c ****       }
1460:Drivers/STM32L4xx_HAL_Driver/Src/stm32l4xx_hal_rcc_ex.c **** 
1461:Drivers/STM32L4xx_HAL_Driver/Src/stm32l4xx_hal_rcc_ex.c ****     case RCC_PERIPHCLK_USART2:
1462:Drivers/STM32L4xx_HAL_Driver/Src/stm32l4xx_hal_rcc_ex.c ****       {
1463:Drivers/STM32L4xx_HAL_Driver/Src/stm32l4xx_hal_rcc_ex.c ****         /* Get the current USART2 source */
1464:Drivers/STM32L4xx_HAL_Driver/Src/stm32l4xx_hal_rcc_ex.c ****         srcclk = __HAL_RCC_GET_USART2_SOURCE();
1465:Drivers/STM32L4xx_HAL_Driver/Src/stm32l4xx_hal_rcc_ex.c **** 
1466:Drivers/STM32L4xx_HAL_Driver/Src/stm32l4xx_hal_rcc_ex.c ****         switch(srcclk)
1467:Drivers/STM32L4xx_HAL_Driver/Src/stm32l4xx_hal_rcc_ex.c ****         {
1468:Drivers/STM32L4xx_HAL_Driver/Src/stm32l4xx_hal_rcc_ex.c ****         case RCC_USART2CLKSOURCE_PCLK1:
1469:Drivers/STM32L4xx_HAL_Driver/Src/stm32l4xx_hal_rcc_ex.c ****           frequency = HAL_RCC_GetPCLK1Freq();
1470:Drivers/STM32L4xx_HAL_Driver/Src/stm32l4xx_hal_rcc_ex.c ****           break;
1471:Drivers/STM32L4xx_HAL_Driver/Src/stm32l4xx_hal_rcc_ex.c ****         case RCC_USART2CLKSOURCE_SYSCLK:
1472:Drivers/STM32L4xx_HAL_Driver/Src/stm32l4xx_hal_rcc_ex.c ****           frequency = HAL_RCC_GetSysClockFreq();
1473:Drivers/STM32L4xx_HAL_Driver/Src/stm32l4xx_hal_rcc_ex.c ****           break;
1474:Drivers/STM32L4xx_HAL_Driver/Src/stm32l4xx_hal_rcc_ex.c ****         case RCC_USART2CLKSOURCE_HSI:
1475:Drivers/STM32L4xx_HAL_Driver/Src/stm32l4xx_hal_rcc_ex.c ****           if(HAL_IS_BIT_SET(RCC->CR, RCC_CR_HSIRDY))
1476:Drivers/STM32L4xx_HAL_Driver/Src/stm32l4xx_hal_rcc_ex.c ****           {
1477:Drivers/STM32L4xx_HAL_Driver/Src/stm32l4xx_hal_rcc_ex.c ****             frequency = HSI_VALUE;
1478:Drivers/STM32L4xx_HAL_Driver/Src/stm32l4xx_hal_rcc_ex.c ****           }
1479:Drivers/STM32L4xx_HAL_Driver/Src/stm32l4xx_hal_rcc_ex.c ****           break;
1480:Drivers/STM32L4xx_HAL_Driver/Src/stm32l4xx_hal_rcc_ex.c ****         case RCC_USART2CLKSOURCE_LSE:
1481:Drivers/STM32L4xx_HAL_Driver/Src/stm32l4xx_hal_rcc_ex.c ****           if(HAL_IS_BIT_SET(RCC->BDCR, RCC_BDCR_LSERDY))
1482:Drivers/STM32L4xx_HAL_Driver/Src/stm32l4xx_hal_rcc_ex.c ****           {
1483:Drivers/STM32L4xx_HAL_Driver/Src/stm32l4xx_hal_rcc_ex.c ****             frequency = LSE_VALUE;
1484:Drivers/STM32L4xx_HAL_Driver/Src/stm32l4xx_hal_rcc_ex.c ****           }
1485:Drivers/STM32L4xx_HAL_Driver/Src/stm32l4xx_hal_rcc_ex.c ****           break;
1486:Drivers/STM32L4xx_HAL_Driver/Src/stm32l4xx_hal_rcc_ex.c ****         default:
1487:Drivers/STM32L4xx_HAL_Driver/Src/stm32l4xx_hal_rcc_ex.c ****           /* No clock source, frequency default init at 0 */
1488:Drivers/STM32L4xx_HAL_Driver/Src/stm32l4xx_hal_rcc_ex.c ****           break;
1489:Drivers/STM32L4xx_HAL_Driver/Src/stm32l4xx_hal_rcc_ex.c ****         }
1490:Drivers/STM32L4xx_HAL_Driver/Src/stm32l4xx_hal_rcc_ex.c **** 
1491:Drivers/STM32L4xx_HAL_Driver/Src/stm32l4xx_hal_rcc_ex.c ****         break;
1492:Drivers/STM32L4xx_HAL_Driver/Src/stm32l4xx_hal_rcc_ex.c ****       }
1493:Drivers/STM32L4xx_HAL_Driver/Src/stm32l4xx_hal_rcc_ex.c **** 
1494:Drivers/STM32L4xx_HAL_Driver/Src/stm32l4xx_hal_rcc_ex.c **** #if defined(USART3)
1495:Drivers/STM32L4xx_HAL_Driver/Src/stm32l4xx_hal_rcc_ex.c **** 
1496:Drivers/STM32L4xx_HAL_Driver/Src/stm32l4xx_hal_rcc_ex.c ****     case RCC_PERIPHCLK_USART3:
1497:Drivers/STM32L4xx_HAL_Driver/Src/stm32l4xx_hal_rcc_ex.c ****       {
1498:Drivers/STM32L4xx_HAL_Driver/Src/stm32l4xx_hal_rcc_ex.c ****         /* Get the current USART3 source */
1499:Drivers/STM32L4xx_HAL_Driver/Src/stm32l4xx_hal_rcc_ex.c ****         srcclk = __HAL_RCC_GET_USART3_SOURCE();
1500:Drivers/STM32L4xx_HAL_Driver/Src/stm32l4xx_hal_rcc_ex.c **** 
1501:Drivers/STM32L4xx_HAL_Driver/Src/stm32l4xx_hal_rcc_ex.c ****         switch(srcclk)
1502:Drivers/STM32L4xx_HAL_Driver/Src/stm32l4xx_hal_rcc_ex.c ****         {
1503:Drivers/STM32L4xx_HAL_Driver/Src/stm32l4xx_hal_rcc_ex.c ****         case RCC_USART3CLKSOURCE_PCLK1:
1504:Drivers/STM32L4xx_HAL_Driver/Src/stm32l4xx_hal_rcc_ex.c ****           frequency = HAL_RCC_GetPCLK1Freq();
1505:Drivers/STM32L4xx_HAL_Driver/Src/stm32l4xx_hal_rcc_ex.c ****           break;
1506:Drivers/STM32L4xx_HAL_Driver/Src/stm32l4xx_hal_rcc_ex.c ****         case RCC_USART3CLKSOURCE_SYSCLK:
1507:Drivers/STM32L4xx_HAL_Driver/Src/stm32l4xx_hal_rcc_ex.c ****           frequency = HAL_RCC_GetSysClockFreq();
1508:Drivers/STM32L4xx_HAL_Driver/Src/stm32l4xx_hal_rcc_ex.c ****           break;
1509:Drivers/STM32L4xx_HAL_Driver/Src/stm32l4xx_hal_rcc_ex.c ****         case RCC_USART3CLKSOURCE_HSI:
1510:Drivers/STM32L4xx_HAL_Driver/Src/stm32l4xx_hal_rcc_ex.c ****           if(HAL_IS_BIT_SET(RCC->CR, RCC_CR_HSIRDY))
1511:Drivers/STM32L4xx_HAL_Driver/Src/stm32l4xx_hal_rcc_ex.c ****           {
1512:Drivers/STM32L4xx_HAL_Driver/Src/stm32l4xx_hal_rcc_ex.c ****             frequency = HSI_VALUE;
ARM GAS  /tmp/ccBxf6FW.s 			page 28


1513:Drivers/STM32L4xx_HAL_Driver/Src/stm32l4xx_hal_rcc_ex.c ****           }
1514:Drivers/STM32L4xx_HAL_Driver/Src/stm32l4xx_hal_rcc_ex.c ****           break;
1515:Drivers/STM32L4xx_HAL_Driver/Src/stm32l4xx_hal_rcc_ex.c ****         case RCC_USART3CLKSOURCE_LSE:
1516:Drivers/STM32L4xx_HAL_Driver/Src/stm32l4xx_hal_rcc_ex.c ****           if(HAL_IS_BIT_SET(RCC->BDCR, RCC_BDCR_LSERDY))
1517:Drivers/STM32L4xx_HAL_Driver/Src/stm32l4xx_hal_rcc_ex.c ****           {
1518:Drivers/STM32L4xx_HAL_Driver/Src/stm32l4xx_hal_rcc_ex.c ****             frequency = LSE_VALUE;
1519:Drivers/STM32L4xx_HAL_Driver/Src/stm32l4xx_hal_rcc_ex.c ****           }
1520:Drivers/STM32L4xx_HAL_Driver/Src/stm32l4xx_hal_rcc_ex.c ****           break;
1521:Drivers/STM32L4xx_HAL_Driver/Src/stm32l4xx_hal_rcc_ex.c ****         default:
1522:Drivers/STM32L4xx_HAL_Driver/Src/stm32l4xx_hal_rcc_ex.c ****           /* No clock source, frequency default init at 0 */
1523:Drivers/STM32L4xx_HAL_Driver/Src/stm32l4xx_hal_rcc_ex.c ****           break;
1524:Drivers/STM32L4xx_HAL_Driver/Src/stm32l4xx_hal_rcc_ex.c ****         }
1525:Drivers/STM32L4xx_HAL_Driver/Src/stm32l4xx_hal_rcc_ex.c **** 
1526:Drivers/STM32L4xx_HAL_Driver/Src/stm32l4xx_hal_rcc_ex.c ****         break;
1527:Drivers/STM32L4xx_HAL_Driver/Src/stm32l4xx_hal_rcc_ex.c ****       }
1528:Drivers/STM32L4xx_HAL_Driver/Src/stm32l4xx_hal_rcc_ex.c **** 
1529:Drivers/STM32L4xx_HAL_Driver/Src/stm32l4xx_hal_rcc_ex.c **** #endif /* USART3 */
1530:Drivers/STM32L4xx_HAL_Driver/Src/stm32l4xx_hal_rcc_ex.c **** 
1531:Drivers/STM32L4xx_HAL_Driver/Src/stm32l4xx_hal_rcc_ex.c **** #if defined(UART4)
1532:Drivers/STM32L4xx_HAL_Driver/Src/stm32l4xx_hal_rcc_ex.c **** 
1533:Drivers/STM32L4xx_HAL_Driver/Src/stm32l4xx_hal_rcc_ex.c ****     case RCC_PERIPHCLK_UART4:
1534:Drivers/STM32L4xx_HAL_Driver/Src/stm32l4xx_hal_rcc_ex.c ****       {
1535:Drivers/STM32L4xx_HAL_Driver/Src/stm32l4xx_hal_rcc_ex.c ****         /* Get the current UART4 source */
1536:Drivers/STM32L4xx_HAL_Driver/Src/stm32l4xx_hal_rcc_ex.c ****         srcclk = __HAL_RCC_GET_UART4_SOURCE();
1537:Drivers/STM32L4xx_HAL_Driver/Src/stm32l4xx_hal_rcc_ex.c **** 
1538:Drivers/STM32L4xx_HAL_Driver/Src/stm32l4xx_hal_rcc_ex.c ****         switch(srcclk)
1539:Drivers/STM32L4xx_HAL_Driver/Src/stm32l4xx_hal_rcc_ex.c ****         {
1540:Drivers/STM32L4xx_HAL_Driver/Src/stm32l4xx_hal_rcc_ex.c ****         case RCC_UART4CLKSOURCE_PCLK1:
1541:Drivers/STM32L4xx_HAL_Driver/Src/stm32l4xx_hal_rcc_ex.c ****           frequency = HAL_RCC_GetPCLK1Freq();
1542:Drivers/STM32L4xx_HAL_Driver/Src/stm32l4xx_hal_rcc_ex.c ****           break;
1543:Drivers/STM32L4xx_HAL_Driver/Src/stm32l4xx_hal_rcc_ex.c ****         case RCC_UART4CLKSOURCE_SYSCLK:
1544:Drivers/STM32L4xx_HAL_Driver/Src/stm32l4xx_hal_rcc_ex.c ****           frequency = HAL_RCC_GetSysClockFreq();
1545:Drivers/STM32L4xx_HAL_Driver/Src/stm32l4xx_hal_rcc_ex.c ****           break;
1546:Drivers/STM32L4xx_HAL_Driver/Src/stm32l4xx_hal_rcc_ex.c ****         case RCC_UART4CLKSOURCE_HSI:
1547:Drivers/STM32L4xx_HAL_Driver/Src/stm32l4xx_hal_rcc_ex.c ****           if(HAL_IS_BIT_SET(RCC->CR, RCC_CR_HSIRDY))
1548:Drivers/STM32L4xx_HAL_Driver/Src/stm32l4xx_hal_rcc_ex.c ****           {
1549:Drivers/STM32L4xx_HAL_Driver/Src/stm32l4xx_hal_rcc_ex.c ****             frequency = HSI_VALUE;
1550:Drivers/STM32L4xx_HAL_Driver/Src/stm32l4xx_hal_rcc_ex.c ****           }
1551:Drivers/STM32L4xx_HAL_Driver/Src/stm32l4xx_hal_rcc_ex.c ****           break;
1552:Drivers/STM32L4xx_HAL_Driver/Src/stm32l4xx_hal_rcc_ex.c ****         case RCC_UART4CLKSOURCE_LSE:
1553:Drivers/STM32L4xx_HAL_Driver/Src/stm32l4xx_hal_rcc_ex.c ****           if(HAL_IS_BIT_SET(RCC->BDCR, RCC_BDCR_LSERDY))
1554:Drivers/STM32L4xx_HAL_Driver/Src/stm32l4xx_hal_rcc_ex.c ****           {
1555:Drivers/STM32L4xx_HAL_Driver/Src/stm32l4xx_hal_rcc_ex.c ****             frequency = LSE_VALUE;
1556:Drivers/STM32L4xx_HAL_Driver/Src/stm32l4xx_hal_rcc_ex.c ****           }
1557:Drivers/STM32L4xx_HAL_Driver/Src/stm32l4xx_hal_rcc_ex.c ****           break;
1558:Drivers/STM32L4xx_HAL_Driver/Src/stm32l4xx_hal_rcc_ex.c ****         default:
1559:Drivers/STM32L4xx_HAL_Driver/Src/stm32l4xx_hal_rcc_ex.c ****           /* No clock source, frequency default init at 0 */
1560:Drivers/STM32L4xx_HAL_Driver/Src/stm32l4xx_hal_rcc_ex.c ****           break;
1561:Drivers/STM32L4xx_HAL_Driver/Src/stm32l4xx_hal_rcc_ex.c ****         }
1562:Drivers/STM32L4xx_HAL_Driver/Src/stm32l4xx_hal_rcc_ex.c **** 
1563:Drivers/STM32L4xx_HAL_Driver/Src/stm32l4xx_hal_rcc_ex.c ****         break;
1564:Drivers/STM32L4xx_HAL_Driver/Src/stm32l4xx_hal_rcc_ex.c ****       }
1565:Drivers/STM32L4xx_HAL_Driver/Src/stm32l4xx_hal_rcc_ex.c **** 
1566:Drivers/STM32L4xx_HAL_Driver/Src/stm32l4xx_hal_rcc_ex.c **** #endif /* UART4 */
1567:Drivers/STM32L4xx_HAL_Driver/Src/stm32l4xx_hal_rcc_ex.c **** 
1568:Drivers/STM32L4xx_HAL_Driver/Src/stm32l4xx_hal_rcc_ex.c **** #if defined(UART5)
1569:Drivers/STM32L4xx_HAL_Driver/Src/stm32l4xx_hal_rcc_ex.c **** 
ARM GAS  /tmp/ccBxf6FW.s 			page 29


1570:Drivers/STM32L4xx_HAL_Driver/Src/stm32l4xx_hal_rcc_ex.c ****     case RCC_PERIPHCLK_UART5:
1571:Drivers/STM32L4xx_HAL_Driver/Src/stm32l4xx_hal_rcc_ex.c ****       {
1572:Drivers/STM32L4xx_HAL_Driver/Src/stm32l4xx_hal_rcc_ex.c ****         /* Get the current UART5 source */
1573:Drivers/STM32L4xx_HAL_Driver/Src/stm32l4xx_hal_rcc_ex.c ****         srcclk = __HAL_RCC_GET_UART5_SOURCE();
1574:Drivers/STM32L4xx_HAL_Driver/Src/stm32l4xx_hal_rcc_ex.c **** 
1575:Drivers/STM32L4xx_HAL_Driver/Src/stm32l4xx_hal_rcc_ex.c ****         switch(srcclk)
1576:Drivers/STM32L4xx_HAL_Driver/Src/stm32l4xx_hal_rcc_ex.c ****         {
1577:Drivers/STM32L4xx_HAL_Driver/Src/stm32l4xx_hal_rcc_ex.c ****         case RCC_UART5CLKSOURCE_PCLK1:
1578:Drivers/STM32L4xx_HAL_Driver/Src/stm32l4xx_hal_rcc_ex.c ****           frequency = HAL_RCC_GetPCLK1Freq();
1579:Drivers/STM32L4xx_HAL_Driver/Src/stm32l4xx_hal_rcc_ex.c ****           break;
1580:Drivers/STM32L4xx_HAL_Driver/Src/stm32l4xx_hal_rcc_ex.c ****         case RCC_UART5CLKSOURCE_SYSCLK:
1581:Drivers/STM32L4xx_HAL_Driver/Src/stm32l4xx_hal_rcc_ex.c ****           frequency = HAL_RCC_GetSysClockFreq();
1582:Drivers/STM32L4xx_HAL_Driver/Src/stm32l4xx_hal_rcc_ex.c ****           break;
1583:Drivers/STM32L4xx_HAL_Driver/Src/stm32l4xx_hal_rcc_ex.c ****         case RCC_UART5CLKSOURCE_HSI:
1584:Drivers/STM32L4xx_HAL_Driver/Src/stm32l4xx_hal_rcc_ex.c ****           if(HAL_IS_BIT_SET(RCC->CR, RCC_CR_HSIRDY))
1585:Drivers/STM32L4xx_HAL_Driver/Src/stm32l4xx_hal_rcc_ex.c ****           {
1586:Drivers/STM32L4xx_HAL_Driver/Src/stm32l4xx_hal_rcc_ex.c ****             frequency = HSI_VALUE;
1587:Drivers/STM32L4xx_HAL_Driver/Src/stm32l4xx_hal_rcc_ex.c ****           }
1588:Drivers/STM32L4xx_HAL_Driver/Src/stm32l4xx_hal_rcc_ex.c ****           break;
1589:Drivers/STM32L4xx_HAL_Driver/Src/stm32l4xx_hal_rcc_ex.c ****         case RCC_UART5CLKSOURCE_LSE:
1590:Drivers/STM32L4xx_HAL_Driver/Src/stm32l4xx_hal_rcc_ex.c ****           if(HAL_IS_BIT_SET(RCC->BDCR, RCC_BDCR_LSERDY))
1591:Drivers/STM32L4xx_HAL_Driver/Src/stm32l4xx_hal_rcc_ex.c ****           {
1592:Drivers/STM32L4xx_HAL_Driver/Src/stm32l4xx_hal_rcc_ex.c ****             frequency = LSE_VALUE;
1593:Drivers/STM32L4xx_HAL_Driver/Src/stm32l4xx_hal_rcc_ex.c ****           }
1594:Drivers/STM32L4xx_HAL_Driver/Src/stm32l4xx_hal_rcc_ex.c ****           break;
1595:Drivers/STM32L4xx_HAL_Driver/Src/stm32l4xx_hal_rcc_ex.c ****         default:
1596:Drivers/STM32L4xx_HAL_Driver/Src/stm32l4xx_hal_rcc_ex.c ****           /* No clock source, frequency default init at 0 */
1597:Drivers/STM32L4xx_HAL_Driver/Src/stm32l4xx_hal_rcc_ex.c ****           break;
1598:Drivers/STM32L4xx_HAL_Driver/Src/stm32l4xx_hal_rcc_ex.c ****         }
1599:Drivers/STM32L4xx_HAL_Driver/Src/stm32l4xx_hal_rcc_ex.c **** 
1600:Drivers/STM32L4xx_HAL_Driver/Src/stm32l4xx_hal_rcc_ex.c ****         break;
1601:Drivers/STM32L4xx_HAL_Driver/Src/stm32l4xx_hal_rcc_ex.c ****       }
1602:Drivers/STM32L4xx_HAL_Driver/Src/stm32l4xx_hal_rcc_ex.c **** 
1603:Drivers/STM32L4xx_HAL_Driver/Src/stm32l4xx_hal_rcc_ex.c **** #endif /* UART5 */
1604:Drivers/STM32L4xx_HAL_Driver/Src/stm32l4xx_hal_rcc_ex.c **** 
1605:Drivers/STM32L4xx_HAL_Driver/Src/stm32l4xx_hal_rcc_ex.c ****     case RCC_PERIPHCLK_LPUART1:
1606:Drivers/STM32L4xx_HAL_Driver/Src/stm32l4xx_hal_rcc_ex.c ****       {
1607:Drivers/STM32L4xx_HAL_Driver/Src/stm32l4xx_hal_rcc_ex.c ****         /* Get the current LPUART1 source */
1608:Drivers/STM32L4xx_HAL_Driver/Src/stm32l4xx_hal_rcc_ex.c ****         srcclk = __HAL_RCC_GET_LPUART1_SOURCE();
1609:Drivers/STM32L4xx_HAL_Driver/Src/stm32l4xx_hal_rcc_ex.c **** 
1610:Drivers/STM32L4xx_HAL_Driver/Src/stm32l4xx_hal_rcc_ex.c ****         switch(srcclk)
1611:Drivers/STM32L4xx_HAL_Driver/Src/stm32l4xx_hal_rcc_ex.c ****         {
1612:Drivers/STM32L4xx_HAL_Driver/Src/stm32l4xx_hal_rcc_ex.c ****         case RCC_LPUART1CLKSOURCE_PCLK1:
1613:Drivers/STM32L4xx_HAL_Driver/Src/stm32l4xx_hal_rcc_ex.c ****           frequency = HAL_RCC_GetPCLK1Freq();
1614:Drivers/STM32L4xx_HAL_Driver/Src/stm32l4xx_hal_rcc_ex.c ****           break;
1615:Drivers/STM32L4xx_HAL_Driver/Src/stm32l4xx_hal_rcc_ex.c ****         case RCC_LPUART1CLKSOURCE_SYSCLK:
1616:Drivers/STM32L4xx_HAL_Driver/Src/stm32l4xx_hal_rcc_ex.c ****           frequency = HAL_RCC_GetSysClockFreq();
1617:Drivers/STM32L4xx_HAL_Driver/Src/stm32l4xx_hal_rcc_ex.c ****           break;
1618:Drivers/STM32L4xx_HAL_Driver/Src/stm32l4xx_hal_rcc_ex.c ****         case RCC_LPUART1CLKSOURCE_HSI:
1619:Drivers/STM32L4xx_HAL_Driver/Src/stm32l4xx_hal_rcc_ex.c ****           if(HAL_IS_BIT_SET(RCC->CR, RCC_CR_HSIRDY))
1620:Drivers/STM32L4xx_HAL_Driver/Src/stm32l4xx_hal_rcc_ex.c ****           {
1621:Drivers/STM32L4xx_HAL_Driver/Src/stm32l4xx_hal_rcc_ex.c ****             frequency = HSI_VALUE;
1622:Drivers/STM32L4xx_HAL_Driver/Src/stm32l4xx_hal_rcc_ex.c ****           }
1623:Drivers/STM32L4xx_HAL_Driver/Src/stm32l4xx_hal_rcc_ex.c ****           break;
1624:Drivers/STM32L4xx_HAL_Driver/Src/stm32l4xx_hal_rcc_ex.c ****         case RCC_LPUART1CLKSOURCE_LSE:
1625:Drivers/STM32L4xx_HAL_Driver/Src/stm32l4xx_hal_rcc_ex.c ****           if(HAL_IS_BIT_SET(RCC->BDCR, RCC_BDCR_LSERDY))
1626:Drivers/STM32L4xx_HAL_Driver/Src/stm32l4xx_hal_rcc_ex.c ****           {
ARM GAS  /tmp/ccBxf6FW.s 			page 30


1627:Drivers/STM32L4xx_HAL_Driver/Src/stm32l4xx_hal_rcc_ex.c ****             frequency = LSE_VALUE;
1628:Drivers/STM32L4xx_HAL_Driver/Src/stm32l4xx_hal_rcc_ex.c ****           }
1629:Drivers/STM32L4xx_HAL_Driver/Src/stm32l4xx_hal_rcc_ex.c ****           break;
1630:Drivers/STM32L4xx_HAL_Driver/Src/stm32l4xx_hal_rcc_ex.c ****         default:
1631:Drivers/STM32L4xx_HAL_Driver/Src/stm32l4xx_hal_rcc_ex.c ****           /* No clock source, frequency default init at 0 */
1632:Drivers/STM32L4xx_HAL_Driver/Src/stm32l4xx_hal_rcc_ex.c ****           break;
1633:Drivers/STM32L4xx_HAL_Driver/Src/stm32l4xx_hal_rcc_ex.c ****         }
1634:Drivers/STM32L4xx_HAL_Driver/Src/stm32l4xx_hal_rcc_ex.c **** 
1635:Drivers/STM32L4xx_HAL_Driver/Src/stm32l4xx_hal_rcc_ex.c ****         break;
1636:Drivers/STM32L4xx_HAL_Driver/Src/stm32l4xx_hal_rcc_ex.c ****       }
1637:Drivers/STM32L4xx_HAL_Driver/Src/stm32l4xx_hal_rcc_ex.c **** 
1638:Drivers/STM32L4xx_HAL_Driver/Src/stm32l4xx_hal_rcc_ex.c ****     case RCC_PERIPHCLK_ADC:
1639:Drivers/STM32L4xx_HAL_Driver/Src/stm32l4xx_hal_rcc_ex.c ****       {
1640:Drivers/STM32L4xx_HAL_Driver/Src/stm32l4xx_hal_rcc_ex.c ****         srcclk = __HAL_RCC_GET_ADC_SOURCE();
1641:Drivers/STM32L4xx_HAL_Driver/Src/stm32l4xx_hal_rcc_ex.c **** 
1642:Drivers/STM32L4xx_HAL_Driver/Src/stm32l4xx_hal_rcc_ex.c ****         switch(srcclk)
1643:Drivers/STM32L4xx_HAL_Driver/Src/stm32l4xx_hal_rcc_ex.c ****         {
1644:Drivers/STM32L4xx_HAL_Driver/Src/stm32l4xx_hal_rcc_ex.c ****         case RCC_ADCCLKSOURCE_SYSCLK:
1645:Drivers/STM32L4xx_HAL_Driver/Src/stm32l4xx_hal_rcc_ex.c ****           frequency = HAL_RCC_GetSysClockFreq();
1646:Drivers/STM32L4xx_HAL_Driver/Src/stm32l4xx_hal_rcc_ex.c ****           break;
1647:Drivers/STM32L4xx_HAL_Driver/Src/stm32l4xx_hal_rcc_ex.c **** #if defined(RCC_PLLSAI1_SUPPORT)
1648:Drivers/STM32L4xx_HAL_Driver/Src/stm32l4xx_hal_rcc_ex.c ****         case RCC_ADCCLKSOURCE_PLLSAI1:
1649:Drivers/STM32L4xx_HAL_Driver/Src/stm32l4xx_hal_rcc_ex.c ****           if(HAL_IS_BIT_SET(RCC->CR, RCC_CR_PLLSAI1RDY) && (__HAL_RCC_GET_PLLSAI1CLKOUT_CONFIG(RCC_
1650:Drivers/STM32L4xx_HAL_Driver/Src/stm32l4xx_hal_rcc_ex.c ****           {
1651:Drivers/STM32L4xx_HAL_Driver/Src/stm32l4xx_hal_rcc_ex.c ****             plln = READ_BIT(RCC->PLLSAI1CFGR, RCC_PLLSAI1CFGR_PLLSAI1N) >> RCC_PLLSAI1CFGR_PLLSAI1N
1652:Drivers/STM32L4xx_HAL_Driver/Src/stm32l4xx_hal_rcc_ex.c **** #if defined(RCC_PLLSAI1M_DIV_1_16_SUPPORT)
1653:Drivers/STM32L4xx_HAL_Driver/Src/stm32l4xx_hal_rcc_ex.c ****             /* PLLSAI1M exists: apply PLLSAI1M divider for PLLSAI1 output computation */
1654:Drivers/STM32L4xx_HAL_Driver/Src/stm32l4xx_hal_rcc_ex.c ****             /* f(PLLSAI1 Source) * PLLSAI1N / PLLSAI1M */
1655:Drivers/STM32L4xx_HAL_Driver/Src/stm32l4xx_hal_rcc_ex.c ****             pllvco = ((pllvco * plln) / ((READ_BIT(RCC->PLLSAI1CFGR, RCC_PLLSAI1CFGR_PLLSAI1M) >> R
1656:Drivers/STM32L4xx_HAL_Driver/Src/stm32l4xx_hal_rcc_ex.c **** #else
1657:Drivers/STM32L4xx_HAL_Driver/Src/stm32l4xx_hal_rcc_ex.c ****             /* f(PLL Source) * PLLSAI1N / PLLM */
1658:Drivers/STM32L4xx_HAL_Driver/Src/stm32l4xx_hal_rcc_ex.c ****             pllvco = ((pllvco * plln) / ((READ_BIT(RCC->PLLCFGR, RCC_PLLCFGR_PLLM) >> RCC_PLLCFGR_P
1659:Drivers/STM32L4xx_HAL_Driver/Src/stm32l4xx_hal_rcc_ex.c **** #endif
1660:Drivers/STM32L4xx_HAL_Driver/Src/stm32l4xx_hal_rcc_ex.c ****             /* f(PLLADC1CLK) = f(VCOSAI1 input) / PLLSAI1R */
1661:Drivers/STM32L4xx_HAL_Driver/Src/stm32l4xx_hal_rcc_ex.c ****             frequency = (pllvco / (((READ_BIT(RCC->PLLSAI1CFGR, RCC_PLLSAI1CFGR_PLLSAI1R) >> RCC_PL
1662:Drivers/STM32L4xx_HAL_Driver/Src/stm32l4xx_hal_rcc_ex.c ****           }
1663:Drivers/STM32L4xx_HAL_Driver/Src/stm32l4xx_hal_rcc_ex.c ****           break;
1664:Drivers/STM32L4xx_HAL_Driver/Src/stm32l4xx_hal_rcc_ex.c **** #endif /* RCC_PLLSAI1_SUPPORT */
1665:Drivers/STM32L4xx_HAL_Driver/Src/stm32l4xx_hal_rcc_ex.c **** #if defined(STM32L471xx) || defined(STM32L475xx) || defined(STM32L476xx) || defined(STM32L485xx) ||
1666:Drivers/STM32L4xx_HAL_Driver/Src/stm32l4xx_hal_rcc_ex.c ****         case RCC_ADCCLKSOURCE_PLLSAI2:
1667:Drivers/STM32L4xx_HAL_Driver/Src/stm32l4xx_hal_rcc_ex.c ****           if(HAL_IS_BIT_SET(RCC->CR, RCC_CR_PLLSAI2RDY) && (__HAL_RCC_GET_PLLSAI2CLKOUT_CONFIG(RCC_
1668:Drivers/STM32L4xx_HAL_Driver/Src/stm32l4xx_hal_rcc_ex.c ****           {
1669:Drivers/STM32L4xx_HAL_Driver/Src/stm32l4xx_hal_rcc_ex.c ****             plln = READ_BIT(RCC->PLLSAI2CFGR, RCC_PLLSAI2CFGR_PLLSAI2N) >> RCC_PLLSAI2CFGR_PLLSAI2N
1670:Drivers/STM32L4xx_HAL_Driver/Src/stm32l4xx_hal_rcc_ex.c **** #if defined(RCC_PLLSAI2M_DIV_1_16_SUPPORT)
1671:Drivers/STM32L4xx_HAL_Driver/Src/stm32l4xx_hal_rcc_ex.c ****             /* PLLSAI2M exists: apply PLLSAI2M divider for PLLSAI2 output computation */
1672:Drivers/STM32L4xx_HAL_Driver/Src/stm32l4xx_hal_rcc_ex.c ****             /* f(PLLSAI2 Source) * PLLSAI2N / PLLSAI2M */
1673:Drivers/STM32L4xx_HAL_Driver/Src/stm32l4xx_hal_rcc_ex.c ****             pllvco = ((pllvco * plln) / ((READ_BIT(RCC->PLLSAI2CFGR, RCC_PLLSAI2CFGR_PLLSAI2M) >> R
1674:Drivers/STM32L4xx_HAL_Driver/Src/stm32l4xx_hal_rcc_ex.c **** #else
1675:Drivers/STM32L4xx_HAL_Driver/Src/stm32l4xx_hal_rcc_ex.c ****             /* f(PLL Source) * PLLSAI2N / PLLM */
1676:Drivers/STM32L4xx_HAL_Driver/Src/stm32l4xx_hal_rcc_ex.c ****             pllvco = ((pllvco * plln) / ((READ_BIT(RCC->PLLCFGR, RCC_PLLCFGR_PLLM) >> RCC_PLLCFGR_P
1677:Drivers/STM32L4xx_HAL_Driver/Src/stm32l4xx_hal_rcc_ex.c **** #endif
1678:Drivers/STM32L4xx_HAL_Driver/Src/stm32l4xx_hal_rcc_ex.c ****             /* f(PLLADC2CLK) = f(VCOSAI2 input) / PLLSAI2R */
1679:Drivers/STM32L4xx_HAL_Driver/Src/stm32l4xx_hal_rcc_ex.c ****             frequency = (pllvco / (((READ_BIT(RCC->PLLSAI2CFGR, RCC_PLLSAI2CFGR_PLLSAI2R) >> RCC_PL
1680:Drivers/STM32L4xx_HAL_Driver/Src/stm32l4xx_hal_rcc_ex.c ****           }
1681:Drivers/STM32L4xx_HAL_Driver/Src/stm32l4xx_hal_rcc_ex.c ****           break;
1682:Drivers/STM32L4xx_HAL_Driver/Src/stm32l4xx_hal_rcc_ex.c **** #endif /* STM32L471xx || STM32L475xx || STM32L476xx || STM32L485xx || STM32L486xx || STM32L496xx ||
1683:Drivers/STM32L4xx_HAL_Driver/Src/stm32l4xx_hal_rcc_ex.c ****         default:
ARM GAS  /tmp/ccBxf6FW.s 			page 31


1684:Drivers/STM32L4xx_HAL_Driver/Src/stm32l4xx_hal_rcc_ex.c ****           /* No clock source, frequency default init at 0 */
1685:Drivers/STM32L4xx_HAL_Driver/Src/stm32l4xx_hal_rcc_ex.c ****           break;
1686:Drivers/STM32L4xx_HAL_Driver/Src/stm32l4xx_hal_rcc_ex.c ****         }
1687:Drivers/STM32L4xx_HAL_Driver/Src/stm32l4xx_hal_rcc_ex.c **** 
1688:Drivers/STM32L4xx_HAL_Driver/Src/stm32l4xx_hal_rcc_ex.c ****         break;
1689:Drivers/STM32L4xx_HAL_Driver/Src/stm32l4xx_hal_rcc_ex.c ****       }
1690:Drivers/STM32L4xx_HAL_Driver/Src/stm32l4xx_hal_rcc_ex.c **** 
1691:Drivers/STM32L4xx_HAL_Driver/Src/stm32l4xx_hal_rcc_ex.c **** #if defined(DFSDM1_Filter0)
1692:Drivers/STM32L4xx_HAL_Driver/Src/stm32l4xx_hal_rcc_ex.c **** 
1693:Drivers/STM32L4xx_HAL_Driver/Src/stm32l4xx_hal_rcc_ex.c ****     case RCC_PERIPHCLK_DFSDM1:
1694:Drivers/STM32L4xx_HAL_Driver/Src/stm32l4xx_hal_rcc_ex.c ****       {
1695:Drivers/STM32L4xx_HAL_Driver/Src/stm32l4xx_hal_rcc_ex.c ****         /* Get the current DFSDM1 source */
1696:Drivers/STM32L4xx_HAL_Driver/Src/stm32l4xx_hal_rcc_ex.c ****         srcclk = __HAL_RCC_GET_DFSDM1_SOURCE();
1697:Drivers/STM32L4xx_HAL_Driver/Src/stm32l4xx_hal_rcc_ex.c **** 
1698:Drivers/STM32L4xx_HAL_Driver/Src/stm32l4xx_hal_rcc_ex.c ****         if(srcclk == RCC_DFSDM1CLKSOURCE_PCLK2)
1699:Drivers/STM32L4xx_HAL_Driver/Src/stm32l4xx_hal_rcc_ex.c ****         {
1700:Drivers/STM32L4xx_HAL_Driver/Src/stm32l4xx_hal_rcc_ex.c ****           frequency = HAL_RCC_GetPCLK2Freq();
1701:Drivers/STM32L4xx_HAL_Driver/Src/stm32l4xx_hal_rcc_ex.c ****         }
1702:Drivers/STM32L4xx_HAL_Driver/Src/stm32l4xx_hal_rcc_ex.c ****         else
1703:Drivers/STM32L4xx_HAL_Driver/Src/stm32l4xx_hal_rcc_ex.c ****         {
1704:Drivers/STM32L4xx_HAL_Driver/Src/stm32l4xx_hal_rcc_ex.c ****           frequency = HAL_RCC_GetSysClockFreq();
1705:Drivers/STM32L4xx_HAL_Driver/Src/stm32l4xx_hal_rcc_ex.c ****         }
1706:Drivers/STM32L4xx_HAL_Driver/Src/stm32l4xx_hal_rcc_ex.c **** 
1707:Drivers/STM32L4xx_HAL_Driver/Src/stm32l4xx_hal_rcc_ex.c ****         break;
1708:Drivers/STM32L4xx_HAL_Driver/Src/stm32l4xx_hal_rcc_ex.c ****       }
1709:Drivers/STM32L4xx_HAL_Driver/Src/stm32l4xx_hal_rcc_ex.c **** 
1710:Drivers/STM32L4xx_HAL_Driver/Src/stm32l4xx_hal_rcc_ex.c **** #if defined(STM32L4R5xx) || defined(STM32L4R7xx) || defined(STM32L4R9xx) || defined(STM32L4S5xx) ||
1711:Drivers/STM32L4xx_HAL_Driver/Src/stm32l4xx_hal_rcc_ex.c **** 
1712:Drivers/STM32L4xx_HAL_Driver/Src/stm32l4xx_hal_rcc_ex.c ****     case RCC_PERIPHCLK_DFSDM1AUDIO:
1713:Drivers/STM32L4xx_HAL_Driver/Src/stm32l4xx_hal_rcc_ex.c ****       {
1714:Drivers/STM32L4xx_HAL_Driver/Src/stm32l4xx_hal_rcc_ex.c ****         /* Get the current DFSDM1 audio source */
1715:Drivers/STM32L4xx_HAL_Driver/Src/stm32l4xx_hal_rcc_ex.c ****         srcclk = __HAL_RCC_GET_DFSDM1AUDIO_SOURCE();
1716:Drivers/STM32L4xx_HAL_Driver/Src/stm32l4xx_hal_rcc_ex.c **** 
1717:Drivers/STM32L4xx_HAL_Driver/Src/stm32l4xx_hal_rcc_ex.c ****         switch(srcclk)
1718:Drivers/STM32L4xx_HAL_Driver/Src/stm32l4xx_hal_rcc_ex.c ****         {
1719:Drivers/STM32L4xx_HAL_Driver/Src/stm32l4xx_hal_rcc_ex.c ****         case RCC_DFSDM1AUDIOCLKSOURCE_SAI1:
1720:Drivers/STM32L4xx_HAL_Driver/Src/stm32l4xx_hal_rcc_ex.c ****           frequency = RCCEx_GetSAIxPeriphCLKFreq(RCC_PERIPHCLK_SAI1, pllvco);
1721:Drivers/STM32L4xx_HAL_Driver/Src/stm32l4xx_hal_rcc_ex.c ****           break;
1722:Drivers/STM32L4xx_HAL_Driver/Src/stm32l4xx_hal_rcc_ex.c ****         case RCC_DFSDM1AUDIOCLKSOURCE_MSI:
1723:Drivers/STM32L4xx_HAL_Driver/Src/stm32l4xx_hal_rcc_ex.c ****           if(HAL_IS_BIT_SET(RCC->CR, RCC_CR_MSIRDY))
1724:Drivers/STM32L4xx_HAL_Driver/Src/stm32l4xx_hal_rcc_ex.c ****           {
1725:Drivers/STM32L4xx_HAL_Driver/Src/stm32l4xx_hal_rcc_ex.c ****             /*MSI frequency range in HZ*/
1726:Drivers/STM32L4xx_HAL_Driver/Src/stm32l4xx_hal_rcc_ex.c ****             frequency = MSIRangeTable[(__HAL_RCC_GET_MSI_RANGE() >> 4U)];
1727:Drivers/STM32L4xx_HAL_Driver/Src/stm32l4xx_hal_rcc_ex.c ****           }
1728:Drivers/STM32L4xx_HAL_Driver/Src/stm32l4xx_hal_rcc_ex.c ****           break;
1729:Drivers/STM32L4xx_HAL_Driver/Src/stm32l4xx_hal_rcc_ex.c ****         case RCC_DFSDM1AUDIOCLKSOURCE_HSI:
1730:Drivers/STM32L4xx_HAL_Driver/Src/stm32l4xx_hal_rcc_ex.c ****           if(HAL_IS_BIT_SET(RCC->CR, RCC_CR_HSIRDY))
1731:Drivers/STM32L4xx_HAL_Driver/Src/stm32l4xx_hal_rcc_ex.c ****           {
1732:Drivers/STM32L4xx_HAL_Driver/Src/stm32l4xx_hal_rcc_ex.c ****             frequency = HSI_VALUE;
1733:Drivers/STM32L4xx_HAL_Driver/Src/stm32l4xx_hal_rcc_ex.c ****           }
1734:Drivers/STM32L4xx_HAL_Driver/Src/stm32l4xx_hal_rcc_ex.c ****           break;
1735:Drivers/STM32L4xx_HAL_Driver/Src/stm32l4xx_hal_rcc_ex.c ****         default:
1736:Drivers/STM32L4xx_HAL_Driver/Src/stm32l4xx_hal_rcc_ex.c ****           /* No clock source, frequency default init at 0 */
1737:Drivers/STM32L4xx_HAL_Driver/Src/stm32l4xx_hal_rcc_ex.c ****           break;
1738:Drivers/STM32L4xx_HAL_Driver/Src/stm32l4xx_hal_rcc_ex.c ****         }
1739:Drivers/STM32L4xx_HAL_Driver/Src/stm32l4xx_hal_rcc_ex.c **** 
1740:Drivers/STM32L4xx_HAL_Driver/Src/stm32l4xx_hal_rcc_ex.c ****         break;
ARM GAS  /tmp/ccBxf6FW.s 			page 32


1741:Drivers/STM32L4xx_HAL_Driver/Src/stm32l4xx_hal_rcc_ex.c ****       }
1742:Drivers/STM32L4xx_HAL_Driver/Src/stm32l4xx_hal_rcc_ex.c **** 
1743:Drivers/STM32L4xx_HAL_Driver/Src/stm32l4xx_hal_rcc_ex.c **** #endif /* STM32L4R5xx || STM32L4R7xx || STM32L4R9xx || STM32L4S5xx || STM32L4S7xx || STM32L4S9xx */
1744:Drivers/STM32L4xx_HAL_Driver/Src/stm32l4xx_hal_rcc_ex.c **** 
1745:Drivers/STM32L4xx_HAL_Driver/Src/stm32l4xx_hal_rcc_ex.c **** #endif /* DFSDM1_Filter0 */
1746:Drivers/STM32L4xx_HAL_Driver/Src/stm32l4xx_hal_rcc_ex.c **** 
1747:Drivers/STM32L4xx_HAL_Driver/Src/stm32l4xx_hal_rcc_ex.c ****     case RCC_PERIPHCLK_I2C1:
1748:Drivers/STM32L4xx_HAL_Driver/Src/stm32l4xx_hal_rcc_ex.c ****       {
1749:Drivers/STM32L4xx_HAL_Driver/Src/stm32l4xx_hal_rcc_ex.c ****         /* Get the current I2C1 source */
1750:Drivers/STM32L4xx_HAL_Driver/Src/stm32l4xx_hal_rcc_ex.c ****         srcclk = __HAL_RCC_GET_I2C1_SOURCE();
1751:Drivers/STM32L4xx_HAL_Driver/Src/stm32l4xx_hal_rcc_ex.c **** 
1752:Drivers/STM32L4xx_HAL_Driver/Src/stm32l4xx_hal_rcc_ex.c ****         switch(srcclk)
1753:Drivers/STM32L4xx_HAL_Driver/Src/stm32l4xx_hal_rcc_ex.c ****         {
1754:Drivers/STM32L4xx_HAL_Driver/Src/stm32l4xx_hal_rcc_ex.c ****         case RCC_I2C1CLKSOURCE_PCLK1:
1755:Drivers/STM32L4xx_HAL_Driver/Src/stm32l4xx_hal_rcc_ex.c ****           frequency = HAL_RCC_GetPCLK1Freq();
1756:Drivers/STM32L4xx_HAL_Driver/Src/stm32l4xx_hal_rcc_ex.c ****           break;
1757:Drivers/STM32L4xx_HAL_Driver/Src/stm32l4xx_hal_rcc_ex.c ****         case RCC_I2C1CLKSOURCE_SYSCLK:
1758:Drivers/STM32L4xx_HAL_Driver/Src/stm32l4xx_hal_rcc_ex.c ****           frequency = HAL_RCC_GetSysClockFreq();
1759:Drivers/STM32L4xx_HAL_Driver/Src/stm32l4xx_hal_rcc_ex.c ****           break;
1760:Drivers/STM32L4xx_HAL_Driver/Src/stm32l4xx_hal_rcc_ex.c ****         case RCC_I2C1CLKSOURCE_HSI:
1761:Drivers/STM32L4xx_HAL_Driver/Src/stm32l4xx_hal_rcc_ex.c ****           if(HAL_IS_BIT_SET(RCC->CR, RCC_CR_HSIRDY))
1762:Drivers/STM32L4xx_HAL_Driver/Src/stm32l4xx_hal_rcc_ex.c ****           {
1763:Drivers/STM32L4xx_HAL_Driver/Src/stm32l4xx_hal_rcc_ex.c ****             frequency = HSI_VALUE;
1764:Drivers/STM32L4xx_HAL_Driver/Src/stm32l4xx_hal_rcc_ex.c ****           }
1765:Drivers/STM32L4xx_HAL_Driver/Src/stm32l4xx_hal_rcc_ex.c ****           break;
1766:Drivers/STM32L4xx_HAL_Driver/Src/stm32l4xx_hal_rcc_ex.c ****         default:
1767:Drivers/STM32L4xx_HAL_Driver/Src/stm32l4xx_hal_rcc_ex.c ****           /* No clock source, frequency default init at 0 */
1768:Drivers/STM32L4xx_HAL_Driver/Src/stm32l4xx_hal_rcc_ex.c ****           break;
1769:Drivers/STM32L4xx_HAL_Driver/Src/stm32l4xx_hal_rcc_ex.c ****         }
1770:Drivers/STM32L4xx_HAL_Driver/Src/stm32l4xx_hal_rcc_ex.c **** 
1771:Drivers/STM32L4xx_HAL_Driver/Src/stm32l4xx_hal_rcc_ex.c ****         break;
1772:Drivers/STM32L4xx_HAL_Driver/Src/stm32l4xx_hal_rcc_ex.c ****       }
1773:Drivers/STM32L4xx_HAL_Driver/Src/stm32l4xx_hal_rcc_ex.c **** 
1774:Drivers/STM32L4xx_HAL_Driver/Src/stm32l4xx_hal_rcc_ex.c **** #if defined(I2C2)
1775:Drivers/STM32L4xx_HAL_Driver/Src/stm32l4xx_hal_rcc_ex.c **** 
1776:Drivers/STM32L4xx_HAL_Driver/Src/stm32l4xx_hal_rcc_ex.c ****     case RCC_PERIPHCLK_I2C2:
1777:Drivers/STM32L4xx_HAL_Driver/Src/stm32l4xx_hal_rcc_ex.c ****       {
1778:Drivers/STM32L4xx_HAL_Driver/Src/stm32l4xx_hal_rcc_ex.c ****         /* Get the current I2C2 source */
1779:Drivers/STM32L4xx_HAL_Driver/Src/stm32l4xx_hal_rcc_ex.c ****         srcclk = __HAL_RCC_GET_I2C2_SOURCE();
1780:Drivers/STM32L4xx_HAL_Driver/Src/stm32l4xx_hal_rcc_ex.c **** 
1781:Drivers/STM32L4xx_HAL_Driver/Src/stm32l4xx_hal_rcc_ex.c ****         switch(srcclk)
1782:Drivers/STM32L4xx_HAL_Driver/Src/stm32l4xx_hal_rcc_ex.c ****         {
1783:Drivers/STM32L4xx_HAL_Driver/Src/stm32l4xx_hal_rcc_ex.c ****         case RCC_I2C2CLKSOURCE_PCLK1:
1784:Drivers/STM32L4xx_HAL_Driver/Src/stm32l4xx_hal_rcc_ex.c ****           frequency = HAL_RCC_GetPCLK1Freq();
1785:Drivers/STM32L4xx_HAL_Driver/Src/stm32l4xx_hal_rcc_ex.c ****           break;
1786:Drivers/STM32L4xx_HAL_Driver/Src/stm32l4xx_hal_rcc_ex.c ****         case RCC_I2C2CLKSOURCE_SYSCLK:
1787:Drivers/STM32L4xx_HAL_Driver/Src/stm32l4xx_hal_rcc_ex.c ****           frequency = HAL_RCC_GetSysClockFreq();
1788:Drivers/STM32L4xx_HAL_Driver/Src/stm32l4xx_hal_rcc_ex.c ****           break;
1789:Drivers/STM32L4xx_HAL_Driver/Src/stm32l4xx_hal_rcc_ex.c ****         case RCC_I2C2CLKSOURCE_HSI:
1790:Drivers/STM32L4xx_HAL_Driver/Src/stm32l4xx_hal_rcc_ex.c ****           if(HAL_IS_BIT_SET(RCC->CR, RCC_CR_HSIRDY))
1791:Drivers/STM32L4xx_HAL_Driver/Src/stm32l4xx_hal_rcc_ex.c ****           {
1792:Drivers/STM32L4xx_HAL_Driver/Src/stm32l4xx_hal_rcc_ex.c ****             frequency = HSI_VALUE;
1793:Drivers/STM32L4xx_HAL_Driver/Src/stm32l4xx_hal_rcc_ex.c ****           }
1794:Drivers/STM32L4xx_HAL_Driver/Src/stm32l4xx_hal_rcc_ex.c ****           break;
1795:Drivers/STM32L4xx_HAL_Driver/Src/stm32l4xx_hal_rcc_ex.c ****         default:
1796:Drivers/STM32L4xx_HAL_Driver/Src/stm32l4xx_hal_rcc_ex.c ****           /* No clock source, frequency default init at 0 */
1797:Drivers/STM32L4xx_HAL_Driver/Src/stm32l4xx_hal_rcc_ex.c ****           break;
ARM GAS  /tmp/ccBxf6FW.s 			page 33


1798:Drivers/STM32L4xx_HAL_Driver/Src/stm32l4xx_hal_rcc_ex.c ****         }
1799:Drivers/STM32L4xx_HAL_Driver/Src/stm32l4xx_hal_rcc_ex.c **** 
1800:Drivers/STM32L4xx_HAL_Driver/Src/stm32l4xx_hal_rcc_ex.c ****         break;
1801:Drivers/STM32L4xx_HAL_Driver/Src/stm32l4xx_hal_rcc_ex.c ****       }
1802:Drivers/STM32L4xx_HAL_Driver/Src/stm32l4xx_hal_rcc_ex.c **** 
1803:Drivers/STM32L4xx_HAL_Driver/Src/stm32l4xx_hal_rcc_ex.c **** #endif /* I2C2 */
1804:Drivers/STM32L4xx_HAL_Driver/Src/stm32l4xx_hal_rcc_ex.c **** 
1805:Drivers/STM32L4xx_HAL_Driver/Src/stm32l4xx_hal_rcc_ex.c ****     case RCC_PERIPHCLK_I2C3:
1806:Drivers/STM32L4xx_HAL_Driver/Src/stm32l4xx_hal_rcc_ex.c ****       {
1807:Drivers/STM32L4xx_HAL_Driver/Src/stm32l4xx_hal_rcc_ex.c ****         /* Get the current I2C3 source */
1808:Drivers/STM32L4xx_HAL_Driver/Src/stm32l4xx_hal_rcc_ex.c ****         srcclk = __HAL_RCC_GET_I2C3_SOURCE();
1809:Drivers/STM32L4xx_HAL_Driver/Src/stm32l4xx_hal_rcc_ex.c **** 
1810:Drivers/STM32L4xx_HAL_Driver/Src/stm32l4xx_hal_rcc_ex.c ****         switch(srcclk)
1811:Drivers/STM32L4xx_HAL_Driver/Src/stm32l4xx_hal_rcc_ex.c ****         {
1812:Drivers/STM32L4xx_HAL_Driver/Src/stm32l4xx_hal_rcc_ex.c ****         case RCC_I2C3CLKSOURCE_PCLK1:
1813:Drivers/STM32L4xx_HAL_Driver/Src/stm32l4xx_hal_rcc_ex.c ****           frequency = HAL_RCC_GetPCLK1Freq();
1814:Drivers/STM32L4xx_HAL_Driver/Src/stm32l4xx_hal_rcc_ex.c ****           break;
1815:Drivers/STM32L4xx_HAL_Driver/Src/stm32l4xx_hal_rcc_ex.c ****         case RCC_I2C3CLKSOURCE_SYSCLK:
1816:Drivers/STM32L4xx_HAL_Driver/Src/stm32l4xx_hal_rcc_ex.c ****           frequency = HAL_RCC_GetSysClockFreq();
1817:Drivers/STM32L4xx_HAL_Driver/Src/stm32l4xx_hal_rcc_ex.c ****           break;
1818:Drivers/STM32L4xx_HAL_Driver/Src/stm32l4xx_hal_rcc_ex.c ****         case RCC_I2C3CLKSOURCE_HSI:
1819:Drivers/STM32L4xx_HAL_Driver/Src/stm32l4xx_hal_rcc_ex.c ****           if(HAL_IS_BIT_SET(RCC->CR, RCC_CR_HSIRDY))
1820:Drivers/STM32L4xx_HAL_Driver/Src/stm32l4xx_hal_rcc_ex.c ****           {
1821:Drivers/STM32L4xx_HAL_Driver/Src/stm32l4xx_hal_rcc_ex.c ****             frequency = HSI_VALUE;
1822:Drivers/STM32L4xx_HAL_Driver/Src/stm32l4xx_hal_rcc_ex.c ****           }
1823:Drivers/STM32L4xx_HAL_Driver/Src/stm32l4xx_hal_rcc_ex.c ****           break;
1824:Drivers/STM32L4xx_HAL_Driver/Src/stm32l4xx_hal_rcc_ex.c ****         default:
1825:Drivers/STM32L4xx_HAL_Driver/Src/stm32l4xx_hal_rcc_ex.c ****           /* No clock source, frequency default init at 0 */
1826:Drivers/STM32L4xx_HAL_Driver/Src/stm32l4xx_hal_rcc_ex.c ****           break;
1827:Drivers/STM32L4xx_HAL_Driver/Src/stm32l4xx_hal_rcc_ex.c ****         }
1828:Drivers/STM32L4xx_HAL_Driver/Src/stm32l4xx_hal_rcc_ex.c **** 
1829:Drivers/STM32L4xx_HAL_Driver/Src/stm32l4xx_hal_rcc_ex.c ****         break;
1830:Drivers/STM32L4xx_HAL_Driver/Src/stm32l4xx_hal_rcc_ex.c ****       }
1831:Drivers/STM32L4xx_HAL_Driver/Src/stm32l4xx_hal_rcc_ex.c **** 
1832:Drivers/STM32L4xx_HAL_Driver/Src/stm32l4xx_hal_rcc_ex.c **** #if defined(I2C4)
1833:Drivers/STM32L4xx_HAL_Driver/Src/stm32l4xx_hal_rcc_ex.c **** 
1834:Drivers/STM32L4xx_HAL_Driver/Src/stm32l4xx_hal_rcc_ex.c ****     case RCC_PERIPHCLK_I2C4:
1835:Drivers/STM32L4xx_HAL_Driver/Src/stm32l4xx_hal_rcc_ex.c ****       {
1836:Drivers/STM32L4xx_HAL_Driver/Src/stm32l4xx_hal_rcc_ex.c ****         /* Get the current I2C4 source */
1837:Drivers/STM32L4xx_HAL_Driver/Src/stm32l4xx_hal_rcc_ex.c ****         srcclk = __HAL_RCC_GET_I2C4_SOURCE();
1838:Drivers/STM32L4xx_HAL_Driver/Src/stm32l4xx_hal_rcc_ex.c **** 
1839:Drivers/STM32L4xx_HAL_Driver/Src/stm32l4xx_hal_rcc_ex.c ****         switch(srcclk)
1840:Drivers/STM32L4xx_HAL_Driver/Src/stm32l4xx_hal_rcc_ex.c ****         {
1841:Drivers/STM32L4xx_HAL_Driver/Src/stm32l4xx_hal_rcc_ex.c ****         case RCC_I2C4CLKSOURCE_PCLK1:
1842:Drivers/STM32L4xx_HAL_Driver/Src/stm32l4xx_hal_rcc_ex.c ****           frequency = HAL_RCC_GetPCLK1Freq();
1843:Drivers/STM32L4xx_HAL_Driver/Src/stm32l4xx_hal_rcc_ex.c ****           break;
1844:Drivers/STM32L4xx_HAL_Driver/Src/stm32l4xx_hal_rcc_ex.c ****         case RCC_I2C4CLKSOURCE_SYSCLK:
1845:Drivers/STM32L4xx_HAL_Driver/Src/stm32l4xx_hal_rcc_ex.c ****           frequency = HAL_RCC_GetSysClockFreq();
1846:Drivers/STM32L4xx_HAL_Driver/Src/stm32l4xx_hal_rcc_ex.c ****           break;
1847:Drivers/STM32L4xx_HAL_Driver/Src/stm32l4xx_hal_rcc_ex.c ****         case RCC_I2C4CLKSOURCE_HSI:
1848:Drivers/STM32L4xx_HAL_Driver/Src/stm32l4xx_hal_rcc_ex.c ****           if(HAL_IS_BIT_SET(RCC->CR, RCC_CR_HSIRDY))
1849:Drivers/STM32L4xx_HAL_Driver/Src/stm32l4xx_hal_rcc_ex.c ****           {
1850:Drivers/STM32L4xx_HAL_Driver/Src/stm32l4xx_hal_rcc_ex.c ****             frequency = HSI_VALUE;
1851:Drivers/STM32L4xx_HAL_Driver/Src/stm32l4xx_hal_rcc_ex.c ****           }
1852:Drivers/STM32L4xx_HAL_Driver/Src/stm32l4xx_hal_rcc_ex.c ****           break;
1853:Drivers/STM32L4xx_HAL_Driver/Src/stm32l4xx_hal_rcc_ex.c ****         default:
1854:Drivers/STM32L4xx_HAL_Driver/Src/stm32l4xx_hal_rcc_ex.c ****           /* No clock source, frequency default init at 0 */
ARM GAS  /tmp/ccBxf6FW.s 			page 34


1855:Drivers/STM32L4xx_HAL_Driver/Src/stm32l4xx_hal_rcc_ex.c ****           break;
1856:Drivers/STM32L4xx_HAL_Driver/Src/stm32l4xx_hal_rcc_ex.c ****         }
1857:Drivers/STM32L4xx_HAL_Driver/Src/stm32l4xx_hal_rcc_ex.c **** 
1858:Drivers/STM32L4xx_HAL_Driver/Src/stm32l4xx_hal_rcc_ex.c ****         break;
1859:Drivers/STM32L4xx_HAL_Driver/Src/stm32l4xx_hal_rcc_ex.c ****       }
1860:Drivers/STM32L4xx_HAL_Driver/Src/stm32l4xx_hal_rcc_ex.c **** 
1861:Drivers/STM32L4xx_HAL_Driver/Src/stm32l4xx_hal_rcc_ex.c **** #endif /* I2C4 */
1862:Drivers/STM32L4xx_HAL_Driver/Src/stm32l4xx_hal_rcc_ex.c **** 
1863:Drivers/STM32L4xx_HAL_Driver/Src/stm32l4xx_hal_rcc_ex.c ****     case RCC_PERIPHCLK_LPTIM1:
1864:Drivers/STM32L4xx_HAL_Driver/Src/stm32l4xx_hal_rcc_ex.c ****       {
1865:Drivers/STM32L4xx_HAL_Driver/Src/stm32l4xx_hal_rcc_ex.c ****         /* Get the current LPTIM1 source */
1866:Drivers/STM32L4xx_HAL_Driver/Src/stm32l4xx_hal_rcc_ex.c ****         srcclk = __HAL_RCC_GET_LPTIM1_SOURCE();
1867:Drivers/STM32L4xx_HAL_Driver/Src/stm32l4xx_hal_rcc_ex.c **** 
1868:Drivers/STM32L4xx_HAL_Driver/Src/stm32l4xx_hal_rcc_ex.c ****         switch(srcclk)
1869:Drivers/STM32L4xx_HAL_Driver/Src/stm32l4xx_hal_rcc_ex.c ****         {
1870:Drivers/STM32L4xx_HAL_Driver/Src/stm32l4xx_hal_rcc_ex.c ****         case RCC_LPTIM1CLKSOURCE_PCLK1:
1871:Drivers/STM32L4xx_HAL_Driver/Src/stm32l4xx_hal_rcc_ex.c ****           frequency = HAL_RCC_GetPCLK1Freq();
1872:Drivers/STM32L4xx_HAL_Driver/Src/stm32l4xx_hal_rcc_ex.c ****           break;
1873:Drivers/STM32L4xx_HAL_Driver/Src/stm32l4xx_hal_rcc_ex.c ****         case RCC_LPTIM1CLKSOURCE_LSI:
1874:Drivers/STM32L4xx_HAL_Driver/Src/stm32l4xx_hal_rcc_ex.c ****           if(HAL_IS_BIT_SET(RCC->CSR, RCC_CSR_LSIRDY))
1875:Drivers/STM32L4xx_HAL_Driver/Src/stm32l4xx_hal_rcc_ex.c ****           {
1876:Drivers/STM32L4xx_HAL_Driver/Src/stm32l4xx_hal_rcc_ex.c **** #if defined(RCC_CSR_LSIPREDIV)
1877:Drivers/STM32L4xx_HAL_Driver/Src/stm32l4xx_hal_rcc_ex.c ****             if(HAL_IS_BIT_SET(RCC->CSR, RCC_CSR_LSIPREDIV))
1878:Drivers/STM32L4xx_HAL_Driver/Src/stm32l4xx_hal_rcc_ex.c ****             {
1879:Drivers/STM32L4xx_HAL_Driver/Src/stm32l4xx_hal_rcc_ex.c ****               frequency = LSI_VALUE/128U;
1880:Drivers/STM32L4xx_HAL_Driver/Src/stm32l4xx_hal_rcc_ex.c ****             }
1881:Drivers/STM32L4xx_HAL_Driver/Src/stm32l4xx_hal_rcc_ex.c ****             else
1882:Drivers/STM32L4xx_HAL_Driver/Src/stm32l4xx_hal_rcc_ex.c **** #endif /* RCC_CSR_LSIPREDIV */
1883:Drivers/STM32L4xx_HAL_Driver/Src/stm32l4xx_hal_rcc_ex.c ****             {
1884:Drivers/STM32L4xx_HAL_Driver/Src/stm32l4xx_hal_rcc_ex.c ****               frequency = LSI_VALUE;
1885:Drivers/STM32L4xx_HAL_Driver/Src/stm32l4xx_hal_rcc_ex.c ****             }
1886:Drivers/STM32L4xx_HAL_Driver/Src/stm32l4xx_hal_rcc_ex.c ****           }
1887:Drivers/STM32L4xx_HAL_Driver/Src/stm32l4xx_hal_rcc_ex.c ****           break;
1888:Drivers/STM32L4xx_HAL_Driver/Src/stm32l4xx_hal_rcc_ex.c ****         case RCC_LPTIM1CLKSOURCE_HSI:
1889:Drivers/STM32L4xx_HAL_Driver/Src/stm32l4xx_hal_rcc_ex.c ****           if(HAL_IS_BIT_SET(RCC->CR, RCC_CR_HSIRDY))
1890:Drivers/STM32L4xx_HAL_Driver/Src/stm32l4xx_hal_rcc_ex.c ****           {
1891:Drivers/STM32L4xx_HAL_Driver/Src/stm32l4xx_hal_rcc_ex.c ****             frequency = HSI_VALUE;
1892:Drivers/STM32L4xx_HAL_Driver/Src/stm32l4xx_hal_rcc_ex.c ****           }
1893:Drivers/STM32L4xx_HAL_Driver/Src/stm32l4xx_hal_rcc_ex.c ****           break;
1894:Drivers/STM32L4xx_HAL_Driver/Src/stm32l4xx_hal_rcc_ex.c ****         case RCC_LPTIM1CLKSOURCE_LSE:
1895:Drivers/STM32L4xx_HAL_Driver/Src/stm32l4xx_hal_rcc_ex.c ****           if(HAL_IS_BIT_SET(RCC->BDCR, RCC_BDCR_LSERDY))
1896:Drivers/STM32L4xx_HAL_Driver/Src/stm32l4xx_hal_rcc_ex.c ****           {
1897:Drivers/STM32L4xx_HAL_Driver/Src/stm32l4xx_hal_rcc_ex.c ****             frequency = LSE_VALUE;
1898:Drivers/STM32L4xx_HAL_Driver/Src/stm32l4xx_hal_rcc_ex.c ****           }
1899:Drivers/STM32L4xx_HAL_Driver/Src/stm32l4xx_hal_rcc_ex.c ****           break;
1900:Drivers/STM32L4xx_HAL_Driver/Src/stm32l4xx_hal_rcc_ex.c ****         default:
1901:Drivers/STM32L4xx_HAL_Driver/Src/stm32l4xx_hal_rcc_ex.c ****           /* No clock source, frequency default init at 0 */
1902:Drivers/STM32L4xx_HAL_Driver/Src/stm32l4xx_hal_rcc_ex.c ****           break;
1903:Drivers/STM32L4xx_HAL_Driver/Src/stm32l4xx_hal_rcc_ex.c ****         }
1904:Drivers/STM32L4xx_HAL_Driver/Src/stm32l4xx_hal_rcc_ex.c **** 
1905:Drivers/STM32L4xx_HAL_Driver/Src/stm32l4xx_hal_rcc_ex.c ****         break;
1906:Drivers/STM32L4xx_HAL_Driver/Src/stm32l4xx_hal_rcc_ex.c ****       }
1907:Drivers/STM32L4xx_HAL_Driver/Src/stm32l4xx_hal_rcc_ex.c **** 
1908:Drivers/STM32L4xx_HAL_Driver/Src/stm32l4xx_hal_rcc_ex.c ****     case RCC_PERIPHCLK_LPTIM2:
1909:Drivers/STM32L4xx_HAL_Driver/Src/stm32l4xx_hal_rcc_ex.c ****       {
1910:Drivers/STM32L4xx_HAL_Driver/Src/stm32l4xx_hal_rcc_ex.c ****         /* Get the current LPTIM2 source */
1911:Drivers/STM32L4xx_HAL_Driver/Src/stm32l4xx_hal_rcc_ex.c ****        srcclk = __HAL_RCC_GET_LPTIM2_SOURCE();
ARM GAS  /tmp/ccBxf6FW.s 			page 35


1912:Drivers/STM32L4xx_HAL_Driver/Src/stm32l4xx_hal_rcc_ex.c **** 
1913:Drivers/STM32L4xx_HAL_Driver/Src/stm32l4xx_hal_rcc_ex.c ****         switch(srcclk)
1914:Drivers/STM32L4xx_HAL_Driver/Src/stm32l4xx_hal_rcc_ex.c ****         {
1915:Drivers/STM32L4xx_HAL_Driver/Src/stm32l4xx_hal_rcc_ex.c ****         case RCC_LPTIM2CLKSOURCE_PCLK1:
1916:Drivers/STM32L4xx_HAL_Driver/Src/stm32l4xx_hal_rcc_ex.c ****           frequency = HAL_RCC_GetPCLK1Freq();
1917:Drivers/STM32L4xx_HAL_Driver/Src/stm32l4xx_hal_rcc_ex.c ****           break;
1918:Drivers/STM32L4xx_HAL_Driver/Src/stm32l4xx_hal_rcc_ex.c ****         case RCC_LPTIM2CLKSOURCE_LSI:
1919:Drivers/STM32L4xx_HAL_Driver/Src/stm32l4xx_hal_rcc_ex.c ****           if(HAL_IS_BIT_SET(RCC->CSR, RCC_CSR_LSIRDY))
1920:Drivers/STM32L4xx_HAL_Driver/Src/stm32l4xx_hal_rcc_ex.c ****           {
1921:Drivers/STM32L4xx_HAL_Driver/Src/stm32l4xx_hal_rcc_ex.c **** #if defined(RCC_CSR_LSIPREDIV)
1922:Drivers/STM32L4xx_HAL_Driver/Src/stm32l4xx_hal_rcc_ex.c ****             if(HAL_IS_BIT_SET(RCC->CSR, RCC_CSR_LSIPREDIV))
1923:Drivers/STM32L4xx_HAL_Driver/Src/stm32l4xx_hal_rcc_ex.c ****             {
1924:Drivers/STM32L4xx_HAL_Driver/Src/stm32l4xx_hal_rcc_ex.c ****               frequency = LSI_VALUE/128U;
1925:Drivers/STM32L4xx_HAL_Driver/Src/stm32l4xx_hal_rcc_ex.c ****             }
1926:Drivers/STM32L4xx_HAL_Driver/Src/stm32l4xx_hal_rcc_ex.c ****             else
1927:Drivers/STM32L4xx_HAL_Driver/Src/stm32l4xx_hal_rcc_ex.c **** #endif /* RCC_CSR_LSIPREDIV */
1928:Drivers/STM32L4xx_HAL_Driver/Src/stm32l4xx_hal_rcc_ex.c ****             {
1929:Drivers/STM32L4xx_HAL_Driver/Src/stm32l4xx_hal_rcc_ex.c ****               frequency = LSI_VALUE;
1930:Drivers/STM32L4xx_HAL_Driver/Src/stm32l4xx_hal_rcc_ex.c ****             }
1931:Drivers/STM32L4xx_HAL_Driver/Src/stm32l4xx_hal_rcc_ex.c ****           }
1932:Drivers/STM32L4xx_HAL_Driver/Src/stm32l4xx_hal_rcc_ex.c ****           break;
1933:Drivers/STM32L4xx_HAL_Driver/Src/stm32l4xx_hal_rcc_ex.c ****         case RCC_LPTIM2CLKSOURCE_HSI:
1934:Drivers/STM32L4xx_HAL_Driver/Src/stm32l4xx_hal_rcc_ex.c ****           if(HAL_IS_BIT_SET(RCC->CR, RCC_CR_HSIRDY))
1935:Drivers/STM32L4xx_HAL_Driver/Src/stm32l4xx_hal_rcc_ex.c ****           {
1936:Drivers/STM32L4xx_HAL_Driver/Src/stm32l4xx_hal_rcc_ex.c ****             frequency = HSI_VALUE;
1937:Drivers/STM32L4xx_HAL_Driver/Src/stm32l4xx_hal_rcc_ex.c ****           }
1938:Drivers/STM32L4xx_HAL_Driver/Src/stm32l4xx_hal_rcc_ex.c ****           break;
1939:Drivers/STM32L4xx_HAL_Driver/Src/stm32l4xx_hal_rcc_ex.c ****         case RCC_LPTIM2CLKSOURCE_LSE:
1940:Drivers/STM32L4xx_HAL_Driver/Src/stm32l4xx_hal_rcc_ex.c ****           if(HAL_IS_BIT_SET(RCC->BDCR, RCC_BDCR_LSERDY))
1941:Drivers/STM32L4xx_HAL_Driver/Src/stm32l4xx_hal_rcc_ex.c ****           {
1942:Drivers/STM32L4xx_HAL_Driver/Src/stm32l4xx_hal_rcc_ex.c ****             frequency = LSE_VALUE;
1943:Drivers/STM32L4xx_HAL_Driver/Src/stm32l4xx_hal_rcc_ex.c ****           }
1944:Drivers/STM32L4xx_HAL_Driver/Src/stm32l4xx_hal_rcc_ex.c ****           break;
1945:Drivers/STM32L4xx_HAL_Driver/Src/stm32l4xx_hal_rcc_ex.c ****         default:
1946:Drivers/STM32L4xx_HAL_Driver/Src/stm32l4xx_hal_rcc_ex.c ****           /* No clock source, frequency default init at 0 */
1947:Drivers/STM32L4xx_HAL_Driver/Src/stm32l4xx_hal_rcc_ex.c ****           break;
1948:Drivers/STM32L4xx_HAL_Driver/Src/stm32l4xx_hal_rcc_ex.c ****         }
1949:Drivers/STM32L4xx_HAL_Driver/Src/stm32l4xx_hal_rcc_ex.c **** 
1950:Drivers/STM32L4xx_HAL_Driver/Src/stm32l4xx_hal_rcc_ex.c ****         break;
1951:Drivers/STM32L4xx_HAL_Driver/Src/stm32l4xx_hal_rcc_ex.c ****       }
1952:Drivers/STM32L4xx_HAL_Driver/Src/stm32l4xx_hal_rcc_ex.c **** 
1953:Drivers/STM32L4xx_HAL_Driver/Src/stm32l4xx_hal_rcc_ex.c **** #if defined(SWPMI1)
1954:Drivers/STM32L4xx_HAL_Driver/Src/stm32l4xx_hal_rcc_ex.c **** 
1955:Drivers/STM32L4xx_HAL_Driver/Src/stm32l4xx_hal_rcc_ex.c ****     case RCC_PERIPHCLK_SWPMI1:
1956:Drivers/STM32L4xx_HAL_Driver/Src/stm32l4xx_hal_rcc_ex.c ****       {
1957:Drivers/STM32L4xx_HAL_Driver/Src/stm32l4xx_hal_rcc_ex.c ****         /* Get the current SWPMI1 source */
1958:Drivers/STM32L4xx_HAL_Driver/Src/stm32l4xx_hal_rcc_ex.c ****         srcclk = __HAL_RCC_GET_SWPMI1_SOURCE();
1959:Drivers/STM32L4xx_HAL_Driver/Src/stm32l4xx_hal_rcc_ex.c **** 
1960:Drivers/STM32L4xx_HAL_Driver/Src/stm32l4xx_hal_rcc_ex.c ****         switch(srcclk)
1961:Drivers/STM32L4xx_HAL_Driver/Src/stm32l4xx_hal_rcc_ex.c ****         {
1962:Drivers/STM32L4xx_HAL_Driver/Src/stm32l4xx_hal_rcc_ex.c ****         case RCC_SWPMI1CLKSOURCE_PCLK1:
1963:Drivers/STM32L4xx_HAL_Driver/Src/stm32l4xx_hal_rcc_ex.c ****           frequency = HAL_RCC_GetPCLK1Freq();
1964:Drivers/STM32L4xx_HAL_Driver/Src/stm32l4xx_hal_rcc_ex.c ****           break;
1965:Drivers/STM32L4xx_HAL_Driver/Src/stm32l4xx_hal_rcc_ex.c ****         case RCC_SWPMI1CLKSOURCE_HSI:
1966:Drivers/STM32L4xx_HAL_Driver/Src/stm32l4xx_hal_rcc_ex.c ****           if(HAL_IS_BIT_SET(RCC->CR, RCC_CR_HSIRDY))
1967:Drivers/STM32L4xx_HAL_Driver/Src/stm32l4xx_hal_rcc_ex.c ****           {
1968:Drivers/STM32L4xx_HAL_Driver/Src/stm32l4xx_hal_rcc_ex.c ****             frequency = HSI_VALUE;
ARM GAS  /tmp/ccBxf6FW.s 			page 36


1969:Drivers/STM32L4xx_HAL_Driver/Src/stm32l4xx_hal_rcc_ex.c ****           }
1970:Drivers/STM32L4xx_HAL_Driver/Src/stm32l4xx_hal_rcc_ex.c ****           break;
1971:Drivers/STM32L4xx_HAL_Driver/Src/stm32l4xx_hal_rcc_ex.c ****         default:
1972:Drivers/STM32L4xx_HAL_Driver/Src/stm32l4xx_hal_rcc_ex.c ****           /* No clock source, frequency default init at 0 */
1973:Drivers/STM32L4xx_HAL_Driver/Src/stm32l4xx_hal_rcc_ex.c ****           break;
1974:Drivers/STM32L4xx_HAL_Driver/Src/stm32l4xx_hal_rcc_ex.c ****         }
1975:Drivers/STM32L4xx_HAL_Driver/Src/stm32l4xx_hal_rcc_ex.c **** 
1976:Drivers/STM32L4xx_HAL_Driver/Src/stm32l4xx_hal_rcc_ex.c ****         break;
1977:Drivers/STM32L4xx_HAL_Driver/Src/stm32l4xx_hal_rcc_ex.c ****       }
1978:Drivers/STM32L4xx_HAL_Driver/Src/stm32l4xx_hal_rcc_ex.c **** 
1979:Drivers/STM32L4xx_HAL_Driver/Src/stm32l4xx_hal_rcc_ex.c **** #endif /* SWPMI1 */
1980:Drivers/STM32L4xx_HAL_Driver/Src/stm32l4xx_hal_rcc_ex.c **** 
1981:Drivers/STM32L4xx_HAL_Driver/Src/stm32l4xx_hal_rcc_ex.c **** #if defined(OCTOSPI1) || defined(OCTOSPI2)
1982:Drivers/STM32L4xx_HAL_Driver/Src/stm32l4xx_hal_rcc_ex.c **** 
1983:Drivers/STM32L4xx_HAL_Driver/Src/stm32l4xx_hal_rcc_ex.c ****     case RCC_PERIPHCLK_OSPI:
1984:Drivers/STM32L4xx_HAL_Driver/Src/stm32l4xx_hal_rcc_ex.c ****       {
1985:Drivers/STM32L4xx_HAL_Driver/Src/stm32l4xx_hal_rcc_ex.c ****         /* Get the current OctoSPI clock source */
1986:Drivers/STM32L4xx_HAL_Driver/Src/stm32l4xx_hal_rcc_ex.c ****         srcclk = __HAL_RCC_GET_OSPI_SOURCE();
1987:Drivers/STM32L4xx_HAL_Driver/Src/stm32l4xx_hal_rcc_ex.c **** 
1988:Drivers/STM32L4xx_HAL_Driver/Src/stm32l4xx_hal_rcc_ex.c ****         switch(srcclk)
1989:Drivers/STM32L4xx_HAL_Driver/Src/stm32l4xx_hal_rcc_ex.c ****         {
1990:Drivers/STM32L4xx_HAL_Driver/Src/stm32l4xx_hal_rcc_ex.c ****         case RCC_OSPICLKSOURCE_SYSCLK:
1991:Drivers/STM32L4xx_HAL_Driver/Src/stm32l4xx_hal_rcc_ex.c ****           frequency = HAL_RCC_GetSysClockFreq();
1992:Drivers/STM32L4xx_HAL_Driver/Src/stm32l4xx_hal_rcc_ex.c ****           break;
1993:Drivers/STM32L4xx_HAL_Driver/Src/stm32l4xx_hal_rcc_ex.c ****         case RCC_OSPICLKSOURCE_MSI:
1994:Drivers/STM32L4xx_HAL_Driver/Src/stm32l4xx_hal_rcc_ex.c ****           if(HAL_IS_BIT_SET(RCC->CR, RCC_CR_MSIRDY))
1995:Drivers/STM32L4xx_HAL_Driver/Src/stm32l4xx_hal_rcc_ex.c ****           {
1996:Drivers/STM32L4xx_HAL_Driver/Src/stm32l4xx_hal_rcc_ex.c ****             /*MSI frequency range in HZ*/
1997:Drivers/STM32L4xx_HAL_Driver/Src/stm32l4xx_hal_rcc_ex.c ****             frequency = MSIRangeTable[(__HAL_RCC_GET_MSI_RANGE() >> 4U)];
1998:Drivers/STM32L4xx_HAL_Driver/Src/stm32l4xx_hal_rcc_ex.c ****           }
1999:Drivers/STM32L4xx_HAL_Driver/Src/stm32l4xx_hal_rcc_ex.c ****           break;
2000:Drivers/STM32L4xx_HAL_Driver/Src/stm32l4xx_hal_rcc_ex.c ****         case RCC_OSPICLKSOURCE_PLL:
2001:Drivers/STM32L4xx_HAL_Driver/Src/stm32l4xx_hal_rcc_ex.c ****           if(HAL_IS_BIT_SET(RCC->CR, RCC_CR_PLLRDY))
2002:Drivers/STM32L4xx_HAL_Driver/Src/stm32l4xx_hal_rcc_ex.c ****           {
2003:Drivers/STM32L4xx_HAL_Driver/Src/stm32l4xx_hal_rcc_ex.c ****             if(HAL_IS_BIT_SET(RCC->PLLCFGR, RCC_PLLCFGR_PLLQEN))
2004:Drivers/STM32L4xx_HAL_Driver/Src/stm32l4xx_hal_rcc_ex.c ****             {
2005:Drivers/STM32L4xx_HAL_Driver/Src/stm32l4xx_hal_rcc_ex.c ****               /* f(PLL Source) * PLLN / PLLM */
2006:Drivers/STM32L4xx_HAL_Driver/Src/stm32l4xx_hal_rcc_ex.c ****               plln = READ_BIT(RCC->PLLCFGR, RCC_PLLCFGR_PLLN) >> RCC_PLLCFGR_PLLN_Pos;
2007:Drivers/STM32L4xx_HAL_Driver/Src/stm32l4xx_hal_rcc_ex.c ****               pllvco = ((pllvco * plln) / ((READ_BIT(RCC->PLLCFGR, RCC_PLLCFGR_PLLM) >> RCC_PLLCFGR
2008:Drivers/STM32L4xx_HAL_Driver/Src/stm32l4xx_hal_rcc_ex.c ****               /* f(PLL48M1CLK) = f(VCO input) / PLLQ */
2009:Drivers/STM32L4xx_HAL_Driver/Src/stm32l4xx_hal_rcc_ex.c ****               frequency = (pllvco / (((READ_BIT(RCC->PLLCFGR, RCC_PLLCFGR_PLLQ) >> RCC_PLLCFGR_PLLQ
2010:Drivers/STM32L4xx_HAL_Driver/Src/stm32l4xx_hal_rcc_ex.c ****             }
2011:Drivers/STM32L4xx_HAL_Driver/Src/stm32l4xx_hal_rcc_ex.c ****           }
2012:Drivers/STM32L4xx_HAL_Driver/Src/stm32l4xx_hal_rcc_ex.c ****           break;
2013:Drivers/STM32L4xx_HAL_Driver/Src/stm32l4xx_hal_rcc_ex.c ****         default:
2014:Drivers/STM32L4xx_HAL_Driver/Src/stm32l4xx_hal_rcc_ex.c ****           /* No clock source, frequency default init at 0 */
2015:Drivers/STM32L4xx_HAL_Driver/Src/stm32l4xx_hal_rcc_ex.c ****           break;
2016:Drivers/STM32L4xx_HAL_Driver/Src/stm32l4xx_hal_rcc_ex.c ****         }
2017:Drivers/STM32L4xx_HAL_Driver/Src/stm32l4xx_hal_rcc_ex.c **** 
2018:Drivers/STM32L4xx_HAL_Driver/Src/stm32l4xx_hal_rcc_ex.c ****         break;
2019:Drivers/STM32L4xx_HAL_Driver/Src/stm32l4xx_hal_rcc_ex.c ****       }
2020:Drivers/STM32L4xx_HAL_Driver/Src/stm32l4xx_hal_rcc_ex.c **** 
2021:Drivers/STM32L4xx_HAL_Driver/Src/stm32l4xx_hal_rcc_ex.c **** #endif /* OCTOSPI1 || OCTOSPI2 */
2022:Drivers/STM32L4xx_HAL_Driver/Src/stm32l4xx_hal_rcc_ex.c **** 
2023:Drivers/STM32L4xx_HAL_Driver/Src/stm32l4xx_hal_rcc_ex.c ****     default:
2024:Drivers/STM32L4xx_HAL_Driver/Src/stm32l4xx_hal_rcc_ex.c ****       break;
2025:Drivers/STM32L4xx_HAL_Driver/Src/stm32l4xx_hal_rcc_ex.c ****     }
ARM GAS  /tmp/ccBxf6FW.s 			page 37


2026:Drivers/STM32L4xx_HAL_Driver/Src/stm32l4xx_hal_rcc_ex.c ****   }
2027:Drivers/STM32L4xx_HAL_Driver/Src/stm32l4xx_hal_rcc_ex.c **** 
2028:Drivers/STM32L4xx_HAL_Driver/Src/stm32l4xx_hal_rcc_ex.c ****   return(frequency);
2029:Drivers/STM32L4xx_HAL_Driver/Src/stm32l4xx_hal_rcc_ex.c **** }
2030:Drivers/STM32L4xx_HAL_Driver/Src/stm32l4xx_hal_rcc_ex.c **** 
2031:Drivers/STM32L4xx_HAL_Driver/Src/stm32l4xx_hal_rcc_ex.c **** /**
2032:Drivers/STM32L4xx_HAL_Driver/Src/stm32l4xx_hal_rcc_ex.c ****   * @}
2033:Drivers/STM32L4xx_HAL_Driver/Src/stm32l4xx_hal_rcc_ex.c ****   */
2034:Drivers/STM32L4xx_HAL_Driver/Src/stm32l4xx_hal_rcc_ex.c **** 
2035:Drivers/STM32L4xx_HAL_Driver/Src/stm32l4xx_hal_rcc_ex.c **** /** @defgroup RCCEx_Exported_Functions_Group2 Extended Clock management functions
2036:Drivers/STM32L4xx_HAL_Driver/Src/stm32l4xx_hal_rcc_ex.c ****  *  @brief  Extended Clock management functions
2037:Drivers/STM32L4xx_HAL_Driver/Src/stm32l4xx_hal_rcc_ex.c ****  *
2038:Drivers/STM32L4xx_HAL_Driver/Src/stm32l4xx_hal_rcc_ex.c **** @verbatim
2039:Drivers/STM32L4xx_HAL_Driver/Src/stm32l4xx_hal_rcc_ex.c ****  ===============================================================================
2040:Drivers/STM32L4xx_HAL_Driver/Src/stm32l4xx_hal_rcc_ex.c ****                 ##### Extended clock management functions  #####
2041:Drivers/STM32L4xx_HAL_Driver/Src/stm32l4xx_hal_rcc_ex.c ****  ===============================================================================
2042:Drivers/STM32L4xx_HAL_Driver/Src/stm32l4xx_hal_rcc_ex.c ****     [..]
2043:Drivers/STM32L4xx_HAL_Driver/Src/stm32l4xx_hal_rcc_ex.c ****     This subsection provides a set of functions allowing to control the
2044:Drivers/STM32L4xx_HAL_Driver/Src/stm32l4xx_hal_rcc_ex.c ****     activation or deactivation of MSI PLL-mode, PLLSAI1, PLLSAI2, LSE CSS,
2045:Drivers/STM32L4xx_HAL_Driver/Src/stm32l4xx_hal_rcc_ex.c ****     Low speed clock output and clock after wake-up from STOP mode.
2046:Drivers/STM32L4xx_HAL_Driver/Src/stm32l4xx_hal_rcc_ex.c **** @endverbatim
2047:Drivers/STM32L4xx_HAL_Driver/Src/stm32l4xx_hal_rcc_ex.c ****   * @{
2048:Drivers/STM32L4xx_HAL_Driver/Src/stm32l4xx_hal_rcc_ex.c ****   */
2049:Drivers/STM32L4xx_HAL_Driver/Src/stm32l4xx_hal_rcc_ex.c **** 
2050:Drivers/STM32L4xx_HAL_Driver/Src/stm32l4xx_hal_rcc_ex.c **** #if defined(RCC_PLLSAI1_SUPPORT)
2051:Drivers/STM32L4xx_HAL_Driver/Src/stm32l4xx_hal_rcc_ex.c **** 
2052:Drivers/STM32L4xx_HAL_Driver/Src/stm32l4xx_hal_rcc_ex.c **** /**
2053:Drivers/STM32L4xx_HAL_Driver/Src/stm32l4xx_hal_rcc_ex.c ****   * @brief  Enable PLLSAI1.
2054:Drivers/STM32L4xx_HAL_Driver/Src/stm32l4xx_hal_rcc_ex.c ****   * @param  PLLSAI1Init  pointer to an RCC_PLLSAI1InitTypeDef structure that
2055:Drivers/STM32L4xx_HAL_Driver/Src/stm32l4xx_hal_rcc_ex.c ****   *         contains the configuration information for the PLLSAI1
2056:Drivers/STM32L4xx_HAL_Driver/Src/stm32l4xx_hal_rcc_ex.c ****   * @retval HAL status
2057:Drivers/STM32L4xx_HAL_Driver/Src/stm32l4xx_hal_rcc_ex.c ****   */
2058:Drivers/STM32L4xx_HAL_Driver/Src/stm32l4xx_hal_rcc_ex.c **** HAL_StatusTypeDef HAL_RCCEx_EnablePLLSAI1(RCC_PLLSAI1InitTypeDef  *PLLSAI1Init)
2059:Drivers/STM32L4xx_HAL_Driver/Src/stm32l4xx_hal_rcc_ex.c **** {
2060:Drivers/STM32L4xx_HAL_Driver/Src/stm32l4xx_hal_rcc_ex.c ****   uint32_t tickstart;
2061:Drivers/STM32L4xx_HAL_Driver/Src/stm32l4xx_hal_rcc_ex.c ****   HAL_StatusTypeDef status = HAL_OK;
2062:Drivers/STM32L4xx_HAL_Driver/Src/stm32l4xx_hal_rcc_ex.c **** 
2063:Drivers/STM32L4xx_HAL_Driver/Src/stm32l4xx_hal_rcc_ex.c ****   /* check for PLLSAI1 Parameters used to output PLLSAI1CLK */
2064:Drivers/STM32L4xx_HAL_Driver/Src/stm32l4xx_hal_rcc_ex.c ****   assert_param(IS_RCC_PLLSAI1SOURCE(PLLSAI1Init->PLLSAI1Source));
2065:Drivers/STM32L4xx_HAL_Driver/Src/stm32l4xx_hal_rcc_ex.c ****   assert_param(IS_RCC_PLLSAI1M_VALUE(PLLSAI1Init->PLLSAI1M));
2066:Drivers/STM32L4xx_HAL_Driver/Src/stm32l4xx_hal_rcc_ex.c ****   assert_param(IS_RCC_PLLSAI1N_VALUE(PLLSAI1Init->PLLSAI1N));
2067:Drivers/STM32L4xx_HAL_Driver/Src/stm32l4xx_hal_rcc_ex.c ****   assert_param(IS_RCC_PLLSAI1P_VALUE(PLLSAI1Init->PLLSAI1P));
2068:Drivers/STM32L4xx_HAL_Driver/Src/stm32l4xx_hal_rcc_ex.c ****   assert_param(IS_RCC_PLLSAI1Q_VALUE(PLLSAI1Init->PLLSAI1Q));
2069:Drivers/STM32L4xx_HAL_Driver/Src/stm32l4xx_hal_rcc_ex.c ****   assert_param(IS_RCC_PLLSAI1R_VALUE(PLLSAI1Init->PLLSAI1R));
2070:Drivers/STM32L4xx_HAL_Driver/Src/stm32l4xx_hal_rcc_ex.c ****   assert_param(IS_RCC_PLLSAI1CLOCKOUT_VALUE(PLLSAI1Init->PLLSAI1ClockOut));
2071:Drivers/STM32L4xx_HAL_Driver/Src/stm32l4xx_hal_rcc_ex.c **** 
2072:Drivers/STM32L4xx_HAL_Driver/Src/stm32l4xx_hal_rcc_ex.c ****   /* Disable the PLLSAI1 */
2073:Drivers/STM32L4xx_HAL_Driver/Src/stm32l4xx_hal_rcc_ex.c ****   __HAL_RCC_PLLSAI1_DISABLE();
2074:Drivers/STM32L4xx_HAL_Driver/Src/stm32l4xx_hal_rcc_ex.c **** 
2075:Drivers/STM32L4xx_HAL_Driver/Src/stm32l4xx_hal_rcc_ex.c ****   /* Get Start Tick*/
2076:Drivers/STM32L4xx_HAL_Driver/Src/stm32l4xx_hal_rcc_ex.c ****   tickstart = HAL_GetTick();
2077:Drivers/STM32L4xx_HAL_Driver/Src/stm32l4xx_hal_rcc_ex.c **** 
2078:Drivers/STM32L4xx_HAL_Driver/Src/stm32l4xx_hal_rcc_ex.c ****   /* Wait till PLLSAI1 is ready to be updated */
2079:Drivers/STM32L4xx_HAL_Driver/Src/stm32l4xx_hal_rcc_ex.c ****   while(READ_BIT(RCC->CR, RCC_CR_PLLSAI1RDY) != 0U)
2080:Drivers/STM32L4xx_HAL_Driver/Src/stm32l4xx_hal_rcc_ex.c ****   {
2081:Drivers/STM32L4xx_HAL_Driver/Src/stm32l4xx_hal_rcc_ex.c ****     if((HAL_GetTick() - tickstart) > PLLSAI1_TIMEOUT_VALUE)
2082:Drivers/STM32L4xx_HAL_Driver/Src/stm32l4xx_hal_rcc_ex.c ****     {
ARM GAS  /tmp/ccBxf6FW.s 			page 38


2083:Drivers/STM32L4xx_HAL_Driver/Src/stm32l4xx_hal_rcc_ex.c ****       status = HAL_TIMEOUT;
2084:Drivers/STM32L4xx_HAL_Driver/Src/stm32l4xx_hal_rcc_ex.c ****       break;
2085:Drivers/STM32L4xx_HAL_Driver/Src/stm32l4xx_hal_rcc_ex.c ****     }
2086:Drivers/STM32L4xx_HAL_Driver/Src/stm32l4xx_hal_rcc_ex.c ****   }
2087:Drivers/STM32L4xx_HAL_Driver/Src/stm32l4xx_hal_rcc_ex.c **** 
2088:Drivers/STM32L4xx_HAL_Driver/Src/stm32l4xx_hal_rcc_ex.c ****   if(status == HAL_OK)
2089:Drivers/STM32L4xx_HAL_Driver/Src/stm32l4xx_hal_rcc_ex.c ****   {
2090:Drivers/STM32L4xx_HAL_Driver/Src/stm32l4xx_hal_rcc_ex.c **** #if defined(RCC_PLLSAI1M_DIV_1_16_SUPPORT)
2091:Drivers/STM32L4xx_HAL_Driver/Src/stm32l4xx_hal_rcc_ex.c ****     /* Configure the PLLSAI1 Multiplication factor N */
2092:Drivers/STM32L4xx_HAL_Driver/Src/stm32l4xx_hal_rcc_ex.c ****     /* Configure the PLLSAI1 Division factors M, P, Q and R */
2093:Drivers/STM32L4xx_HAL_Driver/Src/stm32l4xx_hal_rcc_ex.c ****     __HAL_RCC_PLLSAI1_CONFIG(PLLSAI1Init->PLLSAI1M, PLLSAI1Init->PLLSAI1N, PLLSAI1Init->PLLSAI1P, P
2094:Drivers/STM32L4xx_HAL_Driver/Src/stm32l4xx_hal_rcc_ex.c **** #else
2095:Drivers/STM32L4xx_HAL_Driver/Src/stm32l4xx_hal_rcc_ex.c ****     /* Configure the PLLSAI1 Multiplication factor N */
2096:Drivers/STM32L4xx_HAL_Driver/Src/stm32l4xx_hal_rcc_ex.c ****     /* Configure the PLLSAI1 Division factors P, Q and R */
2097:Drivers/STM32L4xx_HAL_Driver/Src/stm32l4xx_hal_rcc_ex.c ****     __HAL_RCC_PLLSAI1_CONFIG(PLLSAI1Init->PLLSAI1N, PLLSAI1Init->PLLSAI1P, PLLSAI1Init->PLLSAI1Q, P
2098:Drivers/STM32L4xx_HAL_Driver/Src/stm32l4xx_hal_rcc_ex.c **** #endif /* RCC_PLLSAI1M_DIV_1_16_SUPPORT */
2099:Drivers/STM32L4xx_HAL_Driver/Src/stm32l4xx_hal_rcc_ex.c ****     /* Configure the PLLSAI1 Clock output(s) */
2100:Drivers/STM32L4xx_HAL_Driver/Src/stm32l4xx_hal_rcc_ex.c ****     __HAL_RCC_PLLSAI1CLKOUT_ENABLE(PLLSAI1Init->PLLSAI1ClockOut);
2101:Drivers/STM32L4xx_HAL_Driver/Src/stm32l4xx_hal_rcc_ex.c **** 
2102:Drivers/STM32L4xx_HAL_Driver/Src/stm32l4xx_hal_rcc_ex.c ****     /* Enable the PLLSAI1 again by setting PLLSAI1ON to 1*/
2103:Drivers/STM32L4xx_HAL_Driver/Src/stm32l4xx_hal_rcc_ex.c ****     __HAL_RCC_PLLSAI1_ENABLE();
2104:Drivers/STM32L4xx_HAL_Driver/Src/stm32l4xx_hal_rcc_ex.c **** 
2105:Drivers/STM32L4xx_HAL_Driver/Src/stm32l4xx_hal_rcc_ex.c ****     /* Get Start Tick*/
2106:Drivers/STM32L4xx_HAL_Driver/Src/stm32l4xx_hal_rcc_ex.c ****     tickstart = HAL_GetTick();
2107:Drivers/STM32L4xx_HAL_Driver/Src/stm32l4xx_hal_rcc_ex.c **** 
2108:Drivers/STM32L4xx_HAL_Driver/Src/stm32l4xx_hal_rcc_ex.c ****     /* Wait till PLLSAI1 is ready */
2109:Drivers/STM32L4xx_HAL_Driver/Src/stm32l4xx_hal_rcc_ex.c ****     while(READ_BIT(RCC->CR, RCC_CR_PLLSAI1RDY) == 0U)
2110:Drivers/STM32L4xx_HAL_Driver/Src/stm32l4xx_hal_rcc_ex.c ****     {
2111:Drivers/STM32L4xx_HAL_Driver/Src/stm32l4xx_hal_rcc_ex.c ****       if((HAL_GetTick() - tickstart) > PLLSAI1_TIMEOUT_VALUE)
2112:Drivers/STM32L4xx_HAL_Driver/Src/stm32l4xx_hal_rcc_ex.c ****       {
2113:Drivers/STM32L4xx_HAL_Driver/Src/stm32l4xx_hal_rcc_ex.c ****         status = HAL_TIMEOUT;
2114:Drivers/STM32L4xx_HAL_Driver/Src/stm32l4xx_hal_rcc_ex.c ****         break;
2115:Drivers/STM32L4xx_HAL_Driver/Src/stm32l4xx_hal_rcc_ex.c ****       }
2116:Drivers/STM32L4xx_HAL_Driver/Src/stm32l4xx_hal_rcc_ex.c ****     }
2117:Drivers/STM32L4xx_HAL_Driver/Src/stm32l4xx_hal_rcc_ex.c ****   }
2118:Drivers/STM32L4xx_HAL_Driver/Src/stm32l4xx_hal_rcc_ex.c **** 
2119:Drivers/STM32L4xx_HAL_Driver/Src/stm32l4xx_hal_rcc_ex.c ****   return status;
2120:Drivers/STM32L4xx_HAL_Driver/Src/stm32l4xx_hal_rcc_ex.c **** }
2121:Drivers/STM32L4xx_HAL_Driver/Src/stm32l4xx_hal_rcc_ex.c **** 
2122:Drivers/STM32L4xx_HAL_Driver/Src/stm32l4xx_hal_rcc_ex.c **** /**
2123:Drivers/STM32L4xx_HAL_Driver/Src/stm32l4xx_hal_rcc_ex.c ****   * @brief  Disable PLLSAI1.
2124:Drivers/STM32L4xx_HAL_Driver/Src/stm32l4xx_hal_rcc_ex.c ****   * @retval HAL status
2125:Drivers/STM32L4xx_HAL_Driver/Src/stm32l4xx_hal_rcc_ex.c ****   */
2126:Drivers/STM32L4xx_HAL_Driver/Src/stm32l4xx_hal_rcc_ex.c **** HAL_StatusTypeDef HAL_RCCEx_DisablePLLSAI1(void)
2127:Drivers/STM32L4xx_HAL_Driver/Src/stm32l4xx_hal_rcc_ex.c **** {
2128:Drivers/STM32L4xx_HAL_Driver/Src/stm32l4xx_hal_rcc_ex.c ****   uint32_t tickstart;
2129:Drivers/STM32L4xx_HAL_Driver/Src/stm32l4xx_hal_rcc_ex.c ****   HAL_StatusTypeDef status = HAL_OK;
2130:Drivers/STM32L4xx_HAL_Driver/Src/stm32l4xx_hal_rcc_ex.c **** 
2131:Drivers/STM32L4xx_HAL_Driver/Src/stm32l4xx_hal_rcc_ex.c ****   /* Disable the PLLSAI1 */
2132:Drivers/STM32L4xx_HAL_Driver/Src/stm32l4xx_hal_rcc_ex.c ****   __HAL_RCC_PLLSAI1_DISABLE();
2133:Drivers/STM32L4xx_HAL_Driver/Src/stm32l4xx_hal_rcc_ex.c **** 
2134:Drivers/STM32L4xx_HAL_Driver/Src/stm32l4xx_hal_rcc_ex.c ****   /* Get Start Tick*/
2135:Drivers/STM32L4xx_HAL_Driver/Src/stm32l4xx_hal_rcc_ex.c ****   tickstart = HAL_GetTick();
2136:Drivers/STM32L4xx_HAL_Driver/Src/stm32l4xx_hal_rcc_ex.c **** 
2137:Drivers/STM32L4xx_HAL_Driver/Src/stm32l4xx_hal_rcc_ex.c ****   /* Wait till PLLSAI1 is ready */
2138:Drivers/STM32L4xx_HAL_Driver/Src/stm32l4xx_hal_rcc_ex.c ****   while(READ_BIT(RCC->CR, RCC_CR_PLLSAI1RDY) != 0U)
2139:Drivers/STM32L4xx_HAL_Driver/Src/stm32l4xx_hal_rcc_ex.c ****   {
ARM GAS  /tmp/ccBxf6FW.s 			page 39


2140:Drivers/STM32L4xx_HAL_Driver/Src/stm32l4xx_hal_rcc_ex.c ****     if((HAL_GetTick() - tickstart) > PLLSAI1_TIMEOUT_VALUE)
2141:Drivers/STM32L4xx_HAL_Driver/Src/stm32l4xx_hal_rcc_ex.c ****     {
2142:Drivers/STM32L4xx_HAL_Driver/Src/stm32l4xx_hal_rcc_ex.c ****       status = HAL_TIMEOUT;
2143:Drivers/STM32L4xx_HAL_Driver/Src/stm32l4xx_hal_rcc_ex.c ****       break;
2144:Drivers/STM32L4xx_HAL_Driver/Src/stm32l4xx_hal_rcc_ex.c ****     }
2145:Drivers/STM32L4xx_HAL_Driver/Src/stm32l4xx_hal_rcc_ex.c ****   }
2146:Drivers/STM32L4xx_HAL_Driver/Src/stm32l4xx_hal_rcc_ex.c **** 
2147:Drivers/STM32L4xx_HAL_Driver/Src/stm32l4xx_hal_rcc_ex.c ****   /* Disable the PLLSAI1 Clock outputs */
2148:Drivers/STM32L4xx_HAL_Driver/Src/stm32l4xx_hal_rcc_ex.c ****   __HAL_RCC_PLLSAI1CLKOUT_DISABLE(RCC_PLLSAI1CFGR_PLLSAI1PEN|RCC_PLLSAI1CFGR_PLLSAI1QEN|RCC_PLLSAI1
2149:Drivers/STM32L4xx_HAL_Driver/Src/stm32l4xx_hal_rcc_ex.c **** 
2150:Drivers/STM32L4xx_HAL_Driver/Src/stm32l4xx_hal_rcc_ex.c ****   /* Reset PLL source to save power if no PLLs on */
2151:Drivers/STM32L4xx_HAL_Driver/Src/stm32l4xx_hal_rcc_ex.c **** #if defined(RCC_PLLSAI2_SUPPORT)
2152:Drivers/STM32L4xx_HAL_Driver/Src/stm32l4xx_hal_rcc_ex.c ****   if(READ_BIT(RCC->CR, (RCC_CR_PLLRDY | RCC_CR_PLLSAI2RDY)) == 0U)
2153:Drivers/STM32L4xx_HAL_Driver/Src/stm32l4xx_hal_rcc_ex.c ****   {
2154:Drivers/STM32L4xx_HAL_Driver/Src/stm32l4xx_hal_rcc_ex.c ****     MODIFY_REG(RCC->PLLCFGR, RCC_PLLCFGR_PLLSRC, RCC_PLLSOURCE_NONE);
2155:Drivers/STM32L4xx_HAL_Driver/Src/stm32l4xx_hal_rcc_ex.c ****   }
2156:Drivers/STM32L4xx_HAL_Driver/Src/stm32l4xx_hal_rcc_ex.c **** #else
2157:Drivers/STM32L4xx_HAL_Driver/Src/stm32l4xx_hal_rcc_ex.c ****   if(READ_BIT(RCC->CR, RCC_CR_PLLRDY) == 0U)
2158:Drivers/STM32L4xx_HAL_Driver/Src/stm32l4xx_hal_rcc_ex.c ****   {
2159:Drivers/STM32L4xx_HAL_Driver/Src/stm32l4xx_hal_rcc_ex.c ****     MODIFY_REG(RCC->PLLCFGR, RCC_PLLCFGR_PLLSRC, RCC_PLLSOURCE_NONE);
2160:Drivers/STM32L4xx_HAL_Driver/Src/stm32l4xx_hal_rcc_ex.c ****   }
2161:Drivers/STM32L4xx_HAL_Driver/Src/stm32l4xx_hal_rcc_ex.c **** #endif /* RCC_PLLSAI2_SUPPORT */
2162:Drivers/STM32L4xx_HAL_Driver/Src/stm32l4xx_hal_rcc_ex.c **** 
2163:Drivers/STM32L4xx_HAL_Driver/Src/stm32l4xx_hal_rcc_ex.c ****   return status;
2164:Drivers/STM32L4xx_HAL_Driver/Src/stm32l4xx_hal_rcc_ex.c **** }
2165:Drivers/STM32L4xx_HAL_Driver/Src/stm32l4xx_hal_rcc_ex.c **** 
2166:Drivers/STM32L4xx_HAL_Driver/Src/stm32l4xx_hal_rcc_ex.c **** #endif /* RCC_PLLSAI1_SUPPORT */
2167:Drivers/STM32L4xx_HAL_Driver/Src/stm32l4xx_hal_rcc_ex.c **** 
2168:Drivers/STM32L4xx_HAL_Driver/Src/stm32l4xx_hal_rcc_ex.c **** #if defined(RCC_PLLSAI2_SUPPORT)
2169:Drivers/STM32L4xx_HAL_Driver/Src/stm32l4xx_hal_rcc_ex.c **** 
2170:Drivers/STM32L4xx_HAL_Driver/Src/stm32l4xx_hal_rcc_ex.c **** /**
2171:Drivers/STM32L4xx_HAL_Driver/Src/stm32l4xx_hal_rcc_ex.c ****   * @brief  Enable PLLSAI2.
2172:Drivers/STM32L4xx_HAL_Driver/Src/stm32l4xx_hal_rcc_ex.c ****   * @param  PLLSAI2Init  pointer to an RCC_PLLSAI2InitTypeDef structure that
2173:Drivers/STM32L4xx_HAL_Driver/Src/stm32l4xx_hal_rcc_ex.c ****   *         contains the configuration information for the PLLSAI2
2174:Drivers/STM32L4xx_HAL_Driver/Src/stm32l4xx_hal_rcc_ex.c ****   * @retval HAL status
2175:Drivers/STM32L4xx_HAL_Driver/Src/stm32l4xx_hal_rcc_ex.c ****   */
2176:Drivers/STM32L4xx_HAL_Driver/Src/stm32l4xx_hal_rcc_ex.c **** HAL_StatusTypeDef HAL_RCCEx_EnablePLLSAI2(RCC_PLLSAI2InitTypeDef  *PLLSAI2Init)
2177:Drivers/STM32L4xx_HAL_Driver/Src/stm32l4xx_hal_rcc_ex.c **** {
2178:Drivers/STM32L4xx_HAL_Driver/Src/stm32l4xx_hal_rcc_ex.c ****   uint32_t tickstart;
2179:Drivers/STM32L4xx_HAL_Driver/Src/stm32l4xx_hal_rcc_ex.c ****   HAL_StatusTypeDef status = HAL_OK;
2180:Drivers/STM32L4xx_HAL_Driver/Src/stm32l4xx_hal_rcc_ex.c **** 
2181:Drivers/STM32L4xx_HAL_Driver/Src/stm32l4xx_hal_rcc_ex.c ****   /* check for PLLSAI2 Parameters used to output PLLSAI2CLK */
2182:Drivers/STM32L4xx_HAL_Driver/Src/stm32l4xx_hal_rcc_ex.c ****   assert_param(IS_RCC_PLLSAI2SOURCE(PLLSAI2Init->PLLSAI2Source));
2183:Drivers/STM32L4xx_HAL_Driver/Src/stm32l4xx_hal_rcc_ex.c ****   assert_param(IS_RCC_PLLSAI2M_VALUE(PLLSAI2Init->PLLSAI2M));
2184:Drivers/STM32L4xx_HAL_Driver/Src/stm32l4xx_hal_rcc_ex.c ****   assert_param(IS_RCC_PLLSAI2N_VALUE(PLLSAI2Init->PLLSAI2N));
2185:Drivers/STM32L4xx_HAL_Driver/Src/stm32l4xx_hal_rcc_ex.c ****   assert_param(IS_RCC_PLLSAI2P_VALUE(PLLSAI2Init->PLLSAI2P));
2186:Drivers/STM32L4xx_HAL_Driver/Src/stm32l4xx_hal_rcc_ex.c **** #if defined(RCC_PLLSAI2Q_DIV_SUPPORT)
2187:Drivers/STM32L4xx_HAL_Driver/Src/stm32l4xx_hal_rcc_ex.c ****   assert_param(IS_RCC_PLLSAI2Q_VALUE(PLLSAI2Init->PLLSAI2Q));
2188:Drivers/STM32L4xx_HAL_Driver/Src/stm32l4xx_hal_rcc_ex.c **** #endif /* RCC_PLLSAI2Q_DIV_SUPPORT */
2189:Drivers/STM32L4xx_HAL_Driver/Src/stm32l4xx_hal_rcc_ex.c ****   assert_param(IS_RCC_PLLSAI2R_VALUE(PLLSAI2Init->PLLSAI2R));
2190:Drivers/STM32L4xx_HAL_Driver/Src/stm32l4xx_hal_rcc_ex.c ****   assert_param(IS_RCC_PLLSAI2CLOCKOUT_VALUE(PLLSAI2Init->PLLSAI2ClockOut));
2191:Drivers/STM32L4xx_HAL_Driver/Src/stm32l4xx_hal_rcc_ex.c **** 
2192:Drivers/STM32L4xx_HAL_Driver/Src/stm32l4xx_hal_rcc_ex.c ****   /* Disable the PLLSAI2 */
2193:Drivers/STM32L4xx_HAL_Driver/Src/stm32l4xx_hal_rcc_ex.c ****   __HAL_RCC_PLLSAI2_DISABLE();
2194:Drivers/STM32L4xx_HAL_Driver/Src/stm32l4xx_hal_rcc_ex.c **** 
2195:Drivers/STM32L4xx_HAL_Driver/Src/stm32l4xx_hal_rcc_ex.c ****   /* Get Start Tick*/
2196:Drivers/STM32L4xx_HAL_Driver/Src/stm32l4xx_hal_rcc_ex.c ****   tickstart = HAL_GetTick();
ARM GAS  /tmp/ccBxf6FW.s 			page 40


2197:Drivers/STM32L4xx_HAL_Driver/Src/stm32l4xx_hal_rcc_ex.c **** 
2198:Drivers/STM32L4xx_HAL_Driver/Src/stm32l4xx_hal_rcc_ex.c ****   /* Wait till PLLSAI2 is ready to be updated */
2199:Drivers/STM32L4xx_HAL_Driver/Src/stm32l4xx_hal_rcc_ex.c ****   while(READ_BIT(RCC->CR, RCC_CR_PLLSAI2RDY) != 0U)
2200:Drivers/STM32L4xx_HAL_Driver/Src/stm32l4xx_hal_rcc_ex.c ****   {
2201:Drivers/STM32L4xx_HAL_Driver/Src/stm32l4xx_hal_rcc_ex.c ****     if((HAL_GetTick() - tickstart) > PLLSAI2_TIMEOUT_VALUE)
2202:Drivers/STM32L4xx_HAL_Driver/Src/stm32l4xx_hal_rcc_ex.c ****     {
2203:Drivers/STM32L4xx_HAL_Driver/Src/stm32l4xx_hal_rcc_ex.c ****       status = HAL_TIMEOUT;
2204:Drivers/STM32L4xx_HAL_Driver/Src/stm32l4xx_hal_rcc_ex.c ****       break;
2205:Drivers/STM32L4xx_HAL_Driver/Src/stm32l4xx_hal_rcc_ex.c ****     }
2206:Drivers/STM32L4xx_HAL_Driver/Src/stm32l4xx_hal_rcc_ex.c ****   }
2207:Drivers/STM32L4xx_HAL_Driver/Src/stm32l4xx_hal_rcc_ex.c **** 
2208:Drivers/STM32L4xx_HAL_Driver/Src/stm32l4xx_hal_rcc_ex.c ****   if(status == HAL_OK)
2209:Drivers/STM32L4xx_HAL_Driver/Src/stm32l4xx_hal_rcc_ex.c ****   {
2210:Drivers/STM32L4xx_HAL_Driver/Src/stm32l4xx_hal_rcc_ex.c **** #if defined(RCC_PLLSAI2M_DIV_1_16_SUPPORT) && defined(RCC_PLLSAI2Q_DIV_SUPPORT)
2211:Drivers/STM32L4xx_HAL_Driver/Src/stm32l4xx_hal_rcc_ex.c ****     /* Configure the PLLSAI2 Multiplication factor N */
2212:Drivers/STM32L4xx_HAL_Driver/Src/stm32l4xx_hal_rcc_ex.c ****     /* Configure the PLLSAI2 Division factors M, P, Q and R */
2213:Drivers/STM32L4xx_HAL_Driver/Src/stm32l4xx_hal_rcc_ex.c ****     __HAL_RCC_PLLSAI2_CONFIG(PLLSAI2Init->PLLSAI2M, PLLSAI2Init->PLLSAI2N, PLLSAI2Init->PLLSAI2P, P
2214:Drivers/STM32L4xx_HAL_Driver/Src/stm32l4xx_hal_rcc_ex.c **** #elif defined(RCC_PLLSAI2M_DIV_1_16_SUPPORT)
2215:Drivers/STM32L4xx_HAL_Driver/Src/stm32l4xx_hal_rcc_ex.c ****     /* Configure the PLLSAI2 Multiplication factor N */
2216:Drivers/STM32L4xx_HAL_Driver/Src/stm32l4xx_hal_rcc_ex.c ****     /* Configure the PLLSAI2 Division factors M, P and R */
2217:Drivers/STM32L4xx_HAL_Driver/Src/stm32l4xx_hal_rcc_ex.c ****     __HAL_RCC_PLLSAI2_CONFIG(PLLSAI2Init->PLLSAI2M, PLLSAI2Init->PLLSAI2N, PLLSAI2Init->PLLSAI2P, P
2218:Drivers/STM32L4xx_HAL_Driver/Src/stm32l4xx_hal_rcc_ex.c **** #elif defined(RCC_PLLSAI2Q_DIV_SUPPORT)
2219:Drivers/STM32L4xx_HAL_Driver/Src/stm32l4xx_hal_rcc_ex.c ****     /* Configure the PLLSAI2 Multiplication factor N */
2220:Drivers/STM32L4xx_HAL_Driver/Src/stm32l4xx_hal_rcc_ex.c ****     /* Configure the PLLSAI2 Division factors P, Q and R */
2221:Drivers/STM32L4xx_HAL_Driver/Src/stm32l4xx_hal_rcc_ex.c ****     __HAL_RCC_PLLSAI2_CONFIG(PLLSAI2Init->PLLSAI2N, PLLSAI2Init->PLLSAI2P, PLLSAI2Init->PLLSAI2Q, P
2222:Drivers/STM32L4xx_HAL_Driver/Src/stm32l4xx_hal_rcc_ex.c **** #else
2223:Drivers/STM32L4xx_HAL_Driver/Src/stm32l4xx_hal_rcc_ex.c ****     /* Configure the PLLSAI2 Multiplication factor N */
2224:Drivers/STM32L4xx_HAL_Driver/Src/stm32l4xx_hal_rcc_ex.c ****     /* Configure the PLLSAI2 Division factors P and R */
2225:Drivers/STM32L4xx_HAL_Driver/Src/stm32l4xx_hal_rcc_ex.c ****     __HAL_RCC_PLLSAI2_CONFIG(PLLSAI2Init->PLLSAI2N, PLLSAI2Init->PLLSAI2P, PLLSAI2Init->PLLSAI2R);
2226:Drivers/STM32L4xx_HAL_Driver/Src/stm32l4xx_hal_rcc_ex.c **** #endif /* RCC_PLLSAI2M_DIV_1_16_SUPPORT && RCC_PLLSAI2Q_DIV_SUPPORT */
2227:Drivers/STM32L4xx_HAL_Driver/Src/stm32l4xx_hal_rcc_ex.c ****     /* Configure the PLLSAI2 Clock output(s) */
2228:Drivers/STM32L4xx_HAL_Driver/Src/stm32l4xx_hal_rcc_ex.c ****     __HAL_RCC_PLLSAI2CLKOUT_ENABLE(PLLSAI2Init->PLLSAI2ClockOut);
2229:Drivers/STM32L4xx_HAL_Driver/Src/stm32l4xx_hal_rcc_ex.c **** 
2230:Drivers/STM32L4xx_HAL_Driver/Src/stm32l4xx_hal_rcc_ex.c ****     /* Enable the PLLSAI2 again by setting PLLSAI2ON to 1*/
2231:Drivers/STM32L4xx_HAL_Driver/Src/stm32l4xx_hal_rcc_ex.c ****     __HAL_RCC_PLLSAI2_ENABLE();
2232:Drivers/STM32L4xx_HAL_Driver/Src/stm32l4xx_hal_rcc_ex.c **** 
2233:Drivers/STM32L4xx_HAL_Driver/Src/stm32l4xx_hal_rcc_ex.c ****     /* Get Start Tick*/
2234:Drivers/STM32L4xx_HAL_Driver/Src/stm32l4xx_hal_rcc_ex.c ****     tickstart = HAL_GetTick();
2235:Drivers/STM32L4xx_HAL_Driver/Src/stm32l4xx_hal_rcc_ex.c **** 
2236:Drivers/STM32L4xx_HAL_Driver/Src/stm32l4xx_hal_rcc_ex.c ****     /* Wait till PLLSAI2 is ready */
2237:Drivers/STM32L4xx_HAL_Driver/Src/stm32l4xx_hal_rcc_ex.c ****     while(READ_BIT(RCC->CR, RCC_CR_PLLSAI2RDY) == 0U)
2238:Drivers/STM32L4xx_HAL_Driver/Src/stm32l4xx_hal_rcc_ex.c ****     {
2239:Drivers/STM32L4xx_HAL_Driver/Src/stm32l4xx_hal_rcc_ex.c ****       if((HAL_GetTick() - tickstart) > PLLSAI2_TIMEOUT_VALUE)
2240:Drivers/STM32L4xx_HAL_Driver/Src/stm32l4xx_hal_rcc_ex.c ****       {
2241:Drivers/STM32L4xx_HAL_Driver/Src/stm32l4xx_hal_rcc_ex.c ****         status = HAL_TIMEOUT;
2242:Drivers/STM32L4xx_HAL_Driver/Src/stm32l4xx_hal_rcc_ex.c ****         break;
2243:Drivers/STM32L4xx_HAL_Driver/Src/stm32l4xx_hal_rcc_ex.c ****       }
2244:Drivers/STM32L4xx_HAL_Driver/Src/stm32l4xx_hal_rcc_ex.c ****     }
2245:Drivers/STM32L4xx_HAL_Driver/Src/stm32l4xx_hal_rcc_ex.c ****   }
2246:Drivers/STM32L4xx_HAL_Driver/Src/stm32l4xx_hal_rcc_ex.c **** 
2247:Drivers/STM32L4xx_HAL_Driver/Src/stm32l4xx_hal_rcc_ex.c ****   return status;
2248:Drivers/STM32L4xx_HAL_Driver/Src/stm32l4xx_hal_rcc_ex.c **** }
2249:Drivers/STM32L4xx_HAL_Driver/Src/stm32l4xx_hal_rcc_ex.c **** 
2250:Drivers/STM32L4xx_HAL_Driver/Src/stm32l4xx_hal_rcc_ex.c **** /**
2251:Drivers/STM32L4xx_HAL_Driver/Src/stm32l4xx_hal_rcc_ex.c ****   * @brief  Disable PLLISAI2.
2252:Drivers/STM32L4xx_HAL_Driver/Src/stm32l4xx_hal_rcc_ex.c ****   * @retval HAL status
2253:Drivers/STM32L4xx_HAL_Driver/Src/stm32l4xx_hal_rcc_ex.c ****   */
ARM GAS  /tmp/ccBxf6FW.s 			page 41


2254:Drivers/STM32L4xx_HAL_Driver/Src/stm32l4xx_hal_rcc_ex.c **** HAL_StatusTypeDef HAL_RCCEx_DisablePLLSAI2(void)
2255:Drivers/STM32L4xx_HAL_Driver/Src/stm32l4xx_hal_rcc_ex.c **** {
2256:Drivers/STM32L4xx_HAL_Driver/Src/stm32l4xx_hal_rcc_ex.c ****   uint32_t tickstart;
2257:Drivers/STM32L4xx_HAL_Driver/Src/stm32l4xx_hal_rcc_ex.c ****   HAL_StatusTypeDef status = HAL_OK;
2258:Drivers/STM32L4xx_HAL_Driver/Src/stm32l4xx_hal_rcc_ex.c **** 
2259:Drivers/STM32L4xx_HAL_Driver/Src/stm32l4xx_hal_rcc_ex.c ****   /* Disable the PLLSAI2 */
2260:Drivers/STM32L4xx_HAL_Driver/Src/stm32l4xx_hal_rcc_ex.c ****   __HAL_RCC_PLLSAI2_DISABLE();
2261:Drivers/STM32L4xx_HAL_Driver/Src/stm32l4xx_hal_rcc_ex.c **** 
2262:Drivers/STM32L4xx_HAL_Driver/Src/stm32l4xx_hal_rcc_ex.c ****   /* Get Start Tick*/
2263:Drivers/STM32L4xx_HAL_Driver/Src/stm32l4xx_hal_rcc_ex.c ****   tickstart = HAL_GetTick();
2264:Drivers/STM32L4xx_HAL_Driver/Src/stm32l4xx_hal_rcc_ex.c **** 
2265:Drivers/STM32L4xx_HAL_Driver/Src/stm32l4xx_hal_rcc_ex.c ****   /* Wait till PLLSAI2 is ready */
2266:Drivers/STM32L4xx_HAL_Driver/Src/stm32l4xx_hal_rcc_ex.c ****   while(READ_BIT(RCC->CR, RCC_CR_PLLSAI2RDY) != 0U)
2267:Drivers/STM32L4xx_HAL_Driver/Src/stm32l4xx_hal_rcc_ex.c ****   {
2268:Drivers/STM32L4xx_HAL_Driver/Src/stm32l4xx_hal_rcc_ex.c ****     if((HAL_GetTick() - tickstart) > PLLSAI2_TIMEOUT_VALUE)
2269:Drivers/STM32L4xx_HAL_Driver/Src/stm32l4xx_hal_rcc_ex.c ****     {
2270:Drivers/STM32L4xx_HAL_Driver/Src/stm32l4xx_hal_rcc_ex.c ****       status = HAL_TIMEOUT;
2271:Drivers/STM32L4xx_HAL_Driver/Src/stm32l4xx_hal_rcc_ex.c ****       break;
2272:Drivers/STM32L4xx_HAL_Driver/Src/stm32l4xx_hal_rcc_ex.c ****     }
2273:Drivers/STM32L4xx_HAL_Driver/Src/stm32l4xx_hal_rcc_ex.c ****   }
2274:Drivers/STM32L4xx_HAL_Driver/Src/stm32l4xx_hal_rcc_ex.c **** 
2275:Drivers/STM32L4xx_HAL_Driver/Src/stm32l4xx_hal_rcc_ex.c ****   /* Disable the PLLSAI2 Clock outputs */
2276:Drivers/STM32L4xx_HAL_Driver/Src/stm32l4xx_hal_rcc_ex.c **** #if defined(RCC_PLLSAI2Q_DIV_SUPPORT)
2277:Drivers/STM32L4xx_HAL_Driver/Src/stm32l4xx_hal_rcc_ex.c ****   __HAL_RCC_PLLSAI2CLKOUT_DISABLE(RCC_PLLSAI2CFGR_PLLSAI2PEN|RCC_PLLSAI2CFGR_PLLSAI2QEN|RCC_PLLSAI2
2278:Drivers/STM32L4xx_HAL_Driver/Src/stm32l4xx_hal_rcc_ex.c **** #else
2279:Drivers/STM32L4xx_HAL_Driver/Src/stm32l4xx_hal_rcc_ex.c ****   __HAL_RCC_PLLSAI2CLKOUT_DISABLE(RCC_PLLSAI2CFGR_PLLSAI2PEN|RCC_PLLSAI2CFGR_PLLSAI2REN);
2280:Drivers/STM32L4xx_HAL_Driver/Src/stm32l4xx_hal_rcc_ex.c **** #endif /* RCC_PLLSAI2M_DIV_1_16_SUPPORT && RCC_PLLSAI2Q_DIV_SUPPORT */
2281:Drivers/STM32L4xx_HAL_Driver/Src/stm32l4xx_hal_rcc_ex.c **** 
2282:Drivers/STM32L4xx_HAL_Driver/Src/stm32l4xx_hal_rcc_ex.c ****   /* Reset PLL source to save power if no PLLs on */
2283:Drivers/STM32L4xx_HAL_Driver/Src/stm32l4xx_hal_rcc_ex.c ****   if(READ_BIT(RCC->CR, (RCC_CR_PLLRDY | RCC_CR_PLLSAI1RDY)) == 0U)
2284:Drivers/STM32L4xx_HAL_Driver/Src/stm32l4xx_hal_rcc_ex.c ****   {
2285:Drivers/STM32L4xx_HAL_Driver/Src/stm32l4xx_hal_rcc_ex.c ****     MODIFY_REG(RCC->PLLCFGR, RCC_PLLCFGR_PLLSRC, RCC_PLLSOURCE_NONE);
2286:Drivers/STM32L4xx_HAL_Driver/Src/stm32l4xx_hal_rcc_ex.c ****   }
2287:Drivers/STM32L4xx_HAL_Driver/Src/stm32l4xx_hal_rcc_ex.c **** 
2288:Drivers/STM32L4xx_HAL_Driver/Src/stm32l4xx_hal_rcc_ex.c ****   return status;
2289:Drivers/STM32L4xx_HAL_Driver/Src/stm32l4xx_hal_rcc_ex.c **** }
2290:Drivers/STM32L4xx_HAL_Driver/Src/stm32l4xx_hal_rcc_ex.c **** 
2291:Drivers/STM32L4xx_HAL_Driver/Src/stm32l4xx_hal_rcc_ex.c **** #endif /* RCC_PLLSAI2_SUPPORT */
2292:Drivers/STM32L4xx_HAL_Driver/Src/stm32l4xx_hal_rcc_ex.c **** 
2293:Drivers/STM32L4xx_HAL_Driver/Src/stm32l4xx_hal_rcc_ex.c **** /**
2294:Drivers/STM32L4xx_HAL_Driver/Src/stm32l4xx_hal_rcc_ex.c ****   * @brief  Configure the oscillator clock source for wakeup from Stop and CSS backup clock.
2295:Drivers/STM32L4xx_HAL_Driver/Src/stm32l4xx_hal_rcc_ex.c ****   * @param  WakeUpClk  Wakeup clock
2296:Drivers/STM32L4xx_HAL_Driver/Src/stm32l4xx_hal_rcc_ex.c ****   *         This parameter can be one of the following values:
2297:Drivers/STM32L4xx_HAL_Driver/Src/stm32l4xx_hal_rcc_ex.c ****   *            @arg @ref RCC_STOP_WAKEUPCLOCK_MSI  MSI oscillator selection
2298:Drivers/STM32L4xx_HAL_Driver/Src/stm32l4xx_hal_rcc_ex.c ****   *            @arg @ref RCC_STOP_WAKEUPCLOCK_HSI  HSI oscillator selection
2299:Drivers/STM32L4xx_HAL_Driver/Src/stm32l4xx_hal_rcc_ex.c ****   * @note   This function shall not be called after the Clock Security System on HSE has been
2300:Drivers/STM32L4xx_HAL_Driver/Src/stm32l4xx_hal_rcc_ex.c ****   *         enabled.
2301:Drivers/STM32L4xx_HAL_Driver/Src/stm32l4xx_hal_rcc_ex.c ****   * @retval None
2302:Drivers/STM32L4xx_HAL_Driver/Src/stm32l4xx_hal_rcc_ex.c ****   */
2303:Drivers/STM32L4xx_HAL_Driver/Src/stm32l4xx_hal_rcc_ex.c **** void HAL_RCCEx_WakeUpStopCLKConfig(uint32_t WakeUpClk)
2304:Drivers/STM32L4xx_HAL_Driver/Src/stm32l4xx_hal_rcc_ex.c **** {
2305:Drivers/STM32L4xx_HAL_Driver/Src/stm32l4xx_hal_rcc_ex.c ****   assert_param(IS_RCC_STOP_WAKEUPCLOCK(WakeUpClk));
2306:Drivers/STM32L4xx_HAL_Driver/Src/stm32l4xx_hal_rcc_ex.c **** 
2307:Drivers/STM32L4xx_HAL_Driver/Src/stm32l4xx_hal_rcc_ex.c ****   __HAL_RCC_WAKEUPSTOP_CLK_CONFIG(WakeUpClk);
2308:Drivers/STM32L4xx_HAL_Driver/Src/stm32l4xx_hal_rcc_ex.c **** }
2309:Drivers/STM32L4xx_HAL_Driver/Src/stm32l4xx_hal_rcc_ex.c **** 
2310:Drivers/STM32L4xx_HAL_Driver/Src/stm32l4xx_hal_rcc_ex.c **** /**
ARM GAS  /tmp/ccBxf6FW.s 			page 42


2311:Drivers/STM32L4xx_HAL_Driver/Src/stm32l4xx_hal_rcc_ex.c ****   * @brief  Configure the MSI range after standby mode.
2312:Drivers/STM32L4xx_HAL_Driver/Src/stm32l4xx_hal_rcc_ex.c ****   * @note   After Standby its frequency can be selected between 4 possible values (1, 2, 4 or 8 MHz
2313:Drivers/STM32L4xx_HAL_Driver/Src/stm32l4xx_hal_rcc_ex.c ****   * @param  MSIRange  MSI range
2314:Drivers/STM32L4xx_HAL_Driver/Src/stm32l4xx_hal_rcc_ex.c ****   *         This parameter can be one of the following values:
2315:Drivers/STM32L4xx_HAL_Driver/Src/stm32l4xx_hal_rcc_ex.c ****   *            @arg @ref RCC_MSIRANGE_4  Range 4 around 1 MHz
2316:Drivers/STM32L4xx_HAL_Driver/Src/stm32l4xx_hal_rcc_ex.c ****   *            @arg @ref RCC_MSIRANGE_5  Range 5 around 2 MHz
2317:Drivers/STM32L4xx_HAL_Driver/Src/stm32l4xx_hal_rcc_ex.c ****   *            @arg @ref RCC_MSIRANGE_6  Range 6 around 4 MHz (reset value)
2318:Drivers/STM32L4xx_HAL_Driver/Src/stm32l4xx_hal_rcc_ex.c ****   *            @arg @ref RCC_MSIRANGE_7  Range 7 around 8 MHz
2319:Drivers/STM32L4xx_HAL_Driver/Src/stm32l4xx_hal_rcc_ex.c ****   * @retval None
2320:Drivers/STM32L4xx_HAL_Driver/Src/stm32l4xx_hal_rcc_ex.c ****   */
2321:Drivers/STM32L4xx_HAL_Driver/Src/stm32l4xx_hal_rcc_ex.c **** void HAL_RCCEx_StandbyMSIRangeConfig(uint32_t MSIRange)
2322:Drivers/STM32L4xx_HAL_Driver/Src/stm32l4xx_hal_rcc_ex.c **** {
2323:Drivers/STM32L4xx_HAL_Driver/Src/stm32l4xx_hal_rcc_ex.c ****   assert_param(IS_RCC_MSI_STANDBY_CLOCK_RANGE(MSIRange));
2324:Drivers/STM32L4xx_HAL_Driver/Src/stm32l4xx_hal_rcc_ex.c **** 
2325:Drivers/STM32L4xx_HAL_Driver/Src/stm32l4xx_hal_rcc_ex.c ****   __HAL_RCC_MSI_STANDBY_RANGE_CONFIG(MSIRange);
2326:Drivers/STM32L4xx_HAL_Driver/Src/stm32l4xx_hal_rcc_ex.c **** }
2327:Drivers/STM32L4xx_HAL_Driver/Src/stm32l4xx_hal_rcc_ex.c **** 
2328:Drivers/STM32L4xx_HAL_Driver/Src/stm32l4xx_hal_rcc_ex.c **** /**
2329:Drivers/STM32L4xx_HAL_Driver/Src/stm32l4xx_hal_rcc_ex.c ****   * @brief  Enable the LSE Clock Security System.
2330:Drivers/STM32L4xx_HAL_Driver/Src/stm32l4xx_hal_rcc_ex.c ****   * @note   Prior to enable the LSE Clock Security System, LSE oscillator is to be enabled
2331:Drivers/STM32L4xx_HAL_Driver/Src/stm32l4xx_hal_rcc_ex.c ****   *         with HAL_RCC_OscConfig() and the LSE oscillator clock is to be selected as RTC
2332:Drivers/STM32L4xx_HAL_Driver/Src/stm32l4xx_hal_rcc_ex.c ****   *         clock with HAL_RCCEx_PeriphCLKConfig().
2333:Drivers/STM32L4xx_HAL_Driver/Src/stm32l4xx_hal_rcc_ex.c ****   * @retval None
2334:Drivers/STM32L4xx_HAL_Driver/Src/stm32l4xx_hal_rcc_ex.c ****   */
2335:Drivers/STM32L4xx_HAL_Driver/Src/stm32l4xx_hal_rcc_ex.c **** void HAL_RCCEx_EnableLSECSS(void)
2336:Drivers/STM32L4xx_HAL_Driver/Src/stm32l4xx_hal_rcc_ex.c **** {
2337:Drivers/STM32L4xx_HAL_Driver/Src/stm32l4xx_hal_rcc_ex.c ****   SET_BIT(RCC->BDCR, RCC_BDCR_LSECSSON);
2338:Drivers/STM32L4xx_HAL_Driver/Src/stm32l4xx_hal_rcc_ex.c **** }
2339:Drivers/STM32L4xx_HAL_Driver/Src/stm32l4xx_hal_rcc_ex.c **** 
2340:Drivers/STM32L4xx_HAL_Driver/Src/stm32l4xx_hal_rcc_ex.c **** /**
2341:Drivers/STM32L4xx_HAL_Driver/Src/stm32l4xx_hal_rcc_ex.c ****   * @brief  Disable the LSE Clock Security System.
2342:Drivers/STM32L4xx_HAL_Driver/Src/stm32l4xx_hal_rcc_ex.c ****   * @note   LSE Clock Security System can only be disabled after a LSE failure detection.
2343:Drivers/STM32L4xx_HAL_Driver/Src/stm32l4xx_hal_rcc_ex.c ****   * @retval None
2344:Drivers/STM32L4xx_HAL_Driver/Src/stm32l4xx_hal_rcc_ex.c ****   */
2345:Drivers/STM32L4xx_HAL_Driver/Src/stm32l4xx_hal_rcc_ex.c **** void HAL_RCCEx_DisableLSECSS(void)
2346:Drivers/STM32L4xx_HAL_Driver/Src/stm32l4xx_hal_rcc_ex.c **** {
2347:Drivers/STM32L4xx_HAL_Driver/Src/stm32l4xx_hal_rcc_ex.c ****   CLEAR_BIT(RCC->BDCR, RCC_BDCR_LSECSSON) ;
2348:Drivers/STM32L4xx_HAL_Driver/Src/stm32l4xx_hal_rcc_ex.c **** 
2349:Drivers/STM32L4xx_HAL_Driver/Src/stm32l4xx_hal_rcc_ex.c ****   /* Disable LSE CSS IT if any */
2350:Drivers/STM32L4xx_HAL_Driver/Src/stm32l4xx_hal_rcc_ex.c ****   __HAL_RCC_DISABLE_IT(RCC_IT_LSECSS);
2351:Drivers/STM32L4xx_HAL_Driver/Src/stm32l4xx_hal_rcc_ex.c **** }
2352:Drivers/STM32L4xx_HAL_Driver/Src/stm32l4xx_hal_rcc_ex.c **** 
2353:Drivers/STM32L4xx_HAL_Driver/Src/stm32l4xx_hal_rcc_ex.c **** /**
2354:Drivers/STM32L4xx_HAL_Driver/Src/stm32l4xx_hal_rcc_ex.c ****   * @brief  Enable the LSE Clock Security System Interrupt & corresponding EXTI line.
2355:Drivers/STM32L4xx_HAL_Driver/Src/stm32l4xx_hal_rcc_ex.c ****   * @note   LSE Clock Security System Interrupt is mapped on RTC EXTI line 19
2356:Drivers/STM32L4xx_HAL_Driver/Src/stm32l4xx_hal_rcc_ex.c ****   * @retval None
2357:Drivers/STM32L4xx_HAL_Driver/Src/stm32l4xx_hal_rcc_ex.c ****   */
2358:Drivers/STM32L4xx_HAL_Driver/Src/stm32l4xx_hal_rcc_ex.c **** void HAL_RCCEx_EnableLSECSS_IT(void)
2359:Drivers/STM32L4xx_HAL_Driver/Src/stm32l4xx_hal_rcc_ex.c **** {
2360:Drivers/STM32L4xx_HAL_Driver/Src/stm32l4xx_hal_rcc_ex.c ****   /* Enable LSE CSS */
2361:Drivers/STM32L4xx_HAL_Driver/Src/stm32l4xx_hal_rcc_ex.c ****   SET_BIT(RCC->BDCR, RCC_BDCR_LSECSSON) ;
2362:Drivers/STM32L4xx_HAL_Driver/Src/stm32l4xx_hal_rcc_ex.c **** 
2363:Drivers/STM32L4xx_HAL_Driver/Src/stm32l4xx_hal_rcc_ex.c ****   /* Enable LSE CSS IT */
2364:Drivers/STM32L4xx_HAL_Driver/Src/stm32l4xx_hal_rcc_ex.c ****   __HAL_RCC_ENABLE_IT(RCC_IT_LSECSS);
2365:Drivers/STM32L4xx_HAL_Driver/Src/stm32l4xx_hal_rcc_ex.c **** 
2366:Drivers/STM32L4xx_HAL_Driver/Src/stm32l4xx_hal_rcc_ex.c ****   /* Enable IT on EXTI Line 19 */
2367:Drivers/STM32L4xx_HAL_Driver/Src/stm32l4xx_hal_rcc_ex.c ****   __HAL_RCC_LSECSS_EXTI_ENABLE_IT();
ARM GAS  /tmp/ccBxf6FW.s 			page 43


2368:Drivers/STM32L4xx_HAL_Driver/Src/stm32l4xx_hal_rcc_ex.c ****   __HAL_RCC_LSECSS_EXTI_ENABLE_RISING_EDGE();
2369:Drivers/STM32L4xx_HAL_Driver/Src/stm32l4xx_hal_rcc_ex.c **** }
2370:Drivers/STM32L4xx_HAL_Driver/Src/stm32l4xx_hal_rcc_ex.c **** 
2371:Drivers/STM32L4xx_HAL_Driver/Src/stm32l4xx_hal_rcc_ex.c **** /**
2372:Drivers/STM32L4xx_HAL_Driver/Src/stm32l4xx_hal_rcc_ex.c ****   * @brief Handle the RCC LSE Clock Security System interrupt request.
2373:Drivers/STM32L4xx_HAL_Driver/Src/stm32l4xx_hal_rcc_ex.c ****   * @retval None
2374:Drivers/STM32L4xx_HAL_Driver/Src/stm32l4xx_hal_rcc_ex.c ****   */
2375:Drivers/STM32L4xx_HAL_Driver/Src/stm32l4xx_hal_rcc_ex.c **** void HAL_RCCEx_LSECSS_IRQHandler(void)
2376:Drivers/STM32L4xx_HAL_Driver/Src/stm32l4xx_hal_rcc_ex.c **** {
2377:Drivers/STM32L4xx_HAL_Driver/Src/stm32l4xx_hal_rcc_ex.c ****   /* Check RCC LSE CSSF flag  */
2378:Drivers/STM32L4xx_HAL_Driver/Src/stm32l4xx_hal_rcc_ex.c ****   if(__HAL_RCC_GET_IT(RCC_IT_LSECSS))
2379:Drivers/STM32L4xx_HAL_Driver/Src/stm32l4xx_hal_rcc_ex.c ****   {
2380:Drivers/STM32L4xx_HAL_Driver/Src/stm32l4xx_hal_rcc_ex.c ****     /* RCC LSE Clock Security System interrupt user callback */
2381:Drivers/STM32L4xx_HAL_Driver/Src/stm32l4xx_hal_rcc_ex.c ****     HAL_RCCEx_LSECSS_Callback();
2382:Drivers/STM32L4xx_HAL_Driver/Src/stm32l4xx_hal_rcc_ex.c **** 
2383:Drivers/STM32L4xx_HAL_Driver/Src/stm32l4xx_hal_rcc_ex.c ****     /* Clear RCC LSE CSS pending bit */
2384:Drivers/STM32L4xx_HAL_Driver/Src/stm32l4xx_hal_rcc_ex.c ****     __HAL_RCC_CLEAR_IT(RCC_IT_LSECSS);
2385:Drivers/STM32L4xx_HAL_Driver/Src/stm32l4xx_hal_rcc_ex.c ****   }
2386:Drivers/STM32L4xx_HAL_Driver/Src/stm32l4xx_hal_rcc_ex.c **** }
2387:Drivers/STM32L4xx_HAL_Driver/Src/stm32l4xx_hal_rcc_ex.c **** 
2388:Drivers/STM32L4xx_HAL_Driver/Src/stm32l4xx_hal_rcc_ex.c **** /**
2389:Drivers/STM32L4xx_HAL_Driver/Src/stm32l4xx_hal_rcc_ex.c ****   * @brief  RCCEx LSE Clock Security System interrupt callback.
2390:Drivers/STM32L4xx_HAL_Driver/Src/stm32l4xx_hal_rcc_ex.c ****   * @retval none
2391:Drivers/STM32L4xx_HAL_Driver/Src/stm32l4xx_hal_rcc_ex.c ****   */
2392:Drivers/STM32L4xx_HAL_Driver/Src/stm32l4xx_hal_rcc_ex.c **** __weak void HAL_RCCEx_LSECSS_Callback(void)
2393:Drivers/STM32L4xx_HAL_Driver/Src/stm32l4xx_hal_rcc_ex.c **** {
2394:Drivers/STM32L4xx_HAL_Driver/Src/stm32l4xx_hal_rcc_ex.c ****   /* NOTE : This function should not be modified, when the callback is needed,
2395:Drivers/STM32L4xx_HAL_Driver/Src/stm32l4xx_hal_rcc_ex.c ****             the @ref HAL_RCCEx_LSECSS_Callback should be implemented in the user file
2396:Drivers/STM32L4xx_HAL_Driver/Src/stm32l4xx_hal_rcc_ex.c ****    */
2397:Drivers/STM32L4xx_HAL_Driver/Src/stm32l4xx_hal_rcc_ex.c **** }
2398:Drivers/STM32L4xx_HAL_Driver/Src/stm32l4xx_hal_rcc_ex.c **** 
2399:Drivers/STM32L4xx_HAL_Driver/Src/stm32l4xx_hal_rcc_ex.c **** /**
2400:Drivers/STM32L4xx_HAL_Driver/Src/stm32l4xx_hal_rcc_ex.c ****   * @brief  Select the Low Speed clock source to output on LSCO pin (PA2).
2401:Drivers/STM32L4xx_HAL_Driver/Src/stm32l4xx_hal_rcc_ex.c ****   * @param  LSCOSource  specifies the Low Speed clock source to output.
2402:Drivers/STM32L4xx_HAL_Driver/Src/stm32l4xx_hal_rcc_ex.c ****   *          This parameter can be one of the following values:
2403:Drivers/STM32L4xx_HAL_Driver/Src/stm32l4xx_hal_rcc_ex.c ****   *            @arg @ref RCC_LSCOSOURCE_LSI  LSI clock selected as LSCO source
2404:Drivers/STM32L4xx_HAL_Driver/Src/stm32l4xx_hal_rcc_ex.c ****   *            @arg @ref RCC_LSCOSOURCE_LSE  LSE clock selected as LSCO source
2405:Drivers/STM32L4xx_HAL_Driver/Src/stm32l4xx_hal_rcc_ex.c ****   * @retval None
2406:Drivers/STM32L4xx_HAL_Driver/Src/stm32l4xx_hal_rcc_ex.c ****   */
2407:Drivers/STM32L4xx_HAL_Driver/Src/stm32l4xx_hal_rcc_ex.c **** void HAL_RCCEx_EnableLSCO(uint32_t LSCOSource)
2408:Drivers/STM32L4xx_HAL_Driver/Src/stm32l4xx_hal_rcc_ex.c **** {
2409:Drivers/STM32L4xx_HAL_Driver/Src/stm32l4xx_hal_rcc_ex.c ****   GPIO_InitTypeDef GPIO_InitStruct;
2410:Drivers/STM32L4xx_HAL_Driver/Src/stm32l4xx_hal_rcc_ex.c ****   FlagStatus       pwrclkchanged = RESET;
2411:Drivers/STM32L4xx_HAL_Driver/Src/stm32l4xx_hal_rcc_ex.c ****   FlagStatus       backupchanged = RESET;
2412:Drivers/STM32L4xx_HAL_Driver/Src/stm32l4xx_hal_rcc_ex.c **** 
2413:Drivers/STM32L4xx_HAL_Driver/Src/stm32l4xx_hal_rcc_ex.c ****   /* Check the parameters */
2414:Drivers/STM32L4xx_HAL_Driver/Src/stm32l4xx_hal_rcc_ex.c ****   assert_param(IS_RCC_LSCOSOURCE(LSCOSource));
2415:Drivers/STM32L4xx_HAL_Driver/Src/stm32l4xx_hal_rcc_ex.c **** 
2416:Drivers/STM32L4xx_HAL_Driver/Src/stm32l4xx_hal_rcc_ex.c ****   /* LSCO Pin Clock Enable */
2417:Drivers/STM32L4xx_HAL_Driver/Src/stm32l4xx_hal_rcc_ex.c ****   __LSCO_CLK_ENABLE();
2418:Drivers/STM32L4xx_HAL_Driver/Src/stm32l4xx_hal_rcc_ex.c **** 
2419:Drivers/STM32L4xx_HAL_Driver/Src/stm32l4xx_hal_rcc_ex.c ****   /* Configure the LSCO pin in analog mode */
2420:Drivers/STM32L4xx_HAL_Driver/Src/stm32l4xx_hal_rcc_ex.c ****   GPIO_InitStruct.Pin = LSCO_PIN;
2421:Drivers/STM32L4xx_HAL_Driver/Src/stm32l4xx_hal_rcc_ex.c ****   GPIO_InitStruct.Mode = GPIO_MODE_ANALOG;
2422:Drivers/STM32L4xx_HAL_Driver/Src/stm32l4xx_hal_rcc_ex.c ****   GPIO_InitStruct.Speed = GPIO_SPEED_FREQ_HIGH;
2423:Drivers/STM32L4xx_HAL_Driver/Src/stm32l4xx_hal_rcc_ex.c ****   GPIO_InitStruct.Pull = GPIO_NOPULL;
2424:Drivers/STM32L4xx_HAL_Driver/Src/stm32l4xx_hal_rcc_ex.c ****   HAL_GPIO_Init(LSCO_GPIO_PORT, &GPIO_InitStruct);
ARM GAS  /tmp/ccBxf6FW.s 			page 44


2425:Drivers/STM32L4xx_HAL_Driver/Src/stm32l4xx_hal_rcc_ex.c **** 
2426:Drivers/STM32L4xx_HAL_Driver/Src/stm32l4xx_hal_rcc_ex.c ****   /* Update LSCOSEL clock source in Backup Domain control register */
2427:Drivers/STM32L4xx_HAL_Driver/Src/stm32l4xx_hal_rcc_ex.c ****   if(__HAL_RCC_PWR_IS_CLK_DISABLED())
2428:Drivers/STM32L4xx_HAL_Driver/Src/stm32l4xx_hal_rcc_ex.c ****   {
2429:Drivers/STM32L4xx_HAL_Driver/Src/stm32l4xx_hal_rcc_ex.c ****     __HAL_RCC_PWR_CLK_ENABLE();
2430:Drivers/STM32L4xx_HAL_Driver/Src/stm32l4xx_hal_rcc_ex.c ****     pwrclkchanged = SET;
2431:Drivers/STM32L4xx_HAL_Driver/Src/stm32l4xx_hal_rcc_ex.c ****   }
2432:Drivers/STM32L4xx_HAL_Driver/Src/stm32l4xx_hal_rcc_ex.c ****   if(HAL_IS_BIT_CLR(PWR->CR1, PWR_CR1_DBP))
2433:Drivers/STM32L4xx_HAL_Driver/Src/stm32l4xx_hal_rcc_ex.c ****   {
2434:Drivers/STM32L4xx_HAL_Driver/Src/stm32l4xx_hal_rcc_ex.c ****     HAL_PWR_EnableBkUpAccess();
2435:Drivers/STM32L4xx_HAL_Driver/Src/stm32l4xx_hal_rcc_ex.c ****     backupchanged = SET;
2436:Drivers/STM32L4xx_HAL_Driver/Src/stm32l4xx_hal_rcc_ex.c ****   }
2437:Drivers/STM32L4xx_HAL_Driver/Src/stm32l4xx_hal_rcc_ex.c **** 
2438:Drivers/STM32L4xx_HAL_Driver/Src/stm32l4xx_hal_rcc_ex.c ****   MODIFY_REG(RCC->BDCR, RCC_BDCR_LSCOSEL | RCC_BDCR_LSCOEN, LSCOSource | RCC_BDCR_LSCOEN);
2439:Drivers/STM32L4xx_HAL_Driver/Src/stm32l4xx_hal_rcc_ex.c **** 
2440:Drivers/STM32L4xx_HAL_Driver/Src/stm32l4xx_hal_rcc_ex.c ****   if(backupchanged == SET)
2441:Drivers/STM32L4xx_HAL_Driver/Src/stm32l4xx_hal_rcc_ex.c ****   {
2442:Drivers/STM32L4xx_HAL_Driver/Src/stm32l4xx_hal_rcc_ex.c ****     HAL_PWR_DisableBkUpAccess();
2443:Drivers/STM32L4xx_HAL_Driver/Src/stm32l4xx_hal_rcc_ex.c ****   }
2444:Drivers/STM32L4xx_HAL_Driver/Src/stm32l4xx_hal_rcc_ex.c ****   if(pwrclkchanged == SET)
2445:Drivers/STM32L4xx_HAL_Driver/Src/stm32l4xx_hal_rcc_ex.c ****   {
2446:Drivers/STM32L4xx_HAL_Driver/Src/stm32l4xx_hal_rcc_ex.c ****     __HAL_RCC_PWR_CLK_DISABLE();
2447:Drivers/STM32L4xx_HAL_Driver/Src/stm32l4xx_hal_rcc_ex.c ****   }
2448:Drivers/STM32L4xx_HAL_Driver/Src/stm32l4xx_hal_rcc_ex.c **** }
2449:Drivers/STM32L4xx_HAL_Driver/Src/stm32l4xx_hal_rcc_ex.c **** 
2450:Drivers/STM32L4xx_HAL_Driver/Src/stm32l4xx_hal_rcc_ex.c **** /**
2451:Drivers/STM32L4xx_HAL_Driver/Src/stm32l4xx_hal_rcc_ex.c ****   * @brief  Disable the Low Speed clock output.
2452:Drivers/STM32L4xx_HAL_Driver/Src/stm32l4xx_hal_rcc_ex.c ****   * @retval None
2453:Drivers/STM32L4xx_HAL_Driver/Src/stm32l4xx_hal_rcc_ex.c ****   */
2454:Drivers/STM32L4xx_HAL_Driver/Src/stm32l4xx_hal_rcc_ex.c **** void HAL_RCCEx_DisableLSCO(void)
2455:Drivers/STM32L4xx_HAL_Driver/Src/stm32l4xx_hal_rcc_ex.c **** {
2456:Drivers/STM32L4xx_HAL_Driver/Src/stm32l4xx_hal_rcc_ex.c ****   FlagStatus       pwrclkchanged = RESET;
2457:Drivers/STM32L4xx_HAL_Driver/Src/stm32l4xx_hal_rcc_ex.c ****   FlagStatus       backupchanged = RESET;
2458:Drivers/STM32L4xx_HAL_Driver/Src/stm32l4xx_hal_rcc_ex.c **** 
2459:Drivers/STM32L4xx_HAL_Driver/Src/stm32l4xx_hal_rcc_ex.c ****   /* Update LSCOEN bit in Backup Domain control register */
2460:Drivers/STM32L4xx_HAL_Driver/Src/stm32l4xx_hal_rcc_ex.c ****   if(__HAL_RCC_PWR_IS_CLK_DISABLED())
2461:Drivers/STM32L4xx_HAL_Driver/Src/stm32l4xx_hal_rcc_ex.c ****   {
2462:Drivers/STM32L4xx_HAL_Driver/Src/stm32l4xx_hal_rcc_ex.c ****     __HAL_RCC_PWR_CLK_ENABLE();
2463:Drivers/STM32L4xx_HAL_Driver/Src/stm32l4xx_hal_rcc_ex.c ****     pwrclkchanged = SET;
2464:Drivers/STM32L4xx_HAL_Driver/Src/stm32l4xx_hal_rcc_ex.c ****   }
2465:Drivers/STM32L4xx_HAL_Driver/Src/stm32l4xx_hal_rcc_ex.c ****   if(HAL_IS_BIT_CLR(PWR->CR1, PWR_CR1_DBP))
2466:Drivers/STM32L4xx_HAL_Driver/Src/stm32l4xx_hal_rcc_ex.c ****   {
2467:Drivers/STM32L4xx_HAL_Driver/Src/stm32l4xx_hal_rcc_ex.c ****     /* Enable access to the backup domain */
2468:Drivers/STM32L4xx_HAL_Driver/Src/stm32l4xx_hal_rcc_ex.c ****     HAL_PWR_EnableBkUpAccess();
2469:Drivers/STM32L4xx_HAL_Driver/Src/stm32l4xx_hal_rcc_ex.c ****     backupchanged = SET;
2470:Drivers/STM32L4xx_HAL_Driver/Src/stm32l4xx_hal_rcc_ex.c ****   }
2471:Drivers/STM32L4xx_HAL_Driver/Src/stm32l4xx_hal_rcc_ex.c **** 
2472:Drivers/STM32L4xx_HAL_Driver/Src/stm32l4xx_hal_rcc_ex.c ****   CLEAR_BIT(RCC->BDCR, RCC_BDCR_LSCOEN);
2473:Drivers/STM32L4xx_HAL_Driver/Src/stm32l4xx_hal_rcc_ex.c **** 
2474:Drivers/STM32L4xx_HAL_Driver/Src/stm32l4xx_hal_rcc_ex.c ****   /* Restore previous configuration */
2475:Drivers/STM32L4xx_HAL_Driver/Src/stm32l4xx_hal_rcc_ex.c ****   if(backupchanged == SET)
2476:Drivers/STM32L4xx_HAL_Driver/Src/stm32l4xx_hal_rcc_ex.c ****   {
2477:Drivers/STM32L4xx_HAL_Driver/Src/stm32l4xx_hal_rcc_ex.c ****     /* Disable access to the backup domain */
2478:Drivers/STM32L4xx_HAL_Driver/Src/stm32l4xx_hal_rcc_ex.c ****     HAL_PWR_DisableBkUpAccess();
2479:Drivers/STM32L4xx_HAL_Driver/Src/stm32l4xx_hal_rcc_ex.c ****   }
2480:Drivers/STM32L4xx_HAL_Driver/Src/stm32l4xx_hal_rcc_ex.c ****   if(pwrclkchanged == SET)
2481:Drivers/STM32L4xx_HAL_Driver/Src/stm32l4xx_hal_rcc_ex.c ****   {
ARM GAS  /tmp/ccBxf6FW.s 			page 45


2482:Drivers/STM32L4xx_HAL_Driver/Src/stm32l4xx_hal_rcc_ex.c ****     __HAL_RCC_PWR_CLK_DISABLE();
2483:Drivers/STM32L4xx_HAL_Driver/Src/stm32l4xx_hal_rcc_ex.c ****   }
2484:Drivers/STM32L4xx_HAL_Driver/Src/stm32l4xx_hal_rcc_ex.c **** }
2485:Drivers/STM32L4xx_HAL_Driver/Src/stm32l4xx_hal_rcc_ex.c **** 
2486:Drivers/STM32L4xx_HAL_Driver/Src/stm32l4xx_hal_rcc_ex.c **** /**
2487:Drivers/STM32L4xx_HAL_Driver/Src/stm32l4xx_hal_rcc_ex.c ****   * @brief  Enable the PLL-mode of the MSI.
2488:Drivers/STM32L4xx_HAL_Driver/Src/stm32l4xx_hal_rcc_ex.c ****   * @note   Prior to enable the PLL-mode of the MSI for automatic hardware
2489:Drivers/STM32L4xx_HAL_Driver/Src/stm32l4xx_hal_rcc_ex.c ****   *         calibration LSE oscillator is to be enabled with HAL_RCC_OscConfig().
2490:Drivers/STM32L4xx_HAL_Driver/Src/stm32l4xx_hal_rcc_ex.c ****   * @retval None
2491:Drivers/STM32L4xx_HAL_Driver/Src/stm32l4xx_hal_rcc_ex.c ****   */
2492:Drivers/STM32L4xx_HAL_Driver/Src/stm32l4xx_hal_rcc_ex.c **** void HAL_RCCEx_EnableMSIPLLMode(void)
2493:Drivers/STM32L4xx_HAL_Driver/Src/stm32l4xx_hal_rcc_ex.c **** {
2494:Drivers/STM32L4xx_HAL_Driver/Src/stm32l4xx_hal_rcc_ex.c ****   SET_BIT(RCC->CR, RCC_CR_MSIPLLEN) ;
2495:Drivers/STM32L4xx_HAL_Driver/Src/stm32l4xx_hal_rcc_ex.c **** }
2496:Drivers/STM32L4xx_HAL_Driver/Src/stm32l4xx_hal_rcc_ex.c **** 
2497:Drivers/STM32L4xx_HAL_Driver/Src/stm32l4xx_hal_rcc_ex.c **** /**
2498:Drivers/STM32L4xx_HAL_Driver/Src/stm32l4xx_hal_rcc_ex.c ****   * @brief  Disable the PLL-mode of the MSI.
2499:Drivers/STM32L4xx_HAL_Driver/Src/stm32l4xx_hal_rcc_ex.c ****   * @note   PLL-mode of the MSI is automatically reset when LSE oscillator is disabled.
2500:Drivers/STM32L4xx_HAL_Driver/Src/stm32l4xx_hal_rcc_ex.c ****   * @retval None
2501:Drivers/STM32L4xx_HAL_Driver/Src/stm32l4xx_hal_rcc_ex.c ****   */
2502:Drivers/STM32L4xx_HAL_Driver/Src/stm32l4xx_hal_rcc_ex.c **** void HAL_RCCEx_DisableMSIPLLMode(void)
2503:Drivers/STM32L4xx_HAL_Driver/Src/stm32l4xx_hal_rcc_ex.c **** {
2504:Drivers/STM32L4xx_HAL_Driver/Src/stm32l4xx_hal_rcc_ex.c ****   CLEAR_BIT(RCC->CR, RCC_CR_MSIPLLEN) ;
2505:Drivers/STM32L4xx_HAL_Driver/Src/stm32l4xx_hal_rcc_ex.c **** }
2506:Drivers/STM32L4xx_HAL_Driver/Src/stm32l4xx_hal_rcc_ex.c **** 
2507:Drivers/STM32L4xx_HAL_Driver/Src/stm32l4xx_hal_rcc_ex.c **** #if defined (OCTOSPI1) && defined (OCTOSPI2)
2508:Drivers/STM32L4xx_HAL_Driver/Src/stm32l4xx_hal_rcc_ex.c **** /**
2509:Drivers/STM32L4xx_HAL_Driver/Src/stm32l4xx_hal_rcc_ex.c ****   * @brief  Configure OCTOSPI instances DQS delays.
2510:Drivers/STM32L4xx_HAL_Driver/Src/stm32l4xx_hal_rcc_ex.c ****   * @param  Delay1  OCTOSPI1 DQS delay
2511:Drivers/STM32L4xx_HAL_Driver/Src/stm32l4xx_hal_rcc_ex.c ****   * @param  Delay2  OCTOSPI2 DQS delay
2512:Drivers/STM32L4xx_HAL_Driver/Src/stm32l4xx_hal_rcc_ex.c ****   * @note   Delay parameters stand for unitary delays from 0 to 15. Actual delay is Delay1 or Delay
2513:Drivers/STM32L4xx_HAL_Driver/Src/stm32l4xx_hal_rcc_ex.c ****   * @retval None
2514:Drivers/STM32L4xx_HAL_Driver/Src/stm32l4xx_hal_rcc_ex.c ****   */
2515:Drivers/STM32L4xx_HAL_Driver/Src/stm32l4xx_hal_rcc_ex.c **** void HAL_RCCEx_OCTOSPIDelayConfig(uint32_t Delay1, uint32_t Delay2)
2516:Drivers/STM32L4xx_HAL_Driver/Src/stm32l4xx_hal_rcc_ex.c **** {
2517:Drivers/STM32L4xx_HAL_Driver/Src/stm32l4xx_hal_rcc_ex.c ****   assert_param(IS_RCC_OCTOSPIDELAY(Delay1));
2518:Drivers/STM32L4xx_HAL_Driver/Src/stm32l4xx_hal_rcc_ex.c ****   assert_param(IS_RCC_OCTOSPIDELAY(Delay2));
2519:Drivers/STM32L4xx_HAL_Driver/Src/stm32l4xx_hal_rcc_ex.c **** 
2520:Drivers/STM32L4xx_HAL_Driver/Src/stm32l4xx_hal_rcc_ex.c ****   MODIFY_REG(RCC->DLYCFGR, RCC_DLYCFGR_OCTOSPI1_DLY|RCC_DLYCFGR_OCTOSPI2_DLY, (Delay1 | (Delay2 << 
2521:Drivers/STM32L4xx_HAL_Driver/Src/stm32l4xx_hal_rcc_ex.c **** }
2522:Drivers/STM32L4xx_HAL_Driver/Src/stm32l4xx_hal_rcc_ex.c **** #endif /* OCTOSPI1 && OCTOSPI2 */
2523:Drivers/STM32L4xx_HAL_Driver/Src/stm32l4xx_hal_rcc_ex.c **** 
2524:Drivers/STM32L4xx_HAL_Driver/Src/stm32l4xx_hal_rcc_ex.c **** /**
2525:Drivers/STM32L4xx_HAL_Driver/Src/stm32l4xx_hal_rcc_ex.c ****   * @}
2526:Drivers/STM32L4xx_HAL_Driver/Src/stm32l4xx_hal_rcc_ex.c ****   */
2527:Drivers/STM32L4xx_HAL_Driver/Src/stm32l4xx_hal_rcc_ex.c **** 
2528:Drivers/STM32L4xx_HAL_Driver/Src/stm32l4xx_hal_rcc_ex.c **** #if defined(CRS)
2529:Drivers/STM32L4xx_HAL_Driver/Src/stm32l4xx_hal_rcc_ex.c **** 
2530:Drivers/STM32L4xx_HAL_Driver/Src/stm32l4xx_hal_rcc_ex.c **** /** @defgroup RCCEx_Exported_Functions_Group3 Extended Clock Recovery System Control functions
2531:Drivers/STM32L4xx_HAL_Driver/Src/stm32l4xx_hal_rcc_ex.c ****  *  @brief  Extended Clock Recovery System Control functions
2532:Drivers/STM32L4xx_HAL_Driver/Src/stm32l4xx_hal_rcc_ex.c ****  *
2533:Drivers/STM32L4xx_HAL_Driver/Src/stm32l4xx_hal_rcc_ex.c **** @verbatim
2534:Drivers/STM32L4xx_HAL_Driver/Src/stm32l4xx_hal_rcc_ex.c ****  ===============================================================================
2535:Drivers/STM32L4xx_HAL_Driver/Src/stm32l4xx_hal_rcc_ex.c ****                 ##### Extended Clock Recovery System Control functions  #####
2536:Drivers/STM32L4xx_HAL_Driver/Src/stm32l4xx_hal_rcc_ex.c ****  ===============================================================================
2537:Drivers/STM32L4xx_HAL_Driver/Src/stm32l4xx_hal_rcc_ex.c ****     [..]
2538:Drivers/STM32L4xx_HAL_Driver/Src/stm32l4xx_hal_rcc_ex.c ****       For devices with Clock Recovery System feature (CRS), RCC Extension HAL driver can be used as
ARM GAS  /tmp/ccBxf6FW.s 			page 46


2539:Drivers/STM32L4xx_HAL_Driver/Src/stm32l4xx_hal_rcc_ex.c **** 
2540:Drivers/STM32L4xx_HAL_Driver/Src/stm32l4xx_hal_rcc_ex.c ****       (#) In System clock config, HSI48 needs to be enabled
2541:Drivers/STM32L4xx_HAL_Driver/Src/stm32l4xx_hal_rcc_ex.c **** 
2542:Drivers/STM32L4xx_HAL_Driver/Src/stm32l4xx_hal_rcc_ex.c ****       (#) Enable CRS clock in IP MSP init which will use CRS functions
2543:Drivers/STM32L4xx_HAL_Driver/Src/stm32l4xx_hal_rcc_ex.c **** 
2544:Drivers/STM32L4xx_HAL_Driver/Src/stm32l4xx_hal_rcc_ex.c ****       (#) Call CRS functions as follows:
2545:Drivers/STM32L4xx_HAL_Driver/Src/stm32l4xx_hal_rcc_ex.c ****           (##) Prepare synchronization configuration necessary for HSI48 calibration
2546:Drivers/STM32L4xx_HAL_Driver/Src/stm32l4xx_hal_rcc_ex.c ****               (+++) Default values can be set for frequency Error Measurement (reload and error lim
2547:Drivers/STM32L4xx_HAL_Driver/Src/stm32l4xx_hal_rcc_ex.c ****                         and also HSI48 oscillator smooth trimming.
2548:Drivers/STM32L4xx_HAL_Driver/Src/stm32l4xx_hal_rcc_ex.c ****               (+++) Macro __HAL_RCC_CRS_RELOADVALUE_CALCULATE can be also used to calculate
2549:Drivers/STM32L4xx_HAL_Driver/Src/stm32l4xx_hal_rcc_ex.c ****                         directly reload value with target and synchronization frequencies values
2550:Drivers/STM32L4xx_HAL_Driver/Src/stm32l4xx_hal_rcc_ex.c ****           (##) Call function HAL_RCCEx_CRSConfig which
2551:Drivers/STM32L4xx_HAL_Driver/Src/stm32l4xx_hal_rcc_ex.c ****               (+++) Resets CRS registers to their default values.
2552:Drivers/STM32L4xx_HAL_Driver/Src/stm32l4xx_hal_rcc_ex.c ****               (+++) Configures CRS registers with synchronization configuration
2553:Drivers/STM32L4xx_HAL_Driver/Src/stm32l4xx_hal_rcc_ex.c ****               (+++) Enables automatic calibration and frequency error counter feature
2554:Drivers/STM32L4xx_HAL_Driver/Src/stm32l4xx_hal_rcc_ex.c ****            Note: When using USB LPM (Link Power Management) and the device is in Sleep mode, the
2555:Drivers/STM32L4xx_HAL_Driver/Src/stm32l4xx_hal_rcc_ex.c ****            periodic USB SOF will not be generated by the host. No SYNC signal will therefore be
2556:Drivers/STM32L4xx_HAL_Driver/Src/stm32l4xx_hal_rcc_ex.c ****            provided to the CRS to calibrate the HSI48 on the run. To guarantee the required clock
2557:Drivers/STM32L4xx_HAL_Driver/Src/stm32l4xx_hal_rcc_ex.c ****            precision after waking up from Sleep mode, the LSE or reference clock on the GPIOs
2558:Drivers/STM32L4xx_HAL_Driver/Src/stm32l4xx_hal_rcc_ex.c ****            should be used as SYNC signal.
2559:Drivers/STM32L4xx_HAL_Driver/Src/stm32l4xx_hal_rcc_ex.c **** 
2560:Drivers/STM32L4xx_HAL_Driver/Src/stm32l4xx_hal_rcc_ex.c ****           (##) A polling function is provided to wait for complete synchronization
2561:Drivers/STM32L4xx_HAL_Driver/Src/stm32l4xx_hal_rcc_ex.c ****               (+++) Call function HAL_RCCEx_CRSWaitSynchronization()
2562:Drivers/STM32L4xx_HAL_Driver/Src/stm32l4xx_hal_rcc_ex.c ****               (+++) According to CRS status, user can decide to adjust again the calibration or con
2563:Drivers/STM32L4xx_HAL_Driver/Src/stm32l4xx_hal_rcc_ex.c ****                         application if synchronization is OK
2564:Drivers/STM32L4xx_HAL_Driver/Src/stm32l4xx_hal_rcc_ex.c **** 
2565:Drivers/STM32L4xx_HAL_Driver/Src/stm32l4xx_hal_rcc_ex.c ****       (#) User can retrieve information related to synchronization in calling function
2566:Drivers/STM32L4xx_HAL_Driver/Src/stm32l4xx_hal_rcc_ex.c ****             HAL_RCCEx_CRSGetSynchronizationInfo()
2567:Drivers/STM32L4xx_HAL_Driver/Src/stm32l4xx_hal_rcc_ex.c **** 
2568:Drivers/STM32L4xx_HAL_Driver/Src/stm32l4xx_hal_rcc_ex.c ****       (#) Regarding synchronization status and synchronization information, user can try a new cali
2569:Drivers/STM32L4xx_HAL_Driver/Src/stm32l4xx_hal_rcc_ex.c ****            in changing synchronization configuration and call again HAL_RCCEx_CRSConfig.
2570:Drivers/STM32L4xx_HAL_Driver/Src/stm32l4xx_hal_rcc_ex.c ****            Note: When the SYNC event is detected during the downcounting phase (before reaching the
2571:Drivers/STM32L4xx_HAL_Driver/Src/stm32l4xx_hal_rcc_ex.c ****            it means that the actual frequency is lower than the target (and so, that the TRIM value
2572:Drivers/STM32L4xx_HAL_Driver/Src/stm32l4xx_hal_rcc_ex.c ****            incremented), while when it is detected during the upcounting phase it means that the ac
2573:Drivers/STM32L4xx_HAL_Driver/Src/stm32l4xx_hal_rcc_ex.c ****            is higher (and that the TRIM value should be decremented).
2574:Drivers/STM32L4xx_HAL_Driver/Src/stm32l4xx_hal_rcc_ex.c **** 
2575:Drivers/STM32L4xx_HAL_Driver/Src/stm32l4xx_hal_rcc_ex.c ****       (#) In interrupt mode, user can resort to the available macros (__HAL_RCC_CRS_XXX_IT). Interr
2576:Drivers/STM32L4xx_HAL_Driver/Src/stm32l4xx_hal_rcc_ex.c ****           through CRS Handler (CRS_IRQn/CRS_IRQHandler)
2577:Drivers/STM32L4xx_HAL_Driver/Src/stm32l4xx_hal_rcc_ex.c ****               (++) Call function HAL_RCCEx_CRSConfig()
2578:Drivers/STM32L4xx_HAL_Driver/Src/stm32l4xx_hal_rcc_ex.c ****               (++) Enable CRS_IRQn (thanks to NVIC functions)
2579:Drivers/STM32L4xx_HAL_Driver/Src/stm32l4xx_hal_rcc_ex.c ****               (++) Enable CRS interrupt (__HAL_RCC_CRS_ENABLE_IT)
2580:Drivers/STM32L4xx_HAL_Driver/Src/stm32l4xx_hal_rcc_ex.c ****               (++) Implement CRS status management in the following user callbacks called from
2581:Drivers/STM32L4xx_HAL_Driver/Src/stm32l4xx_hal_rcc_ex.c ****                    HAL_RCCEx_CRS_IRQHandler():
2582:Drivers/STM32L4xx_HAL_Driver/Src/stm32l4xx_hal_rcc_ex.c ****                    (+++) HAL_RCCEx_CRS_SyncOkCallback()
2583:Drivers/STM32L4xx_HAL_Driver/Src/stm32l4xx_hal_rcc_ex.c ****                    (+++) HAL_RCCEx_CRS_SyncWarnCallback()
2584:Drivers/STM32L4xx_HAL_Driver/Src/stm32l4xx_hal_rcc_ex.c ****                    (+++) HAL_RCCEx_CRS_ExpectedSyncCallback()
2585:Drivers/STM32L4xx_HAL_Driver/Src/stm32l4xx_hal_rcc_ex.c ****                    (+++) HAL_RCCEx_CRS_ErrorCallback()
2586:Drivers/STM32L4xx_HAL_Driver/Src/stm32l4xx_hal_rcc_ex.c **** 
2587:Drivers/STM32L4xx_HAL_Driver/Src/stm32l4xx_hal_rcc_ex.c ****       (#) To force a SYNC EVENT, user can use the function HAL_RCCEx_CRSSoftwareSynchronizationGene
2588:Drivers/STM32L4xx_HAL_Driver/Src/stm32l4xx_hal_rcc_ex.c ****           This function can be called before calling HAL_RCCEx_CRSConfig (for instance in Systick h
2589:Drivers/STM32L4xx_HAL_Driver/Src/stm32l4xx_hal_rcc_ex.c **** 
2590:Drivers/STM32L4xx_HAL_Driver/Src/stm32l4xx_hal_rcc_ex.c **** @endverbatim
2591:Drivers/STM32L4xx_HAL_Driver/Src/stm32l4xx_hal_rcc_ex.c ****  * @{
2592:Drivers/STM32L4xx_HAL_Driver/Src/stm32l4xx_hal_rcc_ex.c ****  */
2593:Drivers/STM32L4xx_HAL_Driver/Src/stm32l4xx_hal_rcc_ex.c **** 
2594:Drivers/STM32L4xx_HAL_Driver/Src/stm32l4xx_hal_rcc_ex.c **** /**
2595:Drivers/STM32L4xx_HAL_Driver/Src/stm32l4xx_hal_rcc_ex.c ****   * @brief  Start automatic synchronization for polling mode
ARM GAS  /tmp/ccBxf6FW.s 			page 47


2596:Drivers/STM32L4xx_HAL_Driver/Src/stm32l4xx_hal_rcc_ex.c ****   * @param  pInit Pointer on RCC_CRSInitTypeDef structure
2597:Drivers/STM32L4xx_HAL_Driver/Src/stm32l4xx_hal_rcc_ex.c ****   * @retval None
2598:Drivers/STM32L4xx_HAL_Driver/Src/stm32l4xx_hal_rcc_ex.c ****   */
2599:Drivers/STM32L4xx_HAL_Driver/Src/stm32l4xx_hal_rcc_ex.c **** void HAL_RCCEx_CRSConfig(RCC_CRSInitTypeDef *pInit)
2600:Drivers/STM32L4xx_HAL_Driver/Src/stm32l4xx_hal_rcc_ex.c **** {
2601:Drivers/STM32L4xx_HAL_Driver/Src/stm32l4xx_hal_rcc_ex.c ****   uint32_t value;  /* no init needed */
2602:Drivers/STM32L4xx_HAL_Driver/Src/stm32l4xx_hal_rcc_ex.c **** 
2603:Drivers/STM32L4xx_HAL_Driver/Src/stm32l4xx_hal_rcc_ex.c ****   /* Check the parameters */
2604:Drivers/STM32L4xx_HAL_Driver/Src/stm32l4xx_hal_rcc_ex.c ****   assert_param(IS_RCC_CRS_SYNC_DIV(pInit->Prescaler));
2605:Drivers/STM32L4xx_HAL_Driver/Src/stm32l4xx_hal_rcc_ex.c ****   assert_param(IS_RCC_CRS_SYNC_SOURCE(pInit->Source));
2606:Drivers/STM32L4xx_HAL_Driver/Src/stm32l4xx_hal_rcc_ex.c ****   assert_param(IS_RCC_CRS_SYNC_POLARITY(pInit->Polarity));
2607:Drivers/STM32L4xx_HAL_Driver/Src/stm32l4xx_hal_rcc_ex.c ****   assert_param(IS_RCC_CRS_RELOADVALUE(pInit->ReloadValue));
2608:Drivers/STM32L4xx_HAL_Driver/Src/stm32l4xx_hal_rcc_ex.c ****   assert_param(IS_RCC_CRS_ERRORLIMIT(pInit->ErrorLimitValue));
2609:Drivers/STM32L4xx_HAL_Driver/Src/stm32l4xx_hal_rcc_ex.c ****   assert_param(IS_RCC_CRS_HSI48CALIBRATION(pInit->HSI48CalibrationValue));
2610:Drivers/STM32L4xx_HAL_Driver/Src/stm32l4xx_hal_rcc_ex.c **** 
2611:Drivers/STM32L4xx_HAL_Driver/Src/stm32l4xx_hal_rcc_ex.c ****   /* CONFIGURATION */
2612:Drivers/STM32L4xx_HAL_Driver/Src/stm32l4xx_hal_rcc_ex.c **** 
2613:Drivers/STM32L4xx_HAL_Driver/Src/stm32l4xx_hal_rcc_ex.c ****   /* Before configuration, reset CRS registers to their default values*/
2614:Drivers/STM32L4xx_HAL_Driver/Src/stm32l4xx_hal_rcc_ex.c ****   __HAL_RCC_CRS_FORCE_RESET();
2615:Drivers/STM32L4xx_HAL_Driver/Src/stm32l4xx_hal_rcc_ex.c ****   __HAL_RCC_CRS_RELEASE_RESET();
2616:Drivers/STM32L4xx_HAL_Driver/Src/stm32l4xx_hal_rcc_ex.c **** 
2617:Drivers/STM32L4xx_HAL_Driver/Src/stm32l4xx_hal_rcc_ex.c ****   /* Set the SYNCDIV[2:0] bits according to Prescaler value */
2618:Drivers/STM32L4xx_HAL_Driver/Src/stm32l4xx_hal_rcc_ex.c ****   /* Set the SYNCSRC[1:0] bits according to Source value */
2619:Drivers/STM32L4xx_HAL_Driver/Src/stm32l4xx_hal_rcc_ex.c ****   /* Set the SYNCSPOL bit according to Polarity value */
2620:Drivers/STM32L4xx_HAL_Driver/Src/stm32l4xx_hal_rcc_ex.c ****   value = (pInit->Prescaler | pInit->Source | pInit->Polarity);
2621:Drivers/STM32L4xx_HAL_Driver/Src/stm32l4xx_hal_rcc_ex.c ****   /* Set the RELOAD[15:0] bits according to ReloadValue value */
2622:Drivers/STM32L4xx_HAL_Driver/Src/stm32l4xx_hal_rcc_ex.c ****   value |= pInit->ReloadValue;
2623:Drivers/STM32L4xx_HAL_Driver/Src/stm32l4xx_hal_rcc_ex.c ****   /* Set the FELIM[7:0] bits according to ErrorLimitValue value */
2624:Drivers/STM32L4xx_HAL_Driver/Src/stm32l4xx_hal_rcc_ex.c ****   value |= (pInit->ErrorLimitValue << CRS_CFGR_FELIM_Pos);
2625:Drivers/STM32L4xx_HAL_Driver/Src/stm32l4xx_hal_rcc_ex.c ****   WRITE_REG(CRS->CFGR, value);
2626:Drivers/STM32L4xx_HAL_Driver/Src/stm32l4xx_hal_rcc_ex.c **** 
2627:Drivers/STM32L4xx_HAL_Driver/Src/stm32l4xx_hal_rcc_ex.c ****   /* Adjust HSI48 oscillator smooth trimming */
2628:Drivers/STM32L4xx_HAL_Driver/Src/stm32l4xx_hal_rcc_ex.c ****   /* Set the TRIM[6:0] bits for STM32L412xx/L422xx or TRIM[5:0] bits otherwise
2629:Drivers/STM32L4xx_HAL_Driver/Src/stm32l4xx_hal_rcc_ex.c ****      according to RCC_CRS_HSI48CalibrationValue value */
2630:Drivers/STM32L4xx_HAL_Driver/Src/stm32l4xx_hal_rcc_ex.c ****   MODIFY_REG(CRS->CR, CRS_CR_TRIM, (pInit->HSI48CalibrationValue << CRS_CR_TRIM_Pos));
2631:Drivers/STM32L4xx_HAL_Driver/Src/stm32l4xx_hal_rcc_ex.c **** 
2632:Drivers/STM32L4xx_HAL_Driver/Src/stm32l4xx_hal_rcc_ex.c ****   /* START AUTOMATIC SYNCHRONIZATION*/
2633:Drivers/STM32L4xx_HAL_Driver/Src/stm32l4xx_hal_rcc_ex.c **** 
2634:Drivers/STM32L4xx_HAL_Driver/Src/stm32l4xx_hal_rcc_ex.c ****   /* Enable Automatic trimming & Frequency error counter */
2635:Drivers/STM32L4xx_HAL_Driver/Src/stm32l4xx_hal_rcc_ex.c ****   SET_BIT(CRS->CR, CRS_CR_AUTOTRIMEN | CRS_CR_CEN);
2636:Drivers/STM32L4xx_HAL_Driver/Src/stm32l4xx_hal_rcc_ex.c **** }
2637:Drivers/STM32L4xx_HAL_Driver/Src/stm32l4xx_hal_rcc_ex.c **** 
2638:Drivers/STM32L4xx_HAL_Driver/Src/stm32l4xx_hal_rcc_ex.c **** /**
2639:Drivers/STM32L4xx_HAL_Driver/Src/stm32l4xx_hal_rcc_ex.c ****   * @brief  Generate the software synchronization event
2640:Drivers/STM32L4xx_HAL_Driver/Src/stm32l4xx_hal_rcc_ex.c ****   * @retval None
2641:Drivers/STM32L4xx_HAL_Driver/Src/stm32l4xx_hal_rcc_ex.c ****   */
2642:Drivers/STM32L4xx_HAL_Driver/Src/stm32l4xx_hal_rcc_ex.c **** void HAL_RCCEx_CRSSoftwareSynchronizationGenerate(void)
2643:Drivers/STM32L4xx_HAL_Driver/Src/stm32l4xx_hal_rcc_ex.c **** {
2644:Drivers/STM32L4xx_HAL_Driver/Src/stm32l4xx_hal_rcc_ex.c ****   SET_BIT(CRS->CR, CRS_CR_SWSYNC);
2645:Drivers/STM32L4xx_HAL_Driver/Src/stm32l4xx_hal_rcc_ex.c **** }
2646:Drivers/STM32L4xx_HAL_Driver/Src/stm32l4xx_hal_rcc_ex.c **** 
2647:Drivers/STM32L4xx_HAL_Driver/Src/stm32l4xx_hal_rcc_ex.c **** /**
2648:Drivers/STM32L4xx_HAL_Driver/Src/stm32l4xx_hal_rcc_ex.c ****   * @brief  Return synchronization info
2649:Drivers/STM32L4xx_HAL_Driver/Src/stm32l4xx_hal_rcc_ex.c ****   * @param  pSynchroInfo Pointer on RCC_CRSSynchroInfoTypeDef structure
2650:Drivers/STM32L4xx_HAL_Driver/Src/stm32l4xx_hal_rcc_ex.c ****   * @retval None
2651:Drivers/STM32L4xx_HAL_Driver/Src/stm32l4xx_hal_rcc_ex.c ****   */
2652:Drivers/STM32L4xx_HAL_Driver/Src/stm32l4xx_hal_rcc_ex.c **** void HAL_RCCEx_CRSGetSynchronizationInfo(RCC_CRSSynchroInfoTypeDef *pSynchroInfo)
ARM GAS  /tmp/ccBxf6FW.s 			page 48


2653:Drivers/STM32L4xx_HAL_Driver/Src/stm32l4xx_hal_rcc_ex.c **** {
2654:Drivers/STM32L4xx_HAL_Driver/Src/stm32l4xx_hal_rcc_ex.c ****   /* Check the parameter */
2655:Drivers/STM32L4xx_HAL_Driver/Src/stm32l4xx_hal_rcc_ex.c ****   assert_param(pSynchroInfo != (void *)NULL);
2656:Drivers/STM32L4xx_HAL_Driver/Src/stm32l4xx_hal_rcc_ex.c **** 
2657:Drivers/STM32L4xx_HAL_Driver/Src/stm32l4xx_hal_rcc_ex.c ****   /* Get the reload value */
2658:Drivers/STM32L4xx_HAL_Driver/Src/stm32l4xx_hal_rcc_ex.c ****   pSynchroInfo->ReloadValue = (READ_BIT(CRS->CFGR, CRS_CFGR_RELOAD));
2659:Drivers/STM32L4xx_HAL_Driver/Src/stm32l4xx_hal_rcc_ex.c **** 
2660:Drivers/STM32L4xx_HAL_Driver/Src/stm32l4xx_hal_rcc_ex.c ****   /* Get HSI48 oscillator smooth trimming */
2661:Drivers/STM32L4xx_HAL_Driver/Src/stm32l4xx_hal_rcc_ex.c ****   pSynchroInfo->HSI48CalibrationValue = (READ_BIT(CRS->CR, CRS_CR_TRIM) >> CRS_CR_TRIM_Pos);
2662:Drivers/STM32L4xx_HAL_Driver/Src/stm32l4xx_hal_rcc_ex.c **** 
2663:Drivers/STM32L4xx_HAL_Driver/Src/stm32l4xx_hal_rcc_ex.c ****   /* Get Frequency error capture */
2664:Drivers/STM32L4xx_HAL_Driver/Src/stm32l4xx_hal_rcc_ex.c ****   pSynchroInfo->FreqErrorCapture = (READ_BIT(CRS->ISR, CRS_ISR_FECAP) >> CRS_ISR_FECAP_Pos);
2665:Drivers/STM32L4xx_HAL_Driver/Src/stm32l4xx_hal_rcc_ex.c **** 
2666:Drivers/STM32L4xx_HAL_Driver/Src/stm32l4xx_hal_rcc_ex.c ****   /* Get Frequency error direction */
2667:Drivers/STM32L4xx_HAL_Driver/Src/stm32l4xx_hal_rcc_ex.c ****   pSynchroInfo->FreqErrorDirection = (READ_BIT(CRS->ISR, CRS_ISR_FEDIR));
2668:Drivers/STM32L4xx_HAL_Driver/Src/stm32l4xx_hal_rcc_ex.c **** }
2669:Drivers/STM32L4xx_HAL_Driver/Src/stm32l4xx_hal_rcc_ex.c **** 
2670:Drivers/STM32L4xx_HAL_Driver/Src/stm32l4xx_hal_rcc_ex.c **** /**
2671:Drivers/STM32L4xx_HAL_Driver/Src/stm32l4xx_hal_rcc_ex.c **** * @brief Wait for CRS Synchronization status.
2672:Drivers/STM32L4xx_HAL_Driver/Src/stm32l4xx_hal_rcc_ex.c **** * @param Timeout  Duration of the timeout
2673:Drivers/STM32L4xx_HAL_Driver/Src/stm32l4xx_hal_rcc_ex.c **** * @note  Timeout is based on the maximum time to receive a SYNC event based on synchronization
2674:Drivers/STM32L4xx_HAL_Driver/Src/stm32l4xx_hal_rcc_ex.c **** *        frequency.
2675:Drivers/STM32L4xx_HAL_Driver/Src/stm32l4xx_hal_rcc_ex.c **** * @note    If Timeout set to HAL_MAX_DELAY, HAL_TIMEOUT will be never returned.
2676:Drivers/STM32L4xx_HAL_Driver/Src/stm32l4xx_hal_rcc_ex.c **** * @retval Combination of Synchronization status
2677:Drivers/STM32L4xx_HAL_Driver/Src/stm32l4xx_hal_rcc_ex.c **** *          This parameter can be a combination of the following values:
2678:Drivers/STM32L4xx_HAL_Driver/Src/stm32l4xx_hal_rcc_ex.c **** *            @arg @ref RCC_CRS_TIMEOUT
2679:Drivers/STM32L4xx_HAL_Driver/Src/stm32l4xx_hal_rcc_ex.c **** *            @arg @ref RCC_CRS_SYNCOK
2680:Drivers/STM32L4xx_HAL_Driver/Src/stm32l4xx_hal_rcc_ex.c **** *            @arg @ref RCC_CRS_SYNCWARN
2681:Drivers/STM32L4xx_HAL_Driver/Src/stm32l4xx_hal_rcc_ex.c **** *            @arg @ref RCC_CRS_SYNCERR
2682:Drivers/STM32L4xx_HAL_Driver/Src/stm32l4xx_hal_rcc_ex.c **** *            @arg @ref RCC_CRS_SYNCMISS
2683:Drivers/STM32L4xx_HAL_Driver/Src/stm32l4xx_hal_rcc_ex.c **** *            @arg @ref RCC_CRS_TRIMOVF
2684:Drivers/STM32L4xx_HAL_Driver/Src/stm32l4xx_hal_rcc_ex.c **** */
2685:Drivers/STM32L4xx_HAL_Driver/Src/stm32l4xx_hal_rcc_ex.c **** uint32_t HAL_RCCEx_CRSWaitSynchronization(uint32_t Timeout)
2686:Drivers/STM32L4xx_HAL_Driver/Src/stm32l4xx_hal_rcc_ex.c **** {
2687:Drivers/STM32L4xx_HAL_Driver/Src/stm32l4xx_hal_rcc_ex.c ****   uint32_t crsstatus = RCC_CRS_NONE;
2688:Drivers/STM32L4xx_HAL_Driver/Src/stm32l4xx_hal_rcc_ex.c ****   uint32_t tickstart;
2689:Drivers/STM32L4xx_HAL_Driver/Src/stm32l4xx_hal_rcc_ex.c **** 
2690:Drivers/STM32L4xx_HAL_Driver/Src/stm32l4xx_hal_rcc_ex.c ****   /* Get timeout */
2691:Drivers/STM32L4xx_HAL_Driver/Src/stm32l4xx_hal_rcc_ex.c ****   tickstart = HAL_GetTick();
2692:Drivers/STM32L4xx_HAL_Driver/Src/stm32l4xx_hal_rcc_ex.c **** 
2693:Drivers/STM32L4xx_HAL_Driver/Src/stm32l4xx_hal_rcc_ex.c ****   /* Wait for CRS flag or timeout detection */
2694:Drivers/STM32L4xx_HAL_Driver/Src/stm32l4xx_hal_rcc_ex.c ****   do
2695:Drivers/STM32L4xx_HAL_Driver/Src/stm32l4xx_hal_rcc_ex.c ****   {
2696:Drivers/STM32L4xx_HAL_Driver/Src/stm32l4xx_hal_rcc_ex.c ****     if(Timeout != HAL_MAX_DELAY)
2697:Drivers/STM32L4xx_HAL_Driver/Src/stm32l4xx_hal_rcc_ex.c ****     {
2698:Drivers/STM32L4xx_HAL_Driver/Src/stm32l4xx_hal_rcc_ex.c ****       if(((HAL_GetTick() - tickstart) > Timeout) || (Timeout == 0U))
2699:Drivers/STM32L4xx_HAL_Driver/Src/stm32l4xx_hal_rcc_ex.c ****       {
2700:Drivers/STM32L4xx_HAL_Driver/Src/stm32l4xx_hal_rcc_ex.c ****         crsstatus = RCC_CRS_TIMEOUT;
2701:Drivers/STM32L4xx_HAL_Driver/Src/stm32l4xx_hal_rcc_ex.c ****       }
2702:Drivers/STM32L4xx_HAL_Driver/Src/stm32l4xx_hal_rcc_ex.c ****     }
2703:Drivers/STM32L4xx_HAL_Driver/Src/stm32l4xx_hal_rcc_ex.c ****     /* Check CRS SYNCOK flag  */
2704:Drivers/STM32L4xx_HAL_Driver/Src/stm32l4xx_hal_rcc_ex.c ****     if(__HAL_RCC_CRS_GET_FLAG(RCC_CRS_FLAG_SYNCOK))
2705:Drivers/STM32L4xx_HAL_Driver/Src/stm32l4xx_hal_rcc_ex.c ****     {
2706:Drivers/STM32L4xx_HAL_Driver/Src/stm32l4xx_hal_rcc_ex.c ****       /* CRS SYNC event OK */
2707:Drivers/STM32L4xx_HAL_Driver/Src/stm32l4xx_hal_rcc_ex.c ****       crsstatus |= RCC_CRS_SYNCOK;
2708:Drivers/STM32L4xx_HAL_Driver/Src/stm32l4xx_hal_rcc_ex.c **** 
2709:Drivers/STM32L4xx_HAL_Driver/Src/stm32l4xx_hal_rcc_ex.c ****       /* Clear CRS SYNC event OK bit */
ARM GAS  /tmp/ccBxf6FW.s 			page 49


2710:Drivers/STM32L4xx_HAL_Driver/Src/stm32l4xx_hal_rcc_ex.c ****       __HAL_RCC_CRS_CLEAR_FLAG(RCC_CRS_FLAG_SYNCOK);
2711:Drivers/STM32L4xx_HAL_Driver/Src/stm32l4xx_hal_rcc_ex.c ****     }
2712:Drivers/STM32L4xx_HAL_Driver/Src/stm32l4xx_hal_rcc_ex.c **** 
2713:Drivers/STM32L4xx_HAL_Driver/Src/stm32l4xx_hal_rcc_ex.c ****     /* Check CRS SYNCWARN flag  */
2714:Drivers/STM32L4xx_HAL_Driver/Src/stm32l4xx_hal_rcc_ex.c ****     if(__HAL_RCC_CRS_GET_FLAG(RCC_CRS_FLAG_SYNCWARN))
2715:Drivers/STM32L4xx_HAL_Driver/Src/stm32l4xx_hal_rcc_ex.c ****     {
2716:Drivers/STM32L4xx_HAL_Driver/Src/stm32l4xx_hal_rcc_ex.c ****       /* CRS SYNC warning */
2717:Drivers/STM32L4xx_HAL_Driver/Src/stm32l4xx_hal_rcc_ex.c ****       crsstatus |= RCC_CRS_SYNCWARN;
2718:Drivers/STM32L4xx_HAL_Driver/Src/stm32l4xx_hal_rcc_ex.c **** 
2719:Drivers/STM32L4xx_HAL_Driver/Src/stm32l4xx_hal_rcc_ex.c ****       /* Clear CRS SYNCWARN bit */
2720:Drivers/STM32L4xx_HAL_Driver/Src/stm32l4xx_hal_rcc_ex.c ****       __HAL_RCC_CRS_CLEAR_FLAG(RCC_CRS_FLAG_SYNCWARN);
2721:Drivers/STM32L4xx_HAL_Driver/Src/stm32l4xx_hal_rcc_ex.c ****     }
2722:Drivers/STM32L4xx_HAL_Driver/Src/stm32l4xx_hal_rcc_ex.c **** 
2723:Drivers/STM32L4xx_HAL_Driver/Src/stm32l4xx_hal_rcc_ex.c ****     /* Check CRS TRIM overflow flag  */
2724:Drivers/STM32L4xx_HAL_Driver/Src/stm32l4xx_hal_rcc_ex.c ****     if(__HAL_RCC_CRS_GET_FLAG(RCC_CRS_FLAG_TRIMOVF))
2725:Drivers/STM32L4xx_HAL_Driver/Src/stm32l4xx_hal_rcc_ex.c ****     {
2726:Drivers/STM32L4xx_HAL_Driver/Src/stm32l4xx_hal_rcc_ex.c ****       /* CRS SYNC Error */
2727:Drivers/STM32L4xx_HAL_Driver/Src/stm32l4xx_hal_rcc_ex.c ****       crsstatus |= RCC_CRS_TRIMOVF;
2728:Drivers/STM32L4xx_HAL_Driver/Src/stm32l4xx_hal_rcc_ex.c **** 
2729:Drivers/STM32L4xx_HAL_Driver/Src/stm32l4xx_hal_rcc_ex.c ****       /* Clear CRS Error bit */
2730:Drivers/STM32L4xx_HAL_Driver/Src/stm32l4xx_hal_rcc_ex.c ****       __HAL_RCC_CRS_CLEAR_FLAG(RCC_CRS_FLAG_TRIMOVF);
2731:Drivers/STM32L4xx_HAL_Driver/Src/stm32l4xx_hal_rcc_ex.c ****     }
2732:Drivers/STM32L4xx_HAL_Driver/Src/stm32l4xx_hal_rcc_ex.c **** 
2733:Drivers/STM32L4xx_HAL_Driver/Src/stm32l4xx_hal_rcc_ex.c ****     /* Check CRS Error flag  */
2734:Drivers/STM32L4xx_HAL_Driver/Src/stm32l4xx_hal_rcc_ex.c ****     if(__HAL_RCC_CRS_GET_FLAG(RCC_CRS_FLAG_SYNCERR))
2735:Drivers/STM32L4xx_HAL_Driver/Src/stm32l4xx_hal_rcc_ex.c ****     {
2736:Drivers/STM32L4xx_HAL_Driver/Src/stm32l4xx_hal_rcc_ex.c ****       /* CRS SYNC Error */
2737:Drivers/STM32L4xx_HAL_Driver/Src/stm32l4xx_hal_rcc_ex.c ****       crsstatus |= RCC_CRS_SYNCERR;
2738:Drivers/STM32L4xx_HAL_Driver/Src/stm32l4xx_hal_rcc_ex.c **** 
2739:Drivers/STM32L4xx_HAL_Driver/Src/stm32l4xx_hal_rcc_ex.c ****       /* Clear CRS Error bit */
2740:Drivers/STM32L4xx_HAL_Driver/Src/stm32l4xx_hal_rcc_ex.c ****       __HAL_RCC_CRS_CLEAR_FLAG(RCC_CRS_FLAG_SYNCERR);
2741:Drivers/STM32L4xx_HAL_Driver/Src/stm32l4xx_hal_rcc_ex.c ****     }
2742:Drivers/STM32L4xx_HAL_Driver/Src/stm32l4xx_hal_rcc_ex.c **** 
2743:Drivers/STM32L4xx_HAL_Driver/Src/stm32l4xx_hal_rcc_ex.c ****     /* Check CRS SYNC Missed flag  */
2744:Drivers/STM32L4xx_HAL_Driver/Src/stm32l4xx_hal_rcc_ex.c ****     if(__HAL_RCC_CRS_GET_FLAG(RCC_CRS_FLAG_SYNCMISS))
2745:Drivers/STM32L4xx_HAL_Driver/Src/stm32l4xx_hal_rcc_ex.c ****     {
2746:Drivers/STM32L4xx_HAL_Driver/Src/stm32l4xx_hal_rcc_ex.c ****       /* CRS SYNC Missed */
2747:Drivers/STM32L4xx_HAL_Driver/Src/stm32l4xx_hal_rcc_ex.c ****       crsstatus |= RCC_CRS_SYNCMISS;
2748:Drivers/STM32L4xx_HAL_Driver/Src/stm32l4xx_hal_rcc_ex.c **** 
2749:Drivers/STM32L4xx_HAL_Driver/Src/stm32l4xx_hal_rcc_ex.c ****       /* Clear CRS SYNC Missed bit */
2750:Drivers/STM32L4xx_HAL_Driver/Src/stm32l4xx_hal_rcc_ex.c ****       __HAL_RCC_CRS_CLEAR_FLAG(RCC_CRS_FLAG_SYNCMISS);
2751:Drivers/STM32L4xx_HAL_Driver/Src/stm32l4xx_hal_rcc_ex.c ****     }
2752:Drivers/STM32L4xx_HAL_Driver/Src/stm32l4xx_hal_rcc_ex.c **** 
2753:Drivers/STM32L4xx_HAL_Driver/Src/stm32l4xx_hal_rcc_ex.c ****     /* Check CRS Expected SYNC flag  */
2754:Drivers/STM32L4xx_HAL_Driver/Src/stm32l4xx_hal_rcc_ex.c ****     if(__HAL_RCC_CRS_GET_FLAG(RCC_CRS_FLAG_ESYNC))
2755:Drivers/STM32L4xx_HAL_Driver/Src/stm32l4xx_hal_rcc_ex.c ****     {
2756:Drivers/STM32L4xx_HAL_Driver/Src/stm32l4xx_hal_rcc_ex.c ****       /* frequency error counter reached a zero value */
2757:Drivers/STM32L4xx_HAL_Driver/Src/stm32l4xx_hal_rcc_ex.c ****       __HAL_RCC_CRS_CLEAR_FLAG(RCC_CRS_FLAG_ESYNC);
2758:Drivers/STM32L4xx_HAL_Driver/Src/stm32l4xx_hal_rcc_ex.c ****     }
2759:Drivers/STM32L4xx_HAL_Driver/Src/stm32l4xx_hal_rcc_ex.c ****   } while(RCC_CRS_NONE == crsstatus);
2760:Drivers/STM32L4xx_HAL_Driver/Src/stm32l4xx_hal_rcc_ex.c **** 
2761:Drivers/STM32L4xx_HAL_Driver/Src/stm32l4xx_hal_rcc_ex.c ****   return crsstatus;
2762:Drivers/STM32L4xx_HAL_Driver/Src/stm32l4xx_hal_rcc_ex.c **** }
2763:Drivers/STM32L4xx_HAL_Driver/Src/stm32l4xx_hal_rcc_ex.c **** 
2764:Drivers/STM32L4xx_HAL_Driver/Src/stm32l4xx_hal_rcc_ex.c **** /**
2765:Drivers/STM32L4xx_HAL_Driver/Src/stm32l4xx_hal_rcc_ex.c ****   * @brief Handle the Clock Recovery System interrupt request.
2766:Drivers/STM32L4xx_HAL_Driver/Src/stm32l4xx_hal_rcc_ex.c ****   * @retval None
ARM GAS  /tmp/ccBxf6FW.s 			page 50


2767:Drivers/STM32L4xx_HAL_Driver/Src/stm32l4xx_hal_rcc_ex.c ****   */
2768:Drivers/STM32L4xx_HAL_Driver/Src/stm32l4xx_hal_rcc_ex.c **** void HAL_RCCEx_CRS_IRQHandler(void)
2769:Drivers/STM32L4xx_HAL_Driver/Src/stm32l4xx_hal_rcc_ex.c **** {
2770:Drivers/STM32L4xx_HAL_Driver/Src/stm32l4xx_hal_rcc_ex.c ****   uint32_t crserror = RCC_CRS_NONE;
2771:Drivers/STM32L4xx_HAL_Driver/Src/stm32l4xx_hal_rcc_ex.c ****   /* Get current IT flags and IT sources values */
2772:Drivers/STM32L4xx_HAL_Driver/Src/stm32l4xx_hal_rcc_ex.c ****   uint32_t itflags = READ_REG(CRS->ISR);
2773:Drivers/STM32L4xx_HAL_Driver/Src/stm32l4xx_hal_rcc_ex.c ****   uint32_t itsources = READ_REG(CRS->CR);
2774:Drivers/STM32L4xx_HAL_Driver/Src/stm32l4xx_hal_rcc_ex.c **** 
2775:Drivers/STM32L4xx_HAL_Driver/Src/stm32l4xx_hal_rcc_ex.c ****   /* Check CRS SYNCOK flag  */
2776:Drivers/STM32L4xx_HAL_Driver/Src/stm32l4xx_hal_rcc_ex.c ****   if(((itflags & RCC_CRS_FLAG_SYNCOK) != 0U) && ((itsources & RCC_CRS_IT_SYNCOK) != 0U))
2777:Drivers/STM32L4xx_HAL_Driver/Src/stm32l4xx_hal_rcc_ex.c ****   {
2778:Drivers/STM32L4xx_HAL_Driver/Src/stm32l4xx_hal_rcc_ex.c ****     /* Clear CRS SYNC event OK flag */
2779:Drivers/STM32L4xx_HAL_Driver/Src/stm32l4xx_hal_rcc_ex.c ****     WRITE_REG(CRS->ICR, CRS_ICR_SYNCOKC);
2780:Drivers/STM32L4xx_HAL_Driver/Src/stm32l4xx_hal_rcc_ex.c **** 
2781:Drivers/STM32L4xx_HAL_Driver/Src/stm32l4xx_hal_rcc_ex.c ****     /* user callback */
2782:Drivers/STM32L4xx_HAL_Driver/Src/stm32l4xx_hal_rcc_ex.c ****     HAL_RCCEx_CRS_SyncOkCallback();
2783:Drivers/STM32L4xx_HAL_Driver/Src/stm32l4xx_hal_rcc_ex.c ****   }
2784:Drivers/STM32L4xx_HAL_Driver/Src/stm32l4xx_hal_rcc_ex.c ****   /* Check CRS SYNCWARN flag  */
2785:Drivers/STM32L4xx_HAL_Driver/Src/stm32l4xx_hal_rcc_ex.c ****   else if(((itflags & RCC_CRS_FLAG_SYNCWARN) != 0U) && ((itsources & RCC_CRS_IT_SYNCWARN) != 0U))
2786:Drivers/STM32L4xx_HAL_Driver/Src/stm32l4xx_hal_rcc_ex.c ****   {
2787:Drivers/STM32L4xx_HAL_Driver/Src/stm32l4xx_hal_rcc_ex.c ****     /* Clear CRS SYNCWARN flag */
2788:Drivers/STM32L4xx_HAL_Driver/Src/stm32l4xx_hal_rcc_ex.c ****     WRITE_REG(CRS->ICR, CRS_ICR_SYNCWARNC);
2789:Drivers/STM32L4xx_HAL_Driver/Src/stm32l4xx_hal_rcc_ex.c **** 
2790:Drivers/STM32L4xx_HAL_Driver/Src/stm32l4xx_hal_rcc_ex.c ****     /* user callback */
2791:Drivers/STM32L4xx_HAL_Driver/Src/stm32l4xx_hal_rcc_ex.c ****     HAL_RCCEx_CRS_SyncWarnCallback();
2792:Drivers/STM32L4xx_HAL_Driver/Src/stm32l4xx_hal_rcc_ex.c ****   }
2793:Drivers/STM32L4xx_HAL_Driver/Src/stm32l4xx_hal_rcc_ex.c ****   /* Check CRS Expected SYNC flag  */
2794:Drivers/STM32L4xx_HAL_Driver/Src/stm32l4xx_hal_rcc_ex.c ****   else if(((itflags & RCC_CRS_FLAG_ESYNC) != 0U) && ((itsources & RCC_CRS_IT_ESYNC) != 0U))
2795:Drivers/STM32L4xx_HAL_Driver/Src/stm32l4xx_hal_rcc_ex.c ****   {
2796:Drivers/STM32L4xx_HAL_Driver/Src/stm32l4xx_hal_rcc_ex.c ****     /* frequency error counter reached a zero value */
2797:Drivers/STM32L4xx_HAL_Driver/Src/stm32l4xx_hal_rcc_ex.c ****     WRITE_REG(CRS->ICR, CRS_ICR_ESYNCC);
2798:Drivers/STM32L4xx_HAL_Driver/Src/stm32l4xx_hal_rcc_ex.c **** 
2799:Drivers/STM32L4xx_HAL_Driver/Src/stm32l4xx_hal_rcc_ex.c ****     /* user callback */
2800:Drivers/STM32L4xx_HAL_Driver/Src/stm32l4xx_hal_rcc_ex.c ****     HAL_RCCEx_CRS_ExpectedSyncCallback();
2801:Drivers/STM32L4xx_HAL_Driver/Src/stm32l4xx_hal_rcc_ex.c ****   }
2802:Drivers/STM32L4xx_HAL_Driver/Src/stm32l4xx_hal_rcc_ex.c ****   /* Check CRS Error flags  */
2803:Drivers/STM32L4xx_HAL_Driver/Src/stm32l4xx_hal_rcc_ex.c ****   else
2804:Drivers/STM32L4xx_HAL_Driver/Src/stm32l4xx_hal_rcc_ex.c ****   {
2805:Drivers/STM32L4xx_HAL_Driver/Src/stm32l4xx_hal_rcc_ex.c ****     if(((itflags & RCC_CRS_FLAG_ERR) != 0U) && ((itsources & RCC_CRS_IT_ERR) != 0U))
2806:Drivers/STM32L4xx_HAL_Driver/Src/stm32l4xx_hal_rcc_ex.c ****     {
2807:Drivers/STM32L4xx_HAL_Driver/Src/stm32l4xx_hal_rcc_ex.c ****       if((itflags & RCC_CRS_FLAG_SYNCERR) != 0U)
2808:Drivers/STM32L4xx_HAL_Driver/Src/stm32l4xx_hal_rcc_ex.c ****       {
2809:Drivers/STM32L4xx_HAL_Driver/Src/stm32l4xx_hal_rcc_ex.c ****         crserror |= RCC_CRS_SYNCERR;
2810:Drivers/STM32L4xx_HAL_Driver/Src/stm32l4xx_hal_rcc_ex.c ****       }
2811:Drivers/STM32L4xx_HAL_Driver/Src/stm32l4xx_hal_rcc_ex.c ****       if((itflags & RCC_CRS_FLAG_SYNCMISS) != 0U)
2812:Drivers/STM32L4xx_HAL_Driver/Src/stm32l4xx_hal_rcc_ex.c ****       {
2813:Drivers/STM32L4xx_HAL_Driver/Src/stm32l4xx_hal_rcc_ex.c ****         crserror |= RCC_CRS_SYNCMISS;
2814:Drivers/STM32L4xx_HAL_Driver/Src/stm32l4xx_hal_rcc_ex.c ****       }
2815:Drivers/STM32L4xx_HAL_Driver/Src/stm32l4xx_hal_rcc_ex.c ****       if((itflags & RCC_CRS_FLAG_TRIMOVF) != 0U)
2816:Drivers/STM32L4xx_HAL_Driver/Src/stm32l4xx_hal_rcc_ex.c ****       {
2817:Drivers/STM32L4xx_HAL_Driver/Src/stm32l4xx_hal_rcc_ex.c ****         crserror |= RCC_CRS_TRIMOVF;
2818:Drivers/STM32L4xx_HAL_Driver/Src/stm32l4xx_hal_rcc_ex.c ****       }
2819:Drivers/STM32L4xx_HAL_Driver/Src/stm32l4xx_hal_rcc_ex.c **** 
2820:Drivers/STM32L4xx_HAL_Driver/Src/stm32l4xx_hal_rcc_ex.c ****       /* Clear CRS Error flags */
2821:Drivers/STM32L4xx_HAL_Driver/Src/stm32l4xx_hal_rcc_ex.c ****       WRITE_REG(CRS->ICR, CRS_ICR_ERRC);
2822:Drivers/STM32L4xx_HAL_Driver/Src/stm32l4xx_hal_rcc_ex.c **** 
2823:Drivers/STM32L4xx_HAL_Driver/Src/stm32l4xx_hal_rcc_ex.c ****       /* user error callback */
ARM GAS  /tmp/ccBxf6FW.s 			page 51


2824:Drivers/STM32L4xx_HAL_Driver/Src/stm32l4xx_hal_rcc_ex.c ****       HAL_RCCEx_CRS_ErrorCallback(crserror);
2825:Drivers/STM32L4xx_HAL_Driver/Src/stm32l4xx_hal_rcc_ex.c ****     }
2826:Drivers/STM32L4xx_HAL_Driver/Src/stm32l4xx_hal_rcc_ex.c ****   }
2827:Drivers/STM32L4xx_HAL_Driver/Src/stm32l4xx_hal_rcc_ex.c **** }
2828:Drivers/STM32L4xx_HAL_Driver/Src/stm32l4xx_hal_rcc_ex.c **** 
2829:Drivers/STM32L4xx_HAL_Driver/Src/stm32l4xx_hal_rcc_ex.c **** /**
2830:Drivers/STM32L4xx_HAL_Driver/Src/stm32l4xx_hal_rcc_ex.c ****   * @brief  RCCEx Clock Recovery System SYNCOK interrupt callback.
2831:Drivers/STM32L4xx_HAL_Driver/Src/stm32l4xx_hal_rcc_ex.c ****   * @retval none
2832:Drivers/STM32L4xx_HAL_Driver/Src/stm32l4xx_hal_rcc_ex.c ****   */
2833:Drivers/STM32L4xx_HAL_Driver/Src/stm32l4xx_hal_rcc_ex.c **** __weak void HAL_RCCEx_CRS_SyncOkCallback(void)
2834:Drivers/STM32L4xx_HAL_Driver/Src/stm32l4xx_hal_rcc_ex.c **** {
2835:Drivers/STM32L4xx_HAL_Driver/Src/stm32l4xx_hal_rcc_ex.c ****   /* NOTE : This function should not be modified, when the callback is needed,
2836:Drivers/STM32L4xx_HAL_Driver/Src/stm32l4xx_hal_rcc_ex.c ****             the @ref HAL_RCCEx_CRS_SyncOkCallback should be implemented in the user file
2837:Drivers/STM32L4xx_HAL_Driver/Src/stm32l4xx_hal_rcc_ex.c ****    */
2838:Drivers/STM32L4xx_HAL_Driver/Src/stm32l4xx_hal_rcc_ex.c **** }
2839:Drivers/STM32L4xx_HAL_Driver/Src/stm32l4xx_hal_rcc_ex.c **** 
2840:Drivers/STM32L4xx_HAL_Driver/Src/stm32l4xx_hal_rcc_ex.c **** /**
2841:Drivers/STM32L4xx_HAL_Driver/Src/stm32l4xx_hal_rcc_ex.c ****   * @brief  RCCEx Clock Recovery System SYNCWARN interrupt callback.
2842:Drivers/STM32L4xx_HAL_Driver/Src/stm32l4xx_hal_rcc_ex.c ****   * @retval none
2843:Drivers/STM32L4xx_HAL_Driver/Src/stm32l4xx_hal_rcc_ex.c ****   */
2844:Drivers/STM32L4xx_HAL_Driver/Src/stm32l4xx_hal_rcc_ex.c **** __weak void HAL_RCCEx_CRS_SyncWarnCallback(void)
2845:Drivers/STM32L4xx_HAL_Driver/Src/stm32l4xx_hal_rcc_ex.c **** {
2846:Drivers/STM32L4xx_HAL_Driver/Src/stm32l4xx_hal_rcc_ex.c ****   /* NOTE : This function should not be modified, when the callback is needed,
2847:Drivers/STM32L4xx_HAL_Driver/Src/stm32l4xx_hal_rcc_ex.c ****             the @ref HAL_RCCEx_CRS_SyncWarnCallback should be implemented in the user file
2848:Drivers/STM32L4xx_HAL_Driver/Src/stm32l4xx_hal_rcc_ex.c ****    */
2849:Drivers/STM32L4xx_HAL_Driver/Src/stm32l4xx_hal_rcc_ex.c **** }
2850:Drivers/STM32L4xx_HAL_Driver/Src/stm32l4xx_hal_rcc_ex.c **** 
2851:Drivers/STM32L4xx_HAL_Driver/Src/stm32l4xx_hal_rcc_ex.c **** /**
2852:Drivers/STM32L4xx_HAL_Driver/Src/stm32l4xx_hal_rcc_ex.c ****   * @brief  RCCEx Clock Recovery System Expected SYNC interrupt callback.
2853:Drivers/STM32L4xx_HAL_Driver/Src/stm32l4xx_hal_rcc_ex.c ****   * @retval none
2854:Drivers/STM32L4xx_HAL_Driver/Src/stm32l4xx_hal_rcc_ex.c ****   */
2855:Drivers/STM32L4xx_HAL_Driver/Src/stm32l4xx_hal_rcc_ex.c **** __weak void HAL_RCCEx_CRS_ExpectedSyncCallback(void)
2856:Drivers/STM32L4xx_HAL_Driver/Src/stm32l4xx_hal_rcc_ex.c **** {
2857:Drivers/STM32L4xx_HAL_Driver/Src/stm32l4xx_hal_rcc_ex.c ****   /* NOTE : This function should not be modified, when the callback is needed,
2858:Drivers/STM32L4xx_HAL_Driver/Src/stm32l4xx_hal_rcc_ex.c ****             the @ref HAL_RCCEx_CRS_ExpectedSyncCallback should be implemented in the user file
2859:Drivers/STM32L4xx_HAL_Driver/Src/stm32l4xx_hal_rcc_ex.c ****    */
2860:Drivers/STM32L4xx_HAL_Driver/Src/stm32l4xx_hal_rcc_ex.c **** }
2861:Drivers/STM32L4xx_HAL_Driver/Src/stm32l4xx_hal_rcc_ex.c **** 
2862:Drivers/STM32L4xx_HAL_Driver/Src/stm32l4xx_hal_rcc_ex.c **** /**
2863:Drivers/STM32L4xx_HAL_Driver/Src/stm32l4xx_hal_rcc_ex.c ****   * @brief  RCCEx Clock Recovery System Error interrupt callback.
2864:Drivers/STM32L4xx_HAL_Driver/Src/stm32l4xx_hal_rcc_ex.c ****   * @param  Error Combination of Error status.
2865:Drivers/STM32L4xx_HAL_Driver/Src/stm32l4xx_hal_rcc_ex.c ****   *         This parameter can be a combination of the following values:
2866:Drivers/STM32L4xx_HAL_Driver/Src/stm32l4xx_hal_rcc_ex.c ****   *           @arg @ref RCC_CRS_SYNCERR
2867:Drivers/STM32L4xx_HAL_Driver/Src/stm32l4xx_hal_rcc_ex.c ****   *           @arg @ref RCC_CRS_SYNCMISS
2868:Drivers/STM32L4xx_HAL_Driver/Src/stm32l4xx_hal_rcc_ex.c ****   *           @arg @ref RCC_CRS_TRIMOVF
2869:Drivers/STM32L4xx_HAL_Driver/Src/stm32l4xx_hal_rcc_ex.c ****   * @retval none
2870:Drivers/STM32L4xx_HAL_Driver/Src/stm32l4xx_hal_rcc_ex.c ****   */
2871:Drivers/STM32L4xx_HAL_Driver/Src/stm32l4xx_hal_rcc_ex.c **** __weak void HAL_RCCEx_CRS_ErrorCallback(uint32_t Error)
2872:Drivers/STM32L4xx_HAL_Driver/Src/stm32l4xx_hal_rcc_ex.c **** {
2873:Drivers/STM32L4xx_HAL_Driver/Src/stm32l4xx_hal_rcc_ex.c ****   /* Prevent unused argument(s) compilation warning */
2874:Drivers/STM32L4xx_HAL_Driver/Src/stm32l4xx_hal_rcc_ex.c ****   UNUSED(Error);
2875:Drivers/STM32L4xx_HAL_Driver/Src/stm32l4xx_hal_rcc_ex.c **** 
2876:Drivers/STM32L4xx_HAL_Driver/Src/stm32l4xx_hal_rcc_ex.c ****   /* NOTE : This function should not be modified, when the callback is needed,
2877:Drivers/STM32L4xx_HAL_Driver/Src/stm32l4xx_hal_rcc_ex.c ****             the @ref HAL_RCCEx_CRS_ErrorCallback should be implemented in the user file
2878:Drivers/STM32L4xx_HAL_Driver/Src/stm32l4xx_hal_rcc_ex.c ****    */
2879:Drivers/STM32L4xx_HAL_Driver/Src/stm32l4xx_hal_rcc_ex.c **** }
2880:Drivers/STM32L4xx_HAL_Driver/Src/stm32l4xx_hal_rcc_ex.c **** 
ARM GAS  /tmp/ccBxf6FW.s 			page 52


2881:Drivers/STM32L4xx_HAL_Driver/Src/stm32l4xx_hal_rcc_ex.c **** /**
2882:Drivers/STM32L4xx_HAL_Driver/Src/stm32l4xx_hal_rcc_ex.c ****   * @}
2883:Drivers/STM32L4xx_HAL_Driver/Src/stm32l4xx_hal_rcc_ex.c ****   */
2884:Drivers/STM32L4xx_HAL_Driver/Src/stm32l4xx_hal_rcc_ex.c **** 
2885:Drivers/STM32L4xx_HAL_Driver/Src/stm32l4xx_hal_rcc_ex.c **** #endif /* CRS */
2886:Drivers/STM32L4xx_HAL_Driver/Src/stm32l4xx_hal_rcc_ex.c **** 
2887:Drivers/STM32L4xx_HAL_Driver/Src/stm32l4xx_hal_rcc_ex.c **** /**
2888:Drivers/STM32L4xx_HAL_Driver/Src/stm32l4xx_hal_rcc_ex.c ****   * @}
2889:Drivers/STM32L4xx_HAL_Driver/Src/stm32l4xx_hal_rcc_ex.c ****   */
2890:Drivers/STM32L4xx_HAL_Driver/Src/stm32l4xx_hal_rcc_ex.c **** 
2891:Drivers/STM32L4xx_HAL_Driver/Src/stm32l4xx_hal_rcc_ex.c **** /** @addtogroup RCCEx_Private_Functions
2892:Drivers/STM32L4xx_HAL_Driver/Src/stm32l4xx_hal_rcc_ex.c ****  * @{
2893:Drivers/STM32L4xx_HAL_Driver/Src/stm32l4xx_hal_rcc_ex.c ****  */
2894:Drivers/STM32L4xx_HAL_Driver/Src/stm32l4xx_hal_rcc_ex.c **** 
2895:Drivers/STM32L4xx_HAL_Driver/Src/stm32l4xx_hal_rcc_ex.c **** #if defined(RCC_PLLSAI1_SUPPORT)
2896:Drivers/STM32L4xx_HAL_Driver/Src/stm32l4xx_hal_rcc_ex.c **** 
2897:Drivers/STM32L4xx_HAL_Driver/Src/stm32l4xx_hal_rcc_ex.c **** /**
2898:Drivers/STM32L4xx_HAL_Driver/Src/stm32l4xx_hal_rcc_ex.c ****   * @brief  Configure the parameters N & P & optionally M of PLLSAI1 and enable PLLSAI1 output cloc
2899:Drivers/STM32L4xx_HAL_Driver/Src/stm32l4xx_hal_rcc_ex.c ****   * @param  PllSai1  pointer to an RCC_PLLSAI1InitTypeDef structure that
2900:Drivers/STM32L4xx_HAL_Driver/Src/stm32l4xx_hal_rcc_ex.c ****   *         contains the configuration parameters N & P & optionally M as well as PLLSAI1 output cl
2901:Drivers/STM32L4xx_HAL_Driver/Src/stm32l4xx_hal_rcc_ex.c ****   * @param  Divider  divider parameter to be updated
2902:Drivers/STM32L4xx_HAL_Driver/Src/stm32l4xx_hal_rcc_ex.c ****   *
2903:Drivers/STM32L4xx_HAL_Driver/Src/stm32l4xx_hal_rcc_ex.c ****   * @note   PLLSAI1 is temporary disable to apply new parameters
2904:Drivers/STM32L4xx_HAL_Driver/Src/stm32l4xx_hal_rcc_ex.c ****   *
2905:Drivers/STM32L4xx_HAL_Driver/Src/stm32l4xx_hal_rcc_ex.c ****   * @retval HAL status
2906:Drivers/STM32L4xx_HAL_Driver/Src/stm32l4xx_hal_rcc_ex.c ****   */
2907:Drivers/STM32L4xx_HAL_Driver/Src/stm32l4xx_hal_rcc_ex.c **** static HAL_StatusTypeDef RCCEx_PLLSAI1_Config(RCC_PLLSAI1InitTypeDef *PllSai1, uint32_t Divider)
2908:Drivers/STM32L4xx_HAL_Driver/Src/stm32l4xx_hal_rcc_ex.c **** {
2909:Drivers/STM32L4xx_HAL_Driver/Src/stm32l4xx_hal_rcc_ex.c ****   uint32_t tickstart;
2910:Drivers/STM32L4xx_HAL_Driver/Src/stm32l4xx_hal_rcc_ex.c ****   HAL_StatusTypeDef status = HAL_OK;
2911:Drivers/STM32L4xx_HAL_Driver/Src/stm32l4xx_hal_rcc_ex.c **** 
2912:Drivers/STM32L4xx_HAL_Driver/Src/stm32l4xx_hal_rcc_ex.c ****   /* check for PLLSAI1 Parameters used to output PLLSAI1CLK */
2913:Drivers/STM32L4xx_HAL_Driver/Src/stm32l4xx_hal_rcc_ex.c ****   /* P, Q and R dividers are verified in each specific divider case below */
2914:Drivers/STM32L4xx_HAL_Driver/Src/stm32l4xx_hal_rcc_ex.c ****   assert_param(IS_RCC_PLLSAI1SOURCE(PllSai1->PLLSAI1Source));
2915:Drivers/STM32L4xx_HAL_Driver/Src/stm32l4xx_hal_rcc_ex.c ****   assert_param(IS_RCC_PLLSAI1M_VALUE(PllSai1->PLLSAI1M));
2916:Drivers/STM32L4xx_HAL_Driver/Src/stm32l4xx_hal_rcc_ex.c ****   assert_param(IS_RCC_PLLSAI1N_VALUE(PllSai1->PLLSAI1N));
2917:Drivers/STM32L4xx_HAL_Driver/Src/stm32l4xx_hal_rcc_ex.c ****   assert_param(IS_RCC_PLLSAI1CLOCKOUT_VALUE(PllSai1->PLLSAI1ClockOut));
2918:Drivers/STM32L4xx_HAL_Driver/Src/stm32l4xx_hal_rcc_ex.c **** 
2919:Drivers/STM32L4xx_HAL_Driver/Src/stm32l4xx_hal_rcc_ex.c ****   /* Check that PLLSAI1 clock source and divider M can be applied */
2920:Drivers/STM32L4xx_HAL_Driver/Src/stm32l4xx_hal_rcc_ex.c ****   if(__HAL_RCC_GET_PLL_OSCSOURCE() != RCC_PLLSOURCE_NONE)
2921:Drivers/STM32L4xx_HAL_Driver/Src/stm32l4xx_hal_rcc_ex.c ****   {
2922:Drivers/STM32L4xx_HAL_Driver/Src/stm32l4xx_hal_rcc_ex.c ****     /* PLL clock source and divider M already set, check that no request for change  */
2923:Drivers/STM32L4xx_HAL_Driver/Src/stm32l4xx_hal_rcc_ex.c ****     if((__HAL_RCC_GET_PLL_OSCSOURCE() != PllSai1->PLLSAI1Source)
2924:Drivers/STM32L4xx_HAL_Driver/Src/stm32l4xx_hal_rcc_ex.c ****        ||
2925:Drivers/STM32L4xx_HAL_Driver/Src/stm32l4xx_hal_rcc_ex.c ****        (PllSai1->PLLSAI1Source == RCC_PLLSOURCE_NONE)
2926:Drivers/STM32L4xx_HAL_Driver/Src/stm32l4xx_hal_rcc_ex.c **** #if !defined(RCC_PLLSAI1M_DIV_1_16_SUPPORT)
2927:Drivers/STM32L4xx_HAL_Driver/Src/stm32l4xx_hal_rcc_ex.c ****        ||
2928:Drivers/STM32L4xx_HAL_Driver/Src/stm32l4xx_hal_rcc_ex.c ****        (((READ_BIT(RCC->PLLCFGR, RCC_PLLCFGR_PLLM) >> RCC_PLLCFGR_PLLM_Pos) + 1U) != PllSai1->PLLSA
2929:Drivers/STM32L4xx_HAL_Driver/Src/stm32l4xx_hal_rcc_ex.c **** #endif
2930:Drivers/STM32L4xx_HAL_Driver/Src/stm32l4xx_hal_rcc_ex.c ****       )
2931:Drivers/STM32L4xx_HAL_Driver/Src/stm32l4xx_hal_rcc_ex.c ****     {
2932:Drivers/STM32L4xx_HAL_Driver/Src/stm32l4xx_hal_rcc_ex.c ****       status = HAL_ERROR;
2933:Drivers/STM32L4xx_HAL_Driver/Src/stm32l4xx_hal_rcc_ex.c ****     }
2934:Drivers/STM32L4xx_HAL_Driver/Src/stm32l4xx_hal_rcc_ex.c ****   }
2935:Drivers/STM32L4xx_HAL_Driver/Src/stm32l4xx_hal_rcc_ex.c ****   else
2936:Drivers/STM32L4xx_HAL_Driver/Src/stm32l4xx_hal_rcc_ex.c ****   {
2937:Drivers/STM32L4xx_HAL_Driver/Src/stm32l4xx_hal_rcc_ex.c ****     /* Check PLLSAI1 clock source availability */
ARM GAS  /tmp/ccBxf6FW.s 			page 53


2938:Drivers/STM32L4xx_HAL_Driver/Src/stm32l4xx_hal_rcc_ex.c ****     switch(PllSai1->PLLSAI1Source)
2939:Drivers/STM32L4xx_HAL_Driver/Src/stm32l4xx_hal_rcc_ex.c ****     {
2940:Drivers/STM32L4xx_HAL_Driver/Src/stm32l4xx_hal_rcc_ex.c ****     case RCC_PLLSOURCE_MSI:
2941:Drivers/STM32L4xx_HAL_Driver/Src/stm32l4xx_hal_rcc_ex.c ****       if(HAL_IS_BIT_CLR(RCC->CR, RCC_CR_MSIRDY))
2942:Drivers/STM32L4xx_HAL_Driver/Src/stm32l4xx_hal_rcc_ex.c ****       {
2943:Drivers/STM32L4xx_HAL_Driver/Src/stm32l4xx_hal_rcc_ex.c ****         status = HAL_ERROR;
2944:Drivers/STM32L4xx_HAL_Driver/Src/stm32l4xx_hal_rcc_ex.c ****       }
2945:Drivers/STM32L4xx_HAL_Driver/Src/stm32l4xx_hal_rcc_ex.c ****       break;
2946:Drivers/STM32L4xx_HAL_Driver/Src/stm32l4xx_hal_rcc_ex.c ****     case RCC_PLLSOURCE_HSI:
2947:Drivers/STM32L4xx_HAL_Driver/Src/stm32l4xx_hal_rcc_ex.c ****       if(HAL_IS_BIT_CLR(RCC->CR, RCC_CR_HSIRDY))
2948:Drivers/STM32L4xx_HAL_Driver/Src/stm32l4xx_hal_rcc_ex.c ****       {
2949:Drivers/STM32L4xx_HAL_Driver/Src/stm32l4xx_hal_rcc_ex.c ****         status = HAL_ERROR;
2950:Drivers/STM32L4xx_HAL_Driver/Src/stm32l4xx_hal_rcc_ex.c ****       }
2951:Drivers/STM32L4xx_HAL_Driver/Src/stm32l4xx_hal_rcc_ex.c ****       break;
2952:Drivers/STM32L4xx_HAL_Driver/Src/stm32l4xx_hal_rcc_ex.c ****     case RCC_PLLSOURCE_HSE:
2953:Drivers/STM32L4xx_HAL_Driver/Src/stm32l4xx_hal_rcc_ex.c ****       if(HAL_IS_BIT_CLR(RCC->CR, RCC_CR_HSERDY))
2954:Drivers/STM32L4xx_HAL_Driver/Src/stm32l4xx_hal_rcc_ex.c ****       {
2955:Drivers/STM32L4xx_HAL_Driver/Src/stm32l4xx_hal_rcc_ex.c ****         if(HAL_IS_BIT_CLR(RCC->CR, RCC_CR_HSEBYP))
2956:Drivers/STM32L4xx_HAL_Driver/Src/stm32l4xx_hal_rcc_ex.c ****         {
2957:Drivers/STM32L4xx_HAL_Driver/Src/stm32l4xx_hal_rcc_ex.c ****           status = HAL_ERROR;
2958:Drivers/STM32L4xx_HAL_Driver/Src/stm32l4xx_hal_rcc_ex.c ****         }
2959:Drivers/STM32L4xx_HAL_Driver/Src/stm32l4xx_hal_rcc_ex.c ****       }
2960:Drivers/STM32L4xx_HAL_Driver/Src/stm32l4xx_hal_rcc_ex.c ****       break;
2961:Drivers/STM32L4xx_HAL_Driver/Src/stm32l4xx_hal_rcc_ex.c ****     default:
2962:Drivers/STM32L4xx_HAL_Driver/Src/stm32l4xx_hal_rcc_ex.c ****       status = HAL_ERROR;
2963:Drivers/STM32L4xx_HAL_Driver/Src/stm32l4xx_hal_rcc_ex.c ****       break;
2964:Drivers/STM32L4xx_HAL_Driver/Src/stm32l4xx_hal_rcc_ex.c ****     }
2965:Drivers/STM32L4xx_HAL_Driver/Src/stm32l4xx_hal_rcc_ex.c **** 
2966:Drivers/STM32L4xx_HAL_Driver/Src/stm32l4xx_hal_rcc_ex.c ****     if(status == HAL_OK)
2967:Drivers/STM32L4xx_HAL_Driver/Src/stm32l4xx_hal_rcc_ex.c ****     {
2968:Drivers/STM32L4xx_HAL_Driver/Src/stm32l4xx_hal_rcc_ex.c **** #if defined(RCC_PLLSAI1M_DIV_1_16_SUPPORT)
2969:Drivers/STM32L4xx_HAL_Driver/Src/stm32l4xx_hal_rcc_ex.c ****       /* Set PLLSAI1 clock source */
2970:Drivers/STM32L4xx_HAL_Driver/Src/stm32l4xx_hal_rcc_ex.c ****       MODIFY_REG(RCC->PLLCFGR, RCC_PLLCFGR_PLLSRC, PllSai1->PLLSAI1Source);
2971:Drivers/STM32L4xx_HAL_Driver/Src/stm32l4xx_hal_rcc_ex.c **** #else
2972:Drivers/STM32L4xx_HAL_Driver/Src/stm32l4xx_hal_rcc_ex.c ****       /* Set PLLSAI1 clock source and divider M */
2973:Drivers/STM32L4xx_HAL_Driver/Src/stm32l4xx_hal_rcc_ex.c ****       MODIFY_REG(RCC->PLLCFGR, RCC_PLLCFGR_PLLSRC | RCC_PLLCFGR_PLLM, PllSai1->PLLSAI1Source | (Pll
2974:Drivers/STM32L4xx_HAL_Driver/Src/stm32l4xx_hal_rcc_ex.c **** #endif
2975:Drivers/STM32L4xx_HAL_Driver/Src/stm32l4xx_hal_rcc_ex.c ****     }
2976:Drivers/STM32L4xx_HAL_Driver/Src/stm32l4xx_hal_rcc_ex.c ****   }
2977:Drivers/STM32L4xx_HAL_Driver/Src/stm32l4xx_hal_rcc_ex.c **** 
2978:Drivers/STM32L4xx_HAL_Driver/Src/stm32l4xx_hal_rcc_ex.c ****   if(status == HAL_OK)
2979:Drivers/STM32L4xx_HAL_Driver/Src/stm32l4xx_hal_rcc_ex.c ****   {
2980:Drivers/STM32L4xx_HAL_Driver/Src/stm32l4xx_hal_rcc_ex.c ****     /* Disable the PLLSAI1 */
2981:Drivers/STM32L4xx_HAL_Driver/Src/stm32l4xx_hal_rcc_ex.c ****     __HAL_RCC_PLLSAI1_DISABLE();
2982:Drivers/STM32L4xx_HAL_Driver/Src/stm32l4xx_hal_rcc_ex.c **** 
2983:Drivers/STM32L4xx_HAL_Driver/Src/stm32l4xx_hal_rcc_ex.c ****     /* Get Start Tick*/
2984:Drivers/STM32L4xx_HAL_Driver/Src/stm32l4xx_hal_rcc_ex.c ****     tickstart = HAL_GetTick();
2985:Drivers/STM32L4xx_HAL_Driver/Src/stm32l4xx_hal_rcc_ex.c **** 
2986:Drivers/STM32L4xx_HAL_Driver/Src/stm32l4xx_hal_rcc_ex.c ****     /* Wait till PLLSAI1 is ready to be updated */
2987:Drivers/STM32L4xx_HAL_Driver/Src/stm32l4xx_hal_rcc_ex.c ****     while(READ_BIT(RCC->CR, RCC_CR_PLLSAI1RDY) != 0U)
2988:Drivers/STM32L4xx_HAL_Driver/Src/stm32l4xx_hal_rcc_ex.c ****     {
2989:Drivers/STM32L4xx_HAL_Driver/Src/stm32l4xx_hal_rcc_ex.c ****       if((HAL_GetTick() - tickstart) > PLLSAI1_TIMEOUT_VALUE)
2990:Drivers/STM32L4xx_HAL_Driver/Src/stm32l4xx_hal_rcc_ex.c ****       {
2991:Drivers/STM32L4xx_HAL_Driver/Src/stm32l4xx_hal_rcc_ex.c ****         status = HAL_TIMEOUT;
2992:Drivers/STM32L4xx_HAL_Driver/Src/stm32l4xx_hal_rcc_ex.c ****         break;
2993:Drivers/STM32L4xx_HAL_Driver/Src/stm32l4xx_hal_rcc_ex.c ****       }
2994:Drivers/STM32L4xx_HAL_Driver/Src/stm32l4xx_hal_rcc_ex.c ****     }
ARM GAS  /tmp/ccBxf6FW.s 			page 54


2995:Drivers/STM32L4xx_HAL_Driver/Src/stm32l4xx_hal_rcc_ex.c **** 
2996:Drivers/STM32L4xx_HAL_Driver/Src/stm32l4xx_hal_rcc_ex.c ****     if(status == HAL_OK)
2997:Drivers/STM32L4xx_HAL_Driver/Src/stm32l4xx_hal_rcc_ex.c ****     {
2998:Drivers/STM32L4xx_HAL_Driver/Src/stm32l4xx_hal_rcc_ex.c ****       if(Divider == DIVIDER_P_UPDATE)
2999:Drivers/STM32L4xx_HAL_Driver/Src/stm32l4xx_hal_rcc_ex.c ****       {
3000:Drivers/STM32L4xx_HAL_Driver/Src/stm32l4xx_hal_rcc_ex.c ****         assert_param(IS_RCC_PLLSAI1P_VALUE(PllSai1->PLLSAI1P));
3001:Drivers/STM32L4xx_HAL_Driver/Src/stm32l4xx_hal_rcc_ex.c **** #if defined(RCC_PLLSAI1M_DIV_1_16_SUPPORT)
3002:Drivers/STM32L4xx_HAL_Driver/Src/stm32l4xx_hal_rcc_ex.c **** 
3003:Drivers/STM32L4xx_HAL_Driver/Src/stm32l4xx_hal_rcc_ex.c ****         /* Configure the PLLSAI1 Division factor M, P and Multiplication factor N*/
3004:Drivers/STM32L4xx_HAL_Driver/Src/stm32l4xx_hal_rcc_ex.c **** #if defined(RCC_PLLSAI1P_DIV_2_31_SUPPORT)
3005:Drivers/STM32L4xx_HAL_Driver/Src/stm32l4xx_hal_rcc_ex.c ****         MODIFY_REG(RCC->PLLSAI1CFGR,
3006:Drivers/STM32L4xx_HAL_Driver/Src/stm32l4xx_hal_rcc_ex.c ****                    RCC_PLLSAI1CFGR_PLLSAI1N | RCC_PLLSAI1CFGR_PLLSAI1PDIV | RCC_PLLSAI1CFGR_PLLSAI1
3007:Drivers/STM32L4xx_HAL_Driver/Src/stm32l4xx_hal_rcc_ex.c ****                    (PllSai1->PLLSAI1N << RCC_PLLSAI1CFGR_PLLSAI1N_Pos) |
3008:Drivers/STM32L4xx_HAL_Driver/Src/stm32l4xx_hal_rcc_ex.c ****                    (PllSai1->PLLSAI1P << RCC_PLLSAI1CFGR_PLLSAI1PDIV_Pos) |
3009:Drivers/STM32L4xx_HAL_Driver/Src/stm32l4xx_hal_rcc_ex.c ****                    ((PllSai1->PLLSAI1M - 1U) << RCC_PLLSAI1CFGR_PLLSAI1M_Pos));
3010:Drivers/STM32L4xx_HAL_Driver/Src/stm32l4xx_hal_rcc_ex.c **** #else
3011:Drivers/STM32L4xx_HAL_Driver/Src/stm32l4xx_hal_rcc_ex.c ****         MODIFY_REG(RCC->PLLSAI1CFGR,
3012:Drivers/STM32L4xx_HAL_Driver/Src/stm32l4xx_hal_rcc_ex.c ****                    RCC_PLLSAI1CFGR_PLLSAI1N | RCC_PLLSAI1CFGR_PLLSAI1P | RCC_PLLSAI1CFGR_PLLSAI1M,
3013:Drivers/STM32L4xx_HAL_Driver/Src/stm32l4xx_hal_rcc_ex.c ****                    (PllSai1->PLLSAI1N << RCC_PLLSAI1CFGR_PLLSAI1N_Pos) |
3014:Drivers/STM32L4xx_HAL_Driver/Src/stm32l4xx_hal_rcc_ex.c ****                    ((PllSai1->PLLSAI1P >> 4U) << RCC_PLLSAI1CFGR_PLLSAI1P_Pos) |
3015:Drivers/STM32L4xx_HAL_Driver/Src/stm32l4xx_hal_rcc_ex.c ****                    ((PllSai1->PLLSAI1M - 1U) << RCC_PLLSAI1CFGR_PLLSAI1M_Pos));
3016:Drivers/STM32L4xx_HAL_Driver/Src/stm32l4xx_hal_rcc_ex.c **** #endif /* RCC_PLLSAI1P_DIV_2_31_SUPPORT */
3017:Drivers/STM32L4xx_HAL_Driver/Src/stm32l4xx_hal_rcc_ex.c **** 
3018:Drivers/STM32L4xx_HAL_Driver/Src/stm32l4xx_hal_rcc_ex.c **** #else
3019:Drivers/STM32L4xx_HAL_Driver/Src/stm32l4xx_hal_rcc_ex.c ****         /* Configure the PLLSAI1 Division factor P and Multiplication factor N*/
3020:Drivers/STM32L4xx_HAL_Driver/Src/stm32l4xx_hal_rcc_ex.c **** #if defined(RCC_PLLSAI1P_DIV_2_31_SUPPORT)
3021:Drivers/STM32L4xx_HAL_Driver/Src/stm32l4xx_hal_rcc_ex.c ****         MODIFY_REG(RCC->PLLSAI1CFGR,
3022:Drivers/STM32L4xx_HAL_Driver/Src/stm32l4xx_hal_rcc_ex.c ****                    RCC_PLLSAI1CFGR_PLLSAI1N | RCC_PLLSAI1CFGR_PLLSAI1PDIV,
3023:Drivers/STM32L4xx_HAL_Driver/Src/stm32l4xx_hal_rcc_ex.c ****                    (PllSai1->PLLSAI1N << RCC_PLLSAI1CFGR_PLLSAI1N_Pos) |
3024:Drivers/STM32L4xx_HAL_Driver/Src/stm32l4xx_hal_rcc_ex.c ****                    (PllSai1->PLLSAI1P << RCC_PLLSAI1CFGR_PLLSAI1PDIV_Pos));
3025:Drivers/STM32L4xx_HAL_Driver/Src/stm32l4xx_hal_rcc_ex.c **** #else
3026:Drivers/STM32L4xx_HAL_Driver/Src/stm32l4xx_hal_rcc_ex.c ****         MODIFY_REG(RCC->PLLSAI1CFGR,
3027:Drivers/STM32L4xx_HAL_Driver/Src/stm32l4xx_hal_rcc_ex.c ****                    RCC_PLLSAI1CFGR_PLLSAI1N | RCC_PLLSAI1CFGR_PLLSAI1P,
3028:Drivers/STM32L4xx_HAL_Driver/Src/stm32l4xx_hal_rcc_ex.c ****                    (PllSai1->PLLSAI1N << RCC_PLLSAI1CFGR_PLLSAI1N_Pos) |
3029:Drivers/STM32L4xx_HAL_Driver/Src/stm32l4xx_hal_rcc_ex.c ****                    ((PllSai1->PLLSAI1P >> 4U) << RCC_PLLSAI1CFGR_PLLSAI1P_Pos));
3030:Drivers/STM32L4xx_HAL_Driver/Src/stm32l4xx_hal_rcc_ex.c **** #endif /* RCC_PLLSAI1P_DIV_2_31_SUPPORT */
3031:Drivers/STM32L4xx_HAL_Driver/Src/stm32l4xx_hal_rcc_ex.c **** 
3032:Drivers/STM32L4xx_HAL_Driver/Src/stm32l4xx_hal_rcc_ex.c **** #endif /* RCC_PLLSAI1M_DIV_1_16_SUPPORT */
3033:Drivers/STM32L4xx_HAL_Driver/Src/stm32l4xx_hal_rcc_ex.c ****       }
3034:Drivers/STM32L4xx_HAL_Driver/Src/stm32l4xx_hal_rcc_ex.c ****       else if(Divider == DIVIDER_Q_UPDATE)
3035:Drivers/STM32L4xx_HAL_Driver/Src/stm32l4xx_hal_rcc_ex.c ****       {
3036:Drivers/STM32L4xx_HAL_Driver/Src/stm32l4xx_hal_rcc_ex.c ****         assert_param(IS_RCC_PLLSAI1Q_VALUE(PllSai1->PLLSAI1Q));
3037:Drivers/STM32L4xx_HAL_Driver/Src/stm32l4xx_hal_rcc_ex.c **** #if defined(RCC_PLLSAI1M_DIV_1_16_SUPPORT)
3038:Drivers/STM32L4xx_HAL_Driver/Src/stm32l4xx_hal_rcc_ex.c ****         /* Configure the PLLSAI1 Division factor M, Q and Multiplication factor N*/
3039:Drivers/STM32L4xx_HAL_Driver/Src/stm32l4xx_hal_rcc_ex.c ****         MODIFY_REG(RCC->PLLSAI1CFGR,
3040:Drivers/STM32L4xx_HAL_Driver/Src/stm32l4xx_hal_rcc_ex.c ****                    RCC_PLLSAI1CFGR_PLLSAI1N | RCC_PLLSAI1CFGR_PLLSAI1Q | RCC_PLLSAI1CFGR_PLLSAI1M,
3041:Drivers/STM32L4xx_HAL_Driver/Src/stm32l4xx_hal_rcc_ex.c ****                    (PllSai1->PLLSAI1N << RCC_PLLSAI1CFGR_PLLSAI1N_Pos) |
3042:Drivers/STM32L4xx_HAL_Driver/Src/stm32l4xx_hal_rcc_ex.c ****                    (((PllSai1->PLLSAI1Q >> 1U) - 1U) << RCC_PLLSAI1CFGR_PLLSAI1Q_Pos) |
3043:Drivers/STM32L4xx_HAL_Driver/Src/stm32l4xx_hal_rcc_ex.c ****                    ((PllSai1->PLLSAI1M - 1U) << RCC_PLLSAI1CFGR_PLLSAI1M_Pos));
3044:Drivers/STM32L4xx_HAL_Driver/Src/stm32l4xx_hal_rcc_ex.c **** #else
3045:Drivers/STM32L4xx_HAL_Driver/Src/stm32l4xx_hal_rcc_ex.c ****         /* Configure the PLLSAI1 Division factor Q and Multiplication factor N*/
3046:Drivers/STM32L4xx_HAL_Driver/Src/stm32l4xx_hal_rcc_ex.c ****         MODIFY_REG(RCC->PLLSAI1CFGR,
3047:Drivers/STM32L4xx_HAL_Driver/Src/stm32l4xx_hal_rcc_ex.c ****                    RCC_PLLSAI1CFGR_PLLSAI1N | RCC_PLLSAI1CFGR_PLLSAI1Q,
3048:Drivers/STM32L4xx_HAL_Driver/Src/stm32l4xx_hal_rcc_ex.c ****                    (PllSai1->PLLSAI1N << RCC_PLLSAI1CFGR_PLLSAI1N_Pos) |
3049:Drivers/STM32L4xx_HAL_Driver/Src/stm32l4xx_hal_rcc_ex.c ****                    (((PllSai1->PLLSAI1Q >> 1U) - 1U) << RCC_PLLSAI1CFGR_PLLSAI1Q_Pos));
3050:Drivers/STM32L4xx_HAL_Driver/Src/stm32l4xx_hal_rcc_ex.c **** #endif /* RCC_PLLSAI1M_DIV_1_16_SUPPORT */
3051:Drivers/STM32L4xx_HAL_Driver/Src/stm32l4xx_hal_rcc_ex.c ****       }
ARM GAS  /tmp/ccBxf6FW.s 			page 55


3052:Drivers/STM32L4xx_HAL_Driver/Src/stm32l4xx_hal_rcc_ex.c ****       else
3053:Drivers/STM32L4xx_HAL_Driver/Src/stm32l4xx_hal_rcc_ex.c ****       {
3054:Drivers/STM32L4xx_HAL_Driver/Src/stm32l4xx_hal_rcc_ex.c ****         assert_param(IS_RCC_PLLSAI1R_VALUE(PllSai1->PLLSAI1R));
3055:Drivers/STM32L4xx_HAL_Driver/Src/stm32l4xx_hal_rcc_ex.c **** #if defined(RCC_PLLSAI1M_DIV_1_16_SUPPORT)
3056:Drivers/STM32L4xx_HAL_Driver/Src/stm32l4xx_hal_rcc_ex.c ****         /* Configure the PLLSAI1 Division factor M, R and Multiplication factor N*/
3057:Drivers/STM32L4xx_HAL_Driver/Src/stm32l4xx_hal_rcc_ex.c ****         MODIFY_REG(RCC->PLLSAI1CFGR,
3058:Drivers/STM32L4xx_HAL_Driver/Src/stm32l4xx_hal_rcc_ex.c ****                    RCC_PLLSAI1CFGR_PLLSAI1N | RCC_PLLSAI1CFGR_PLLSAI1R | RCC_PLLSAI1CFGR_PLLSAI1M,
3059:Drivers/STM32L4xx_HAL_Driver/Src/stm32l4xx_hal_rcc_ex.c ****                    (PllSai1->PLLSAI1N << RCC_PLLSAI1CFGR_PLLSAI1N_Pos) |
3060:Drivers/STM32L4xx_HAL_Driver/Src/stm32l4xx_hal_rcc_ex.c ****                    (((PllSai1->PLLSAI1R >> 1U) - 1U) << RCC_PLLSAI1CFGR_PLLSAI1R_Pos) |
3061:Drivers/STM32L4xx_HAL_Driver/Src/stm32l4xx_hal_rcc_ex.c ****                    ((PllSai1->PLLSAI1M - 1U) << RCC_PLLSAI1CFGR_PLLSAI1M_Pos));
3062:Drivers/STM32L4xx_HAL_Driver/Src/stm32l4xx_hal_rcc_ex.c **** #else
3063:Drivers/STM32L4xx_HAL_Driver/Src/stm32l4xx_hal_rcc_ex.c ****         /* Configure the PLLSAI1 Division factor R and Multiplication factor N*/
3064:Drivers/STM32L4xx_HAL_Driver/Src/stm32l4xx_hal_rcc_ex.c ****         MODIFY_REG(RCC->PLLSAI1CFGR,
3065:Drivers/STM32L4xx_HAL_Driver/Src/stm32l4xx_hal_rcc_ex.c ****                    RCC_PLLSAI1CFGR_PLLSAI1N | RCC_PLLSAI1CFGR_PLLSAI1R,
3066:Drivers/STM32L4xx_HAL_Driver/Src/stm32l4xx_hal_rcc_ex.c ****                    (PllSai1->PLLSAI1N << RCC_PLLSAI1CFGR_PLLSAI1N_Pos) |
3067:Drivers/STM32L4xx_HAL_Driver/Src/stm32l4xx_hal_rcc_ex.c ****                    (((PllSai1->PLLSAI1R >> 1U) - 1U) << RCC_PLLSAI1CFGR_PLLSAI1R_Pos));
3068:Drivers/STM32L4xx_HAL_Driver/Src/stm32l4xx_hal_rcc_ex.c **** #endif /* RCC_PLLSAI1M_DIV_1_16_SUPPORT */
3069:Drivers/STM32L4xx_HAL_Driver/Src/stm32l4xx_hal_rcc_ex.c ****       }
3070:Drivers/STM32L4xx_HAL_Driver/Src/stm32l4xx_hal_rcc_ex.c **** 
3071:Drivers/STM32L4xx_HAL_Driver/Src/stm32l4xx_hal_rcc_ex.c ****       /* Enable the PLLSAI1 again by setting PLLSAI1ON to 1*/
3072:Drivers/STM32L4xx_HAL_Driver/Src/stm32l4xx_hal_rcc_ex.c ****       __HAL_RCC_PLLSAI1_ENABLE();
3073:Drivers/STM32L4xx_HAL_Driver/Src/stm32l4xx_hal_rcc_ex.c **** 
3074:Drivers/STM32L4xx_HAL_Driver/Src/stm32l4xx_hal_rcc_ex.c ****       /* Get Start Tick*/
3075:Drivers/STM32L4xx_HAL_Driver/Src/stm32l4xx_hal_rcc_ex.c ****       tickstart = HAL_GetTick();
3076:Drivers/STM32L4xx_HAL_Driver/Src/stm32l4xx_hal_rcc_ex.c **** 
3077:Drivers/STM32L4xx_HAL_Driver/Src/stm32l4xx_hal_rcc_ex.c ****       /* Wait till PLLSAI1 is ready */
3078:Drivers/STM32L4xx_HAL_Driver/Src/stm32l4xx_hal_rcc_ex.c ****       while(READ_BIT(RCC->CR, RCC_CR_PLLSAI1RDY) == 0U)
3079:Drivers/STM32L4xx_HAL_Driver/Src/stm32l4xx_hal_rcc_ex.c ****       {
3080:Drivers/STM32L4xx_HAL_Driver/Src/stm32l4xx_hal_rcc_ex.c ****         if((HAL_GetTick() - tickstart) > PLLSAI1_TIMEOUT_VALUE)
3081:Drivers/STM32L4xx_HAL_Driver/Src/stm32l4xx_hal_rcc_ex.c ****         {
3082:Drivers/STM32L4xx_HAL_Driver/Src/stm32l4xx_hal_rcc_ex.c ****           status = HAL_TIMEOUT;
3083:Drivers/STM32L4xx_HAL_Driver/Src/stm32l4xx_hal_rcc_ex.c ****           break;
3084:Drivers/STM32L4xx_HAL_Driver/Src/stm32l4xx_hal_rcc_ex.c ****         }
3085:Drivers/STM32L4xx_HAL_Driver/Src/stm32l4xx_hal_rcc_ex.c ****       }
3086:Drivers/STM32L4xx_HAL_Driver/Src/stm32l4xx_hal_rcc_ex.c **** 
3087:Drivers/STM32L4xx_HAL_Driver/Src/stm32l4xx_hal_rcc_ex.c ****       if(status == HAL_OK)
3088:Drivers/STM32L4xx_HAL_Driver/Src/stm32l4xx_hal_rcc_ex.c ****       {
3089:Drivers/STM32L4xx_HAL_Driver/Src/stm32l4xx_hal_rcc_ex.c ****         /* Configure the PLLSAI1 Clock output(s) */
3090:Drivers/STM32L4xx_HAL_Driver/Src/stm32l4xx_hal_rcc_ex.c ****         __HAL_RCC_PLLSAI1CLKOUT_ENABLE(PllSai1->PLLSAI1ClockOut);
3091:Drivers/STM32L4xx_HAL_Driver/Src/stm32l4xx_hal_rcc_ex.c ****       }
3092:Drivers/STM32L4xx_HAL_Driver/Src/stm32l4xx_hal_rcc_ex.c ****     }
3093:Drivers/STM32L4xx_HAL_Driver/Src/stm32l4xx_hal_rcc_ex.c ****   }
3094:Drivers/STM32L4xx_HAL_Driver/Src/stm32l4xx_hal_rcc_ex.c **** 
3095:Drivers/STM32L4xx_HAL_Driver/Src/stm32l4xx_hal_rcc_ex.c ****   return status;
3096:Drivers/STM32L4xx_HAL_Driver/Src/stm32l4xx_hal_rcc_ex.c **** }
3097:Drivers/STM32L4xx_HAL_Driver/Src/stm32l4xx_hal_rcc_ex.c **** 
3098:Drivers/STM32L4xx_HAL_Driver/Src/stm32l4xx_hal_rcc_ex.c **** #endif /* RCC_PLLSAI1_SUPPORT */
3099:Drivers/STM32L4xx_HAL_Driver/Src/stm32l4xx_hal_rcc_ex.c **** 
3100:Drivers/STM32L4xx_HAL_Driver/Src/stm32l4xx_hal_rcc_ex.c **** #if defined(RCC_PLLSAI2_SUPPORT)
3101:Drivers/STM32L4xx_HAL_Driver/Src/stm32l4xx_hal_rcc_ex.c **** 
3102:Drivers/STM32L4xx_HAL_Driver/Src/stm32l4xx_hal_rcc_ex.c **** /**
3103:Drivers/STM32L4xx_HAL_Driver/Src/stm32l4xx_hal_rcc_ex.c ****   * @brief  Configure the parameters N & P & optionally M of PLLSAI2 and enable PLLSAI2 output cloc
3104:Drivers/STM32L4xx_HAL_Driver/Src/stm32l4xx_hal_rcc_ex.c ****   * @param  PllSai2  pointer to an RCC_PLLSAI2InitTypeDef structure that
3105:Drivers/STM32L4xx_HAL_Driver/Src/stm32l4xx_hal_rcc_ex.c ****   *         contains the configuration parameters N & P & optionally M as well as PLLSAI2 output cl
3106:Drivers/STM32L4xx_HAL_Driver/Src/stm32l4xx_hal_rcc_ex.c ****   * @param  Divider  divider parameter to be updated
3107:Drivers/STM32L4xx_HAL_Driver/Src/stm32l4xx_hal_rcc_ex.c ****   *
3108:Drivers/STM32L4xx_HAL_Driver/Src/stm32l4xx_hal_rcc_ex.c ****   * @note   PLLSAI2 is temporary disable to apply new parameters
ARM GAS  /tmp/ccBxf6FW.s 			page 56


3109:Drivers/STM32L4xx_HAL_Driver/Src/stm32l4xx_hal_rcc_ex.c ****   *
3110:Drivers/STM32L4xx_HAL_Driver/Src/stm32l4xx_hal_rcc_ex.c ****   * @retval HAL status
3111:Drivers/STM32L4xx_HAL_Driver/Src/stm32l4xx_hal_rcc_ex.c ****   */
3112:Drivers/STM32L4xx_HAL_Driver/Src/stm32l4xx_hal_rcc_ex.c **** static HAL_StatusTypeDef RCCEx_PLLSAI2_Config(RCC_PLLSAI2InitTypeDef *PllSai2, uint32_t Divider)
3113:Drivers/STM32L4xx_HAL_Driver/Src/stm32l4xx_hal_rcc_ex.c **** {
3114:Drivers/STM32L4xx_HAL_Driver/Src/stm32l4xx_hal_rcc_ex.c ****   uint32_t tickstart;
3115:Drivers/STM32L4xx_HAL_Driver/Src/stm32l4xx_hal_rcc_ex.c ****   HAL_StatusTypeDef status = HAL_OK;
3116:Drivers/STM32L4xx_HAL_Driver/Src/stm32l4xx_hal_rcc_ex.c **** 
3117:Drivers/STM32L4xx_HAL_Driver/Src/stm32l4xx_hal_rcc_ex.c ****   /* check for PLLSAI2 Parameters used to output PLLSAI2CLK */
3118:Drivers/STM32L4xx_HAL_Driver/Src/stm32l4xx_hal_rcc_ex.c ****   /* P, Q and R dividers are verified in each specific divider case below */
3119:Drivers/STM32L4xx_HAL_Driver/Src/stm32l4xx_hal_rcc_ex.c ****   assert_param(IS_RCC_PLLSAI2SOURCE(PllSai2->PLLSAI2Source));
3120:Drivers/STM32L4xx_HAL_Driver/Src/stm32l4xx_hal_rcc_ex.c ****   assert_param(IS_RCC_PLLSAI2M_VALUE(PllSai2->PLLSAI2M));
3121:Drivers/STM32L4xx_HAL_Driver/Src/stm32l4xx_hal_rcc_ex.c ****   assert_param(IS_RCC_PLLSAI2N_VALUE(PllSai2->PLLSAI2N));
3122:Drivers/STM32L4xx_HAL_Driver/Src/stm32l4xx_hal_rcc_ex.c ****   assert_param(IS_RCC_PLLSAI2CLOCKOUT_VALUE(PllSai2->PLLSAI2ClockOut));
3123:Drivers/STM32L4xx_HAL_Driver/Src/stm32l4xx_hal_rcc_ex.c **** 
3124:Drivers/STM32L4xx_HAL_Driver/Src/stm32l4xx_hal_rcc_ex.c ****   /* Check that PLLSAI2 clock source and divider M can be applied */
3125:Drivers/STM32L4xx_HAL_Driver/Src/stm32l4xx_hal_rcc_ex.c ****   if(__HAL_RCC_GET_PLL_OSCSOURCE() != RCC_PLLSOURCE_NONE)
3126:Drivers/STM32L4xx_HAL_Driver/Src/stm32l4xx_hal_rcc_ex.c ****   {
3127:Drivers/STM32L4xx_HAL_Driver/Src/stm32l4xx_hal_rcc_ex.c ****     /* PLL clock source and divider M already set, check that no request for change  */
3128:Drivers/STM32L4xx_HAL_Driver/Src/stm32l4xx_hal_rcc_ex.c ****     if((__HAL_RCC_GET_PLL_OSCSOURCE() != PllSai2->PLLSAI2Source)
3129:Drivers/STM32L4xx_HAL_Driver/Src/stm32l4xx_hal_rcc_ex.c ****        ||
3130:Drivers/STM32L4xx_HAL_Driver/Src/stm32l4xx_hal_rcc_ex.c ****        (PllSai2->PLLSAI2Source == RCC_PLLSOURCE_NONE)
3131:Drivers/STM32L4xx_HAL_Driver/Src/stm32l4xx_hal_rcc_ex.c **** #if !defined(RCC_PLLSAI2M_DIV_1_16_SUPPORT)
3132:Drivers/STM32L4xx_HAL_Driver/Src/stm32l4xx_hal_rcc_ex.c ****        ||
3133:Drivers/STM32L4xx_HAL_Driver/Src/stm32l4xx_hal_rcc_ex.c ****        (((READ_BIT(RCC->PLLCFGR, RCC_PLLCFGR_PLLM) >> RCC_PLLCFGR_PLLM_Pos) + 1U) != PllSai2->PLLSA
3134:Drivers/STM32L4xx_HAL_Driver/Src/stm32l4xx_hal_rcc_ex.c **** #endif
3135:Drivers/STM32L4xx_HAL_Driver/Src/stm32l4xx_hal_rcc_ex.c ****       )
3136:Drivers/STM32L4xx_HAL_Driver/Src/stm32l4xx_hal_rcc_ex.c ****     {
3137:Drivers/STM32L4xx_HAL_Driver/Src/stm32l4xx_hal_rcc_ex.c ****       status = HAL_ERROR;
3138:Drivers/STM32L4xx_HAL_Driver/Src/stm32l4xx_hal_rcc_ex.c ****     }
3139:Drivers/STM32L4xx_HAL_Driver/Src/stm32l4xx_hal_rcc_ex.c ****   }
3140:Drivers/STM32L4xx_HAL_Driver/Src/stm32l4xx_hal_rcc_ex.c ****   else
3141:Drivers/STM32L4xx_HAL_Driver/Src/stm32l4xx_hal_rcc_ex.c ****   {
3142:Drivers/STM32L4xx_HAL_Driver/Src/stm32l4xx_hal_rcc_ex.c ****     /* Check PLLSAI2 clock source availability */
3143:Drivers/STM32L4xx_HAL_Driver/Src/stm32l4xx_hal_rcc_ex.c ****     switch(PllSai2->PLLSAI2Source)
3144:Drivers/STM32L4xx_HAL_Driver/Src/stm32l4xx_hal_rcc_ex.c ****     {
3145:Drivers/STM32L4xx_HAL_Driver/Src/stm32l4xx_hal_rcc_ex.c ****     case RCC_PLLSOURCE_MSI:
3146:Drivers/STM32L4xx_HAL_Driver/Src/stm32l4xx_hal_rcc_ex.c ****       if(HAL_IS_BIT_CLR(RCC->CR, RCC_CR_MSIRDY))
3147:Drivers/STM32L4xx_HAL_Driver/Src/stm32l4xx_hal_rcc_ex.c ****       {
3148:Drivers/STM32L4xx_HAL_Driver/Src/stm32l4xx_hal_rcc_ex.c ****         status = HAL_ERROR;
3149:Drivers/STM32L4xx_HAL_Driver/Src/stm32l4xx_hal_rcc_ex.c ****       }
3150:Drivers/STM32L4xx_HAL_Driver/Src/stm32l4xx_hal_rcc_ex.c ****       break;
3151:Drivers/STM32L4xx_HAL_Driver/Src/stm32l4xx_hal_rcc_ex.c ****     case RCC_PLLSOURCE_HSI:
3152:Drivers/STM32L4xx_HAL_Driver/Src/stm32l4xx_hal_rcc_ex.c ****       if(HAL_IS_BIT_CLR(RCC->CR, RCC_CR_HSIRDY))
3153:Drivers/STM32L4xx_HAL_Driver/Src/stm32l4xx_hal_rcc_ex.c ****       {
3154:Drivers/STM32L4xx_HAL_Driver/Src/stm32l4xx_hal_rcc_ex.c ****         status = HAL_ERROR;
3155:Drivers/STM32L4xx_HAL_Driver/Src/stm32l4xx_hal_rcc_ex.c ****       }
3156:Drivers/STM32L4xx_HAL_Driver/Src/stm32l4xx_hal_rcc_ex.c ****       break;
3157:Drivers/STM32L4xx_HAL_Driver/Src/stm32l4xx_hal_rcc_ex.c ****     case RCC_PLLSOURCE_HSE:
3158:Drivers/STM32L4xx_HAL_Driver/Src/stm32l4xx_hal_rcc_ex.c ****       if(HAL_IS_BIT_CLR(RCC->CR, RCC_CR_HSERDY))
3159:Drivers/STM32L4xx_HAL_Driver/Src/stm32l4xx_hal_rcc_ex.c ****       {
3160:Drivers/STM32L4xx_HAL_Driver/Src/stm32l4xx_hal_rcc_ex.c ****         if(HAL_IS_BIT_CLR(RCC->CR, RCC_CR_HSEBYP))
3161:Drivers/STM32L4xx_HAL_Driver/Src/stm32l4xx_hal_rcc_ex.c ****         {
3162:Drivers/STM32L4xx_HAL_Driver/Src/stm32l4xx_hal_rcc_ex.c ****           status = HAL_ERROR;
3163:Drivers/STM32L4xx_HAL_Driver/Src/stm32l4xx_hal_rcc_ex.c ****         }
3164:Drivers/STM32L4xx_HAL_Driver/Src/stm32l4xx_hal_rcc_ex.c ****       }
3165:Drivers/STM32L4xx_HAL_Driver/Src/stm32l4xx_hal_rcc_ex.c ****       break;
ARM GAS  /tmp/ccBxf6FW.s 			page 57


3166:Drivers/STM32L4xx_HAL_Driver/Src/stm32l4xx_hal_rcc_ex.c ****     default:
3167:Drivers/STM32L4xx_HAL_Driver/Src/stm32l4xx_hal_rcc_ex.c ****       status = HAL_ERROR;
3168:Drivers/STM32L4xx_HAL_Driver/Src/stm32l4xx_hal_rcc_ex.c ****       break;
3169:Drivers/STM32L4xx_HAL_Driver/Src/stm32l4xx_hal_rcc_ex.c ****     }
3170:Drivers/STM32L4xx_HAL_Driver/Src/stm32l4xx_hal_rcc_ex.c **** 
3171:Drivers/STM32L4xx_HAL_Driver/Src/stm32l4xx_hal_rcc_ex.c ****     if(status == HAL_OK)
3172:Drivers/STM32L4xx_HAL_Driver/Src/stm32l4xx_hal_rcc_ex.c ****     {
3173:Drivers/STM32L4xx_HAL_Driver/Src/stm32l4xx_hal_rcc_ex.c **** #if defined(RCC_PLLSAI2M_DIV_1_16_SUPPORT)
3174:Drivers/STM32L4xx_HAL_Driver/Src/stm32l4xx_hal_rcc_ex.c ****       /* Set PLLSAI2 clock source */
3175:Drivers/STM32L4xx_HAL_Driver/Src/stm32l4xx_hal_rcc_ex.c ****       MODIFY_REG(RCC->PLLCFGR, RCC_PLLCFGR_PLLSRC, PllSai2->PLLSAI2Source);
3176:Drivers/STM32L4xx_HAL_Driver/Src/stm32l4xx_hal_rcc_ex.c **** #else
3177:Drivers/STM32L4xx_HAL_Driver/Src/stm32l4xx_hal_rcc_ex.c ****       /* Set PLLSAI2 clock source and divider M */
3178:Drivers/STM32L4xx_HAL_Driver/Src/stm32l4xx_hal_rcc_ex.c ****       MODIFY_REG(RCC->PLLCFGR, RCC_PLLCFGR_PLLSRC | RCC_PLLCFGR_PLLM, PllSai2->PLLSAI2Source | (Pll
3179:Drivers/STM32L4xx_HAL_Driver/Src/stm32l4xx_hal_rcc_ex.c **** #endif
3180:Drivers/STM32L4xx_HAL_Driver/Src/stm32l4xx_hal_rcc_ex.c ****     }
3181:Drivers/STM32L4xx_HAL_Driver/Src/stm32l4xx_hal_rcc_ex.c ****   }
3182:Drivers/STM32L4xx_HAL_Driver/Src/stm32l4xx_hal_rcc_ex.c **** 
3183:Drivers/STM32L4xx_HAL_Driver/Src/stm32l4xx_hal_rcc_ex.c ****   if(status == HAL_OK)
3184:Drivers/STM32L4xx_HAL_Driver/Src/stm32l4xx_hal_rcc_ex.c ****   {
3185:Drivers/STM32L4xx_HAL_Driver/Src/stm32l4xx_hal_rcc_ex.c ****     /* Disable the PLLSAI2 */
3186:Drivers/STM32L4xx_HAL_Driver/Src/stm32l4xx_hal_rcc_ex.c ****     __HAL_RCC_PLLSAI2_DISABLE();
3187:Drivers/STM32L4xx_HAL_Driver/Src/stm32l4xx_hal_rcc_ex.c **** 
3188:Drivers/STM32L4xx_HAL_Driver/Src/stm32l4xx_hal_rcc_ex.c ****     /* Get Start Tick*/
3189:Drivers/STM32L4xx_HAL_Driver/Src/stm32l4xx_hal_rcc_ex.c ****     tickstart = HAL_GetTick();
3190:Drivers/STM32L4xx_HAL_Driver/Src/stm32l4xx_hal_rcc_ex.c **** 
3191:Drivers/STM32L4xx_HAL_Driver/Src/stm32l4xx_hal_rcc_ex.c ****     /* Wait till PLLSAI2 is ready to be updated */
3192:Drivers/STM32L4xx_HAL_Driver/Src/stm32l4xx_hal_rcc_ex.c ****     while(READ_BIT(RCC->CR, RCC_CR_PLLSAI2RDY) != 0U)
3193:Drivers/STM32L4xx_HAL_Driver/Src/stm32l4xx_hal_rcc_ex.c ****     {
3194:Drivers/STM32L4xx_HAL_Driver/Src/stm32l4xx_hal_rcc_ex.c ****       if((HAL_GetTick() - tickstart) > PLLSAI2_TIMEOUT_VALUE)
3195:Drivers/STM32L4xx_HAL_Driver/Src/stm32l4xx_hal_rcc_ex.c ****       {
3196:Drivers/STM32L4xx_HAL_Driver/Src/stm32l4xx_hal_rcc_ex.c ****         status = HAL_TIMEOUT;
3197:Drivers/STM32L4xx_HAL_Driver/Src/stm32l4xx_hal_rcc_ex.c ****         break;
3198:Drivers/STM32L4xx_HAL_Driver/Src/stm32l4xx_hal_rcc_ex.c ****       }
3199:Drivers/STM32L4xx_HAL_Driver/Src/stm32l4xx_hal_rcc_ex.c ****     }
3200:Drivers/STM32L4xx_HAL_Driver/Src/stm32l4xx_hal_rcc_ex.c **** 
3201:Drivers/STM32L4xx_HAL_Driver/Src/stm32l4xx_hal_rcc_ex.c ****     if(status == HAL_OK)
3202:Drivers/STM32L4xx_HAL_Driver/Src/stm32l4xx_hal_rcc_ex.c ****     {
3203:Drivers/STM32L4xx_HAL_Driver/Src/stm32l4xx_hal_rcc_ex.c ****       if(Divider == DIVIDER_P_UPDATE)
3204:Drivers/STM32L4xx_HAL_Driver/Src/stm32l4xx_hal_rcc_ex.c ****       {
3205:Drivers/STM32L4xx_HAL_Driver/Src/stm32l4xx_hal_rcc_ex.c ****         assert_param(IS_RCC_PLLSAI2P_VALUE(PllSai2->PLLSAI2P));
3206:Drivers/STM32L4xx_HAL_Driver/Src/stm32l4xx_hal_rcc_ex.c **** #if defined(RCC_PLLSAI2M_DIV_1_16_SUPPORT)
3207:Drivers/STM32L4xx_HAL_Driver/Src/stm32l4xx_hal_rcc_ex.c **** 
3208:Drivers/STM32L4xx_HAL_Driver/Src/stm32l4xx_hal_rcc_ex.c ****         /* Configure the PLLSAI2 Division factor M, P and Multiplication factor N*/
3209:Drivers/STM32L4xx_HAL_Driver/Src/stm32l4xx_hal_rcc_ex.c **** #if defined(RCC_PLLSAI2P_DIV_2_31_SUPPORT)
3210:Drivers/STM32L4xx_HAL_Driver/Src/stm32l4xx_hal_rcc_ex.c ****         MODIFY_REG(RCC->PLLSAI2CFGR,
3211:Drivers/STM32L4xx_HAL_Driver/Src/stm32l4xx_hal_rcc_ex.c ****                    RCC_PLLSAI2CFGR_PLLSAI2N | RCC_PLLSAI2CFGR_PLLSAI2PDIV | RCC_PLLSAI2CFGR_PLLSAI2
3212:Drivers/STM32L4xx_HAL_Driver/Src/stm32l4xx_hal_rcc_ex.c ****                    (PllSai2->PLLSAI2N << RCC_PLLSAI2CFGR_PLLSAI2N_Pos) |
3213:Drivers/STM32L4xx_HAL_Driver/Src/stm32l4xx_hal_rcc_ex.c ****                    (PllSai2->PLLSAI2P << RCC_PLLSAI2CFGR_PLLSAI2PDIV_Pos) |
3214:Drivers/STM32L4xx_HAL_Driver/Src/stm32l4xx_hal_rcc_ex.c ****                    ((PllSai2->PLLSAI2M - 1U) << RCC_PLLSAI2CFGR_PLLSAI2M_Pos));
3215:Drivers/STM32L4xx_HAL_Driver/Src/stm32l4xx_hal_rcc_ex.c **** #else
3216:Drivers/STM32L4xx_HAL_Driver/Src/stm32l4xx_hal_rcc_ex.c ****         MODIFY_REG(RCC->PLLSAI2CFGR,
3217:Drivers/STM32L4xx_HAL_Driver/Src/stm32l4xx_hal_rcc_ex.c ****                    RCC_PLLSAI2CFGR_PLLSAI2N | RCC_PLLSAI2CFGR_PLLSAI2P | RCC_PLLSAI2CFGR_PLLSAI2M,
3218:Drivers/STM32L4xx_HAL_Driver/Src/stm32l4xx_hal_rcc_ex.c ****                    (PllSai2->PLLSAI2N << RCC_PLLSAI2CFGR_PLLSAI2N_Pos) |
3219:Drivers/STM32L4xx_HAL_Driver/Src/stm32l4xx_hal_rcc_ex.c ****                    ((PllSai2->PLLSAI2P >> 4U) << RCC_PLLSAI2CFGR_PLLSAI2P_Pos) |
3220:Drivers/STM32L4xx_HAL_Driver/Src/stm32l4xx_hal_rcc_ex.c ****                    ((PllSai2->PLLSAI2M - 1U) << RCC_PLLSAI2CFGR_PLLSAI2M_Pos));
3221:Drivers/STM32L4xx_HAL_Driver/Src/stm32l4xx_hal_rcc_ex.c **** #endif /* RCC_PLLSAI2P_DIV_2_31_SUPPORT */
3222:Drivers/STM32L4xx_HAL_Driver/Src/stm32l4xx_hal_rcc_ex.c **** 
ARM GAS  /tmp/ccBxf6FW.s 			page 58


3223:Drivers/STM32L4xx_HAL_Driver/Src/stm32l4xx_hal_rcc_ex.c **** #else
3224:Drivers/STM32L4xx_HAL_Driver/Src/stm32l4xx_hal_rcc_ex.c ****         /* Configure the PLLSAI2 Division factor P and Multiplication factor N*/
3225:Drivers/STM32L4xx_HAL_Driver/Src/stm32l4xx_hal_rcc_ex.c **** #if defined(RCC_PLLSAI2P_DIV_2_31_SUPPORT)
3226:Drivers/STM32L4xx_HAL_Driver/Src/stm32l4xx_hal_rcc_ex.c ****         MODIFY_REG(RCC->PLLSAI2CFGR,
3227:Drivers/STM32L4xx_HAL_Driver/Src/stm32l4xx_hal_rcc_ex.c ****                    RCC_PLLSAI2CFGR_PLLSAI2N | RCC_PLLSAI2CFGR_PLLSAI2PDIV,
3228:Drivers/STM32L4xx_HAL_Driver/Src/stm32l4xx_hal_rcc_ex.c ****                    (PllSai2->PLLSAI2N << RCC_PLLSAI2CFGR_PLLSAI2N_Pos) |
3229:Drivers/STM32L4xx_HAL_Driver/Src/stm32l4xx_hal_rcc_ex.c ****                    (PllSai2->PLLSAI2P << RCC_PLLSAI2CFGR_PLLSAI2PDIV_Pos));
3230:Drivers/STM32L4xx_HAL_Driver/Src/stm32l4xx_hal_rcc_ex.c **** #else
3231:Drivers/STM32L4xx_HAL_Driver/Src/stm32l4xx_hal_rcc_ex.c ****         MODIFY_REG(RCC->PLLSAI2CFGR,
3232:Drivers/STM32L4xx_HAL_Driver/Src/stm32l4xx_hal_rcc_ex.c ****                    RCC_PLLSAI2CFGR_PLLSAI2N | RCC_PLLSAI2CFGR_PLLSAI2P,
3233:Drivers/STM32L4xx_HAL_Driver/Src/stm32l4xx_hal_rcc_ex.c ****                    (PllSai2->PLLSAI2N << RCC_PLLSAI2CFGR_PLLSAI2N_Pos) |
3234:Drivers/STM32L4xx_HAL_Driver/Src/stm32l4xx_hal_rcc_ex.c ****                    ((PllSai2->PLLSAI2P >> 4U) << RCC_PLLSAI2CFGR_PLLSAI2P_Pos));
3235:Drivers/STM32L4xx_HAL_Driver/Src/stm32l4xx_hal_rcc_ex.c **** #endif /* RCC_PLLSAI2P_DIV_2_31_SUPPORT */
3236:Drivers/STM32L4xx_HAL_Driver/Src/stm32l4xx_hal_rcc_ex.c **** 
3237:Drivers/STM32L4xx_HAL_Driver/Src/stm32l4xx_hal_rcc_ex.c **** #endif /* RCC_PLLSAI2M_DIV_1_16_SUPPORT */
3238:Drivers/STM32L4xx_HAL_Driver/Src/stm32l4xx_hal_rcc_ex.c ****       }
3239:Drivers/STM32L4xx_HAL_Driver/Src/stm32l4xx_hal_rcc_ex.c **** #if defined(RCC_PLLSAI2Q_DIV_SUPPORT)
3240:Drivers/STM32L4xx_HAL_Driver/Src/stm32l4xx_hal_rcc_ex.c ****       else if(Divider == DIVIDER_Q_UPDATE)
3241:Drivers/STM32L4xx_HAL_Driver/Src/stm32l4xx_hal_rcc_ex.c ****       {
3242:Drivers/STM32L4xx_HAL_Driver/Src/stm32l4xx_hal_rcc_ex.c ****         assert_param(IS_RCC_PLLSAI2Q_VALUE(PllSai2->PLLSAI2Q));
3243:Drivers/STM32L4xx_HAL_Driver/Src/stm32l4xx_hal_rcc_ex.c **** #if defined(RCC_PLLSAI2M_DIV_1_16_SUPPORT)
3244:Drivers/STM32L4xx_HAL_Driver/Src/stm32l4xx_hal_rcc_ex.c ****         /* Configure the PLLSAI2 Division factor M, Q and Multiplication factor N*/
3245:Drivers/STM32L4xx_HAL_Driver/Src/stm32l4xx_hal_rcc_ex.c ****         MODIFY_REG(RCC->PLLSAI2CFGR,
3246:Drivers/STM32L4xx_HAL_Driver/Src/stm32l4xx_hal_rcc_ex.c ****                    RCC_PLLSAI2CFGR_PLLSAI2N | RCC_PLLSAI2CFGR_PLLSAI2Q | RCC_PLLSAI2CFGR_PLLSAI2M,
3247:Drivers/STM32L4xx_HAL_Driver/Src/stm32l4xx_hal_rcc_ex.c ****                    (PllSai2->PLLSAI2N << RCC_PLLSAI2CFGR_PLLSAI2N_Pos) |
3248:Drivers/STM32L4xx_HAL_Driver/Src/stm32l4xx_hal_rcc_ex.c ****                    (((PllSai2->PLLSAI2Q >> 1U) - 1U) << RCC_PLLSAI2CFGR_PLLSAI2Q_Pos) |
3249:Drivers/STM32L4xx_HAL_Driver/Src/stm32l4xx_hal_rcc_ex.c ****                    ((PllSai2->PLLSAI2M - 1U) << RCC_PLLSAI2CFGR_PLLSAI2M_Pos));
3250:Drivers/STM32L4xx_HAL_Driver/Src/stm32l4xx_hal_rcc_ex.c **** #else
3251:Drivers/STM32L4xx_HAL_Driver/Src/stm32l4xx_hal_rcc_ex.c ****         /* Configure the PLLSAI2 Division factor Q and Multiplication factor N*/
3252:Drivers/STM32L4xx_HAL_Driver/Src/stm32l4xx_hal_rcc_ex.c ****         MODIFY_REG(RCC->PLLSAI2CFGR,
3253:Drivers/STM32L4xx_HAL_Driver/Src/stm32l4xx_hal_rcc_ex.c ****                    RCC_PLLSAI2CFGR_PLLSAI2N | RCC_PLLSAI2CFGR_PLLSAI2Q,
3254:Drivers/STM32L4xx_HAL_Driver/Src/stm32l4xx_hal_rcc_ex.c ****                    (PllSai2->PLLSAI2N << RCC_PLLSAI2CFGR_PLLSAI2N_Pos) |
3255:Drivers/STM32L4xx_HAL_Driver/Src/stm32l4xx_hal_rcc_ex.c ****                    (((PllSai2->PLLSAI2Q >> 1U) - 1U) << RCC_PLLSAI2CFGR_PLLSAI2Q_Pos));
3256:Drivers/STM32L4xx_HAL_Driver/Src/stm32l4xx_hal_rcc_ex.c **** #endif /* RCC_PLLSAI2M_DIV_1_16_SUPPORT */
3257:Drivers/STM32L4xx_HAL_Driver/Src/stm32l4xx_hal_rcc_ex.c ****       }
3258:Drivers/STM32L4xx_HAL_Driver/Src/stm32l4xx_hal_rcc_ex.c **** #endif /* RCC_PLLSAI2Q_DIV_SUPPORT */
3259:Drivers/STM32L4xx_HAL_Driver/Src/stm32l4xx_hal_rcc_ex.c ****       else
3260:Drivers/STM32L4xx_HAL_Driver/Src/stm32l4xx_hal_rcc_ex.c ****       {
3261:Drivers/STM32L4xx_HAL_Driver/Src/stm32l4xx_hal_rcc_ex.c ****         assert_param(IS_RCC_PLLSAI2R_VALUE(PllSai2->PLLSAI2R));
3262:Drivers/STM32L4xx_HAL_Driver/Src/stm32l4xx_hal_rcc_ex.c **** #if defined(RCC_PLLSAI2M_DIV_1_16_SUPPORT)
3263:Drivers/STM32L4xx_HAL_Driver/Src/stm32l4xx_hal_rcc_ex.c ****         /* Configure the PLLSAI2 Division factor M, R and Multiplication factor N*/
3264:Drivers/STM32L4xx_HAL_Driver/Src/stm32l4xx_hal_rcc_ex.c ****         MODIFY_REG(RCC->PLLSAI2CFGR,
3265:Drivers/STM32L4xx_HAL_Driver/Src/stm32l4xx_hal_rcc_ex.c ****                    RCC_PLLSAI2CFGR_PLLSAI2N | RCC_PLLSAI2CFGR_PLLSAI2R | RCC_PLLSAI2CFGR_PLLSAI2M,
3266:Drivers/STM32L4xx_HAL_Driver/Src/stm32l4xx_hal_rcc_ex.c ****                    (PllSai2->PLLSAI2N << RCC_PLLSAI2CFGR_PLLSAI2N_Pos) |
3267:Drivers/STM32L4xx_HAL_Driver/Src/stm32l4xx_hal_rcc_ex.c ****                    (((PllSai2->PLLSAI2R >> 1U) - 1U) << RCC_PLLSAI2CFGR_PLLSAI2R_Pos) |
3268:Drivers/STM32L4xx_HAL_Driver/Src/stm32l4xx_hal_rcc_ex.c ****                    ((PllSai2->PLLSAI2M - 1U) << RCC_PLLSAI2CFGR_PLLSAI2M_Pos));
3269:Drivers/STM32L4xx_HAL_Driver/Src/stm32l4xx_hal_rcc_ex.c **** #else
3270:Drivers/STM32L4xx_HAL_Driver/Src/stm32l4xx_hal_rcc_ex.c ****         /* Configure the PLLSAI2 Division factor R and Multiplication factor N*/
3271:Drivers/STM32L4xx_HAL_Driver/Src/stm32l4xx_hal_rcc_ex.c ****         MODIFY_REG(RCC->PLLSAI2CFGR,
3272:Drivers/STM32L4xx_HAL_Driver/Src/stm32l4xx_hal_rcc_ex.c ****                    RCC_PLLSAI2CFGR_PLLSAI2N | RCC_PLLSAI2CFGR_PLLSAI2R,
3273:Drivers/STM32L4xx_HAL_Driver/Src/stm32l4xx_hal_rcc_ex.c ****                    (PllSai2->PLLSAI2N << RCC_PLLSAI2CFGR_PLLSAI2N_Pos) |
3274:Drivers/STM32L4xx_HAL_Driver/Src/stm32l4xx_hal_rcc_ex.c ****                    (((PllSai2->PLLSAI2R >> 1U) - 1U) << RCC_PLLSAI2CFGR_PLLSAI2R_Pos));
3275:Drivers/STM32L4xx_HAL_Driver/Src/stm32l4xx_hal_rcc_ex.c **** #endif /* RCC_PLLSAI2M_DIV_1_16_SUPPORT */
3276:Drivers/STM32L4xx_HAL_Driver/Src/stm32l4xx_hal_rcc_ex.c ****       }
3277:Drivers/STM32L4xx_HAL_Driver/Src/stm32l4xx_hal_rcc_ex.c **** 
3278:Drivers/STM32L4xx_HAL_Driver/Src/stm32l4xx_hal_rcc_ex.c ****       /* Enable the PLLSAI2 again by setting PLLSAI2ON to 1*/
3279:Drivers/STM32L4xx_HAL_Driver/Src/stm32l4xx_hal_rcc_ex.c ****       __HAL_RCC_PLLSAI2_ENABLE();
ARM GAS  /tmp/ccBxf6FW.s 			page 59


3280:Drivers/STM32L4xx_HAL_Driver/Src/stm32l4xx_hal_rcc_ex.c **** 
3281:Drivers/STM32L4xx_HAL_Driver/Src/stm32l4xx_hal_rcc_ex.c ****       /* Get Start Tick*/
3282:Drivers/STM32L4xx_HAL_Driver/Src/stm32l4xx_hal_rcc_ex.c ****       tickstart = HAL_GetTick();
3283:Drivers/STM32L4xx_HAL_Driver/Src/stm32l4xx_hal_rcc_ex.c **** 
3284:Drivers/STM32L4xx_HAL_Driver/Src/stm32l4xx_hal_rcc_ex.c ****       /* Wait till PLLSAI2 is ready */
3285:Drivers/STM32L4xx_HAL_Driver/Src/stm32l4xx_hal_rcc_ex.c ****       while(READ_BIT(RCC->CR, RCC_CR_PLLSAI2RDY) == 0U)
3286:Drivers/STM32L4xx_HAL_Driver/Src/stm32l4xx_hal_rcc_ex.c ****       {
3287:Drivers/STM32L4xx_HAL_Driver/Src/stm32l4xx_hal_rcc_ex.c ****         if((HAL_GetTick() - tickstart) > PLLSAI2_TIMEOUT_VALUE)
3288:Drivers/STM32L4xx_HAL_Driver/Src/stm32l4xx_hal_rcc_ex.c ****         {
3289:Drivers/STM32L4xx_HAL_Driver/Src/stm32l4xx_hal_rcc_ex.c ****           status = HAL_TIMEOUT;
3290:Drivers/STM32L4xx_HAL_Driver/Src/stm32l4xx_hal_rcc_ex.c ****           break;
3291:Drivers/STM32L4xx_HAL_Driver/Src/stm32l4xx_hal_rcc_ex.c ****         }
3292:Drivers/STM32L4xx_HAL_Driver/Src/stm32l4xx_hal_rcc_ex.c ****       }
3293:Drivers/STM32L4xx_HAL_Driver/Src/stm32l4xx_hal_rcc_ex.c **** 
3294:Drivers/STM32L4xx_HAL_Driver/Src/stm32l4xx_hal_rcc_ex.c ****       if(status == HAL_OK)
3295:Drivers/STM32L4xx_HAL_Driver/Src/stm32l4xx_hal_rcc_ex.c ****       {
3296:Drivers/STM32L4xx_HAL_Driver/Src/stm32l4xx_hal_rcc_ex.c ****         /* Configure the PLLSAI2 Clock output(s) */
3297:Drivers/STM32L4xx_HAL_Driver/Src/stm32l4xx_hal_rcc_ex.c ****         __HAL_RCC_PLLSAI2CLKOUT_ENABLE(PllSai2->PLLSAI2ClockOut);
3298:Drivers/STM32L4xx_HAL_Driver/Src/stm32l4xx_hal_rcc_ex.c ****       }
3299:Drivers/STM32L4xx_HAL_Driver/Src/stm32l4xx_hal_rcc_ex.c ****     }
3300:Drivers/STM32L4xx_HAL_Driver/Src/stm32l4xx_hal_rcc_ex.c ****   }
3301:Drivers/STM32L4xx_HAL_Driver/Src/stm32l4xx_hal_rcc_ex.c **** 
3302:Drivers/STM32L4xx_HAL_Driver/Src/stm32l4xx_hal_rcc_ex.c ****   return status;
3303:Drivers/STM32L4xx_HAL_Driver/Src/stm32l4xx_hal_rcc_ex.c **** }
3304:Drivers/STM32L4xx_HAL_Driver/Src/stm32l4xx_hal_rcc_ex.c **** 
3305:Drivers/STM32L4xx_HAL_Driver/Src/stm32l4xx_hal_rcc_ex.c **** #endif /* RCC_PLLSAI2_SUPPORT */
3306:Drivers/STM32L4xx_HAL_Driver/Src/stm32l4xx_hal_rcc_ex.c **** 
3307:Drivers/STM32L4xx_HAL_Driver/Src/stm32l4xx_hal_rcc_ex.c **** #if defined(SAI1)
3308:Drivers/STM32L4xx_HAL_Driver/Src/stm32l4xx_hal_rcc_ex.c **** 
3309:Drivers/STM32L4xx_HAL_Driver/Src/stm32l4xx_hal_rcc_ex.c **** static uint32_t RCCEx_GetSAIxPeriphCLKFreq(uint32_t PeriphClk, uint32_t InputFrequency)
3310:Drivers/STM32L4xx_HAL_Driver/Src/stm32l4xx_hal_rcc_ex.c **** {
  29              		.loc 1 3310 1 view -0
  30              		.cfi_startproc
  31              		@ args = 0, pretend = 0, frame = 0
  32              		@ frame_needed = 0, uses_anonymous_args = 0
  33              		@ link register save eliminated.
3311:Drivers/STM32L4xx_HAL_Driver/Src/stm32l4xx_hal_rcc_ex.c ****   uint32_t frequency = 0U;
  34              		.loc 1 3311 3 view .LVU1
3312:Drivers/STM32L4xx_HAL_Driver/Src/stm32l4xx_hal_rcc_ex.c ****   uint32_t srcclk = 0U;
  35              		.loc 1 3312 3 view .LVU2
3313:Drivers/STM32L4xx_HAL_Driver/Src/stm32l4xx_hal_rcc_ex.c ****   uint32_t pllvco, plln;    /* no init needed */
  36              		.loc 1 3313 3 view .LVU3
3314:Drivers/STM32L4xx_HAL_Driver/Src/stm32l4xx_hal_rcc_ex.c **** #if defined(RCC_PLLP_SUPPORT)
3315:Drivers/STM32L4xx_HAL_Driver/Src/stm32l4xx_hal_rcc_ex.c ****   uint32_t pllp = 0U;
  37              		.loc 1 3315 3 view .LVU4
3316:Drivers/STM32L4xx_HAL_Driver/Src/stm32l4xx_hal_rcc_ex.c **** #endif /* RCC_PLLP_SUPPORT */
3317:Drivers/STM32L4xx_HAL_Driver/Src/stm32l4xx_hal_rcc_ex.c **** 
3318:Drivers/STM32L4xx_HAL_Driver/Src/stm32l4xx_hal_rcc_ex.c ****   /* Handle SAIs */
3319:Drivers/STM32L4xx_HAL_Driver/Src/stm32l4xx_hal_rcc_ex.c ****   if(PeriphClk == RCC_PERIPHCLK_SAI1)
  38              		.loc 1 3319 3 view .LVU5
  39              		.loc 1 3319 5 is_stmt 0 view .LVU6
  40 0000 B0F5006F 		cmp	r0, #2048
  41 0004 2AD0     		beq	.L16
3312:Drivers/STM32L4xx_HAL_Driver/Src/stm32l4xx_hal_rcc_ex.c ****   uint32_t pllvco, plln;    /* no init needed */
  42              		.loc 1 3312 12 view .LVU7
  43 0006 0023     		movs	r3, #0
  44              	.LVL1:
ARM GAS  /tmp/ccBxf6FW.s 			page 60


  45              	.L2:
3320:Drivers/STM32L4xx_HAL_Driver/Src/stm32l4xx_hal_rcc_ex.c ****   {
3321:Drivers/STM32L4xx_HAL_Driver/Src/stm32l4xx_hal_rcc_ex.c ****     srcclk = __HAL_RCC_GET_SAI1_SOURCE();
3322:Drivers/STM32L4xx_HAL_Driver/Src/stm32l4xx_hal_rcc_ex.c ****     if(srcclk == RCC_SAI1CLKSOURCE_PIN)
3323:Drivers/STM32L4xx_HAL_Driver/Src/stm32l4xx_hal_rcc_ex.c ****     {
3324:Drivers/STM32L4xx_HAL_Driver/Src/stm32l4xx_hal_rcc_ex.c ****       frequency = EXTERNAL_SAI1_CLOCK_VALUE;
3325:Drivers/STM32L4xx_HAL_Driver/Src/stm32l4xx_hal_rcc_ex.c ****     }
3326:Drivers/STM32L4xx_HAL_Driver/Src/stm32l4xx_hal_rcc_ex.c ****     /* Else, PLL clock output to check below */
3327:Drivers/STM32L4xx_HAL_Driver/Src/stm32l4xx_hal_rcc_ex.c ****   }
3328:Drivers/STM32L4xx_HAL_Driver/Src/stm32l4xx_hal_rcc_ex.c **** #if defined(SAI2)
3329:Drivers/STM32L4xx_HAL_Driver/Src/stm32l4xx_hal_rcc_ex.c ****   else
3330:Drivers/STM32L4xx_HAL_Driver/Src/stm32l4xx_hal_rcc_ex.c ****   {
3331:Drivers/STM32L4xx_HAL_Driver/Src/stm32l4xx_hal_rcc_ex.c ****     if(PeriphClk == RCC_PERIPHCLK_SAI2)
3332:Drivers/STM32L4xx_HAL_Driver/Src/stm32l4xx_hal_rcc_ex.c ****     {
3333:Drivers/STM32L4xx_HAL_Driver/Src/stm32l4xx_hal_rcc_ex.c ****       srcclk = __HAL_RCC_GET_SAI2_SOURCE();
3334:Drivers/STM32L4xx_HAL_Driver/Src/stm32l4xx_hal_rcc_ex.c ****       if(srcclk == RCC_SAI2CLKSOURCE_PIN)
3335:Drivers/STM32L4xx_HAL_Driver/Src/stm32l4xx_hal_rcc_ex.c ****       {
3336:Drivers/STM32L4xx_HAL_Driver/Src/stm32l4xx_hal_rcc_ex.c ****         frequency = EXTERNAL_SAI2_CLOCK_VALUE;
3337:Drivers/STM32L4xx_HAL_Driver/Src/stm32l4xx_hal_rcc_ex.c ****       }
3338:Drivers/STM32L4xx_HAL_Driver/Src/stm32l4xx_hal_rcc_ex.c ****       /* Else, PLL clock output to check below */
3339:Drivers/STM32L4xx_HAL_Driver/Src/stm32l4xx_hal_rcc_ex.c ****     }
3340:Drivers/STM32L4xx_HAL_Driver/Src/stm32l4xx_hal_rcc_ex.c ****   }
3341:Drivers/STM32L4xx_HAL_Driver/Src/stm32l4xx_hal_rcc_ex.c **** #endif /* SAI2 */
3342:Drivers/STM32L4xx_HAL_Driver/Src/stm32l4xx_hal_rcc_ex.c **** 
3343:Drivers/STM32L4xx_HAL_Driver/Src/stm32l4xx_hal_rcc_ex.c ****   if(frequency == 0U)
3344:Drivers/STM32L4xx_HAL_Driver/Src/stm32l4xx_hal_rcc_ex.c ****   {
3345:Drivers/STM32L4xx_HAL_Driver/Src/stm32l4xx_hal_rcc_ex.c ****     pllvco = InputFrequency;
  46              		.loc 1 3345 5 is_stmt 1 view .LVU8
3346:Drivers/STM32L4xx_HAL_Driver/Src/stm32l4xx_hal_rcc_ex.c **** 
3347:Drivers/STM32L4xx_HAL_Driver/Src/stm32l4xx_hal_rcc_ex.c **** #if defined(SAI2)
3348:Drivers/STM32L4xx_HAL_Driver/Src/stm32l4xx_hal_rcc_ex.c ****     if((srcclk == RCC_SAI1CLKSOURCE_PLL) || (srcclk == RCC_SAI2CLKSOURCE_PLL))
3349:Drivers/STM32L4xx_HAL_Driver/Src/stm32l4xx_hal_rcc_ex.c ****     {
3350:Drivers/STM32L4xx_HAL_Driver/Src/stm32l4xx_hal_rcc_ex.c ****       if(HAL_IS_BIT_SET(RCC->CR, RCC_CR_PLLRDY) && (__HAL_RCC_GET_PLLCLKOUT_CONFIG(RCC_PLL_SAI3CLK)
3351:Drivers/STM32L4xx_HAL_Driver/Src/stm32l4xx_hal_rcc_ex.c ****       {
3352:Drivers/STM32L4xx_HAL_Driver/Src/stm32l4xx_hal_rcc_ex.c ****         /* f(PLL Source) / PLLM */
3353:Drivers/STM32L4xx_HAL_Driver/Src/stm32l4xx_hal_rcc_ex.c ****         pllvco = (pllvco / ((READ_BIT(RCC->PLLCFGR, RCC_PLLCFGR_PLLM) >> RCC_PLLCFGR_PLLM_Pos) + 1U
3354:Drivers/STM32L4xx_HAL_Driver/Src/stm32l4xx_hal_rcc_ex.c ****         /* f(PLLSAI3CLK) = f(VCO input) * PLLN / PLLP */
3355:Drivers/STM32L4xx_HAL_Driver/Src/stm32l4xx_hal_rcc_ex.c ****         plln = READ_BIT(RCC->PLLCFGR, RCC_PLLCFGR_PLLN) >> RCC_PLLCFGR_PLLN_Pos;
3356:Drivers/STM32L4xx_HAL_Driver/Src/stm32l4xx_hal_rcc_ex.c **** #if defined(RCC_PLLP_DIV_2_31_SUPPORT)
3357:Drivers/STM32L4xx_HAL_Driver/Src/stm32l4xx_hal_rcc_ex.c ****         pllp = READ_BIT(RCC->PLLCFGR, RCC_PLLCFGR_PLLPDIV) >> RCC_PLLCFGR_PLLPDIV_Pos;
3358:Drivers/STM32L4xx_HAL_Driver/Src/stm32l4xx_hal_rcc_ex.c **** #endif
3359:Drivers/STM32L4xx_HAL_Driver/Src/stm32l4xx_hal_rcc_ex.c ****         if(pllp == 0U)
3360:Drivers/STM32L4xx_HAL_Driver/Src/stm32l4xx_hal_rcc_ex.c ****         {
3361:Drivers/STM32L4xx_HAL_Driver/Src/stm32l4xx_hal_rcc_ex.c ****           if(READ_BIT(RCC->PLLCFGR, RCC_PLLCFGR_PLLP) != 0U)
3362:Drivers/STM32L4xx_HAL_Driver/Src/stm32l4xx_hal_rcc_ex.c ****           {
3363:Drivers/STM32L4xx_HAL_Driver/Src/stm32l4xx_hal_rcc_ex.c ****             pllp = 17U;
3364:Drivers/STM32L4xx_HAL_Driver/Src/stm32l4xx_hal_rcc_ex.c ****           }
3365:Drivers/STM32L4xx_HAL_Driver/Src/stm32l4xx_hal_rcc_ex.c ****           else
3366:Drivers/STM32L4xx_HAL_Driver/Src/stm32l4xx_hal_rcc_ex.c ****           {
3367:Drivers/STM32L4xx_HAL_Driver/Src/stm32l4xx_hal_rcc_ex.c ****             pllp = 7U;
3368:Drivers/STM32L4xx_HAL_Driver/Src/stm32l4xx_hal_rcc_ex.c ****           }
3369:Drivers/STM32L4xx_HAL_Driver/Src/stm32l4xx_hal_rcc_ex.c ****         }
3370:Drivers/STM32L4xx_HAL_Driver/Src/stm32l4xx_hal_rcc_ex.c ****         frequency = (pllvco * plln) / pllp;
3371:Drivers/STM32L4xx_HAL_Driver/Src/stm32l4xx_hal_rcc_ex.c ****       }
3372:Drivers/STM32L4xx_HAL_Driver/Src/stm32l4xx_hal_rcc_ex.c ****     }
3373:Drivers/STM32L4xx_HAL_Driver/Src/stm32l4xx_hal_rcc_ex.c ****     else if(srcclk == 0U)  /* RCC_SAI1CLKSOURCE_PLLSAI1 || RCC_SAI2CLKSOURCE_PLLSAI1 */
3374:Drivers/STM32L4xx_HAL_Driver/Src/stm32l4xx_hal_rcc_ex.c ****     {
ARM GAS  /tmp/ccBxf6FW.s 			page 61


3375:Drivers/STM32L4xx_HAL_Driver/Src/stm32l4xx_hal_rcc_ex.c ****       if(HAL_IS_BIT_SET(RCC->CR, RCC_CR_PLLSAI1RDY) && (__HAL_RCC_GET_PLLSAI1CLKOUT_CONFIG(RCC_PLLS
3376:Drivers/STM32L4xx_HAL_Driver/Src/stm32l4xx_hal_rcc_ex.c ****       {
3377:Drivers/STM32L4xx_HAL_Driver/Src/stm32l4xx_hal_rcc_ex.c **** #if defined(RCC_PLLSAI1M_DIV_1_16_SUPPORT)
3378:Drivers/STM32L4xx_HAL_Driver/Src/stm32l4xx_hal_rcc_ex.c ****         /* PLLSAI1M exists: apply PLLSAI1M divider for PLLSAI1 output computation */
3379:Drivers/STM32L4xx_HAL_Driver/Src/stm32l4xx_hal_rcc_ex.c ****         /* f(PLLSAI1 Source) / PLLSAI1M */
3380:Drivers/STM32L4xx_HAL_Driver/Src/stm32l4xx_hal_rcc_ex.c ****         pllvco = (pllvco / ((READ_BIT(RCC->PLLSAI1CFGR, RCC_PLLSAI1CFGR_PLLSAI1M) >> RCC_PLLSAI1CFG
3381:Drivers/STM32L4xx_HAL_Driver/Src/stm32l4xx_hal_rcc_ex.c **** #else
3382:Drivers/STM32L4xx_HAL_Driver/Src/stm32l4xx_hal_rcc_ex.c ****         /* f(PLL Source) / PLLM */
3383:Drivers/STM32L4xx_HAL_Driver/Src/stm32l4xx_hal_rcc_ex.c ****         pllvco = (pllvco / ((READ_BIT(RCC->PLLCFGR, RCC_PLLCFGR_PLLM) >> RCC_PLLCFGR_PLLM_Pos) + 1U
3384:Drivers/STM32L4xx_HAL_Driver/Src/stm32l4xx_hal_rcc_ex.c **** #endif
3385:Drivers/STM32L4xx_HAL_Driver/Src/stm32l4xx_hal_rcc_ex.c ****         /* f(PLLSAI1CLK) = f(VCOSAI1 input) * PLLSAI1N / PLLSAI1P */
3386:Drivers/STM32L4xx_HAL_Driver/Src/stm32l4xx_hal_rcc_ex.c ****         plln = READ_BIT(RCC->PLLSAI1CFGR, RCC_PLLSAI1CFGR_PLLSAI1N) >> RCC_PLLSAI1CFGR_PLLSAI1N_Pos
3387:Drivers/STM32L4xx_HAL_Driver/Src/stm32l4xx_hal_rcc_ex.c **** #if defined(RCC_PLLSAI1P_DIV_2_31_SUPPORT)
3388:Drivers/STM32L4xx_HAL_Driver/Src/stm32l4xx_hal_rcc_ex.c ****         pllp = READ_BIT(RCC->PLLSAI1CFGR, RCC_PLLSAI1CFGR_PLLSAI1PDIV) >> RCC_PLLSAI1CFGR_PLLSAI1PD
3389:Drivers/STM32L4xx_HAL_Driver/Src/stm32l4xx_hal_rcc_ex.c **** #endif
3390:Drivers/STM32L4xx_HAL_Driver/Src/stm32l4xx_hal_rcc_ex.c ****         if(pllp == 0U)
3391:Drivers/STM32L4xx_HAL_Driver/Src/stm32l4xx_hal_rcc_ex.c ****         {
3392:Drivers/STM32L4xx_HAL_Driver/Src/stm32l4xx_hal_rcc_ex.c ****           if(READ_BIT(RCC->PLLSAI1CFGR, RCC_PLLSAI1CFGR_PLLSAI1P) != 0U)
3393:Drivers/STM32L4xx_HAL_Driver/Src/stm32l4xx_hal_rcc_ex.c ****           {
3394:Drivers/STM32L4xx_HAL_Driver/Src/stm32l4xx_hal_rcc_ex.c ****             pllp = 17U;
3395:Drivers/STM32L4xx_HAL_Driver/Src/stm32l4xx_hal_rcc_ex.c ****           }
3396:Drivers/STM32L4xx_HAL_Driver/Src/stm32l4xx_hal_rcc_ex.c ****           else
3397:Drivers/STM32L4xx_HAL_Driver/Src/stm32l4xx_hal_rcc_ex.c ****           {
3398:Drivers/STM32L4xx_HAL_Driver/Src/stm32l4xx_hal_rcc_ex.c ****             pllp = 7U;
3399:Drivers/STM32L4xx_HAL_Driver/Src/stm32l4xx_hal_rcc_ex.c ****           }
3400:Drivers/STM32L4xx_HAL_Driver/Src/stm32l4xx_hal_rcc_ex.c ****         }
3401:Drivers/STM32L4xx_HAL_Driver/Src/stm32l4xx_hal_rcc_ex.c ****         frequency = (pllvco * plln) / pllp;
3402:Drivers/STM32L4xx_HAL_Driver/Src/stm32l4xx_hal_rcc_ex.c ****       }
3403:Drivers/STM32L4xx_HAL_Driver/Src/stm32l4xx_hal_rcc_ex.c ****     }
3404:Drivers/STM32L4xx_HAL_Driver/Src/stm32l4xx_hal_rcc_ex.c **** #if defined(STM32L4P5xx) || defined(STM32L4Q5xx) || defined(STM32L4R5xx) || defined(STM32L4R7xx) ||
3405:Drivers/STM32L4xx_HAL_Driver/Src/stm32l4xx_hal_rcc_ex.c ****     else if((srcclk == RCC_SAI1CLKSOURCE_HSI) || (srcclk == RCC_SAI2CLKSOURCE_HSI))
3406:Drivers/STM32L4xx_HAL_Driver/Src/stm32l4xx_hal_rcc_ex.c ****     {
3407:Drivers/STM32L4xx_HAL_Driver/Src/stm32l4xx_hal_rcc_ex.c ****       if(HAL_IS_BIT_SET(RCC->CR, RCC_CR_HSIRDY))
3408:Drivers/STM32L4xx_HAL_Driver/Src/stm32l4xx_hal_rcc_ex.c ****       {
3409:Drivers/STM32L4xx_HAL_Driver/Src/stm32l4xx_hal_rcc_ex.c ****         frequency = HSI_VALUE;
3410:Drivers/STM32L4xx_HAL_Driver/Src/stm32l4xx_hal_rcc_ex.c ****       }
3411:Drivers/STM32L4xx_HAL_Driver/Src/stm32l4xx_hal_rcc_ex.c ****     }
3412:Drivers/STM32L4xx_HAL_Driver/Src/stm32l4xx_hal_rcc_ex.c **** #endif /* STM32L4P5xx || STM32L4Q5xx || STM32L4R5xx || STM32L4R7xx || STM32L4R9xx || STM32L4S5xx ||
3413:Drivers/STM32L4xx_HAL_Driver/Src/stm32l4xx_hal_rcc_ex.c **** 
3414:Drivers/STM32L4xx_HAL_Driver/Src/stm32l4xx_hal_rcc_ex.c **** #else
3415:Drivers/STM32L4xx_HAL_Driver/Src/stm32l4xx_hal_rcc_ex.c ****     if(srcclk == RCC_SAI1CLKSOURCE_PLL)
  47              		.loc 1 3415 5 view .LVU9
  48              		.loc 1 3415 7 is_stmt 0 view .LVU10
  49 0008 B3F5000F 		cmp	r3, #8388608
  50 000c 30D0     		beq	.L17
3416:Drivers/STM32L4xx_HAL_Driver/Src/stm32l4xx_hal_rcc_ex.c ****     {
3417:Drivers/STM32L4xx_HAL_Driver/Src/stm32l4xx_hal_rcc_ex.c ****       if(HAL_IS_BIT_SET(RCC->CR, RCC_CR_PLLRDY) && (__HAL_RCC_GET_PLLCLKOUT_CONFIG(RCC_PLL_SAI2CLK)
3418:Drivers/STM32L4xx_HAL_Driver/Src/stm32l4xx_hal_rcc_ex.c ****       {
3419:Drivers/STM32L4xx_HAL_Driver/Src/stm32l4xx_hal_rcc_ex.c ****         /* f(PLL Source) / PLLM */
3420:Drivers/STM32L4xx_HAL_Driver/Src/stm32l4xx_hal_rcc_ex.c ****         pllvco = (pllvco / ((READ_BIT(RCC->PLLCFGR, RCC_PLLCFGR_PLLM) >> RCC_PLLCFGR_PLLM_Pos) + 1U
3421:Drivers/STM32L4xx_HAL_Driver/Src/stm32l4xx_hal_rcc_ex.c ****         /* f(PLLSAI2CLK) = f(VCO input) * PLLN / PLLP */
3422:Drivers/STM32L4xx_HAL_Driver/Src/stm32l4xx_hal_rcc_ex.c ****         plln = READ_BIT(RCC->PLLCFGR, RCC_PLLCFGR_PLLN) >> RCC_PLLCFGR_PLLN_Pos;
3423:Drivers/STM32L4xx_HAL_Driver/Src/stm32l4xx_hal_rcc_ex.c **** #if defined(RCC_PLLP_DIV_2_31_SUPPORT)
3424:Drivers/STM32L4xx_HAL_Driver/Src/stm32l4xx_hal_rcc_ex.c ****         pllp = READ_BIT(RCC->PLLCFGR, RCC_PLLCFGR_PLLPDIV) >> RCC_PLLCFGR_PLLPDIV_Pos;
3425:Drivers/STM32L4xx_HAL_Driver/Src/stm32l4xx_hal_rcc_ex.c **** #endif
3426:Drivers/STM32L4xx_HAL_Driver/Src/stm32l4xx_hal_rcc_ex.c ****         if(pllp == 0U)
3427:Drivers/STM32L4xx_HAL_Driver/Src/stm32l4xx_hal_rcc_ex.c ****         {
ARM GAS  /tmp/ccBxf6FW.s 			page 62


3428:Drivers/STM32L4xx_HAL_Driver/Src/stm32l4xx_hal_rcc_ex.c ****           if(READ_BIT(RCC->PLLCFGR, RCC_PLLCFGR_PLLP) != 0U)
3429:Drivers/STM32L4xx_HAL_Driver/Src/stm32l4xx_hal_rcc_ex.c ****           {
3430:Drivers/STM32L4xx_HAL_Driver/Src/stm32l4xx_hal_rcc_ex.c ****             pllp = 17U;
3431:Drivers/STM32L4xx_HAL_Driver/Src/stm32l4xx_hal_rcc_ex.c ****           }
3432:Drivers/STM32L4xx_HAL_Driver/Src/stm32l4xx_hal_rcc_ex.c ****           else
3433:Drivers/STM32L4xx_HAL_Driver/Src/stm32l4xx_hal_rcc_ex.c ****           {
3434:Drivers/STM32L4xx_HAL_Driver/Src/stm32l4xx_hal_rcc_ex.c ****             pllp = 7U;
3435:Drivers/STM32L4xx_HAL_Driver/Src/stm32l4xx_hal_rcc_ex.c ****           }
3436:Drivers/STM32L4xx_HAL_Driver/Src/stm32l4xx_hal_rcc_ex.c ****         }
3437:Drivers/STM32L4xx_HAL_Driver/Src/stm32l4xx_hal_rcc_ex.c ****         frequency = (pllvco * plln) / pllp;
3438:Drivers/STM32L4xx_HAL_Driver/Src/stm32l4xx_hal_rcc_ex.c ****       }
3439:Drivers/STM32L4xx_HAL_Driver/Src/stm32l4xx_hal_rcc_ex.c ****       else if(HAL_IS_BIT_SET(RCC->CR, RCC_CR_HSIRDY))
3440:Drivers/STM32L4xx_HAL_Driver/Src/stm32l4xx_hal_rcc_ex.c ****       {
3441:Drivers/STM32L4xx_HAL_Driver/Src/stm32l4xx_hal_rcc_ex.c ****         /* HSI automatically selected as clock source if PLLs not enabled */
3442:Drivers/STM32L4xx_HAL_Driver/Src/stm32l4xx_hal_rcc_ex.c ****         frequency = HSI_VALUE;
3443:Drivers/STM32L4xx_HAL_Driver/Src/stm32l4xx_hal_rcc_ex.c ****       }
3444:Drivers/STM32L4xx_HAL_Driver/Src/stm32l4xx_hal_rcc_ex.c ****       else
3445:Drivers/STM32L4xx_HAL_Driver/Src/stm32l4xx_hal_rcc_ex.c ****       {
3446:Drivers/STM32L4xx_HAL_Driver/Src/stm32l4xx_hal_rcc_ex.c ****         /* No clock source, frequency default init at 0 */
3447:Drivers/STM32L4xx_HAL_Driver/Src/stm32l4xx_hal_rcc_ex.c ****       }
3448:Drivers/STM32L4xx_HAL_Driver/Src/stm32l4xx_hal_rcc_ex.c ****     }
3449:Drivers/STM32L4xx_HAL_Driver/Src/stm32l4xx_hal_rcc_ex.c ****     else if(srcclk == RCC_SAI1CLKSOURCE_PLLSAI1)
  51              		.loc 1 3449 10 is_stmt 1 view .LVU11
  52              		.loc 1 3449 12 is_stmt 0 view .LVU12
  53 000e 002B     		cmp	r3, #0
  54 0010 66D1     		bne	.L13
3450:Drivers/STM32L4xx_HAL_Driver/Src/stm32l4xx_hal_rcc_ex.c ****     {
3451:Drivers/STM32L4xx_HAL_Driver/Src/stm32l4xx_hal_rcc_ex.c ****       if(HAL_IS_BIT_SET(RCC->CR, RCC_CR_PLLSAI1RDY) && (__HAL_RCC_GET_PLLSAI1CLKOUT_CONFIG(RCC_PLLS
  55              		.loc 1 3451 7 is_stmt 1 view .LVU13
  56              		.loc 1 3451 10 is_stmt 0 view .LVU14
  57 0012 03F18043 		add	r3, r3, #1073741824
  58 0016 03F50433 		add	r3, r3, #135168
  59 001a 1B68     		ldr	r3, [r3]
  60              		.loc 1 3451 9 view .LVU15
  61 001c 13F0006F 		tst	r3, #134217728
  62 0020 55D0     		beq	.L7
  63              		.loc 1 3451 57 discriminator 1 view .LVU16
  64 0022 304B     		ldr	r3, .L19
  65 0024 1B69     		ldr	r3, [r3, #16]
  66              		.loc 1 3451 53 discriminator 1 view .LVU17
  67 0026 13F4803F 		tst	r3, #65536
  68 002a 50D0     		beq	.L7
3452:Drivers/STM32L4xx_HAL_Driver/Src/stm32l4xx_hal_rcc_ex.c ****       {
3453:Drivers/STM32L4xx_HAL_Driver/Src/stm32l4xx_hal_rcc_ex.c **** #if defined(RCC_PLLSAI1M_DIV_1_16_SUPPORT)
3454:Drivers/STM32L4xx_HAL_Driver/Src/stm32l4xx_hal_rcc_ex.c ****         /* PLLSAI1M exists: apply PLLSAI1M divider for PLLSAI1 output computation */
3455:Drivers/STM32L4xx_HAL_Driver/Src/stm32l4xx_hal_rcc_ex.c ****         /* f(PLLSAI1 Source) / PLLSAI1M */
3456:Drivers/STM32L4xx_HAL_Driver/Src/stm32l4xx_hal_rcc_ex.c ****         pllvco = (pllvco / ((READ_BIT(RCC->PLLSAI1CFGR, RCC_PLLSAI1CFGR_PLLSAI1M) >> RCC_PLLSAI1CFG
3457:Drivers/STM32L4xx_HAL_Driver/Src/stm32l4xx_hal_rcc_ex.c **** #else
3458:Drivers/STM32L4xx_HAL_Driver/Src/stm32l4xx_hal_rcc_ex.c ****         /* f(PLL Source) / PLLM */
3459:Drivers/STM32L4xx_HAL_Driver/Src/stm32l4xx_hal_rcc_ex.c ****         pllvco = (pllvco / ((READ_BIT(RCC->PLLCFGR, RCC_PLLCFGR_PLLM) >> RCC_PLLCFGR_PLLM_Pos) + 1U
  69              		.loc 1 3459 9 is_stmt 1 view .LVU18
  70              		.loc 1 3459 30 is_stmt 0 view .LVU19
  71 002c 2D4B     		ldr	r3, .L19
  72 002e D868     		ldr	r0, [r3, #12]
  73              	.LVL2:
  74              		.loc 1 3459 71 view .LVU20
  75 0030 C0F30210 		ubfx	r0, r0, #4, #3
ARM GAS  /tmp/ccBxf6FW.s 			page 63


  76              		.loc 1 3459 96 view .LVU21
  77 0034 0130     		adds	r0, r0, #1
  78              		.loc 1 3459 16 view .LVU22
  79 0036 B1FBF0F0 		udiv	r0, r1, r0
  80              	.LVL3:
3460:Drivers/STM32L4xx_HAL_Driver/Src/stm32l4xx_hal_rcc_ex.c **** #endif
3461:Drivers/STM32L4xx_HAL_Driver/Src/stm32l4xx_hal_rcc_ex.c ****         /* f(PLLSAI1CLK) = f(VCOSAI1 input) * PLLSAI1N / PLLSAI1P */
3462:Drivers/STM32L4xx_HAL_Driver/Src/stm32l4xx_hal_rcc_ex.c ****         plln = READ_BIT(RCC->PLLSAI1CFGR, RCC_PLLSAI1CFGR_PLLSAI1N) >> RCC_PLLSAI1CFGR_PLLSAI1N_Pos
  81              		.loc 1 3462 9 is_stmt 1 view .LVU23
  82              		.loc 1 3462 16 is_stmt 0 view .LVU24
  83 003a 1A69     		ldr	r2, [r3, #16]
  84              		.loc 1 3462 14 view .LVU25
  85 003c C2F30622 		ubfx	r2, r2, #8, #7
  86              	.LVL4:
3463:Drivers/STM32L4xx_HAL_Driver/Src/stm32l4xx_hal_rcc_ex.c **** #if defined(RCC_PLLSAI1P_DIV_2_31_SUPPORT)
3464:Drivers/STM32L4xx_HAL_Driver/Src/stm32l4xx_hal_rcc_ex.c ****         pllp = READ_BIT(RCC->PLLSAI1CFGR, RCC_PLLSAI1CFGR_PLLSAI1PDIV) >> RCC_PLLSAI1CFGR_PLLSAI1PD
  87              		.loc 1 3464 9 is_stmt 1 view .LVU26
  88              		.loc 1 3464 16 is_stmt 0 view .LVU27
  89 0040 1B69     		ldr	r3, [r3, #16]
  90              	.LVL5:
3465:Drivers/STM32L4xx_HAL_Driver/Src/stm32l4xx_hal_rcc_ex.c **** #endif
3466:Drivers/STM32L4xx_HAL_Driver/Src/stm32l4xx_hal_rcc_ex.c ****         if(pllp == 0U)
  91              		.loc 1 3466 9 is_stmt 1 view .LVU28
  92              		.loc 1 3466 11 is_stmt 0 view .LVU29
  93 0042 DB0E     		lsrs	r3, r3, #27
  94              	.LVL6:
  95              		.loc 1 3466 11 view .LVU30
  96 0044 05D1     		bne	.L8
3467:Drivers/STM32L4xx_HAL_Driver/Src/stm32l4xx_hal_rcc_ex.c ****         {
3468:Drivers/STM32L4xx_HAL_Driver/Src/stm32l4xx_hal_rcc_ex.c ****           if(READ_BIT(RCC->PLLSAI1CFGR, RCC_PLLSAI1CFGR_PLLSAI1P) != 0U)
  97              		.loc 1 3468 11 is_stmt 1 view .LVU31
  98              		.loc 1 3468 14 is_stmt 0 view .LVU32
  99 0046 274B     		ldr	r3, .L19
 100              	.LVL7:
 101              		.loc 1 3468 14 view .LVU33
 102 0048 1B69     		ldr	r3, [r3, #16]
 103              		.loc 1 3468 13 view .LVU34
 104 004a 13F4003F 		tst	r3, #131072
 105 004e 3CD0     		beq	.L14
3469:Drivers/STM32L4xx_HAL_Driver/Src/stm32l4xx_hal_rcc_ex.c ****           {
3470:Drivers/STM32L4xx_HAL_Driver/Src/stm32l4xx_hal_rcc_ex.c ****             pllp = 17U;
 106              		.loc 1 3470 18 view .LVU35
 107 0050 1123     		movs	r3, #17
 108              	.L8:
 109              	.LVL8:
3471:Drivers/STM32L4xx_HAL_Driver/Src/stm32l4xx_hal_rcc_ex.c ****           }
3472:Drivers/STM32L4xx_HAL_Driver/Src/stm32l4xx_hal_rcc_ex.c ****           else
3473:Drivers/STM32L4xx_HAL_Driver/Src/stm32l4xx_hal_rcc_ex.c ****           {
3474:Drivers/STM32L4xx_HAL_Driver/Src/stm32l4xx_hal_rcc_ex.c ****             pllp = 7U;
3475:Drivers/STM32L4xx_HAL_Driver/Src/stm32l4xx_hal_rcc_ex.c ****           }
3476:Drivers/STM32L4xx_HAL_Driver/Src/stm32l4xx_hal_rcc_ex.c ****         }
3477:Drivers/STM32L4xx_HAL_Driver/Src/stm32l4xx_hal_rcc_ex.c ****         frequency = (pllvco * plln) / pllp;
 110              		.loc 1 3477 9 is_stmt 1 view .LVU36
 111              		.loc 1 3477 29 is_stmt 0 view .LVU37
 112 0052 02FB00F0 		mul	r0, r2, r0
 113              	.LVL9:
 114              		.loc 1 3477 19 view .LVU38
ARM GAS  /tmp/ccBxf6FW.s 			page 64


 115 0056 B0FBF3F0 		udiv	r0, r0, r3
 116              	.LVL10:
 117              		.loc 1 3477 19 view .LVU39
 118 005a 7047     		bx	lr
 119              	.LVL11:
 120              	.L16:
3321:Drivers/STM32L4xx_HAL_Driver/Src/stm32l4xx_hal_rcc_ex.c ****     if(srcclk == RCC_SAI1CLKSOURCE_PIN)
 121              		.loc 1 3321 5 is_stmt 1 view .LVU40
3321:Drivers/STM32L4xx_HAL_Driver/Src/stm32l4xx_hal_rcc_ex.c ****     if(srcclk == RCC_SAI1CLKSOURCE_PIN)
 122              		.loc 1 3321 14 is_stmt 0 view .LVU41
 123 005c 214B     		ldr	r3, .L19
 124 005e D3F88830 		ldr	r3, [r3, #136]
3321:Drivers/STM32L4xx_HAL_Driver/Src/stm32l4xx_hal_rcc_ex.c ****     if(srcclk == RCC_SAI1CLKSOURCE_PIN)
 125              		.loc 1 3321 12 view .LVU42
 126 0062 03F44003 		and	r3, r3, #12582912
 127              	.LVL12:
3322:Drivers/STM32L4xx_HAL_Driver/Src/stm32l4xx_hal_rcc_ex.c ****     {
 128              		.loc 1 3322 5 is_stmt 1 view .LVU43
3322:Drivers/STM32L4xx_HAL_Driver/Src/stm32l4xx_hal_rcc_ex.c ****     {
 129              		.loc 1 3322 7 is_stmt 0 view .LVU44
 130 0066 B3F5400F 		cmp	r3, #12582912
 131 006a CDD1     		bne	.L2
3324:Drivers/STM32L4xx_HAL_Driver/Src/stm32l4xx_hal_rcc_ex.c ****     }
 132              		.loc 1 3324 17 view .LVU45
 133 006c 1E48     		ldr	r0, .L19+4
 134              	.LVL13:
3324:Drivers/STM32L4xx_HAL_Driver/Src/stm32l4xx_hal_rcc_ex.c ****     }
 135              		.loc 1 3324 17 view .LVU46
 136 006e 7047     		bx	lr
 137              	.LVL14:
 138              	.L17:
3417:Drivers/STM32L4xx_HAL_Driver/Src/stm32l4xx_hal_rcc_ex.c ****       {
 139              		.loc 1 3417 7 is_stmt 1 view .LVU47
3417:Drivers/STM32L4xx_HAL_Driver/Src/stm32l4xx_hal_rcc_ex.c ****       {
 140              		.loc 1 3417 10 is_stmt 0 view .LVU48
 141 0070 03F17E53 		add	r3, r3, #1065353216
 142 0074 03F50433 		add	r3, r3, #135168
 143 0078 1B68     		ldr	r3, [r3]
3417:Drivers/STM32L4xx_HAL_Driver/Src/stm32l4xx_hal_rcc_ex.c ****       {
 144              		.loc 1 3417 9 view .LVU49
 145 007a 13F0007F 		tst	r3, #33554432
 146 007e 1ED0     		beq	.L5
3417:Drivers/STM32L4xx_HAL_Driver/Src/stm32l4xx_hal_rcc_ex.c ****       {
 147              		.loc 1 3417 53 discriminator 1 view .LVU50
 148 0080 184B     		ldr	r3, .L19
 149 0082 DB68     		ldr	r3, [r3, #12]
3417:Drivers/STM32L4xx_HAL_Driver/Src/stm32l4xx_hal_rcc_ex.c ****       {
 150              		.loc 1 3417 49 discriminator 1 view .LVU51
 151 0084 13F4803F 		tst	r3, #65536
 152 0088 19D0     		beq	.L5
3420:Drivers/STM32L4xx_HAL_Driver/Src/stm32l4xx_hal_rcc_ex.c ****         /* f(PLLSAI2CLK) = f(VCO input) * PLLN / PLLP */
 153              		.loc 1 3420 9 is_stmt 1 view .LVU52
3420:Drivers/STM32L4xx_HAL_Driver/Src/stm32l4xx_hal_rcc_ex.c ****         /* f(PLLSAI2CLK) = f(VCO input) * PLLN / PLLP */
 154              		.loc 1 3420 30 is_stmt 0 view .LVU53
 155 008a 164B     		ldr	r3, .L19
 156 008c D868     		ldr	r0, [r3, #12]
 157              	.LVL15:
ARM GAS  /tmp/ccBxf6FW.s 			page 65


3420:Drivers/STM32L4xx_HAL_Driver/Src/stm32l4xx_hal_rcc_ex.c ****         /* f(PLLSAI2CLK) = f(VCO input) * PLLN / PLLP */
 158              		.loc 1 3420 71 view .LVU54
 159 008e C0F30210 		ubfx	r0, r0, #4, #3
3420:Drivers/STM32L4xx_HAL_Driver/Src/stm32l4xx_hal_rcc_ex.c ****         /* f(PLLSAI2CLK) = f(VCO input) * PLLN / PLLP */
 160              		.loc 1 3420 96 view .LVU55
 161 0092 0130     		adds	r0, r0, #1
3420:Drivers/STM32L4xx_HAL_Driver/Src/stm32l4xx_hal_rcc_ex.c ****         /* f(PLLSAI2CLK) = f(VCO input) * PLLN / PLLP */
 162              		.loc 1 3420 16 view .LVU56
 163 0094 B1FBF0F0 		udiv	r0, r1, r0
 164              	.LVL16:
3422:Drivers/STM32L4xx_HAL_Driver/Src/stm32l4xx_hal_rcc_ex.c **** #if defined(RCC_PLLP_DIV_2_31_SUPPORT)
 165              		.loc 1 3422 9 is_stmt 1 view .LVU57
3422:Drivers/STM32L4xx_HAL_Driver/Src/stm32l4xx_hal_rcc_ex.c **** #if defined(RCC_PLLP_DIV_2_31_SUPPORT)
 166              		.loc 1 3422 16 is_stmt 0 view .LVU58
 167 0098 DA68     		ldr	r2, [r3, #12]
3422:Drivers/STM32L4xx_HAL_Driver/Src/stm32l4xx_hal_rcc_ex.c **** #if defined(RCC_PLLP_DIV_2_31_SUPPORT)
 168              		.loc 1 3422 14 view .LVU59
 169 009a C2F30622 		ubfx	r2, r2, #8, #7
 170              	.LVL17:
3424:Drivers/STM32L4xx_HAL_Driver/Src/stm32l4xx_hal_rcc_ex.c **** #endif
 171              		.loc 1 3424 9 is_stmt 1 view .LVU60
3424:Drivers/STM32L4xx_HAL_Driver/Src/stm32l4xx_hal_rcc_ex.c **** #endif
 172              		.loc 1 3424 16 is_stmt 0 view .LVU61
 173 009e DB68     		ldr	r3, [r3, #12]
 174              	.LVL18:
3426:Drivers/STM32L4xx_HAL_Driver/Src/stm32l4xx_hal_rcc_ex.c ****         {
 175              		.loc 1 3426 9 is_stmt 1 view .LVU62
3426:Drivers/STM32L4xx_HAL_Driver/Src/stm32l4xx_hal_rcc_ex.c ****         {
 176              		.loc 1 3426 11 is_stmt 0 view .LVU63
 177 00a0 DB0E     		lsrs	r3, r3, #27
 178              	.LVL19:
3426:Drivers/STM32L4xx_HAL_Driver/Src/stm32l4xx_hal_rcc_ex.c ****         {
 179              		.loc 1 3426 11 view .LVU64
 180 00a2 05D1     		bne	.L6
3428:Drivers/STM32L4xx_HAL_Driver/Src/stm32l4xx_hal_rcc_ex.c ****           {
 181              		.loc 1 3428 11 is_stmt 1 view .LVU65
3428:Drivers/STM32L4xx_HAL_Driver/Src/stm32l4xx_hal_rcc_ex.c ****           {
 182              		.loc 1 3428 14 is_stmt 0 view .LVU66
 183 00a4 0F4B     		ldr	r3, .L19
 184              	.LVL20:
3428:Drivers/STM32L4xx_HAL_Driver/Src/stm32l4xx_hal_rcc_ex.c ****           {
 185              		.loc 1 3428 14 view .LVU67
 186 00a6 DB68     		ldr	r3, [r3, #12]
3428:Drivers/STM32L4xx_HAL_Driver/Src/stm32l4xx_hal_rcc_ex.c ****           {
 187              		.loc 1 3428 13 view .LVU68
 188 00a8 13F4003F 		tst	r3, #131072
 189 00ac 05D0     		beq	.L11
3430:Drivers/STM32L4xx_HAL_Driver/Src/stm32l4xx_hal_rcc_ex.c ****           }
 190              		.loc 1 3430 18 view .LVU69
 191 00ae 1123     		movs	r3, #17
 192              	.L6:
 193              	.LVL21:
3437:Drivers/STM32L4xx_HAL_Driver/Src/stm32l4xx_hal_rcc_ex.c ****       }
 194              		.loc 1 3437 9 is_stmt 1 view .LVU70
3437:Drivers/STM32L4xx_HAL_Driver/Src/stm32l4xx_hal_rcc_ex.c ****       }
 195              		.loc 1 3437 29 is_stmt 0 view .LVU71
 196 00b0 02FB00F0 		mul	r0, r2, r0
ARM GAS  /tmp/ccBxf6FW.s 			page 66


 197              	.LVL22:
3437:Drivers/STM32L4xx_HAL_Driver/Src/stm32l4xx_hal_rcc_ex.c ****       }
 198              		.loc 1 3437 19 view .LVU72
 199 00b4 B0FBF3F0 		udiv	r0, r0, r3
 200              	.LVL23:
3437:Drivers/STM32L4xx_HAL_Driver/Src/stm32l4xx_hal_rcc_ex.c ****       }
 201              		.loc 1 3437 19 view .LVU73
 202 00b8 7047     		bx	lr
 203              	.LVL24:
 204              	.L11:
3434:Drivers/STM32L4xx_HAL_Driver/Src/stm32l4xx_hal_rcc_ex.c ****           }
 205              		.loc 1 3434 18 view .LVU74
 206 00ba 0723     		movs	r3, #7
 207 00bc F8E7     		b	.L6
 208              	.LVL25:
 209              	.L5:
3439:Drivers/STM32L4xx_HAL_Driver/Src/stm32l4xx_hal_rcc_ex.c ****       {
 210              		.loc 1 3439 12 is_stmt 1 view .LVU75
3439:Drivers/STM32L4xx_HAL_Driver/Src/stm32l4xx_hal_rcc_ex.c ****       {
 211              		.loc 1 3439 15 is_stmt 0 view .LVU76
 212 00be 094B     		ldr	r3, .L19
 213 00c0 1868     		ldr	r0, [r3]
 214              	.LVL26:
3439:Drivers/STM32L4xx_HAL_Driver/Src/stm32l4xx_hal_rcc_ex.c ****       {
 215              		.loc 1 3439 14 view .LVU77
 216 00c2 10F48060 		ands	r0, r0, #1024
 217 00c6 09D1     		bne	.L18
 218              	.L1:
3478:Drivers/STM32L4xx_HAL_Driver/Src/stm32l4xx_hal_rcc_ex.c ****       }
3479:Drivers/STM32L4xx_HAL_Driver/Src/stm32l4xx_hal_rcc_ex.c ****       else if(HAL_IS_BIT_SET(RCC->CR, RCC_CR_HSIRDY))
3480:Drivers/STM32L4xx_HAL_Driver/Src/stm32l4xx_hal_rcc_ex.c ****       {
3481:Drivers/STM32L4xx_HAL_Driver/Src/stm32l4xx_hal_rcc_ex.c ****         /* HSI automatically selected as clock source if PLLs not enabled */
3482:Drivers/STM32L4xx_HAL_Driver/Src/stm32l4xx_hal_rcc_ex.c ****         frequency = HSI_VALUE;
3483:Drivers/STM32L4xx_HAL_Driver/Src/stm32l4xx_hal_rcc_ex.c ****       }
3484:Drivers/STM32L4xx_HAL_Driver/Src/stm32l4xx_hal_rcc_ex.c ****       else
3485:Drivers/STM32L4xx_HAL_Driver/Src/stm32l4xx_hal_rcc_ex.c ****       {
3486:Drivers/STM32L4xx_HAL_Driver/Src/stm32l4xx_hal_rcc_ex.c ****         /* No clock source, frequency default init at 0 */
3487:Drivers/STM32L4xx_HAL_Driver/Src/stm32l4xx_hal_rcc_ex.c ****       }
3488:Drivers/STM32L4xx_HAL_Driver/Src/stm32l4xx_hal_rcc_ex.c ****     }
3489:Drivers/STM32L4xx_HAL_Driver/Src/stm32l4xx_hal_rcc_ex.c **** #endif /* SAI2 */
3490:Drivers/STM32L4xx_HAL_Driver/Src/stm32l4xx_hal_rcc_ex.c **** 
3491:Drivers/STM32L4xx_HAL_Driver/Src/stm32l4xx_hal_rcc_ex.c **** #if defined(RCC_PLLSAI2_SUPPORT)
3492:Drivers/STM32L4xx_HAL_Driver/Src/stm32l4xx_hal_rcc_ex.c **** 
3493:Drivers/STM32L4xx_HAL_Driver/Src/stm32l4xx_hal_rcc_ex.c ****     else if((srcclk == RCC_SAI1CLKSOURCE_PLLSAI2) || (srcclk == RCC_SAI2CLKSOURCE_PLLSAI2))
3494:Drivers/STM32L4xx_HAL_Driver/Src/stm32l4xx_hal_rcc_ex.c ****     {
3495:Drivers/STM32L4xx_HAL_Driver/Src/stm32l4xx_hal_rcc_ex.c ****       if(HAL_IS_BIT_SET(RCC->CR, RCC_CR_PLLSAI2RDY) && (__HAL_RCC_GET_PLLSAI2CLKOUT_CONFIG(RCC_PLLS
3496:Drivers/STM32L4xx_HAL_Driver/Src/stm32l4xx_hal_rcc_ex.c ****       {
3497:Drivers/STM32L4xx_HAL_Driver/Src/stm32l4xx_hal_rcc_ex.c **** #if defined(RCC_PLLSAI2M_DIV_1_16_SUPPORT)
3498:Drivers/STM32L4xx_HAL_Driver/Src/stm32l4xx_hal_rcc_ex.c ****         /* PLLSAI2M exists: apply PLLSAI2M divider for PLLSAI2 output computation */
3499:Drivers/STM32L4xx_HAL_Driver/Src/stm32l4xx_hal_rcc_ex.c ****         /* f(PLLSAI2 Source) / PLLSAI2M */
3500:Drivers/STM32L4xx_HAL_Driver/Src/stm32l4xx_hal_rcc_ex.c ****         pllvco = (pllvco / ((READ_BIT(RCC->PLLSAI2CFGR, RCC_PLLSAI2CFGR_PLLSAI2M) >> RCC_PLLSAI2CFG
3501:Drivers/STM32L4xx_HAL_Driver/Src/stm32l4xx_hal_rcc_ex.c **** #else
3502:Drivers/STM32L4xx_HAL_Driver/Src/stm32l4xx_hal_rcc_ex.c ****         /* f(PLL Source) / PLLM */
3503:Drivers/STM32L4xx_HAL_Driver/Src/stm32l4xx_hal_rcc_ex.c ****         pllvco = (pllvco / ((READ_BIT(RCC->PLLCFGR, RCC_PLLCFGR_PLLM) >> RCC_PLLCFGR_PLLM_Pos) + 1U
3504:Drivers/STM32L4xx_HAL_Driver/Src/stm32l4xx_hal_rcc_ex.c **** #endif
3505:Drivers/STM32L4xx_HAL_Driver/Src/stm32l4xx_hal_rcc_ex.c ****         /* f(PLLSAI2CLK) = f(VCOSAI2 input) * PLLSAI2N / PLLSAI2P */
3506:Drivers/STM32L4xx_HAL_Driver/Src/stm32l4xx_hal_rcc_ex.c ****         plln = READ_BIT(RCC->PLLSAI2CFGR, RCC_PLLSAI2CFGR_PLLSAI2N) >> RCC_PLLSAI2CFGR_PLLSAI2N_Pos
ARM GAS  /tmp/ccBxf6FW.s 			page 67


3507:Drivers/STM32L4xx_HAL_Driver/Src/stm32l4xx_hal_rcc_ex.c **** #if defined(RCC_PLLSAI2P_DIV_2_31_SUPPORT)
3508:Drivers/STM32L4xx_HAL_Driver/Src/stm32l4xx_hal_rcc_ex.c ****         pllp = READ_BIT(RCC->PLLSAI2CFGR, RCC_PLLSAI2CFGR_PLLSAI2PDIV) >> RCC_PLLSAI2CFGR_PLLSAI2PD
3509:Drivers/STM32L4xx_HAL_Driver/Src/stm32l4xx_hal_rcc_ex.c **** #endif
3510:Drivers/STM32L4xx_HAL_Driver/Src/stm32l4xx_hal_rcc_ex.c ****         if(pllp == 0U)
3511:Drivers/STM32L4xx_HAL_Driver/Src/stm32l4xx_hal_rcc_ex.c ****         {
3512:Drivers/STM32L4xx_HAL_Driver/Src/stm32l4xx_hal_rcc_ex.c ****           if(READ_BIT(RCC->PLLSAI2CFGR, RCC_PLLSAI2CFGR_PLLSAI2P) != 0U)
3513:Drivers/STM32L4xx_HAL_Driver/Src/stm32l4xx_hal_rcc_ex.c ****           {
3514:Drivers/STM32L4xx_HAL_Driver/Src/stm32l4xx_hal_rcc_ex.c ****             pllp = 17U;
3515:Drivers/STM32L4xx_HAL_Driver/Src/stm32l4xx_hal_rcc_ex.c ****           }
3516:Drivers/STM32L4xx_HAL_Driver/Src/stm32l4xx_hal_rcc_ex.c ****           else
3517:Drivers/STM32L4xx_HAL_Driver/Src/stm32l4xx_hal_rcc_ex.c ****           {
3518:Drivers/STM32L4xx_HAL_Driver/Src/stm32l4xx_hal_rcc_ex.c ****             pllp = 7U;
3519:Drivers/STM32L4xx_HAL_Driver/Src/stm32l4xx_hal_rcc_ex.c ****           }
3520:Drivers/STM32L4xx_HAL_Driver/Src/stm32l4xx_hal_rcc_ex.c ****         }
3521:Drivers/STM32L4xx_HAL_Driver/Src/stm32l4xx_hal_rcc_ex.c ****         frequency = (pllvco * plln) / pllp;
3522:Drivers/STM32L4xx_HAL_Driver/Src/stm32l4xx_hal_rcc_ex.c ****       }
3523:Drivers/STM32L4xx_HAL_Driver/Src/stm32l4xx_hal_rcc_ex.c ****     }
3524:Drivers/STM32L4xx_HAL_Driver/Src/stm32l4xx_hal_rcc_ex.c **** 
3525:Drivers/STM32L4xx_HAL_Driver/Src/stm32l4xx_hal_rcc_ex.c **** #endif /* RCC_PLLSAI2_SUPPORT */
3526:Drivers/STM32L4xx_HAL_Driver/Src/stm32l4xx_hal_rcc_ex.c **** 
3527:Drivers/STM32L4xx_HAL_Driver/Src/stm32l4xx_hal_rcc_ex.c ****     else
3528:Drivers/STM32L4xx_HAL_Driver/Src/stm32l4xx_hal_rcc_ex.c ****     {
3529:Drivers/STM32L4xx_HAL_Driver/Src/stm32l4xx_hal_rcc_ex.c ****       /* No clock source, frequency default init at 0 */
3530:Drivers/STM32L4xx_HAL_Driver/Src/stm32l4xx_hal_rcc_ex.c ****     }
3531:Drivers/STM32L4xx_HAL_Driver/Src/stm32l4xx_hal_rcc_ex.c ****   }
3532:Drivers/STM32L4xx_HAL_Driver/Src/stm32l4xx_hal_rcc_ex.c **** 
3533:Drivers/STM32L4xx_HAL_Driver/Src/stm32l4xx_hal_rcc_ex.c **** 
3534:Drivers/STM32L4xx_HAL_Driver/Src/stm32l4xx_hal_rcc_ex.c ****   return frequency;
3535:Drivers/STM32L4xx_HAL_Driver/Src/stm32l4xx_hal_rcc_ex.c **** }
 219              		.loc 1 3535 1 view .LVU78
 220 00c8 7047     		bx	lr
 221              	.LVL27:
 222              	.L14:
3474:Drivers/STM32L4xx_HAL_Driver/Src/stm32l4xx_hal_rcc_ex.c ****           }
 223              		.loc 1 3474 18 view .LVU79
 224 00ca 0723     		movs	r3, #7
 225 00cc C1E7     		b	.L8
 226              	.LVL28:
 227              	.L7:
3479:Drivers/STM32L4xx_HAL_Driver/Src/stm32l4xx_hal_rcc_ex.c ****       {
 228              		.loc 1 3479 12 is_stmt 1 view .LVU80
3479:Drivers/STM32L4xx_HAL_Driver/Src/stm32l4xx_hal_rcc_ex.c ****       {
 229              		.loc 1 3479 15 is_stmt 0 view .LVU81
 230 00ce 054B     		ldr	r3, .L19
 231 00d0 1868     		ldr	r0, [r3]
 232              	.LVL29:
3479:Drivers/STM32L4xx_HAL_Driver/Src/stm32l4xx_hal_rcc_ex.c ****       {
 233              		.loc 1 3479 14 view .LVU82
 234 00d2 10F48060 		ands	r0, r0, #1024
 235 00d6 F7D0     		beq	.L1
3482:Drivers/STM32L4xx_HAL_Driver/Src/stm32l4xx_hal_rcc_ex.c ****       }
 236              		.loc 1 3482 19 view .LVU83
 237 00d8 0448     		ldr	r0, .L19+8
 238              	.LVL30:
3530:Drivers/STM32L4xx_HAL_Driver/Src/stm32l4xx_hal_rcc_ex.c ****   }
 239              		.loc 1 3530 5 is_stmt 1 view .LVU84
3534:Drivers/STM32L4xx_HAL_Driver/Src/stm32l4xx_hal_rcc_ex.c **** }
ARM GAS  /tmp/ccBxf6FW.s 			page 68


 240              		.loc 1 3534 3 view .LVU85
3534:Drivers/STM32L4xx_HAL_Driver/Src/stm32l4xx_hal_rcc_ex.c **** }
 241              		.loc 1 3534 10 is_stmt 0 view .LVU86
 242 00da F5E7     		b	.L1
 243              	.LVL31:
 244              	.L18:
3442:Drivers/STM32L4xx_HAL_Driver/Src/stm32l4xx_hal_rcc_ex.c ****       }
 245              		.loc 1 3442 19 view .LVU87
 246 00dc 0348     		ldr	r0, .L19+8
 247 00de 7047     		bx	lr
 248              	.LVL32:
 249              	.L13:
3442:Drivers/STM32L4xx_HAL_Driver/Src/stm32l4xx_hal_rcc_ex.c ****       }
 250              		.loc 1 3442 19 view .LVU88
 251 00e0 0020     		movs	r0, #0
 252              	.LVL33:
3442:Drivers/STM32L4xx_HAL_Driver/Src/stm32l4xx_hal_rcc_ex.c ****       }
 253              		.loc 1 3442 19 view .LVU89
 254 00e2 7047     		bx	lr
 255              	.L20:
 256              		.align	2
 257              	.L19:
 258 00e4 00100240 		.word	1073876992
 259 00e8 68FF1F00 		.word	2097000
 260 00ec 0024F400 		.word	16000000
 261              		.cfi_endproc
 262              	.LFE314:
 264              		.section	.text.RCCEx_PLLSAI1_Config,"ax",%progbits
 265              		.align	1
 266              		.syntax unified
 267              		.thumb
 268              		.thumb_func
 270              	RCCEx_PLLSAI1_Config:
 271              	.LVL34:
 272              	.LFB313:
2908:Drivers/STM32L4xx_HAL_Driver/Src/stm32l4xx_hal_rcc_ex.c ****   uint32_t tickstart;
 273              		.loc 1 2908 1 is_stmt 1 view -0
 274              		.cfi_startproc
 275              		@ args = 0, pretend = 0, frame = 0
 276              		@ frame_needed = 0, uses_anonymous_args = 0
2908:Drivers/STM32L4xx_HAL_Driver/Src/stm32l4xx_hal_rcc_ex.c ****   uint32_t tickstart;
 277              		.loc 1 2908 1 is_stmt 0 view .LVU91
 278 0000 F8B5     		push	{r3, r4, r5, r6, r7, lr}
 279              	.LCFI0:
 280              		.cfi_def_cfa_offset 24
 281              		.cfi_offset 3, -24
 282              		.cfi_offset 4, -20
 283              		.cfi_offset 5, -16
 284              		.cfi_offset 6, -12
 285              		.cfi_offset 7, -8
 286              		.cfi_offset 14, -4
 287 0002 0446     		mov	r4, r0
 288 0004 0F46     		mov	r7, r1
2909:Drivers/STM32L4xx_HAL_Driver/Src/stm32l4xx_hal_rcc_ex.c ****   HAL_StatusTypeDef status = HAL_OK;
 289              		.loc 1 2909 3 is_stmt 1 view .LVU92
2910:Drivers/STM32L4xx_HAL_Driver/Src/stm32l4xx_hal_rcc_ex.c **** 
 290              		.loc 1 2910 3 view .LVU93
ARM GAS  /tmp/ccBxf6FW.s 			page 69


 291              	.LVL35:
2914:Drivers/STM32L4xx_HAL_Driver/Src/stm32l4xx_hal_rcc_ex.c ****   assert_param(IS_RCC_PLLSAI1M_VALUE(PllSai1->PLLSAI1M));
 292              		.loc 1 2914 3 view .LVU94
2915:Drivers/STM32L4xx_HAL_Driver/Src/stm32l4xx_hal_rcc_ex.c ****   assert_param(IS_RCC_PLLSAI1N_VALUE(PllSai1->PLLSAI1N));
 293              		.loc 1 2915 3 view .LVU95
2916:Drivers/STM32L4xx_HAL_Driver/Src/stm32l4xx_hal_rcc_ex.c ****   assert_param(IS_RCC_PLLSAI1CLOCKOUT_VALUE(PllSai1->PLLSAI1ClockOut));
 294              		.loc 1 2916 3 view .LVU96
2917:Drivers/STM32L4xx_HAL_Driver/Src/stm32l4xx_hal_rcc_ex.c **** 
 295              		.loc 1 2917 3 view .LVU97
2920:Drivers/STM32L4xx_HAL_Driver/Src/stm32l4xx_hal_rcc_ex.c ****   {
 296              		.loc 1 2920 3 view .LVU98
2920:Drivers/STM32L4xx_HAL_Driver/Src/stm32l4xx_hal_rcc_ex.c ****   {
 297              		.loc 1 2920 6 is_stmt 0 view .LVU99
 298 0006 584B     		ldr	r3, .L52
 299 0008 DB68     		ldr	r3, [r3, #12]
2920:Drivers/STM32L4xx_HAL_Driver/Src/stm32l4xx_hal_rcc_ex.c ****   {
 300              		.loc 1 2920 5 view .LVU100
 301 000a 13F0030F 		tst	r3, #3
 302 000e 18D0     		beq	.L22
2923:Drivers/STM32L4xx_HAL_Driver/Src/stm32l4xx_hal_rcc_ex.c ****        ||
 303              		.loc 1 2923 5 is_stmt 1 view .LVU101
2923:Drivers/STM32L4xx_HAL_Driver/Src/stm32l4xx_hal_rcc_ex.c ****        ||
 304              		.loc 1 2923 9 is_stmt 0 view .LVU102
 305 0010 554B     		ldr	r3, .L52
 306 0012 DB68     		ldr	r3, [r3, #12]
 307 0014 03F00303 		and	r3, r3, #3
2923:Drivers/STM32L4xx_HAL_Driver/Src/stm32l4xx_hal_rcc_ex.c ****        ||
 308              		.loc 1 2923 49 view .LVU103
 309 0018 0268     		ldr	r2, [r0]
2923:Drivers/STM32L4xx_HAL_Driver/Src/stm32l4xx_hal_rcc_ex.c ****        ||
 310              		.loc 1 2923 7 view .LVU104
 311 001a 9342     		cmp	r3, r2
 312 001c 02D0     		beq	.L48
2932:Drivers/STM32L4xx_HAL_Driver/Src/stm32l4xx_hal_rcc_ex.c ****     }
 313              		.loc 1 2932 14 view .LVU105
 314 001e 0125     		movs	r5, #1
 315              	.LVL36:
 316              	.L23:
3095:Drivers/STM32L4xx_HAL_Driver/Src/stm32l4xx_hal_rcc_ex.c **** }
 317              		.loc 1 3095 3 is_stmt 1 view .LVU106
3096:Drivers/STM32L4xx_HAL_Driver/Src/stm32l4xx_hal_rcc_ex.c **** 
 318              		.loc 1 3096 1 is_stmt 0 view .LVU107
 319 0020 2846     		mov	r0, r5
 320 0022 F8BD     		pop	{r3, r4, r5, r6, r7, pc}
 321              	.LVL37:
 322              	.L48:
2924:Drivers/STM32L4xx_HAL_Driver/Src/stm32l4xx_hal_rcc_ex.c ****        (PllSai1->PLLSAI1Source == RCC_PLLSOURCE_NONE)
 323              		.loc 1 2924 8 view .LVU108
 324 0024 002A     		cmp	r2, #0
 325 0026 00F09D80 		beq	.L39
2928:Drivers/STM32L4xx_HAL_Driver/Src/stm32l4xx_hal_rcc_ex.c **** #endif
 326              		.loc 1 2928 11 view .LVU109
 327 002a 4F4B     		ldr	r3, .L52
 328 002c DB68     		ldr	r3, [r3, #12]
2928:Drivers/STM32L4xx_HAL_Driver/Src/stm32l4xx_hal_rcc_ex.c **** #endif
 329              		.loc 1 2928 52 view .LVU110
 330 002e C3F30213 		ubfx	r3, r3, #4, #3
ARM GAS  /tmp/ccBxf6FW.s 			page 70


2928:Drivers/STM32L4xx_HAL_Driver/Src/stm32l4xx_hal_rcc_ex.c **** #endif
 331              		.loc 1 2928 77 view .LVU111
 332 0032 0133     		adds	r3, r3, #1
2928:Drivers/STM32L4xx_HAL_Driver/Src/stm32l4xx_hal_rcc_ex.c **** #endif
 333              		.loc 1 2928 93 view .LVU112
 334 0034 4268     		ldr	r2, [r0, #4]
2927:Drivers/STM32L4xx_HAL_Driver/Src/stm32l4xx_hal_rcc_ex.c ****        (((READ_BIT(RCC->PLLCFGR, RCC_PLLCFGR_PLLM) >> RCC_PLLCFGR_PLLM_Pos) + 1U) != PllSai1->PLLSA
 335              		.loc 1 2927 8 view .LVU113
 336 0036 9342     		cmp	r3, r2
 337 0038 01D0     		beq	.L49
2932:Drivers/STM32L4xx_HAL_Driver/Src/stm32l4xx_hal_rcc_ex.c ****     }
 338              		.loc 1 2932 14 view .LVU114
 339 003a 0125     		movs	r5, #1
 340 003c F0E7     		b	.L23
 341              	.L49:
2910:Drivers/STM32L4xx_HAL_Driver/Src/stm32l4xx_hal_rcc_ex.c **** 
 342              		.loc 1 2910 21 view .LVU115
 343 003e 0025     		movs	r5, #0
 344 0040 09E0     		b	.L24
 345              	.L22:
2938:Drivers/STM32L4xx_HAL_Driver/Src/stm32l4xx_hal_rcc_ex.c ****     {
 346              		.loc 1 2938 5 is_stmt 1 view .LVU116
2938:Drivers/STM32L4xx_HAL_Driver/Src/stm32l4xx_hal_rcc_ex.c ****     {
 347              		.loc 1 2938 19 is_stmt 0 view .LVU117
 348 0042 0368     		ldr	r3, [r0]
2938:Drivers/STM32L4xx_HAL_Driver/Src/stm32l4xx_hal_rcc_ex.c ****     {
 349              		.loc 1 2938 5 view .LVU118
 350 0044 022B     		cmp	r3, #2
 351 0046 56D0     		beq	.L25
 352 0048 032B     		cmp	r3, #3
 353 004a 5BD0     		beq	.L26
 354 004c 012B     		cmp	r3, #1
 355 004e 41D0     		beq	.L50
 356 0050 0125     		movs	r5, #1
 357              	.LVL38:
 358              	.L27:
2978:Drivers/STM32L4xx_HAL_Driver/Src/stm32l4xx_hal_rcc_ex.c ****   {
 359              		.loc 1 2978 3 is_stmt 1 view .LVU119
2978:Drivers/STM32L4xx_HAL_Driver/Src/stm32l4xx_hal_rcc_ex.c ****   {
 360              		.loc 1 2978 5 is_stmt 0 view .LVU120
 361 0052 002D     		cmp	r5, #0
 362 0054 E4D1     		bne	.L23
 363              	.LVL39:
 364              	.L24:
2981:Drivers/STM32L4xx_HAL_Driver/Src/stm32l4xx_hal_rcc_ex.c **** 
 365              		.loc 1 2981 5 is_stmt 1 view .LVU121
 366 0056 444A     		ldr	r2, .L52
 367 0058 1368     		ldr	r3, [r2]
 368 005a 23F08063 		bic	r3, r3, #67108864
 369 005e 1360     		str	r3, [r2]
2984:Drivers/STM32L4xx_HAL_Driver/Src/stm32l4xx_hal_rcc_ex.c **** 
 370              		.loc 1 2984 5 view .LVU122
2984:Drivers/STM32L4xx_HAL_Driver/Src/stm32l4xx_hal_rcc_ex.c **** 
 371              		.loc 1 2984 17 is_stmt 0 view .LVU123
 372 0060 FFF7FEFF 		bl	HAL_GetTick
 373              	.LVL40:
 374 0064 0646     		mov	r6, r0
ARM GAS  /tmp/ccBxf6FW.s 			page 71


 375              	.LVL41:
2987:Drivers/STM32L4xx_HAL_Driver/Src/stm32l4xx_hal_rcc_ex.c ****     {
 376              		.loc 1 2987 5 is_stmt 1 view .LVU124
 377              	.L29:
2987:Drivers/STM32L4xx_HAL_Driver/Src/stm32l4xx_hal_rcc_ex.c ****     {
 378              		.loc 1 2987 10 view .LVU125
2987:Drivers/STM32L4xx_HAL_Driver/Src/stm32l4xx_hal_rcc_ex.c ****     {
 379              		.loc 1 2987 11 is_stmt 0 view .LVU126
 380 0066 404B     		ldr	r3, .L52
 381 0068 1B68     		ldr	r3, [r3]
2987:Drivers/STM32L4xx_HAL_Driver/Src/stm32l4xx_hal_rcc_ex.c ****     {
 382              		.loc 1 2987 10 view .LVU127
 383 006a 13F0006F 		tst	r3, #134217728
 384 006e 05D0     		beq	.L30
2989:Drivers/STM32L4xx_HAL_Driver/Src/stm32l4xx_hal_rcc_ex.c ****       {
 385              		.loc 1 2989 7 is_stmt 1 view .LVU128
2989:Drivers/STM32L4xx_HAL_Driver/Src/stm32l4xx_hal_rcc_ex.c ****       {
 386              		.loc 1 2989 11 is_stmt 0 view .LVU129
 387 0070 FFF7FEFF 		bl	HAL_GetTick
 388              	.LVL42:
2989:Drivers/STM32L4xx_HAL_Driver/Src/stm32l4xx_hal_rcc_ex.c ****       {
 389              		.loc 1 2989 25 view .LVU130
 390 0074 831B     		subs	r3, r0, r6
2989:Drivers/STM32L4xx_HAL_Driver/Src/stm32l4xx_hal_rcc_ex.c ****       {
 391              		.loc 1 2989 9 view .LVU131
 392 0076 022B     		cmp	r3, #2
 393 0078 F5D9     		bls	.L29
2991:Drivers/STM32L4xx_HAL_Driver/Src/stm32l4xx_hal_rcc_ex.c ****         break;
 394              		.loc 1 2991 16 view .LVU132
 395 007a 0325     		movs	r5, #3
 396              	.L30:
 397              	.LVL43:
2996:Drivers/STM32L4xx_HAL_Driver/Src/stm32l4xx_hal_rcc_ex.c ****     {
 398              		.loc 1 2996 5 is_stmt 1 view .LVU133
2996:Drivers/STM32L4xx_HAL_Driver/Src/stm32l4xx_hal_rcc_ex.c ****     {
 399              		.loc 1 2996 7 is_stmt 0 view .LVU134
 400 007c 002D     		cmp	r5, #0
 401 007e CFD1     		bne	.L23
2998:Drivers/STM32L4xx_HAL_Driver/Src/stm32l4xx_hal_rcc_ex.c ****       {
 402              		.loc 1 2998 7 is_stmt 1 view .LVU135
2998:Drivers/STM32L4xx_HAL_Driver/Src/stm32l4xx_hal_rcc_ex.c ****       {
 403              		.loc 1 2998 9 is_stmt 0 view .LVU136
 404 0080 002F     		cmp	r7, #0
 405 0082 4DD1     		bne	.L32
3000:Drivers/STM32L4xx_HAL_Driver/Src/stm32l4xx_hal_rcc_ex.c **** #if defined(RCC_PLLSAI1M_DIV_1_16_SUPPORT)
 406              		.loc 1 3000 9 is_stmt 1 view .LVU137
3021:Drivers/STM32L4xx_HAL_Driver/Src/stm32l4xx_hal_rcc_ex.c ****                    RCC_PLLSAI1CFGR_PLLSAI1N | RCC_PLLSAI1CFGR_PLLSAI1PDIV,
 407              		.loc 1 3021 9 view .LVU138
 408 0084 3849     		ldr	r1, .L52
 409 0086 0B69     		ldr	r3, [r1, #16]
 410 0088 23F07843 		bic	r3, r3, #-134217728
 411 008c 23F4FE43 		bic	r3, r3, #32512
 412 0090 A068     		ldr	r0, [r4, #8]
 413 0092 E268     		ldr	r2, [r4, #12]
 414 0094 D206     		lsls	r2, r2, #27
 415 0096 42EA0022 		orr	r2, r2, r0, lsl #8
 416 009a 1343     		orrs	r3, r3, r2
ARM GAS  /tmp/ccBxf6FW.s 			page 72


 417 009c 0B61     		str	r3, [r1, #16]
 418              	.L33:
3072:Drivers/STM32L4xx_HAL_Driver/Src/stm32l4xx_hal_rcc_ex.c **** 
 419              		.loc 1 3072 7 view .LVU139
 420 009e 324A     		ldr	r2, .L52
 421 00a0 1368     		ldr	r3, [r2]
 422 00a2 43F08063 		orr	r3, r3, #67108864
 423 00a6 1360     		str	r3, [r2]
3075:Drivers/STM32L4xx_HAL_Driver/Src/stm32l4xx_hal_rcc_ex.c **** 
 424              		.loc 1 3075 7 view .LVU140
3075:Drivers/STM32L4xx_HAL_Driver/Src/stm32l4xx_hal_rcc_ex.c **** 
 425              		.loc 1 3075 19 is_stmt 0 view .LVU141
 426 00a8 FFF7FEFF 		bl	HAL_GetTick
 427              	.LVL44:
 428 00ac 0646     		mov	r6, r0
 429              	.LVL45:
3078:Drivers/STM32L4xx_HAL_Driver/Src/stm32l4xx_hal_rcc_ex.c ****       {
 430              		.loc 1 3078 7 is_stmt 1 view .LVU142
 431              	.L35:
3078:Drivers/STM32L4xx_HAL_Driver/Src/stm32l4xx_hal_rcc_ex.c ****       {
 432              		.loc 1 3078 12 view .LVU143
3078:Drivers/STM32L4xx_HAL_Driver/Src/stm32l4xx_hal_rcc_ex.c ****       {
 433              		.loc 1 3078 13 is_stmt 0 view .LVU144
 434 00ae 2E4B     		ldr	r3, .L52
 435 00b0 1B68     		ldr	r3, [r3]
3078:Drivers/STM32L4xx_HAL_Driver/Src/stm32l4xx_hal_rcc_ex.c ****       {
 436              		.loc 1 3078 12 view .LVU145
 437 00b2 13F0006F 		tst	r3, #134217728
 438 00b6 05D1     		bne	.L36
3080:Drivers/STM32L4xx_HAL_Driver/Src/stm32l4xx_hal_rcc_ex.c ****         {
 439              		.loc 1 3080 9 is_stmt 1 view .LVU146
3080:Drivers/STM32L4xx_HAL_Driver/Src/stm32l4xx_hal_rcc_ex.c ****         {
 440              		.loc 1 3080 13 is_stmt 0 view .LVU147
 441 00b8 FFF7FEFF 		bl	HAL_GetTick
 442              	.LVL46:
3080:Drivers/STM32L4xx_HAL_Driver/Src/stm32l4xx_hal_rcc_ex.c ****         {
 443              		.loc 1 3080 27 view .LVU148
 444 00bc 831B     		subs	r3, r0, r6
3080:Drivers/STM32L4xx_HAL_Driver/Src/stm32l4xx_hal_rcc_ex.c ****         {
 445              		.loc 1 3080 11 view .LVU149
 446 00be 022B     		cmp	r3, #2
 447 00c0 F5D9     		bls	.L35
3082:Drivers/STM32L4xx_HAL_Driver/Src/stm32l4xx_hal_rcc_ex.c ****           break;
 448              		.loc 1 3082 18 view .LVU150
 449 00c2 0325     		movs	r5, #3
 450              	.LVL47:
 451              	.L36:
3087:Drivers/STM32L4xx_HAL_Driver/Src/stm32l4xx_hal_rcc_ex.c ****       {
 452              		.loc 1 3087 7 is_stmt 1 view .LVU151
3087:Drivers/STM32L4xx_HAL_Driver/Src/stm32l4xx_hal_rcc_ex.c ****       {
 453              		.loc 1 3087 9 is_stmt 0 view .LVU152
 454 00c4 002D     		cmp	r5, #0
 455 00c6 ABD1     		bne	.L23
3090:Drivers/STM32L4xx_HAL_Driver/Src/stm32l4xx_hal_rcc_ex.c ****       }
 456              		.loc 1 3090 9 is_stmt 1 view .LVU153
 457 00c8 274A     		ldr	r2, .L52
 458 00ca 1369     		ldr	r3, [r2, #16]
ARM GAS  /tmp/ccBxf6FW.s 			page 73


 459 00cc A169     		ldr	r1, [r4, #24]
 460 00ce 0B43     		orrs	r3, r3, r1
 461 00d0 1361     		str	r3, [r2, #16]
 462 00d2 A5E7     		b	.L23
 463              	.LVL48:
 464              	.L50:
2941:Drivers/STM32L4xx_HAL_Driver/Src/stm32l4xx_hal_rcc_ex.c ****       {
 465              		.loc 1 2941 7 view .LVU154
2941:Drivers/STM32L4xx_HAL_Driver/Src/stm32l4xx_hal_rcc_ex.c ****       {
 466              		.loc 1 2941 10 is_stmt 0 view .LVU155
 467 00d4 244A     		ldr	r2, .L52
 468 00d6 1268     		ldr	r2, [r2]
2941:Drivers/STM32L4xx_HAL_Driver/Src/stm32l4xx_hal_rcc_ex.c ****       {
 469              		.loc 1 2941 9 view .LVU156
 470 00d8 12F0020F 		tst	r2, #2
 471 00dc 1ED0     		beq	.L42
 472              	.L28:
 473              	.LVL49:
2973:Drivers/STM32L4xx_HAL_Driver/Src/stm32l4xx_hal_rcc_ex.c **** #endif
 474              		.loc 1 2973 7 is_stmt 1 view .LVU157
 475 00de 2248     		ldr	r0, .L52
 476              	.LVL50:
2973:Drivers/STM32L4xx_HAL_Driver/Src/stm32l4xx_hal_rcc_ex.c **** #endif
 477              		.loc 1 2973 7 is_stmt 0 view .LVU158
 478 00e0 C268     		ldr	r2, [r0, #12]
 479 00e2 22F07302 		bic	r2, r2, #115
 480 00e6 6168     		ldr	r1, [r4, #4]
 481              	.LVL51:
2973:Drivers/STM32L4xx_HAL_Driver/Src/stm32l4xx_hal_rcc_ex.c **** #endif
 482              		.loc 1 2973 7 view .LVU159
 483 00e8 0139     		subs	r1, r1, #1
 484 00ea 43EA0113 		orr	r3, r3, r1, lsl #4
 485 00ee 1343     		orrs	r3, r3, r2
 486 00f0 C360     		str	r3, [r0, #12]
 487 00f2 0025     		movs	r5, #0
 488 00f4 ADE7     		b	.L27
 489              	.LVL52:
 490              	.L25:
2947:Drivers/STM32L4xx_HAL_Driver/Src/stm32l4xx_hal_rcc_ex.c ****       {
 491              		.loc 1 2947 7 is_stmt 1 view .LVU160
2947:Drivers/STM32L4xx_HAL_Driver/Src/stm32l4xx_hal_rcc_ex.c ****       {
 492              		.loc 1 2947 10 is_stmt 0 view .LVU161
 493 00f6 1C4A     		ldr	r2, .L52
 494 00f8 1268     		ldr	r2, [r2]
2947:Drivers/STM32L4xx_HAL_Driver/Src/stm32l4xx_hal_rcc_ex.c ****       {
 495              		.loc 1 2947 9 view .LVU162
 496 00fa 12F4806F 		tst	r2, #1024
 497 00fe EED1     		bne	.L28
2949:Drivers/STM32L4xx_HAL_Driver/Src/stm32l4xx_hal_rcc_ex.c ****       }
 498              		.loc 1 2949 16 view .LVU163
 499 0100 0125     		movs	r5, #1
 500 0102 A6E7     		b	.L27
 501              	.L26:
2953:Drivers/STM32L4xx_HAL_Driver/Src/stm32l4xx_hal_rcc_ex.c ****       {
 502              		.loc 1 2953 7 is_stmt 1 view .LVU164
2953:Drivers/STM32L4xx_HAL_Driver/Src/stm32l4xx_hal_rcc_ex.c ****       {
 503              		.loc 1 2953 10 is_stmt 0 view .LVU165
ARM GAS  /tmp/ccBxf6FW.s 			page 74


 504 0104 184A     		ldr	r2, .L52
 505 0106 1268     		ldr	r2, [r2]
2953:Drivers/STM32L4xx_HAL_Driver/Src/stm32l4xx_hal_rcc_ex.c ****       {
 506              		.loc 1 2953 9 view .LVU166
 507 0108 12F4003F 		tst	r2, #131072
 508 010c E7D1     		bne	.L28
2955:Drivers/STM32L4xx_HAL_Driver/Src/stm32l4xx_hal_rcc_ex.c ****         {
 509              		.loc 1 2955 9 is_stmt 1 view .LVU167
2955:Drivers/STM32L4xx_HAL_Driver/Src/stm32l4xx_hal_rcc_ex.c ****         {
 510              		.loc 1 2955 12 is_stmt 0 view .LVU168
 511 010e 164A     		ldr	r2, .L52
 512 0110 1268     		ldr	r2, [r2]
2955:Drivers/STM32L4xx_HAL_Driver/Src/stm32l4xx_hal_rcc_ex.c ****         {
 513              		.loc 1 2955 11 view .LVU169
 514 0112 12F4802F 		tst	r2, #262144
 515 0116 E2D1     		bne	.L28
2957:Drivers/STM32L4xx_HAL_Driver/Src/stm32l4xx_hal_rcc_ex.c ****         }
 516              		.loc 1 2957 18 view .LVU170
 517 0118 0125     		movs	r5, #1
 518 011a 9AE7     		b	.L27
 519              	.L42:
2943:Drivers/STM32L4xx_HAL_Driver/Src/stm32l4xx_hal_rcc_ex.c ****       }
 520              		.loc 1 2943 16 view .LVU171
 521 011c 0125     		movs	r5, #1
 522 011e 98E7     		b	.L27
 523              	.LVL53:
 524              	.L32:
3034:Drivers/STM32L4xx_HAL_Driver/Src/stm32l4xx_hal_rcc_ex.c ****       {
 525              		.loc 1 3034 12 is_stmt 1 view .LVU172
3034:Drivers/STM32L4xx_HAL_Driver/Src/stm32l4xx_hal_rcc_ex.c ****       {
 526              		.loc 1 3034 14 is_stmt 0 view .LVU173
 527 0120 012F     		cmp	r7, #1
 528 0122 0FD0     		beq	.L51
3054:Drivers/STM32L4xx_HAL_Driver/Src/stm32l4xx_hal_rcc_ex.c **** #if defined(RCC_PLLSAI1M_DIV_1_16_SUPPORT)
 529              		.loc 1 3054 9 is_stmt 1 view .LVU174
3064:Drivers/STM32L4xx_HAL_Driver/Src/stm32l4xx_hal_rcc_ex.c ****                    RCC_PLLSAI1CFGR_PLLSAI1N | RCC_PLLSAI1CFGR_PLLSAI1R,
 530              		.loc 1 3064 9 view .LVU175
 531 0124 1048     		ldr	r0, .L52
 532 0126 0269     		ldr	r2, [r0, #16]
 533 0128 22F0C062 		bic	r2, r2, #100663296
 534 012c 22F4FE42 		bic	r2, r2, #32512
 535 0130 A168     		ldr	r1, [r4, #8]
 536 0132 6369     		ldr	r3, [r4, #20]
 537 0134 5B08     		lsrs	r3, r3, #1
 538 0136 013B     		subs	r3, r3, #1
 539 0138 5B06     		lsls	r3, r3, #25
 540 013a 43EA0123 		orr	r3, r3, r1, lsl #8
 541 013e 1343     		orrs	r3, r3, r2
 542 0140 0361     		str	r3, [r0, #16]
 543 0142 ACE7     		b	.L33
 544              	.L51:
3036:Drivers/STM32L4xx_HAL_Driver/Src/stm32l4xx_hal_rcc_ex.c **** #if defined(RCC_PLLSAI1M_DIV_1_16_SUPPORT)
 545              		.loc 1 3036 9 view .LVU176
3046:Drivers/STM32L4xx_HAL_Driver/Src/stm32l4xx_hal_rcc_ex.c ****                    RCC_PLLSAI1CFGR_PLLSAI1N | RCC_PLLSAI1CFGR_PLLSAI1Q,
 546              		.loc 1 3046 9 view .LVU177
 547 0144 0848     		ldr	r0, .L52
 548 0146 0269     		ldr	r2, [r0, #16]
ARM GAS  /tmp/ccBxf6FW.s 			page 75


 549 0148 22F4C002 		bic	r2, r2, #6291456
 550 014c 22F4FE42 		bic	r2, r2, #32512
 551 0150 A168     		ldr	r1, [r4, #8]
 552 0152 2369     		ldr	r3, [r4, #16]
 553 0154 5B08     		lsrs	r3, r3, #1
 554 0156 013B     		subs	r3, r3, #1
 555 0158 5B05     		lsls	r3, r3, #21
 556 015a 43EA0123 		orr	r3, r3, r1, lsl #8
 557 015e 1343     		orrs	r3, r3, r2
 558 0160 0361     		str	r3, [r0, #16]
 559 0162 9CE7     		b	.L33
 560              	.LVL54:
 561              	.L39:
2932:Drivers/STM32L4xx_HAL_Driver/Src/stm32l4xx_hal_rcc_ex.c ****     }
 562              		.loc 1 2932 14 is_stmt 0 view .LVU178
 563 0164 0125     		movs	r5, #1
 564 0166 5BE7     		b	.L23
 565              	.L53:
 566              		.align	2
 567              	.L52:
 568 0168 00100240 		.word	1073876992
 569              		.cfi_endproc
 570              	.LFE313:
 572              		.section	.text.HAL_RCCEx_PeriphCLKConfig,"ax",%progbits
 573              		.align	1
 574              		.global	HAL_RCCEx_PeriphCLKConfig
 575              		.syntax unified
 576              		.thumb
 577              		.thumb_func
 579              	HAL_RCCEx_PeriphCLKConfig:
 580              	.LVL55:
 581              	.LFB288:
 195:Drivers/STM32L4xx_HAL_Driver/Src/stm32l4xx_hal_rcc_ex.c ****   uint32_t tmpregister, tickstart;     /* no init needed */
 582              		.loc 1 195 1 is_stmt 1 view -0
 583              		.cfi_startproc
 584              		@ args = 0, pretend = 0, frame = 8
 585              		@ frame_needed = 0, uses_anonymous_args = 0
 195:Drivers/STM32L4xx_HAL_Driver/Src/stm32l4xx_hal_rcc_ex.c ****   uint32_t tmpregister, tickstart;     /* no init needed */
 586              		.loc 1 195 1 is_stmt 0 view .LVU180
 587 0000 2DE9F041 		push	{r4, r5, r6, r7, r8, lr}
 588              	.LCFI1:
 589              		.cfi_def_cfa_offset 24
 590              		.cfi_offset 4, -24
 591              		.cfi_offset 5, -20
 592              		.cfi_offset 6, -16
 593              		.cfi_offset 7, -12
 594              		.cfi_offset 8, -8
 595              		.cfi_offset 14, -4
 596 0004 82B0     		sub	sp, sp, #8
 597              	.LCFI2:
 598              		.cfi_def_cfa_offset 32
 599 0006 0446     		mov	r4, r0
 196:Drivers/STM32L4xx_HAL_Driver/Src/stm32l4xx_hal_rcc_ex.c ****   HAL_StatusTypeDef ret = HAL_OK;      /* Intermediate status */
 600              		.loc 1 196 3 is_stmt 1 view .LVU181
 197:Drivers/STM32L4xx_HAL_Driver/Src/stm32l4xx_hal_rcc_ex.c ****   HAL_StatusTypeDef status = HAL_OK;   /* Final status */
 601              		.loc 1 197 3 view .LVU182
 602              	.LVL56:
ARM GAS  /tmp/ccBxf6FW.s 			page 76


 198:Drivers/STM32L4xx_HAL_Driver/Src/stm32l4xx_hal_rcc_ex.c **** 
 603              		.loc 1 198 3 view .LVU183
 201:Drivers/STM32L4xx_HAL_Driver/Src/stm32l4xx_hal_rcc_ex.c **** 
 604              		.loc 1 201 3 view .LVU184
 206:Drivers/STM32L4xx_HAL_Driver/Src/stm32l4xx_hal_rcc_ex.c ****   {
 605              		.loc 1 206 3 view .LVU185
 206:Drivers/STM32L4xx_HAL_Driver/Src/stm32l4xx_hal_rcc_ex.c ****   {
 606              		.loc 1 206 22 is_stmt 0 view .LVU186
 607 0008 0368     		ldr	r3, [r0]
 206:Drivers/STM32L4xx_HAL_Driver/Src/stm32l4xx_hal_rcc_ex.c ****   {
 608              		.loc 1 206 5 view .LVU187
 609 000a 13F4006F 		tst	r3, #2048
 610 000e 25D0     		beq	.L82
 209:Drivers/STM32L4xx_HAL_Driver/Src/stm32l4xx_hal_rcc_ex.c **** 
 611              		.loc 1 209 5 is_stmt 1 view .LVU188
 211:Drivers/STM32L4xx_HAL_Driver/Src/stm32l4xx_hal_rcc_ex.c ****     {
 612              		.loc 1 211 5 view .LVU189
 211:Drivers/STM32L4xx_HAL_Driver/Src/stm32l4xx_hal_rcc_ex.c ****     {
 613              		.loc 1 211 25 is_stmt 0 view .LVU190
 614 0010 C36B     		ldr	r3, [r0, #60]
 211:Drivers/STM32L4xx_HAL_Driver/Src/stm32l4xx_hal_rcc_ex.c ****     {
 615              		.loc 1 211 5 view .LVU191
 616 0012 B3F5000F 		cmp	r3, #8388608
 617 0016 06D0     		beq	.L56
 618 0018 B3F5400F 		cmp	r3, #12582912
 619 001c 12D0     		beq	.L83
 620 001e 4BB1     		cbz	r3, .L58
 621 0020 0126     		movs	r6, #1
 622 0022 3746     		mov	r7, r6
 623 0024 1CE0     		b	.L55
 624              	.L56:
 218:Drivers/STM32L4xx_HAL_Driver/Src/stm32l4xx_hal_rcc_ex.c **** #endif /* RCC_PLLSAI2_SUPPORT */
 625              		.loc 1 218 7 is_stmt 1 view .LVU192
 626 0026 AE4A     		ldr	r2, .L101
 627 0028 D368     		ldr	r3, [r2, #12]
 628 002a 43F48033 		orr	r3, r3, #65536
 629 002e D360     		str	r3, [r2, #12]
 221:Drivers/STM32L4xx_HAL_Driver/Src/stm32l4xx_hal_rcc_ex.c **** 
 630              		.loc 1 221 7 view .LVU193
 251:Drivers/STM32L4xx_HAL_Driver/Src/stm32l4xx_hal_rcc_ex.c ****     {
 631              		.loc 1 251 5 view .LVU194
 197:Drivers/STM32L4xx_HAL_Driver/Src/stm32l4xx_hal_rcc_ex.c ****   HAL_StatusTypeDef status = HAL_OK;   /* Final status */
 632              		.loc 1 197 21 is_stmt 0 view .LVU195
 633 0030 0027     		movs	r7, #0
 634 0032 08E0     		b	.L57
 635              	.L58:
 225:Drivers/STM32L4xx_HAL_Driver/Src/stm32l4xx_hal_rcc_ex.c ****       /* SAI1 clock source config set later after clock selection check */
 636              		.loc 1 225 7 is_stmt 1 view .LVU196
 225:Drivers/STM32L4xx_HAL_Driver/Src/stm32l4xx_hal_rcc_ex.c ****       /* SAI1 clock source config set later after clock selection check */
 637              		.loc 1 225 13 is_stmt 0 view .LVU197
 638 0034 0021     		movs	r1, #0
 639 0036 0430     		adds	r0, r0, #4
 640              	.LVL57:
 225:Drivers/STM32L4xx_HAL_Driver/Src/stm32l4xx_hal_rcc_ex.c ****       /* SAI1 clock source config set later after clock selection check */
 641              		.loc 1 225 13 view .LVU198
 642 0038 FFF7FEFF 		bl	RCCEx_PLLSAI1_Config
 643              	.LVL58:
ARM GAS  /tmp/ccBxf6FW.s 			page 77


 227:Drivers/STM32L4xx_HAL_Driver/Src/stm32l4xx_hal_rcc_ex.c **** 
 644              		.loc 1 227 7 is_stmt 1 view .LVU199
 251:Drivers/STM32L4xx_HAL_Driver/Src/stm32l4xx_hal_rcc_ex.c ****     {
 645              		.loc 1 251 5 view .LVU200
 251:Drivers/STM32L4xx_HAL_Driver/Src/stm32l4xx_hal_rcc_ex.c ****     {
 646              		.loc 1 251 7 is_stmt 0 view .LVU201
 647 003c 0746     		mov	r7, r0
 648 003e 10B1     		cbz	r0, .L57
 225:Drivers/STM32L4xx_HAL_Driver/Src/stm32l4xx_hal_rcc_ex.c ****       /* SAI1 clock source config set later after clock selection check */
 649              		.loc 1 225 13 view .LVU202
 650 0040 0646     		mov	r6, r0
 651 0042 0DE0     		b	.L55
 652              	.LVL59:
 653              	.L83:
 211:Drivers/STM32L4xx_HAL_Driver/Src/stm32l4xx_hal_rcc_ex.c ****     {
 654              		.loc 1 211 5 view .LVU203
 655 0044 0027     		movs	r7, #0
 656              	.LVL60:
 657              	.L57:
 254:Drivers/STM32L4xx_HAL_Driver/Src/stm32l4xx_hal_rcc_ex.c ****     }
 658              		.loc 1 254 7 is_stmt 1 view .LVU204
 659 0046 A64A     		ldr	r2, .L101
 660 0048 D2F88830 		ldr	r3, [r2, #136]
 661 004c 23F44003 		bic	r3, r3, #12582912
 662 0050 E16B     		ldr	r1, [r4, #60]
 663 0052 0B43     		orrs	r3, r3, r1
 664 0054 C2F88830 		str	r3, [r2, #136]
 198:Drivers/STM32L4xx_HAL_Driver/Src/stm32l4xx_hal_rcc_ex.c **** 
 665              		.loc 1 198 21 is_stmt 0 view .LVU205
 666 0058 0026     		movs	r6, #0
 667 005a 01E0     		b	.L55
 668              	.LVL61:
 669              	.L82:
 198:Drivers/STM32L4xx_HAL_Driver/Src/stm32l4xx_hal_rcc_ex.c **** 
 670              		.loc 1 198 21 view .LVU206
 671 005c 0026     		movs	r6, #0
 197:Drivers/STM32L4xx_HAL_Driver/Src/stm32l4xx_hal_rcc_ex.c ****   HAL_StatusTypeDef status = HAL_OK;   /* Final status */
 672              		.loc 1 197 21 view .LVU207
 673 005e 3746     		mov	r7, r6
 674              	.LVL62:
 675              	.L55:
 319:Drivers/STM32L4xx_HAL_Driver/Src/stm32l4xx_hal_rcc_ex.c ****   {
 676              		.loc 1 319 3 is_stmt 1 view .LVU208
 319:Drivers/STM32L4xx_HAL_Driver/Src/stm32l4xx_hal_rcc_ex.c ****   {
 677              		.loc 1 319 20 is_stmt 0 view .LVU209
 678 0060 2368     		ldr	r3, [r4]
 319:Drivers/STM32L4xx_HAL_Driver/Src/stm32l4xx_hal_rcc_ex.c ****   {
 679              		.loc 1 319 5 view .LVU210
 680 0062 13F4003F 		tst	r3, #131072
 681 0066 6BD0     		beq	.L59
 682              	.LBB2:
 321:Drivers/STM32L4xx_HAL_Driver/Src/stm32l4xx_hal_rcc_ex.c **** 
 683              		.loc 1 321 5 is_stmt 1 view .LVU211
 684              	.LVL63:
 324:Drivers/STM32L4xx_HAL_Driver/Src/stm32l4xx_hal_rcc_ex.c **** 
 685              		.loc 1 324 5 view .LVU212
 327:Drivers/STM32L4xx_HAL_Driver/Src/stm32l4xx_hal_rcc_ex.c ****     {
ARM GAS  /tmp/ccBxf6FW.s 			page 78


 686              		.loc 1 327 5 view .LVU213
 327:Drivers/STM32L4xx_HAL_Driver/Src/stm32l4xx_hal_rcc_ex.c ****     {
 687              		.loc 1 327 8 is_stmt 0 view .LVU214
 688 0068 9D4B     		ldr	r3, .L101
 689 006a 9B6D     		ldr	r3, [r3, #88]
 327:Drivers/STM32L4xx_HAL_Driver/Src/stm32l4xx_hal_rcc_ex.c ****     {
 690              		.loc 1 327 40 view .LVU215
 691 006c 13F0805F 		tst	r3, #268435456
 692 0070 4CD1     		bne	.L85
 329:Drivers/STM32L4xx_HAL_Driver/Src/stm32l4xx_hal_rcc_ex.c ****       pwrclkchanged = SET;
 693              		.loc 1 329 7 is_stmt 1 view .LVU216
 694              	.LBB3:
 329:Drivers/STM32L4xx_HAL_Driver/Src/stm32l4xx_hal_rcc_ex.c ****       pwrclkchanged = SET;
 695              		.loc 1 329 7 view .LVU217
 329:Drivers/STM32L4xx_HAL_Driver/Src/stm32l4xx_hal_rcc_ex.c ****       pwrclkchanged = SET;
 696              		.loc 1 329 7 view .LVU218
 697 0072 9B4B     		ldr	r3, .L101
 698 0074 9A6D     		ldr	r2, [r3, #88]
 699 0076 42F08052 		orr	r2, r2, #268435456
 700 007a 9A65     		str	r2, [r3, #88]
 329:Drivers/STM32L4xx_HAL_Driver/Src/stm32l4xx_hal_rcc_ex.c ****       pwrclkchanged = SET;
 701              		.loc 1 329 7 view .LVU219
 702 007c 9B6D     		ldr	r3, [r3, #88]
 703 007e 03F08053 		and	r3, r3, #268435456
 704 0082 0193     		str	r3, [sp, #4]
 329:Drivers/STM32L4xx_HAL_Driver/Src/stm32l4xx_hal_rcc_ex.c ****       pwrclkchanged = SET;
 705              		.loc 1 329 7 view .LVU220
 706 0084 019B     		ldr	r3, [sp, #4]
 707              	.LBE3:
 329:Drivers/STM32L4xx_HAL_Driver/Src/stm32l4xx_hal_rcc_ex.c ****       pwrclkchanged = SET;
 708              		.loc 1 329 7 view .LVU221
 330:Drivers/STM32L4xx_HAL_Driver/Src/stm32l4xx_hal_rcc_ex.c ****     }
 709              		.loc 1 330 7 view .LVU222
 710              	.LVL64:
 330:Drivers/STM32L4xx_HAL_Driver/Src/stm32l4xx_hal_rcc_ex.c ****     }
 711              		.loc 1 330 21 is_stmt 0 view .LVU223
 712 0086 4FF00108 		mov	r8, #1
 713              	.LVL65:
 714              	.L60:
 334:Drivers/STM32L4xx_HAL_Driver/Src/stm32l4xx_hal_rcc_ex.c **** 
 715              		.loc 1 334 5 is_stmt 1 view .LVU224
 716 008a 964A     		ldr	r2, .L101+4
 717 008c 1368     		ldr	r3, [r2]
 718 008e 43F48073 		orr	r3, r3, #256
 719 0092 1360     		str	r3, [r2]
 337:Drivers/STM32L4xx_HAL_Driver/Src/stm32l4xx_hal_rcc_ex.c **** 
 720              		.loc 1 337 5 view .LVU225
 337:Drivers/STM32L4xx_HAL_Driver/Src/stm32l4xx_hal_rcc_ex.c **** 
 721              		.loc 1 337 17 is_stmt 0 view .LVU226
 722 0094 FFF7FEFF 		bl	HAL_GetTick
 723              	.LVL66:
 724 0098 0546     		mov	r5, r0
 725              	.LVL67:
 339:Drivers/STM32L4xx_HAL_Driver/Src/stm32l4xx_hal_rcc_ex.c ****     {
 726              		.loc 1 339 5 is_stmt 1 view .LVU227
 727              	.L61:
 339:Drivers/STM32L4xx_HAL_Driver/Src/stm32l4xx_hal_rcc_ex.c ****     {
ARM GAS  /tmp/ccBxf6FW.s 			page 79


 728              		.loc 1 339 10 view .LVU228
 339:Drivers/STM32L4xx_HAL_Driver/Src/stm32l4xx_hal_rcc_ex.c ****     {
 729              		.loc 1 339 11 is_stmt 0 view .LVU229
 730 009a 924B     		ldr	r3, .L101+4
 731 009c 1B68     		ldr	r3, [r3]
 339:Drivers/STM32L4xx_HAL_Driver/Src/stm32l4xx_hal_rcc_ex.c ****     {
 732              		.loc 1 339 10 view .LVU230
 733 009e 13F4807F 		tst	r3, #256
 734 00a2 05D1     		bne	.L62
 341:Drivers/STM32L4xx_HAL_Driver/Src/stm32l4xx_hal_rcc_ex.c ****       {
 735              		.loc 1 341 7 is_stmt 1 view .LVU231
 341:Drivers/STM32L4xx_HAL_Driver/Src/stm32l4xx_hal_rcc_ex.c ****       {
 736              		.loc 1 341 11 is_stmt 0 view .LVU232
 737 00a4 FFF7FEFF 		bl	HAL_GetTick
 738              	.LVL68:
 341:Drivers/STM32L4xx_HAL_Driver/Src/stm32l4xx_hal_rcc_ex.c ****       {
 739              		.loc 1 341 25 view .LVU233
 740 00a8 401B     		subs	r0, r0, r5
 341:Drivers/STM32L4xx_HAL_Driver/Src/stm32l4xx_hal_rcc_ex.c ****       {
 741              		.loc 1 341 9 view .LVU234
 742 00aa 0228     		cmp	r0, #2
 743 00ac F5D9     		bls	.L61
 343:Drivers/STM32L4xx_HAL_Driver/Src/stm32l4xx_hal_rcc_ex.c ****         break;
 744              		.loc 1 343 13 view .LVU235
 745 00ae 0327     		movs	r7, #3
 746              	.LVL69:
 747              	.L62:
 348:Drivers/STM32L4xx_HAL_Driver/Src/stm32l4xx_hal_rcc_ex.c ****     {
 748              		.loc 1 348 5 is_stmt 1 view .LVU236
 348:Drivers/STM32L4xx_HAL_Driver/Src/stm32l4xx_hal_rcc_ex.c ****     {
 749              		.loc 1 348 7 is_stmt 0 view .LVU237
 750 00b0 002F     		cmp	r7, #0
 751 00b2 40D1     		bne	.L87
 351:Drivers/STM32L4xx_HAL_Driver/Src/stm32l4xx_hal_rcc_ex.c **** 
 752              		.loc 1 351 7 is_stmt 1 view .LVU238
 351:Drivers/STM32L4xx_HAL_Driver/Src/stm32l4xx_hal_rcc_ex.c **** 
 753              		.loc 1 351 21 is_stmt 0 view .LVU239
 754 00b4 8A4B     		ldr	r3, .L101
 755 00b6 D3F89030 		ldr	r3, [r3, #144]
 756              	.LVL70:
 353:Drivers/STM32L4xx_HAL_Driver/Src/stm32l4xx_hal_rcc_ex.c ****       {
 757              		.loc 1 353 7 is_stmt 1 view .LVU240
 353:Drivers/STM32L4xx_HAL_Driver/Src/stm32l4xx_hal_rcc_ex.c ****       {
 758              		.loc 1 353 9 is_stmt 0 view .LVU241
 759 00ba 13F44073 		ands	r3, r3, #768
 760              	.LVL71:
 353:Drivers/STM32L4xx_HAL_Driver/Src/stm32l4xx_hal_rcc_ex.c ****       {
 761              		.loc 1 353 9 view .LVU242
 762 00be 15D0     		beq	.L65
 353:Drivers/STM32L4xx_HAL_Driver/Src/stm32l4xx_hal_rcc_ex.c ****       {
 763              		.loc 1 353 81 discriminator 1 view .LVU243
 764 00c0 226D     		ldr	r2, [r4, #80]
 353:Drivers/STM32L4xx_HAL_Driver/Src/stm32l4xx_hal_rcc_ex.c ****       {
 765              		.loc 1 353 49 discriminator 1 view .LVU244
 766 00c2 9A42     		cmp	r2, r3
 767 00c4 12D0     		beq	.L65
 356:Drivers/STM32L4xx_HAL_Driver/Src/stm32l4xx_hal_rcc_ex.c ****         /* RTC Clock selection can be changed only if the Backup Domain is reset */
ARM GAS  /tmp/ccBxf6FW.s 			page 80


 768              		.loc 1 356 9 is_stmt 1 view .LVU245
 356:Drivers/STM32L4xx_HAL_Driver/Src/stm32l4xx_hal_rcc_ex.c ****         /* RTC Clock selection can be changed only if the Backup Domain is reset */
 769              		.loc 1 356 23 is_stmt 0 view .LVU246
 770 00c6 864A     		ldr	r2, .L101
 771 00c8 D2F89030 		ldr	r3, [r2, #144]
 772              	.LVL72:
 356:Drivers/STM32L4xx_HAL_Driver/Src/stm32l4xx_hal_rcc_ex.c ****         /* RTC Clock selection can be changed only if the Backup Domain is reset */
 773              		.loc 1 356 21 view .LVU247
 774 00cc 23F44073 		bic	r3, r3, #768
 775              	.LVL73:
 358:Drivers/STM32L4xx_HAL_Driver/Src/stm32l4xx_hal_rcc_ex.c ****         __HAL_RCC_BACKUPRESET_RELEASE();
 776              		.loc 1 358 9 is_stmt 1 view .LVU248
 777 00d0 D2F89010 		ldr	r1, [r2, #144]
 778 00d4 41F48031 		orr	r1, r1, #65536
 779 00d8 C2F89010 		str	r1, [r2, #144]
 359:Drivers/STM32L4xx_HAL_Driver/Src/stm32l4xx_hal_rcc_ex.c ****         /* Restore the Content of BDCR register */
 780              		.loc 1 359 9 view .LVU249
 781 00dc D2F89010 		ldr	r1, [r2, #144]
 782 00e0 21F48031 		bic	r1, r1, #65536
 783 00e4 C2F89010 		str	r1, [r2, #144]
 361:Drivers/STM32L4xx_HAL_Driver/Src/stm32l4xx_hal_rcc_ex.c ****       }
 784              		.loc 1 361 9 view .LVU250
 361:Drivers/STM32L4xx_HAL_Driver/Src/stm32l4xx_hal_rcc_ex.c ****       }
 785              		.loc 1 361 19 is_stmt 0 view .LVU251
 786 00e8 C2F89030 		str	r3, [r2, #144]
 787              	.L65:
 365:Drivers/STM32L4xx_HAL_Driver/Src/stm32l4xx_hal_rcc_ex.c ****       {
 788              		.loc 1 365 7 is_stmt 1 view .LVU252
 365:Drivers/STM32L4xx_HAL_Driver/Src/stm32l4xx_hal_rcc_ex.c ****       {
 789              		.loc 1 365 10 is_stmt 0 view .LVU253
 790 00ec 13F0010F 		tst	r3, #1
 791 00f0 0FD1     		bne	.L94
 792              	.LVL74:
 793              	.L66:
 381:Drivers/STM32L4xx_HAL_Driver/Src/stm32l4xx_hal_rcc_ex.c ****       {
 794              		.loc 1 381 7 is_stmt 1 view .LVU254
 381:Drivers/STM32L4xx_HAL_Driver/Src/stm32l4xx_hal_rcc_ex.c ****       {
 795              		.loc 1 381 9 is_stmt 0 view .LVU255
 796 00f2 002F     		cmp	r7, #0
 797 00f4 40F0C980 		bne	.L89
 384:Drivers/STM32L4xx_HAL_Driver/Src/stm32l4xx_hal_rcc_ex.c ****       }
 798              		.loc 1 384 9 is_stmt 1 view .LVU256
 799 00f8 794A     		ldr	r2, .L101
 800 00fa D2F89030 		ldr	r3, [r2, #144]
 801 00fe 23F44073 		bic	r3, r3, #768
 802 0102 216D     		ldr	r1, [r4, #80]
 803 0104 0B43     		orrs	r3, r3, r1
 804 0106 C2F89030 		str	r3, [r2, #144]
 805 010a 15E0     		b	.L64
 806              	.LVL75:
 807              	.L85:
 321:Drivers/STM32L4xx_HAL_Driver/Src/stm32l4xx_hal_rcc_ex.c **** 
 808              		.loc 1 321 22 is_stmt 0 view .LVU257
 809 010c 4FF00008 		mov	r8, #0
 810 0110 BBE7     		b	.L60
 811              	.LVL76:
 812              	.L94:
ARM GAS  /tmp/ccBxf6FW.s 			page 81


 368:Drivers/STM32L4xx_HAL_Driver/Src/stm32l4xx_hal_rcc_ex.c **** 
 813              		.loc 1 368 9 is_stmt 1 view .LVU258
 368:Drivers/STM32L4xx_HAL_Driver/Src/stm32l4xx_hal_rcc_ex.c **** 
 814              		.loc 1 368 21 is_stmt 0 view .LVU259
 815 0112 FFF7FEFF 		bl	HAL_GetTick
 816              	.LVL77:
 368:Drivers/STM32L4xx_HAL_Driver/Src/stm32l4xx_hal_rcc_ex.c **** 
 817              		.loc 1 368 21 view .LVU260
 818 0116 0546     		mov	r5, r0
 819              	.LVL78:
 371:Drivers/STM32L4xx_HAL_Driver/Src/stm32l4xx_hal_rcc_ex.c ****         {
 820              		.loc 1 371 9 is_stmt 1 view .LVU261
 821              	.L67:
 371:Drivers/STM32L4xx_HAL_Driver/Src/stm32l4xx_hal_rcc_ex.c ****         {
 822              		.loc 1 371 14 view .LVU262
 371:Drivers/STM32L4xx_HAL_Driver/Src/stm32l4xx_hal_rcc_ex.c ****         {
 823              		.loc 1 371 15 is_stmt 0 view .LVU263
 824 0118 714B     		ldr	r3, .L101
 825 011a D3F89030 		ldr	r3, [r3, #144]
 371:Drivers/STM32L4xx_HAL_Driver/Src/stm32l4xx_hal_rcc_ex.c ****         {
 826              		.loc 1 371 14 view .LVU264
 827 011e 13F0020F 		tst	r3, #2
 828 0122 E6D1     		bne	.L66
 373:Drivers/STM32L4xx_HAL_Driver/Src/stm32l4xx_hal_rcc_ex.c ****           {
 829              		.loc 1 373 11 is_stmt 1 view .LVU265
 373:Drivers/STM32L4xx_HAL_Driver/Src/stm32l4xx_hal_rcc_ex.c ****           {
 830              		.loc 1 373 15 is_stmt 0 view .LVU266
 831 0124 FFF7FEFF 		bl	HAL_GetTick
 832              	.LVL79:
 373:Drivers/STM32L4xx_HAL_Driver/Src/stm32l4xx_hal_rcc_ex.c ****           {
 833              		.loc 1 373 29 view .LVU267
 834 0128 401B     		subs	r0, r0, r5
 373:Drivers/STM32L4xx_HAL_Driver/Src/stm32l4xx_hal_rcc_ex.c ****           {
 835              		.loc 1 373 13 view .LVU268
 836 012a 41F28833 		movw	r3, #5000
 837 012e 9842     		cmp	r0, r3
 838 0130 F2D9     		bls	.L67
 375:Drivers/STM32L4xx_HAL_Driver/Src/stm32l4xx_hal_rcc_ex.c ****             break;
 839              		.loc 1 375 17 view .LVU269
 840 0132 0327     		movs	r7, #3
 841              	.LVL80:
 375:Drivers/STM32L4xx_HAL_Driver/Src/stm32l4xx_hal_rcc_ex.c ****             break;
 842              		.loc 1 375 17 view .LVU270
 843 0134 DDE7     		b	.L66
 844              	.LVL81:
 845              	.L87:
 395:Drivers/STM32L4xx_HAL_Driver/Src/stm32l4xx_hal_rcc_ex.c ****     }
 846              		.loc 1 395 14 view .LVU271
 847 0136 3E46     		mov	r6, r7
 848              	.LVL82:
 849              	.L64:
 399:Drivers/STM32L4xx_HAL_Driver/Src/stm32l4xx_hal_rcc_ex.c ****     {
 850              		.loc 1 399 5 is_stmt 1 view .LVU272
 399:Drivers/STM32L4xx_HAL_Driver/Src/stm32l4xx_hal_rcc_ex.c ****     {
 851              		.loc 1 399 7 is_stmt 0 view .LVU273
 852 0138 B8F1000F 		cmp	r8, #0
 853 013c 40F0A780 		bne	.L95
ARM GAS  /tmp/ccBxf6FW.s 			page 82


 854              	.LVL83:
 855              	.L59:
 399:Drivers/STM32L4xx_HAL_Driver/Src/stm32l4xx_hal_rcc_ex.c ****     {
 856              		.loc 1 399 7 view .LVU274
 857              	.LBE2:
 406:Drivers/STM32L4xx_HAL_Driver/Src/stm32l4xx_hal_rcc_ex.c ****   {
 858              		.loc 1 406 3 is_stmt 1 view .LVU275
 406:Drivers/STM32L4xx_HAL_Driver/Src/stm32l4xx_hal_rcc_ex.c ****   {
 859              		.loc 1 406 21 is_stmt 0 view .LVU276
 860 0140 2368     		ldr	r3, [r4]
 406:Drivers/STM32L4xx_HAL_Driver/Src/stm32l4xx_hal_rcc_ex.c ****   {
 861              		.loc 1 406 5 view .LVU277
 862 0142 13F0010F 		tst	r3, #1
 863 0146 08D0     		beq	.L69
 409:Drivers/STM32L4xx_HAL_Driver/Src/stm32l4xx_hal_rcc_ex.c **** 
 864              		.loc 1 409 5 is_stmt 1 view .LVU278
 412:Drivers/STM32L4xx_HAL_Driver/Src/stm32l4xx_hal_rcc_ex.c ****   }
 865              		.loc 1 412 5 view .LVU279
 866 0148 654A     		ldr	r2, .L101
 867 014a D2F88830 		ldr	r3, [r2, #136]
 868 014e 23F00303 		bic	r3, r3, #3
 869 0152 216A     		ldr	r1, [r4, #32]
 870 0154 0B43     		orrs	r3, r3, r1
 871 0156 C2F88830 		str	r3, [r2, #136]
 872              	.L69:
 416:Drivers/STM32L4xx_HAL_Driver/Src/stm32l4xx_hal_rcc_ex.c ****   {
 873              		.loc 1 416 3 view .LVU280
 416:Drivers/STM32L4xx_HAL_Driver/Src/stm32l4xx_hal_rcc_ex.c ****   {
 874              		.loc 1 416 21 is_stmt 0 view .LVU281
 875 015a 2368     		ldr	r3, [r4]
 416:Drivers/STM32L4xx_HAL_Driver/Src/stm32l4xx_hal_rcc_ex.c ****   {
 876              		.loc 1 416 5 view .LVU282
 877 015c 13F0020F 		tst	r3, #2
 878 0160 08D0     		beq	.L70
 419:Drivers/STM32L4xx_HAL_Driver/Src/stm32l4xx_hal_rcc_ex.c **** 
 879              		.loc 1 419 5 is_stmt 1 view .LVU283
 422:Drivers/STM32L4xx_HAL_Driver/Src/stm32l4xx_hal_rcc_ex.c ****   }
 880              		.loc 1 422 5 view .LVU284
 881 0162 5F4A     		ldr	r2, .L101
 882 0164 D2F88830 		ldr	r3, [r2, #136]
 883 0168 23F00C03 		bic	r3, r3, #12
 884 016c 616A     		ldr	r1, [r4, #36]
 885 016e 0B43     		orrs	r3, r3, r1
 886 0170 C2F88830 		str	r3, [r2, #136]
 887              	.L70:
 468:Drivers/STM32L4xx_HAL_Driver/Src/stm32l4xx_hal_rcc_ex.c ****   {
 888              		.loc 1 468 3 view .LVU285
 468:Drivers/STM32L4xx_HAL_Driver/Src/stm32l4xx_hal_rcc_ex.c ****   {
 889              		.loc 1 468 21 is_stmt 0 view .LVU286
 890 0174 2368     		ldr	r3, [r4]
 468:Drivers/STM32L4xx_HAL_Driver/Src/stm32l4xx_hal_rcc_ex.c ****   {
 891              		.loc 1 468 5 view .LVU287
 892 0176 13F0200F 		tst	r3, #32
 893 017a 08D0     		beq	.L71
 471:Drivers/STM32L4xx_HAL_Driver/Src/stm32l4xx_hal_rcc_ex.c **** 
 894              		.loc 1 471 5 is_stmt 1 view .LVU288
 474:Drivers/STM32L4xx_HAL_Driver/Src/stm32l4xx_hal_rcc_ex.c ****   }
ARM GAS  /tmp/ccBxf6FW.s 			page 83


 895              		.loc 1 474 5 view .LVU289
 896 017c 584A     		ldr	r2, .L101
 897 017e D2F88830 		ldr	r3, [r2, #136]
 898 0182 23F44063 		bic	r3, r3, #3072
 899 0186 A16A     		ldr	r1, [r4, #40]
 900 0188 0B43     		orrs	r3, r3, r1
 901 018a C2F88830 		str	r3, [r2, #136]
 902              	.L71:
 478:Drivers/STM32L4xx_HAL_Driver/Src/stm32l4xx_hal_rcc_ex.c ****   {
 903              		.loc 1 478 3 view .LVU290
 478:Drivers/STM32L4xx_HAL_Driver/Src/stm32l4xx_hal_rcc_ex.c ****   {
 904              		.loc 1 478 21 is_stmt 0 view .LVU291
 905 018e 2368     		ldr	r3, [r4]
 478:Drivers/STM32L4xx_HAL_Driver/Src/stm32l4xx_hal_rcc_ex.c ****   {
 906              		.loc 1 478 5 view .LVU292
 907 0190 13F4007F 		tst	r3, #512
 908 0194 08D0     		beq	.L72
 480:Drivers/STM32L4xx_HAL_Driver/Src/stm32l4xx_hal_rcc_ex.c ****     __HAL_RCC_LPTIM1_CONFIG(PeriphClkInit->Lptim1ClockSelection);
 909              		.loc 1 480 5 is_stmt 1 view .LVU293
 481:Drivers/STM32L4xx_HAL_Driver/Src/stm32l4xx_hal_rcc_ex.c ****   }
 910              		.loc 1 481 5 view .LVU294
 911 0196 524A     		ldr	r2, .L101
 912 0198 D2F88830 		ldr	r3, [r2, #136]
 913 019c 23F44023 		bic	r3, r3, #786432
 914 01a0 616B     		ldr	r1, [r4, #52]
 915 01a2 0B43     		orrs	r3, r3, r1
 916 01a4 C2F88830 		str	r3, [r2, #136]
 917              	.L72:
 485:Drivers/STM32L4xx_HAL_Driver/Src/stm32l4xx_hal_rcc_ex.c ****   {
 918              		.loc 1 485 3 view .LVU295
 485:Drivers/STM32L4xx_HAL_Driver/Src/stm32l4xx_hal_rcc_ex.c ****   {
 919              		.loc 1 485 21 is_stmt 0 view .LVU296
 920 01a8 2368     		ldr	r3, [r4]
 485:Drivers/STM32L4xx_HAL_Driver/Src/stm32l4xx_hal_rcc_ex.c ****   {
 921              		.loc 1 485 5 view .LVU297
 922 01aa 13F4806F 		tst	r3, #1024
 923 01ae 08D0     		beq	.L73
 487:Drivers/STM32L4xx_HAL_Driver/Src/stm32l4xx_hal_rcc_ex.c ****     __HAL_RCC_LPTIM2_CONFIG(PeriphClkInit->Lptim2ClockSelection);
 924              		.loc 1 487 5 is_stmt 1 view .LVU298
 488:Drivers/STM32L4xx_HAL_Driver/Src/stm32l4xx_hal_rcc_ex.c ****   }
 925              		.loc 1 488 5 view .LVU299
 926 01b0 4B4A     		ldr	r2, .L101
 927 01b2 D2F88830 		ldr	r3, [r2, #136]
 928 01b6 23F44013 		bic	r3, r3, #3145728
 929 01ba A16B     		ldr	r1, [r4, #56]
 930 01bc 0B43     		orrs	r3, r3, r1
 931 01be C2F88830 		str	r3, [r2, #136]
 932              	.L73:
 492:Drivers/STM32L4xx_HAL_Driver/Src/stm32l4xx_hal_rcc_ex.c ****   {
 933              		.loc 1 492 3 view .LVU300
 492:Drivers/STM32L4xx_HAL_Driver/Src/stm32l4xx_hal_rcc_ex.c ****   {
 934              		.loc 1 492 21 is_stmt 0 view .LVU301
 935 01c2 2368     		ldr	r3, [r4]
 492:Drivers/STM32L4xx_HAL_Driver/Src/stm32l4xx_hal_rcc_ex.c ****   {
 936              		.loc 1 492 5 view .LVU302
 937 01c4 13F0400F 		tst	r3, #64
 938 01c8 08D0     		beq	.L74
ARM GAS  /tmp/ccBxf6FW.s 			page 84


 495:Drivers/STM32L4xx_HAL_Driver/Src/stm32l4xx_hal_rcc_ex.c **** 
 939              		.loc 1 495 5 is_stmt 1 view .LVU303
 498:Drivers/STM32L4xx_HAL_Driver/Src/stm32l4xx_hal_rcc_ex.c ****   }
 940              		.loc 1 498 5 view .LVU304
 941 01ca 454A     		ldr	r2, .L101
 942 01cc D2F88830 		ldr	r3, [r2, #136]
 943 01d0 23F44053 		bic	r3, r3, #12288
 944 01d4 E16A     		ldr	r1, [r4, #44]
 945 01d6 0B43     		orrs	r3, r3, r1
 946 01d8 C2F88830 		str	r3, [r2, #136]
 947              	.L74:
 516:Drivers/STM32L4xx_HAL_Driver/Src/stm32l4xx_hal_rcc_ex.c ****   {
 948              		.loc 1 516 3 view .LVU305
 516:Drivers/STM32L4xx_HAL_Driver/Src/stm32l4xx_hal_rcc_ex.c ****   {
 949              		.loc 1 516 21 is_stmt 0 view .LVU306
 950 01dc 2368     		ldr	r3, [r4]
 516:Drivers/STM32L4xx_HAL_Driver/Src/stm32l4xx_hal_rcc_ex.c ****   {
 951              		.loc 1 516 5 view .LVU307
 952 01de 13F4807F 		tst	r3, #256
 953 01e2 08D0     		beq	.L75
 519:Drivers/STM32L4xx_HAL_Driver/Src/stm32l4xx_hal_rcc_ex.c **** 
 954              		.loc 1 519 5 is_stmt 1 view .LVU308
 522:Drivers/STM32L4xx_HAL_Driver/Src/stm32l4xx_hal_rcc_ex.c ****   }
 955              		.loc 1 522 5 view .LVU309
 956 01e4 3E4A     		ldr	r2, .L101
 957 01e6 D2F88830 		ldr	r3, [r2, #136]
 958 01ea 23F44033 		bic	r3, r3, #196608
 959 01ee 216B     		ldr	r1, [r4, #48]
 960 01f0 0B43     		orrs	r3, r3, r1
 961 01f2 C2F88830 		str	r3, [r2, #136]
 962              	.L75:
 542:Drivers/STM32L4xx_HAL_Driver/Src/stm32l4xx_hal_rcc_ex.c ****   {
 963              		.loc 1 542 3 view .LVU310
 542:Drivers/STM32L4xx_HAL_Driver/Src/stm32l4xx_hal_rcc_ex.c ****   {
 964              		.loc 1 542 21 is_stmt 0 view .LVU311
 965 01f6 2368     		ldr	r3, [r4]
 542:Drivers/STM32L4xx_HAL_Driver/Src/stm32l4xx_hal_rcc_ex.c ****   {
 966              		.loc 1 542 5 view .LVU312
 967 01f8 13F4005F 		tst	r3, #8192
 968 01fc 0FD0     		beq	.L76
 544:Drivers/STM32L4xx_HAL_Driver/Src/stm32l4xx_hal_rcc_ex.c ****     __HAL_RCC_USB_CONFIG(PeriphClkInit->UsbClockSelection);
 969              		.loc 1 544 5 is_stmt 1 view .LVU313
 545:Drivers/STM32L4xx_HAL_Driver/Src/stm32l4xx_hal_rcc_ex.c **** 
 970              		.loc 1 545 5 view .LVU314
 971 01fe 384A     		ldr	r2, .L101
 972 0200 D2F88830 		ldr	r3, [r2, #136]
 973 0204 23F04063 		bic	r3, r3, #201326592
 974 0208 216C     		ldr	r1, [r4, #64]
 975 020a 0B43     		orrs	r3, r3, r1
 976 020c C2F88830 		str	r3, [r2, #136]
 547:Drivers/STM32L4xx_HAL_Driver/Src/stm32l4xx_hal_rcc_ex.c ****     {
 977              		.loc 1 547 5 view .LVU315
 547:Drivers/STM32L4xx_HAL_Driver/Src/stm32l4xx_hal_rcc_ex.c ****     {
 978              		.loc 1 547 21 is_stmt 0 view .LVU316
 979 0210 236C     		ldr	r3, [r4, #64]
 547:Drivers/STM32L4xx_HAL_Driver/Src/stm32l4xx_hal_rcc_ex.c ****     {
 980              		.loc 1 547 7 view .LVU317
ARM GAS  /tmp/ccBxf6FW.s 			page 85


 981 0212 B3F1006F 		cmp	r3, #134217728
 982 0216 40D0     		beq	.L96
 555:Drivers/STM32L4xx_HAL_Driver/Src/stm32l4xx_hal_rcc_ex.c ****       {
 983              		.loc 1 555 7 is_stmt 1 view .LVU318
 555:Drivers/STM32L4xx_HAL_Driver/Src/stm32l4xx_hal_rcc_ex.c ****       {
 984              		.loc 1 555 9 is_stmt 0 view .LVU319
 985 0218 B3F1806F 		cmp	r3, #67108864
 986 021c 42D0     		beq	.L97
 987              	.LVL84:
 988              	.L76:
 612:Drivers/STM32L4xx_HAL_Driver/Src/stm32l4xx_hal_rcc_ex.c ****   {
 989              		.loc 1 612 3 is_stmt 1 view .LVU320
 612:Drivers/STM32L4xx_HAL_Driver/Src/stm32l4xx_hal_rcc_ex.c ****   {
 990              		.loc 1 612 21 is_stmt 0 view .LVU321
 991 021e 2368     		ldr	r3, [r4]
 612:Drivers/STM32L4xx_HAL_Driver/Src/stm32l4xx_hal_rcc_ex.c ****   {
 992              		.loc 1 612 5 view .LVU322
 993 0220 13F4802F 		tst	r3, #262144
 994 0224 0FD0     		beq	.L78
 614:Drivers/STM32L4xx_HAL_Driver/Src/stm32l4xx_hal_rcc_ex.c ****     __HAL_RCC_RNG_CONFIG(PeriphClkInit->RngClockSelection);
 995              		.loc 1 614 5 is_stmt 1 view .LVU323
 615:Drivers/STM32L4xx_HAL_Driver/Src/stm32l4xx_hal_rcc_ex.c **** 
 996              		.loc 1 615 5 view .LVU324
 997 0226 2E4A     		ldr	r2, .L101
 998 0228 D2F88830 		ldr	r3, [r2, #136]
 999 022c 23F04063 		bic	r3, r3, #201326592
 1000 0230 616C     		ldr	r1, [r4, #68]
 1001 0232 0B43     		orrs	r3, r3, r1
 1002 0234 C2F88830 		str	r3, [r2, #136]
 617:Drivers/STM32L4xx_HAL_Driver/Src/stm32l4xx_hal_rcc_ex.c ****     {
 1003              		.loc 1 617 5 view .LVU325
 617:Drivers/STM32L4xx_HAL_Driver/Src/stm32l4xx_hal_rcc_ex.c ****     {
 1004              		.loc 1 617 21 is_stmt 0 view .LVU326
 1005 0238 636C     		ldr	r3, [r4, #68]
 617:Drivers/STM32L4xx_HAL_Driver/Src/stm32l4xx_hal_rcc_ex.c ****     {
 1006              		.loc 1 617 7 view .LVU327
 1007 023a B3F1006F 		cmp	r3, #134217728
 1008 023e 39D0     		beq	.L98
 623:Drivers/STM32L4xx_HAL_Driver/Src/stm32l4xx_hal_rcc_ex.c ****     {
 1009              		.loc 1 623 10 is_stmt 1 view .LVU328
 623:Drivers/STM32L4xx_HAL_Driver/Src/stm32l4xx_hal_rcc_ex.c ****     {
 1010              		.loc 1 623 12 is_stmt 0 view .LVU329
 1011 0240 B3F1806F 		cmp	r3, #67108864
 1012 0244 3BD0     		beq	.L99
 1013              	.LVL85:
 1014              	.L78:
 638:Drivers/STM32L4xx_HAL_Driver/Src/stm32l4xx_hal_rcc_ex.c ****   }
 1015              		.loc 1 638 5 is_stmt 1 view .LVU330
 643:Drivers/STM32L4xx_HAL_Driver/Src/stm32l4xx_hal_rcc_ex.c ****   {
 1016              		.loc 1 643 3 view .LVU331
 643:Drivers/STM32L4xx_HAL_Driver/Src/stm32l4xx_hal_rcc_ex.c ****   {
 1017              		.loc 1 643 21 is_stmt 0 view .LVU332
 1018 0246 2368     		ldr	r3, [r4]
 643:Drivers/STM32L4xx_HAL_Driver/Src/stm32l4xx_hal_rcc_ex.c ****   {
 1019              		.loc 1 643 5 view .LVU333
 1020 0248 13F4804F 		tst	r3, #16384
 1021 024c 0CD0     		beq	.L80
ARM GAS  /tmp/ccBxf6FW.s 			page 86


 646:Drivers/STM32L4xx_HAL_Driver/Src/stm32l4xx_hal_rcc_ex.c **** 
 1022              		.loc 1 646 5 is_stmt 1 view .LVU334
 649:Drivers/STM32L4xx_HAL_Driver/Src/stm32l4xx_hal_rcc_ex.c **** 
 1023              		.loc 1 649 5 view .LVU335
 1024 024e 244A     		ldr	r2, .L101
 1025 0250 D2F88830 		ldr	r3, [r2, #136]
 1026 0254 23F04053 		bic	r3, r3, #805306368
 1027 0258 A16C     		ldr	r1, [r4, #72]
 1028 025a 0B43     		orrs	r3, r3, r1
 1029 025c C2F88830 		str	r3, [r2, #136]
 652:Drivers/STM32L4xx_HAL_Driver/Src/stm32l4xx_hal_rcc_ex.c ****     {
 1030              		.loc 1 652 5 view .LVU336
 652:Drivers/STM32L4xx_HAL_Driver/Src/stm32l4xx_hal_rcc_ex.c ****     {
 1031              		.loc 1 652 21 is_stmt 0 view .LVU337
 1032 0260 A36C     		ldr	r3, [r4, #72]
 652:Drivers/STM32L4xx_HAL_Driver/Src/stm32l4xx_hal_rcc_ex.c ****     {
 1033              		.loc 1 652 7 view .LVU338
 1034 0262 B3F1805F 		cmp	r3, #268435456
 1035 0266 32D0     		beq	.L100
 1036              	.LVL86:
 1037              	.L80:
 691:Drivers/STM32L4xx_HAL_Driver/Src/stm32l4xx_hal_rcc_ex.c ****   {
 1038              		.loc 1 691 3 is_stmt 1 view .LVU339
 691:Drivers/STM32L4xx_HAL_Driver/Src/stm32l4xx_hal_rcc_ex.c ****   {
 1039              		.loc 1 691 21 is_stmt 0 view .LVU340
 1040 0268 2368     		ldr	r3, [r4]
 691:Drivers/STM32L4xx_HAL_Driver/Src/stm32l4xx_hal_rcc_ex.c ****   {
 1041              		.loc 1 691 5 view .LVU341
 1042 026a 13F4004F 		tst	r3, #32768
 1043 026e 08D0     		beq	.L81
 694:Drivers/STM32L4xx_HAL_Driver/Src/stm32l4xx_hal_rcc_ex.c **** 
 1044              		.loc 1 694 5 is_stmt 1 view .LVU342
 697:Drivers/STM32L4xx_HAL_Driver/Src/stm32l4xx_hal_rcc_ex.c ****   }
 1045              		.loc 1 697 5 view .LVU343
 1046 0270 1B4A     		ldr	r2, .L101
 1047 0272 D2F88830 		ldr	r3, [r2, #136]
 1048 0276 23F08043 		bic	r3, r3, #1073741824
 1049 027a E16C     		ldr	r1, [r4, #76]
 1050 027c 0B43     		orrs	r3, r3, r1
 1051 027e C2F88830 		str	r3, [r2, #136]
 1052              	.L81:
 817:Drivers/STM32L4xx_HAL_Driver/Src/stm32l4xx_hal_rcc_ex.c **** }
 1053              		.loc 1 817 3 view .LVU344
 818:Drivers/STM32L4xx_HAL_Driver/Src/stm32l4xx_hal_rcc_ex.c **** 
 1054              		.loc 1 818 1 is_stmt 0 view .LVU345
 1055 0282 3046     		mov	r0, r6
 1056 0284 02B0     		add	sp, sp, #8
 1057              	.LCFI3:
 1058              		.cfi_remember_state
 1059              		.cfi_def_cfa_offset 24
 1060              		@ sp needed
 1061 0286 BDE8F081 		pop	{r4, r5, r6, r7, r8, pc}
 1062              	.LVL87:
 1063              	.L89:
 1064              	.LCFI4:
 1065              		.cfi_restore_state
 1066              	.LBB4:
ARM GAS  /tmp/ccBxf6FW.s 			page 87


 389:Drivers/STM32L4xx_HAL_Driver/Src/stm32l4xx_hal_rcc_ex.c ****       }
 1067              		.loc 1 389 16 view .LVU346
 1068 028a 3E46     		mov	r6, r7
 1069              	.LVL88:
 389:Drivers/STM32L4xx_HAL_Driver/Src/stm32l4xx_hal_rcc_ex.c ****       }
 1070              		.loc 1 389 16 view .LVU347
 1071 028c 54E7     		b	.L64
 1072              	.LVL89:
 1073              	.L95:
 401:Drivers/STM32L4xx_HAL_Driver/Src/stm32l4xx_hal_rcc_ex.c ****     }
 1074              		.loc 1 401 7 is_stmt 1 view .LVU348
 1075 028e 144A     		ldr	r2, .L101
 1076 0290 936D     		ldr	r3, [r2, #88]
 1077 0292 23F08053 		bic	r3, r3, #268435456
 1078 0296 9365     		str	r3, [r2, #88]
 1079 0298 52E7     		b	.L59
 1080              	.LVL90:
 1081              	.L96:
 401:Drivers/STM32L4xx_HAL_Driver/Src/stm32l4xx_hal_rcc_ex.c ****     }
 1082              		.loc 1 401 7 is_stmt 0 view .LVU349
 1083              	.LBE4:
 550:Drivers/STM32L4xx_HAL_Driver/Src/stm32l4xx_hal_rcc_ex.c ****     }
 1084              		.loc 1 550 7 is_stmt 1 view .LVU350
 1085 029a D368     		ldr	r3, [r2, #12]
 1086 029c 43F48013 		orr	r3, r3, #1048576
 1087 02a0 D360     		str	r3, [r2, #12]
 1088 02a2 BCE7     		b	.L76
 1089              	.L97:
 558:Drivers/STM32L4xx_HAL_Driver/Src/stm32l4xx_hal_rcc_ex.c **** 
 1090              		.loc 1 558 9 view .LVU351
 558:Drivers/STM32L4xx_HAL_Driver/Src/stm32l4xx_hal_rcc_ex.c **** 
 1091              		.loc 1 558 15 is_stmt 0 view .LVU352
 1092 02a4 0121     		movs	r1, #1
 1093 02a6 201D     		adds	r0, r4, #4
 1094 02a8 FFF7FEFF 		bl	RCCEx_PLLSAI1_Config
 1095              	.LVL91:
 560:Drivers/STM32L4xx_HAL_Driver/Src/stm32l4xx_hal_rcc_ex.c ****         {
 1096              		.loc 1 560 9 is_stmt 1 view .LVU353
 560:Drivers/STM32L4xx_HAL_Driver/Src/stm32l4xx_hal_rcc_ex.c ****         {
 1097              		.loc 1 560 11 is_stmt 0 view .LVU354
 1098 02ac 0028     		cmp	r0, #0
 1099 02ae B6D0     		beq	.L76
 563:Drivers/STM32L4xx_HAL_Driver/Src/stm32l4xx_hal_rcc_ex.c ****         }
 1100              		.loc 1 563 18 view .LVU355
 1101 02b0 0646     		mov	r6, r0
 1102              	.LVL92:
 563:Drivers/STM32L4xx_HAL_Driver/Src/stm32l4xx_hal_rcc_ex.c ****         }
 1103              		.loc 1 563 18 view .LVU356
 1104 02b2 B4E7     		b	.L76
 1105              	.LVL93:
 1106              	.L98:
 620:Drivers/STM32L4xx_HAL_Driver/Src/stm32l4xx_hal_rcc_ex.c ****     }
 1107              		.loc 1 620 7 is_stmt 1 view .LVU357
 1108 02b4 D368     		ldr	r3, [r2, #12]
 1109 02b6 43F48013 		orr	r3, r3, #1048576
 1110 02ba D360     		str	r3, [r2, #12]
 1111 02bc C3E7     		b	.L78
ARM GAS  /tmp/ccBxf6FW.s 			page 88


 1112              	.L99:
 626:Drivers/STM32L4xx_HAL_Driver/Src/stm32l4xx_hal_rcc_ex.c **** 
 1113              		.loc 1 626 7 view .LVU358
 626:Drivers/STM32L4xx_HAL_Driver/Src/stm32l4xx_hal_rcc_ex.c **** 
 1114              		.loc 1 626 13 is_stmt 0 view .LVU359
 1115 02be 0121     		movs	r1, #1
 1116 02c0 201D     		adds	r0, r4, #4
 1117 02c2 FFF7FEFF 		bl	RCCEx_PLLSAI1_Config
 1118              	.LVL94:
 628:Drivers/STM32L4xx_HAL_Driver/Src/stm32l4xx_hal_rcc_ex.c ****       {
 1119              		.loc 1 628 7 is_stmt 1 view .LVU360
 628:Drivers/STM32L4xx_HAL_Driver/Src/stm32l4xx_hal_rcc_ex.c ****       {
 1120              		.loc 1 628 9 is_stmt 0 view .LVU361
 1121 02c6 0028     		cmp	r0, #0
 1122 02c8 BDD0     		beq	.L78
 631:Drivers/STM32L4xx_HAL_Driver/Src/stm32l4xx_hal_rcc_ex.c ****       }
 1123              		.loc 1 631 16 view .LVU362
 1124 02ca 0646     		mov	r6, r0
 1125              	.LVL95:
 631:Drivers/STM32L4xx_HAL_Driver/Src/stm32l4xx_hal_rcc_ex.c ****       }
 1126              		.loc 1 631 16 view .LVU363
 1127 02cc BBE7     		b	.L78
 1128              	.LVL96:
 1129              	.L100:
 655:Drivers/STM32L4xx_HAL_Driver/Src/stm32l4xx_hal_rcc_ex.c **** 
 1130              		.loc 1 655 7 is_stmt 1 view .LVU364
 655:Drivers/STM32L4xx_HAL_Driver/Src/stm32l4xx_hal_rcc_ex.c **** 
 1131              		.loc 1 655 13 is_stmt 0 view .LVU365
 1132 02ce 0221     		movs	r1, #2
 1133 02d0 201D     		adds	r0, r4, #4
 1134 02d2 FFF7FEFF 		bl	RCCEx_PLLSAI1_Config
 1135              	.LVL97:
 657:Drivers/STM32L4xx_HAL_Driver/Src/stm32l4xx_hal_rcc_ex.c ****       {
 1136              		.loc 1 657 7 is_stmt 1 view .LVU366
 657:Drivers/STM32L4xx_HAL_Driver/Src/stm32l4xx_hal_rcc_ex.c ****       {
 1137              		.loc 1 657 9 is_stmt 0 view .LVU367
 1138 02d6 0028     		cmp	r0, #0
 1139 02d8 C6D0     		beq	.L80
 660:Drivers/STM32L4xx_HAL_Driver/Src/stm32l4xx_hal_rcc_ex.c ****       }
 1140              		.loc 1 660 16 view .LVU368
 1141 02da 0646     		mov	r6, r0
 1142              	.LVL98:
 660:Drivers/STM32L4xx_HAL_Driver/Src/stm32l4xx_hal_rcc_ex.c ****       }
 1143              		.loc 1 660 16 view .LVU369
 1144 02dc C4E7     		b	.L80
 1145              	.L102:
 1146 02de 00BF     		.align	2
 1147              	.L101:
 1148 02e0 00100240 		.word	1073876992
 1149 02e4 00700040 		.word	1073770496
 1150              		.cfi_endproc
 1151              	.LFE288:
 1153              		.section	.text.HAL_RCCEx_GetPeriphCLKConfig,"ax",%progbits
 1154              		.align	1
 1155              		.global	HAL_RCCEx_GetPeriphCLKConfig
 1156              		.syntax unified
 1157              		.thumb
ARM GAS  /tmp/ccBxf6FW.s 			page 89


 1158              		.thumb_func
 1160              	HAL_RCCEx_GetPeriphCLKConfig:
 1161              	.LVL99:
 1162              	.LFB289:
 829:Drivers/STM32L4xx_HAL_Driver/Src/stm32l4xx_hal_rcc_ex.c ****   /* Set all possible values for the extended clock type parameter------------*/
 1163              		.loc 1 829 1 is_stmt 1 view -0
 1164              		.cfi_startproc
 1165              		@ args = 0, pretend = 0, frame = 0
 1166              		@ frame_needed = 0, uses_anonymous_args = 0
 1167              		@ link register save eliminated.
 850:Drivers/STM32L4xx_HAL_Driver/Src/stm32l4xx_hal_rcc_ex.c ****                                         RCC_PERIPHCLK_LPUART1 | RCC_PERIPHCLK_I2C1   |             
 1168              		.loc 1 850 3 view .LVU371
 850:Drivers/STM32L4xx_HAL_Driver/Src/stm32l4xx_hal_rcc_ex.c ****                                         RCC_PERIPHCLK_LPUART1 | RCC_PERIPHCLK_I2C1   |             
 1169              		.loc 1 850 39 is_stmt 0 view .LVU372
 1170 0000 324B     		ldr	r3, .L104
 1171 0002 0360     		str	r3, [r0]
 934:Drivers/STM32L4xx_HAL_Driver/Src/stm32l4xx_hal_rcc_ex.c **** #if defined(RCC_PLLSAI1M_DIV_1_16_SUPPORT)
 1172              		.loc 1 934 3 is_stmt 1 view .LVU373
 934:Drivers/STM32L4xx_HAL_Driver/Src/stm32l4xx_hal_rcc_ex.c **** #if defined(RCC_PLLSAI1M_DIV_1_16_SUPPORT)
 1173              		.loc 1 934 42 is_stmt 0 view .LVU374
 1174 0004 324B     		ldr	r3, .L104+4
 1175 0006 DA68     		ldr	r2, [r3, #12]
 934:Drivers/STM32L4xx_HAL_Driver/Src/stm32l4xx_hal_rcc_ex.c **** #if defined(RCC_PLLSAI1M_DIV_1_16_SUPPORT)
 1176              		.loc 1 934 85 view .LVU375
 1177 0008 02F00302 		and	r2, r2, #3
 934:Drivers/STM32L4xx_HAL_Driver/Src/stm32l4xx_hal_rcc_ex.c **** #if defined(RCC_PLLSAI1M_DIV_1_16_SUPPORT)
 1178              		.loc 1 934 40 view .LVU376
 1179 000c 4260     		str	r2, [r0, #4]
 938:Drivers/STM32L4xx_HAL_Driver/Src/stm32l4xx_hal_rcc_ex.c **** #endif /* RCC_PLLSAI1M_DIV_1_16_SUPPORT */
 1180              		.loc 1 938 3 is_stmt 1 view .LVU377
 938:Drivers/STM32L4xx_HAL_Driver/Src/stm32l4xx_hal_rcc_ex.c **** #endif /* RCC_PLLSAI1M_DIV_1_16_SUPPORT */
 1181              		.loc 1 938 38 is_stmt 0 view .LVU378
 1182 000e DA68     		ldr	r2, [r3, #12]
 938:Drivers/STM32L4xx_HAL_Driver/Src/stm32l4xx_hal_rcc_ex.c **** #endif /* RCC_PLLSAI1M_DIV_1_16_SUPPORT */
 1183              		.loc 1 938 79 view .LVU379
 1184 0010 C2F30212 		ubfx	r2, r2, #4, #3
 938:Drivers/STM32L4xx_HAL_Driver/Src/stm32l4xx_hal_rcc_ex.c **** #endif /* RCC_PLLSAI1M_DIV_1_16_SUPPORT */
 1185              		.loc 1 938 104 view .LVU380
 1186 0014 0132     		adds	r2, r2, #1
 938:Drivers/STM32L4xx_HAL_Driver/Src/stm32l4xx_hal_rcc_ex.c **** #endif /* RCC_PLLSAI1M_DIV_1_16_SUPPORT */
 1187              		.loc 1 938 35 view .LVU381
 1188 0016 8260     		str	r2, [r0, #8]
 940:Drivers/STM32L4xx_HAL_Driver/Src/stm32l4xx_hal_rcc_ex.c ****   PeriphClkInit->PLLSAI1.PLLSAI1P = ((READ_BIT(RCC->PLLSAI1CFGR, RCC_PLLSAI1CFGR_PLLSAI1P) >> RCC_P
 1189              		.loc 1 940 3 is_stmt 1 view .LVU382
 940:Drivers/STM32L4xx_HAL_Driver/Src/stm32l4xx_hal_rcc_ex.c ****   PeriphClkInit->PLLSAI1.PLLSAI1P = ((READ_BIT(RCC->PLLSAI1CFGR, RCC_PLLSAI1CFGR_PLLSAI1P) >> RCC_P
 1190              		.loc 1 940 37 is_stmt 0 view .LVU383
 1191 0018 1A69     		ldr	r2, [r3, #16]
 940:Drivers/STM32L4xx_HAL_Driver/Src/stm32l4xx_hal_rcc_ex.c ****   PeriphClkInit->PLLSAI1.PLLSAI1P = ((READ_BIT(RCC->PLLSAI1CFGR, RCC_PLLSAI1CFGR_PLLSAI1P) >> RCC_P
 1192              		.loc 1 940 90 view .LVU384
 1193 001a C2F30622 		ubfx	r2, r2, #8, #7
 940:Drivers/STM32L4xx_HAL_Driver/Src/stm32l4xx_hal_rcc_ex.c ****   PeriphClkInit->PLLSAI1.PLLSAI1P = ((READ_BIT(RCC->PLLSAI1CFGR, RCC_PLLSAI1CFGR_PLLSAI1P) >> RCC_P
 1194              		.loc 1 940 35 view .LVU385
 1195 001e C260     		str	r2, [r0, #12]
 941:Drivers/STM32L4xx_HAL_Driver/Src/stm32l4xx_hal_rcc_ex.c ****   PeriphClkInit->PLLSAI1.PLLSAI1Q = ((READ_BIT(RCC->PLLSAI1CFGR, RCC_PLLSAI1CFGR_PLLSAI1Q) >> RCC_P
 1196              		.loc 1 941 3 is_stmt 1 view .LVU386
 941:Drivers/STM32L4xx_HAL_Driver/Src/stm32l4xx_hal_rcc_ex.c ****   PeriphClkInit->PLLSAI1.PLLSAI1Q = ((READ_BIT(RCC->PLLSAI1CFGR, RCC_PLLSAI1CFGR_PLLSAI1Q) >> RCC_P
 1197              		.loc 1 941 39 is_stmt 0 view .LVU387
ARM GAS  /tmp/ccBxf6FW.s 			page 90


 1198 0020 1A69     		ldr	r2, [r3, #16]
 941:Drivers/STM32L4xx_HAL_Driver/Src/stm32l4xx_hal_rcc_ex.c ****   PeriphClkInit->PLLSAI1.PLLSAI1Q = ((READ_BIT(RCC->PLLSAI1CFGR, RCC_PLLSAI1CFGR_PLLSAI1Q) >> RCC_P
 1199              		.loc 1 941 92 view .LVU388
 1200 0022 520C     		lsrs	r2, r2, #17
 941:Drivers/STM32L4xx_HAL_Driver/Src/stm32l4xx_hal_rcc_ex.c ****   PeriphClkInit->PLLSAI1.PLLSAI1Q = ((READ_BIT(RCC->PLLSAI1CFGR, RCC_PLLSAI1CFGR_PLLSAI1Q) >> RCC_P
 1201              		.loc 1 941 125 view .LVU389
 1202 0024 1201     		lsls	r2, r2, #4
 1203 0026 02F01002 		and	r2, r2, #16
 941:Drivers/STM32L4xx_HAL_Driver/Src/stm32l4xx_hal_rcc_ex.c ****   PeriphClkInit->PLLSAI1.PLLSAI1Q = ((READ_BIT(RCC->PLLSAI1CFGR, RCC_PLLSAI1CFGR_PLLSAI1Q) >> RCC_P
 1204              		.loc 1 941 132 view .LVU390
 1205 002a 0732     		adds	r2, r2, #7
 941:Drivers/STM32L4xx_HAL_Driver/Src/stm32l4xx_hal_rcc_ex.c ****   PeriphClkInit->PLLSAI1.PLLSAI1Q = ((READ_BIT(RCC->PLLSAI1CFGR, RCC_PLLSAI1CFGR_PLLSAI1Q) >> RCC_P
 1206              		.loc 1 941 35 view .LVU391
 1207 002c 0261     		str	r2, [r0, #16]
 942:Drivers/STM32L4xx_HAL_Driver/Src/stm32l4xx_hal_rcc_ex.c ****   PeriphClkInit->PLLSAI1.PLLSAI1R = ((READ_BIT(RCC->PLLSAI1CFGR, RCC_PLLSAI1CFGR_PLLSAI1R) >> RCC_P
 1208              		.loc 1 942 3 is_stmt 1 view .LVU392
 942:Drivers/STM32L4xx_HAL_Driver/Src/stm32l4xx_hal_rcc_ex.c ****   PeriphClkInit->PLLSAI1.PLLSAI1R = ((READ_BIT(RCC->PLLSAI1CFGR, RCC_PLLSAI1CFGR_PLLSAI1R) >> RCC_P
 1209              		.loc 1 942 39 is_stmt 0 view .LVU393
 1210 002e 1A69     		ldr	r2, [r3, #16]
 942:Drivers/STM32L4xx_HAL_Driver/Src/stm32l4xx_hal_rcc_ex.c ****   PeriphClkInit->PLLSAI1.PLLSAI1R = ((READ_BIT(RCC->PLLSAI1CFGR, RCC_PLLSAI1CFGR_PLLSAI1R) >> RCC_P
 1211              		.loc 1 942 92 view .LVU394
 1212 0030 C2F34152 		ubfx	r2, r2, #21, #2
 942:Drivers/STM32L4xx_HAL_Driver/Src/stm32l4xx_hal_rcc_ex.c ****   PeriphClkInit->PLLSAI1.PLLSAI1R = ((READ_BIT(RCC->PLLSAI1CFGR, RCC_PLLSAI1CFGR_PLLSAI1R) >> RCC_P
 1213              		.loc 1 942 125 view .LVU395
 1214 0034 0132     		adds	r2, r2, #1
 942:Drivers/STM32L4xx_HAL_Driver/Src/stm32l4xx_hal_rcc_ex.c ****   PeriphClkInit->PLLSAI1.PLLSAI1R = ((READ_BIT(RCC->PLLSAI1CFGR, RCC_PLLSAI1CFGR_PLLSAI1R) >> RCC_P
 1215              		.loc 1 942 131 view .LVU396
 1216 0036 5200     		lsls	r2, r2, #1
 942:Drivers/STM32L4xx_HAL_Driver/Src/stm32l4xx_hal_rcc_ex.c ****   PeriphClkInit->PLLSAI1.PLLSAI1R = ((READ_BIT(RCC->PLLSAI1CFGR, RCC_PLLSAI1CFGR_PLLSAI1R) >> RCC_P
 1217              		.loc 1 942 35 view .LVU397
 1218 0038 4261     		str	r2, [r0, #20]
 943:Drivers/STM32L4xx_HAL_Driver/Src/stm32l4xx_hal_rcc_ex.c **** 
 1219              		.loc 1 943 3 is_stmt 1 view .LVU398
 943:Drivers/STM32L4xx_HAL_Driver/Src/stm32l4xx_hal_rcc_ex.c **** 
 1220              		.loc 1 943 39 is_stmt 0 view .LVU399
 1221 003a 1A69     		ldr	r2, [r3, #16]
 943:Drivers/STM32L4xx_HAL_Driver/Src/stm32l4xx_hal_rcc_ex.c **** 
 1222              		.loc 1 943 92 view .LVU400
 1223 003c C2F34162 		ubfx	r2, r2, #25, #2
 943:Drivers/STM32L4xx_HAL_Driver/Src/stm32l4xx_hal_rcc_ex.c **** 
 1224              		.loc 1 943 125 view .LVU401
 1225 0040 0132     		adds	r2, r2, #1
 943:Drivers/STM32L4xx_HAL_Driver/Src/stm32l4xx_hal_rcc_ex.c **** 
 1226              		.loc 1 943 131 view .LVU402
 1227 0042 5200     		lsls	r2, r2, #1
 943:Drivers/STM32L4xx_HAL_Driver/Src/stm32l4xx_hal_rcc_ex.c **** 
 1228              		.loc 1 943 35 view .LVU403
 1229 0044 8261     		str	r2, [r0, #24]
 967:Drivers/STM32L4xx_HAL_Driver/Src/stm32l4xx_hal_rcc_ex.c ****   /* Get the USART2 clock source ---------------------------------------------*/
 1230              		.loc 1 967 3 is_stmt 1 view .LVU404
 967:Drivers/STM32L4xx_HAL_Driver/Src/stm32l4xx_hal_rcc_ex.c ****   /* Get the USART2 clock source ---------------------------------------------*/
 1231              		.loc 1 967 42 is_stmt 0 view .LVU405
 1232 0046 D3F88820 		ldr	r2, [r3, #136]
 1233 004a 02F00302 		and	r2, r2, #3
 967:Drivers/STM32L4xx_HAL_Driver/Src/stm32l4xx_hal_rcc_ex.c ****   /* Get the USART2 clock source ---------------------------------------------*/
 1234              		.loc 1 967 40 view .LVU406
 1235 004e 0262     		str	r2, [r0, #32]
ARM GAS  /tmp/ccBxf6FW.s 			page 91


 969:Drivers/STM32L4xx_HAL_Driver/Src/stm32l4xx_hal_rcc_ex.c **** 
 1236              		.loc 1 969 3 is_stmt 1 view .LVU407
 969:Drivers/STM32L4xx_HAL_Driver/Src/stm32l4xx_hal_rcc_ex.c **** 
 1237              		.loc 1 969 42 is_stmt 0 view .LVU408
 1238 0050 D3F88820 		ldr	r2, [r3, #136]
 1239 0054 02F00C02 		and	r2, r2, #12
 969:Drivers/STM32L4xx_HAL_Driver/Src/stm32l4xx_hal_rcc_ex.c **** 
 1240              		.loc 1 969 40 view .LVU409
 1241 0058 4262     		str	r2, [r0, #36]
 987:Drivers/STM32L4xx_HAL_Driver/Src/stm32l4xx_hal_rcc_ex.c **** 
 1242              		.loc 1 987 3 is_stmt 1 view .LVU410
 987:Drivers/STM32L4xx_HAL_Driver/Src/stm32l4xx_hal_rcc_ex.c **** 
 1243              		.loc 1 987 42 is_stmt 0 view .LVU411
 1244 005a D3F88820 		ldr	r2, [r3, #136]
 1245 005e 02F44062 		and	r2, r2, #3072
 987:Drivers/STM32L4xx_HAL_Driver/Src/stm32l4xx_hal_rcc_ex.c **** 
 1246              		.loc 1 987 40 view .LVU412
 1247 0062 8262     		str	r2, [r0, #40]
 990:Drivers/STM32L4xx_HAL_Driver/Src/stm32l4xx_hal_rcc_ex.c **** 
 1248              		.loc 1 990 3 is_stmt 1 view .LVU413
 990:Drivers/STM32L4xx_HAL_Driver/Src/stm32l4xx_hal_rcc_ex.c **** 
 1249              		.loc 1 990 42 is_stmt 0 view .LVU414
 1250 0064 D3F88820 		ldr	r2, [r3, #136]
 1251 0068 02F44052 		and	r2, r2, #12288
 990:Drivers/STM32L4xx_HAL_Driver/Src/stm32l4xx_hal_rcc_ex.c **** 
 1252              		.loc 1 990 40 view .LVU415
 1253 006c C262     		str	r2, [r0, #44]
 998:Drivers/STM32L4xx_HAL_Driver/Src/stm32l4xx_hal_rcc_ex.c **** 
 1254              		.loc 1 998 3 is_stmt 1 view .LVU416
 998:Drivers/STM32L4xx_HAL_Driver/Src/stm32l4xx_hal_rcc_ex.c **** 
 1255              		.loc 1 998 42 is_stmt 0 view .LVU417
 1256 006e D3F88820 		ldr	r2, [r3, #136]
 1257 0072 02F44032 		and	r2, r2, #196608
 998:Drivers/STM32L4xx_HAL_Driver/Src/stm32l4xx_hal_rcc_ex.c **** 
 1258              		.loc 1 998 40 view .LVU418
 1259 0076 0263     		str	r2, [r0, #48]
1006:Drivers/STM32L4xx_HAL_Driver/Src/stm32l4xx_hal_rcc_ex.c **** 
 1260              		.loc 1 1006 3 is_stmt 1 view .LVU419
1006:Drivers/STM32L4xx_HAL_Driver/Src/stm32l4xx_hal_rcc_ex.c **** 
 1261              		.loc 1 1006 42 is_stmt 0 view .LVU420
 1262 0078 D3F88820 		ldr	r2, [r3, #136]
 1263 007c 02F44022 		and	r2, r2, #786432
1006:Drivers/STM32L4xx_HAL_Driver/Src/stm32l4xx_hal_rcc_ex.c **** 
 1264              		.loc 1 1006 40 view .LVU421
 1265 0080 4263     		str	r2, [r0, #52]
1009:Drivers/STM32L4xx_HAL_Driver/Src/stm32l4xx_hal_rcc_ex.c **** 
 1266              		.loc 1 1009 3 is_stmt 1 view .LVU422
1009:Drivers/STM32L4xx_HAL_Driver/Src/stm32l4xx_hal_rcc_ex.c **** 
 1267              		.loc 1 1009 42 is_stmt 0 view .LVU423
 1268 0082 D3F88820 		ldr	r2, [r3, #136]
 1269 0086 02F44012 		and	r2, r2, #3145728
1009:Drivers/STM32L4xx_HAL_Driver/Src/stm32l4xx_hal_rcc_ex.c **** 
 1270              		.loc 1 1009 40 view .LVU424
 1271 008a 8263     		str	r2, [r0, #56]
1013:Drivers/STM32L4xx_HAL_Driver/Src/stm32l4xx_hal_rcc_ex.c **** #endif /* SAI1 */
 1272              		.loc 1 1013 3 is_stmt 1 view .LVU425
1013:Drivers/STM32L4xx_HAL_Driver/Src/stm32l4xx_hal_rcc_ex.c **** #endif /* SAI1 */
ARM GAS  /tmp/ccBxf6FW.s 			page 92


 1273              		.loc 1 1013 42 is_stmt 0 view .LVU426
 1274 008c D3F88820 		ldr	r2, [r3, #136]
 1275 0090 02F44002 		and	r2, r2, #12582912
1013:Drivers/STM32L4xx_HAL_Driver/Src/stm32l4xx_hal_rcc_ex.c **** #endif /* SAI1 */
 1276              		.loc 1 1013 40 view .LVU427
 1277 0094 C263     		str	r2, [r0, #60]
1022:Drivers/STM32L4xx_HAL_Driver/Src/stm32l4xx_hal_rcc_ex.c **** 
 1278              		.loc 1 1022 3 is_stmt 1 view .LVU428
1022:Drivers/STM32L4xx_HAL_Driver/Src/stm32l4xx_hal_rcc_ex.c **** 
 1279              		.loc 1 1022 42 is_stmt 0 view .LVU429
 1280 0096 D3F89020 		ldr	r2, [r3, #144]
 1281 009a 02F44072 		and	r2, r2, #768
1022:Drivers/STM32L4xx_HAL_Driver/Src/stm32l4xx_hal_rcc_ex.c **** 
 1282              		.loc 1 1022 40 view .LVU430
 1283 009e 0265     		str	r2, [r0, #80]
1026:Drivers/STM32L4xx_HAL_Driver/Src/stm32l4xx_hal_rcc_ex.c **** #endif /* USB_OTG_FS || USB */
 1284              		.loc 1 1026 3 is_stmt 1 view .LVU431
1026:Drivers/STM32L4xx_HAL_Driver/Src/stm32l4xx_hal_rcc_ex.c **** #endif /* USB_OTG_FS || USB */
 1285              		.loc 1 1026 40 is_stmt 0 view .LVU432
 1286 00a0 D3F88820 		ldr	r2, [r3, #136]
 1287 00a4 02F04062 		and	r2, r2, #201326592
1026:Drivers/STM32L4xx_HAL_Driver/Src/stm32l4xx_hal_rcc_ex.c **** #endif /* USB_OTG_FS || USB */
 1288              		.loc 1 1026 38 view .LVU433
 1289 00a8 0264     		str	r2, [r0, #64]
1035:Drivers/STM32L4xx_HAL_Driver/Src/stm32l4xx_hal_rcc_ex.c **** 
 1290              		.loc 1 1035 3 is_stmt 1 view .LVU434
1035:Drivers/STM32L4xx_HAL_Driver/Src/stm32l4xx_hal_rcc_ex.c **** 
 1291              		.loc 1 1035 40 is_stmt 0 view .LVU435
 1292 00aa D3F88820 		ldr	r2, [r3, #136]
 1293 00ae 02F04062 		and	r2, r2, #201326592
1035:Drivers/STM32L4xx_HAL_Driver/Src/stm32l4xx_hal_rcc_ex.c **** 
 1294              		.loc 1 1035 38 view .LVU436
 1295 00b2 4264     		str	r2, [r0, #68]
1039:Drivers/STM32L4xx_HAL_Driver/Src/stm32l4xx_hal_rcc_ex.c **** #endif /* !STM32L412xx && !STM32L422xx */
 1296              		.loc 1 1039 3 is_stmt 1 view .LVU437
1039:Drivers/STM32L4xx_HAL_Driver/Src/stm32l4xx_hal_rcc_ex.c **** #endif /* !STM32L412xx && !STM32L422xx */
 1297              		.loc 1 1039 42 is_stmt 0 view .LVU438
 1298 00b4 D3F88820 		ldr	r2, [r3, #136]
 1299 00b8 02F04052 		and	r2, r2, #805306368
1039:Drivers/STM32L4xx_HAL_Driver/Src/stm32l4xx_hal_rcc_ex.c **** #endif /* !STM32L412xx && !STM32L422xx */
 1300              		.loc 1 1039 40 view .LVU439
 1301 00bc 8264     		str	r2, [r0, #72]
1044:Drivers/STM32L4xx_HAL_Driver/Src/stm32l4xx_hal_rcc_ex.c **** #endif /* SWPMI1 */
 1302              		.loc 1 1044 3 is_stmt 1 view .LVU440
1044:Drivers/STM32L4xx_HAL_Driver/Src/stm32l4xx_hal_rcc_ex.c **** #endif /* SWPMI1 */
 1303              		.loc 1 1044 42 is_stmt 0 view .LVU441
 1304 00be D3F88830 		ldr	r3, [r3, #136]
 1305 00c2 03F08043 		and	r3, r3, #1073741824
1044:Drivers/STM32L4xx_HAL_Driver/Src/stm32l4xx_hal_rcc_ex.c **** #endif /* SWPMI1 */
 1306              		.loc 1 1044 40 view .LVU442
 1307 00c6 C364     		str	r3, [r0, #76]
1071:Drivers/STM32L4xx_HAL_Driver/Src/stm32l4xx_hal_rcc_ex.c **** 
 1308              		.loc 1 1071 1 view .LVU443
 1309 00c8 7047     		bx	lr
 1310              	.L105:
 1311 00ca 00BF     		.align	2
 1312              	.L104:
ARM GAS  /tmp/ccBxf6FW.s 			page 93


 1313 00cc 63EF0600 		.word	454499
 1314 00d0 00100240 		.word	1073876992
 1315              		.cfi_endproc
 1316              	.LFE289:
 1318              		.section	.text.HAL_RCCEx_GetPeriphCLKFreq,"ax",%progbits
 1319              		.align	1
 1320              		.global	HAL_RCCEx_GetPeriphCLKFreq
 1321              		.syntax unified
 1322              		.thumb
 1323              		.thumb_func
 1325              	HAL_RCCEx_GetPeriphCLKFreq:
 1326              	.LVL100:
 1327              	.LFB290:
1155:Drivers/STM32L4xx_HAL_Driver/Src/stm32l4xx_hal_rcc_ex.c ****   uint32_t frequency = 0U;
 1328              		.loc 1 1155 1 is_stmt 1 view -0
 1329              		.cfi_startproc
 1330              		@ args = 0, pretend = 0, frame = 0
 1331              		@ frame_needed = 0, uses_anonymous_args = 0
1155:Drivers/STM32L4xx_HAL_Driver/Src/stm32l4xx_hal_rcc_ex.c ****   uint32_t frequency = 0U;
 1332              		.loc 1 1155 1 is_stmt 0 view .LVU445
 1333 0000 08B5     		push	{r3, lr}
 1334              	.LCFI5:
 1335              		.cfi_def_cfa_offset 8
 1336              		.cfi_offset 3, -8
 1337              		.cfi_offset 14, -4
1156:Drivers/STM32L4xx_HAL_Driver/Src/stm32l4xx_hal_rcc_ex.c ****   uint32_t srcclk, pll_oscsource, pllvco, plln;    /* no init needed */
 1338              		.loc 1 1156 3 is_stmt 1 view .LVU446
 1339              	.LVL101:
1157:Drivers/STM32L4xx_HAL_Driver/Src/stm32l4xx_hal_rcc_ex.c **** #if defined(SDMMC1) && defined(RCC_CCIPR2_SDMMCSEL)
 1340              		.loc 1 1157 3 view .LVU447
1163:Drivers/STM32L4xx_HAL_Driver/Src/stm32l4xx_hal_rcc_ex.c **** 
 1341              		.loc 1 1163 3 view .LVU448
1165:Drivers/STM32L4xx_HAL_Driver/Src/stm32l4xx_hal_rcc_ex.c ****   {
 1342              		.loc 1 1165 3 view .LVU449
1165:Drivers/STM32L4xx_HAL_Driver/Src/stm32l4xx_hal_rcc_ex.c ****   {
 1343              		.loc 1 1165 5 is_stmt 0 view .LVU450
 1344 0002 B0F5003F 		cmp	r0, #131072
 1345 0006 25D0     		beq	.L196
1210:Drivers/STM32L4xx_HAL_Driver/Src/stm32l4xx_hal_rcc_ex.c **** 
 1346              		.loc 1 1210 5 is_stmt 1 view .LVU451
1210:Drivers/STM32L4xx_HAL_Driver/Src/stm32l4xx_hal_rcc_ex.c **** 
 1347              		.loc 1 1210 21 is_stmt 0 view .LVU452
 1348 0008 AB4B     		ldr	r3, .L216
 1349 000a DB68     		ldr	r3, [r3, #12]
1210:Drivers/STM32L4xx_HAL_Driver/Src/stm32l4xx_hal_rcc_ex.c **** 
 1350              		.loc 1 1210 19 view .LVU453
 1351 000c 03F00303 		and	r3, r3, #3
 1352              	.LVL102:
1213:Drivers/STM32L4xx_HAL_Driver/Src/stm32l4xx_hal_rcc_ex.c ****     {
 1353              		.loc 1 1213 5 is_stmt 1 view .LVU454
 1354 0010 022B     		cmp	r3, #2
 1355 0012 5FD0     		beq	.L111
 1356 0014 032B     		cmp	r3, #3
 1357 0016 64D0     		beq	.L112
 1358 0018 012B     		cmp	r3, #1
 1359 001a 44D0     		beq	.L197
 1360 001c 0021     		movs	r1, #0
ARM GAS  /tmp/ccBxf6FW.s 			page 94


 1361              	.LVL103:
 1362              	.L113:
1252:Drivers/STM32L4xx_HAL_Driver/Src/stm32l4xx_hal_rcc_ex.c ****     {
 1363              		.loc 1 1252 5 view .LVU455
 1364 001e B0F5007F 		cmp	r0, #512
 1365 0022 00F01582 		beq	.L116
 1366 0026 63D9     		bls	.L198
 1367 0028 B0F5804F 		cmp	r0, #16384
 1368 002c 00F0B881 		beq	.L124
 1369 0030 40F29A80 		bls	.L199
 1370 0034 B0F5004F 		cmp	r0, #32768
 1371 0038 40F0EB80 		bne	.L200
1958:Drivers/STM32L4xx_HAL_Driver/Src/stm32l4xx_hal_rcc_ex.c **** 
 1372              		.loc 1 1958 9 view .LVU456
1958:Drivers/STM32L4xx_HAL_Driver/Src/stm32l4xx_hal_rcc_ex.c **** 
 1373              		.loc 1 1958 18 is_stmt 0 view .LVU457
 1374 003c 9E4B     		ldr	r3, .L216
 1375 003e D3F88830 		ldr	r3, [r3, #136]
 1376              	.LVL104:
1960:Drivers/STM32L4xx_HAL_Driver/Src/stm32l4xx_hal_rcc_ex.c ****         {
 1377              		.loc 1 1960 9 is_stmt 1 view .LVU458
 1378 0042 13F08043 		ands	r3, r3, #1073741824
 1379              	.LVL105:
1960:Drivers/STM32L4xx_HAL_Driver/Src/stm32l4xx_hal_rcc_ex.c ****         {
 1380              		.loc 1 1960 9 is_stmt 0 view .LVU459
 1381 0046 00F05282 		beq	.L166
 1382 004a 002B     		cmp	r3, #0
 1383 004c 40F05282 		bne	.L167
 1384 0050 0020     		movs	r0, #0
 1385              	.LVL106:
1960:Drivers/STM32L4xx_HAL_Driver/Src/stm32l4xx_hal_rcc_ex.c ****         {
 1386              		.loc 1 1960 9 view .LVU460
 1387 0052 0EE0     		b	.L106
 1388              	.LVL107:
 1389              	.L196:
1168:Drivers/STM32L4xx_HAL_Driver/Src/stm32l4xx_hal_rcc_ex.c **** 
 1390              		.loc 1 1168 5 is_stmt 1 view .LVU461
1168:Drivers/STM32L4xx_HAL_Driver/Src/stm32l4xx_hal_rcc_ex.c **** 
 1391              		.loc 1 1168 14 is_stmt 0 view .LVU462
 1392 0054 984B     		ldr	r3, .L216
 1393 0056 D3F89030 		ldr	r3, [r3, #144]
1168:Drivers/STM32L4xx_HAL_Driver/Src/stm32l4xx_hal_rcc_ex.c **** 
 1394              		.loc 1 1168 12 view .LVU463
 1395 005a 03F44073 		and	r3, r3, #768
 1396              	.LVL108:
1170:Drivers/STM32L4xx_HAL_Driver/Src/stm32l4xx_hal_rcc_ex.c ****     {
 1397              		.loc 1 1170 5 is_stmt 1 view .LVU464
 1398 005e B3F5007F 		cmp	r3, #512
 1399 0062 10D0     		beq	.L108
 1400 0064 B3F5407F 		cmp	r3, #768
 1401 0068 16D0     		beq	.L109
 1402 006a B3F5807F 		cmp	r3, #256
 1403 006e 01D0     		beq	.L201
 1404 0070 0020     		movs	r0, #0
 1405              	.LVL109:
 1406              	.L106:
2029:Drivers/STM32L4xx_HAL_Driver/Src/stm32l4xx_hal_rcc_ex.c **** 
ARM GAS  /tmp/ccBxf6FW.s 			page 95


 1407              		.loc 1 2029 1 is_stmt 0 view .LVU465
 1408 0072 08BD     		pop	{r3, pc}
 1409              	.LVL110:
 1410              	.L201:
1174:Drivers/STM32L4xx_HAL_Driver/Src/stm32l4xx_hal_rcc_ex.c ****       {
 1411              		.loc 1 1174 7 is_stmt 1 view .LVU466
1174:Drivers/STM32L4xx_HAL_Driver/Src/stm32l4xx_hal_rcc_ex.c ****       {
 1412              		.loc 1 1174 10 is_stmt 0 view .LVU467
 1413 0074 904B     		ldr	r3, .L216
 1414              	.LVL111:
1174:Drivers/STM32L4xx_HAL_Driver/Src/stm32l4xx_hal_rcc_ex.c ****       {
 1415              		.loc 1 1174 10 view .LVU468
 1416 0076 D3F89000 		ldr	r0, [r3, #144]
 1417              	.LVL112:
1174:Drivers/STM32L4xx_HAL_Driver/Src/stm32l4xx_hal_rcc_ex.c ****       {
 1418              		.loc 1 1174 9 view .LVU469
 1419 007a 10F00200 		ands	r0, r0, #2
 1420 007e F8D0     		beq	.L106
1176:Drivers/STM32L4xx_HAL_Driver/Src/stm32l4xx_hal_rcc_ex.c ****       }
 1421              		.loc 1 1176 19 view .LVU470
 1422 0080 4FF40040 		mov	r0, #32768
 1423 0084 F5E7     		b	.L106
 1424              	.LVL113:
 1425              	.L108:
1181:Drivers/STM32L4xx_HAL_Driver/Src/stm32l4xx_hal_rcc_ex.c ****       {
 1426              		.loc 1 1181 7 is_stmt 1 view .LVU471
1181:Drivers/STM32L4xx_HAL_Driver/Src/stm32l4xx_hal_rcc_ex.c ****       {
 1427              		.loc 1 1181 10 is_stmt 0 view .LVU472
 1428 0086 8C4B     		ldr	r3, .L216
 1429              	.LVL114:
1181:Drivers/STM32L4xx_HAL_Driver/Src/stm32l4xx_hal_rcc_ex.c ****       {
 1430              		.loc 1 1181 10 view .LVU473
 1431 0088 D3F89400 		ldr	r0, [r3, #148]
 1432              	.LVL115:
1181:Drivers/STM32L4xx_HAL_Driver/Src/stm32l4xx_hal_rcc_ex.c ****       {
 1433              		.loc 1 1181 9 view .LVU474
 1434 008c 10F00200 		ands	r0, r0, #2
 1435 0090 EFD0     		beq	.L106
1191:Drivers/STM32L4xx_HAL_Driver/Src/stm32l4xx_hal_rcc_ex.c ****         }
 1436              		.loc 1 1191 21 view .LVU475
 1437 0092 4FF4FA40 		mov	r0, #32000
 1438 0096 ECE7     		b	.L106
 1439              	.LVL116:
 1440              	.L109:
1197:Drivers/STM32L4xx_HAL_Driver/Src/stm32l4xx_hal_rcc_ex.c ****       {
 1441              		.loc 1 1197 7 is_stmt 1 view .LVU476
1197:Drivers/STM32L4xx_HAL_Driver/Src/stm32l4xx_hal_rcc_ex.c ****       {
 1442              		.loc 1 1197 10 is_stmt 0 view .LVU477
 1443 0098 874B     		ldr	r3, .L216
 1444              	.LVL117:
1197:Drivers/STM32L4xx_HAL_Driver/Src/stm32l4xx_hal_rcc_ex.c ****       {
 1445              		.loc 1 1197 10 view .LVU478
 1446 009a 1868     		ldr	r0, [r3]
 1447              	.LVL118:
1197:Drivers/STM32L4xx_HAL_Driver/Src/stm32l4xx_hal_rcc_ex.c ****       {
 1448              		.loc 1 1197 9 view .LVU479
 1449 009c 10F40030 		ands	r0, r0, #131072
ARM GAS  /tmp/ccBxf6FW.s 			page 96


 1450 00a0 E7D0     		beq	.L106
1199:Drivers/STM32L4xx_HAL_Driver/Src/stm32l4xx_hal_rcc_ex.c ****       }
 1451              		.loc 1 1199 19 view .LVU480
 1452 00a2 8648     		ldr	r0, .L216+4
 1453 00a4 E5E7     		b	.L106
 1454              	.LVL119:
 1455              	.L197:
1216:Drivers/STM32L4xx_HAL_Driver/Src/stm32l4xx_hal_rcc_ex.c ****       {
 1456              		.loc 1 1216 7 is_stmt 1 view .LVU481
1216:Drivers/STM32L4xx_HAL_Driver/Src/stm32l4xx_hal_rcc_ex.c ****       {
 1457              		.loc 1 1216 10 is_stmt 0 view .LVU482
 1458 00a6 844B     		ldr	r3, .L216
 1459              	.LVL120:
1216:Drivers/STM32L4xx_HAL_Driver/Src/stm32l4xx_hal_rcc_ex.c ****       {
 1460              		.loc 1 1216 10 view .LVU483
 1461 00a8 1968     		ldr	r1, [r3]
1216:Drivers/STM32L4xx_HAL_Driver/Src/stm32l4xx_hal_rcc_ex.c ****       {
 1462              		.loc 1 1216 9 view .LVU484
 1463 00aa 11F00201 		ands	r1, r1, #2
 1464 00ae B6D0     		beq	.L113
1219:Drivers/STM32L4xx_HAL_Driver/Src/stm32l4xx_hal_rcc_ex.c ****       }
 1465              		.loc 1 1219 9 is_stmt 1 view .LVU485
1219:Drivers/STM32L4xx_HAL_Driver/Src/stm32l4xx_hal_rcc_ex.c ****       }
 1466              		.loc 1 1219 33 is_stmt 0 view .LVU486
 1467 00b0 1B68     		ldr	r3, [r3]
1219:Drivers/STM32L4xx_HAL_Driver/Src/stm32l4xx_hal_rcc_ex.c ****       }
 1468              		.loc 1 1219 59 view .LVU487
 1469 00b2 13F0080F 		tst	r3, #8
 1470 00b6 07D0     		beq	.L114
1219:Drivers/STM32L4xx_HAL_Driver/Src/stm32l4xx_hal_rcc_ex.c ****       }
 1471              		.loc 1 1219 33 discriminator 1 view .LVU488
 1472 00b8 7F4B     		ldr	r3, .L216
 1473 00ba 1B68     		ldr	r3, [r3]
1219:Drivers/STM32L4xx_HAL_Driver/Src/stm32l4xx_hal_rcc_ex.c ****       }
 1474              		.loc 1 1219 59 discriminator 1 view .LVU489
 1475 00bc C3F30313 		ubfx	r3, r3, #4, #4
 1476              	.L115:
1219:Drivers/STM32L4xx_HAL_Driver/Src/stm32l4xx_hal_rcc_ex.c ****       }
 1477              		.loc 1 1219 16 discriminator 4 view .LVU490
 1478 00c0 7F4A     		ldr	r2, .L216+8
 1479 00c2 52F82310 		ldr	r1, [r2, r3, lsl #2]
 1480              	.LVL121:
1219:Drivers/STM32L4xx_HAL_Driver/Src/stm32l4xx_hal_rcc_ex.c ****       }
 1481              		.loc 1 1219 16 discriminator 4 view .LVU491
 1482 00c6 AAE7     		b	.L113
 1483              	.LVL122:
 1484              	.L114:
1219:Drivers/STM32L4xx_HAL_Driver/Src/stm32l4xx_hal_rcc_ex.c ****       }
 1485              		.loc 1 1219 33 discriminator 2 view .LVU492
 1486 00c8 7B4B     		ldr	r3, .L216
 1487 00ca D3F89430 		ldr	r3, [r3, #148]
1219:Drivers/STM32L4xx_HAL_Driver/Src/stm32l4xx_hal_rcc_ex.c ****       }
 1488              		.loc 1 1219 59 discriminator 2 view .LVU493
 1489 00ce C3F30323 		ubfx	r3, r3, #8, #4
 1490 00d2 F5E7     		b	.L115
 1491              	.LVL123:
 1492              	.L111:
ARM GAS  /tmp/ccBxf6FW.s 			page 97


1227:Drivers/STM32L4xx_HAL_Driver/Src/stm32l4xx_hal_rcc_ex.c ****       {
 1493              		.loc 1 1227 7 is_stmt 1 view .LVU494
1227:Drivers/STM32L4xx_HAL_Driver/Src/stm32l4xx_hal_rcc_ex.c ****       {
 1494              		.loc 1 1227 10 is_stmt 0 view .LVU495
 1495 00d4 784B     		ldr	r3, .L216
 1496              	.LVL124:
1227:Drivers/STM32L4xx_HAL_Driver/Src/stm32l4xx_hal_rcc_ex.c ****       {
 1497              		.loc 1 1227 10 view .LVU496
 1498 00d6 1968     		ldr	r1, [r3]
1227:Drivers/STM32L4xx_HAL_Driver/Src/stm32l4xx_hal_rcc_ex.c ****       {
 1499              		.loc 1 1227 9 view .LVU497
 1500 00d8 11F48061 		ands	r1, r1, #1024
 1501 00dc 9FD0     		beq	.L113
1229:Drivers/STM32L4xx_HAL_Driver/Src/stm32l4xx_hal_rcc_ex.c ****       }
 1502              		.loc 1 1229 16 view .LVU498
 1503 00de 7949     		ldr	r1, .L216+12
 1504 00e0 9DE7     		b	.L113
 1505              	.LVL125:
 1506              	.L112:
1237:Drivers/STM32L4xx_HAL_Driver/Src/stm32l4xx_hal_rcc_ex.c ****       {
 1507              		.loc 1 1237 7 is_stmt 1 view .LVU499
1237:Drivers/STM32L4xx_HAL_Driver/Src/stm32l4xx_hal_rcc_ex.c ****       {
 1508              		.loc 1 1237 10 is_stmt 0 view .LVU500
 1509 00e2 754B     		ldr	r3, .L216
 1510              	.LVL126:
1237:Drivers/STM32L4xx_HAL_Driver/Src/stm32l4xx_hal_rcc_ex.c ****       {
 1511              		.loc 1 1237 10 view .LVU501
 1512 00e4 1968     		ldr	r1, [r3]
1237:Drivers/STM32L4xx_HAL_Driver/Src/stm32l4xx_hal_rcc_ex.c ****       {
 1513              		.loc 1 1237 9 view .LVU502
 1514 00e6 11F40031 		ands	r1, r1, #131072
 1515 00ea 98D0     		beq	.L113
1239:Drivers/STM32L4xx_HAL_Driver/Src/stm32l4xx_hal_rcc_ex.c ****       }
 1516              		.loc 1 1239 16 view .LVU503
 1517 00ec 7649     		ldr	r1, .L216+16
 1518 00ee 96E7     		b	.L113
 1519              	.LVL127:
 1520              	.L198:
1252:Drivers/STM32L4xx_HAL_Driver/Src/stm32l4xx_hal_rcc_ex.c ****     {
 1521              		.loc 1 1252 5 view .LVU504
 1522 00f0 2028     		cmp	r0, #32
 1523 00f2 00F02981 		beq	.L118
 1524 00f6 17D9     		bls	.L202
 1525 00f8 4028     		cmp	r0, #64
 1526 00fa 00F07F81 		beq	.L122
 1527 00fe B0F5807F 		cmp	r0, #256
 1528 0102 2FD1     		bne	.L203
1808:Drivers/STM32L4xx_HAL_Driver/Src/stm32l4xx_hal_rcc_ex.c **** 
 1529              		.loc 1 1808 9 is_stmt 1 view .LVU505
1808:Drivers/STM32L4xx_HAL_Driver/Src/stm32l4xx_hal_rcc_ex.c **** 
 1530              		.loc 1 1808 18 is_stmt 0 view .LVU506
 1531 0104 6C4B     		ldr	r3, .L216
 1532 0106 D3F88830 		ldr	r3, [r3, #136]
1808:Drivers/STM32L4xx_HAL_Driver/Src/stm32l4xx_hal_rcc_ex.c **** 
 1533              		.loc 1 1808 16 view .LVU507
 1534 010a 03F44033 		and	r3, r3, #196608
 1535              	.LVL128:
ARM GAS  /tmp/ccBxf6FW.s 			page 98


1810:Drivers/STM32L4xx_HAL_Driver/Src/stm32l4xx_hal_rcc_ex.c ****         {
 1536              		.loc 1 1810 9 is_stmt 1 view .LVU508
 1537 010e B3F5803F 		cmp	r3, #65536
 1538 0112 00F09281 		beq	.L154
 1539 0116 B3F5003F 		cmp	r3, #131072
 1540 011a 00F09181 		beq	.L155
 1541 011e 002B     		cmp	r3, #0
 1542 0120 00F08881 		beq	.L204
 1543 0124 0020     		movs	r0, #0
 1544              	.LVL129:
1810:Drivers/STM32L4xx_HAL_Driver/Src/stm32l4xx_hal_rcc_ex.c ****         {
 1545              		.loc 1 1810 9 is_stmt 0 view .LVU509
 1546 0126 A4E7     		b	.L106
 1547              	.LVL130:
 1548              	.L202:
1252:Drivers/STM32L4xx_HAL_Driver/Src/stm32l4xx_hal_rcc_ex.c ****     {
 1549              		.loc 1 1252 5 view .LVU510
 1550 0128 0128     		cmp	r0, #1
 1551 012a 00F0D180 		beq	.L120
 1552 012e 0228     		cmp	r0, #2
 1553 0130 16D1     		bne	.L205
1464:Drivers/STM32L4xx_HAL_Driver/Src/stm32l4xx_hal_rcc_ex.c **** 
 1554              		.loc 1 1464 9 is_stmt 1 view .LVU511
1464:Drivers/STM32L4xx_HAL_Driver/Src/stm32l4xx_hal_rcc_ex.c **** 
 1555              		.loc 1 1464 18 is_stmt 0 view .LVU512
 1556 0132 614B     		ldr	r3, .L216
 1557 0134 D3F88830 		ldr	r3, [r3, #136]
1464:Drivers/STM32L4xx_HAL_Driver/Src/stm32l4xx_hal_rcc_ex.c **** 
 1558              		.loc 1 1464 16 view .LVU513
 1559 0138 03F00C03 		and	r3, r3, #12
 1560              	.LVL131:
1466:Drivers/STM32L4xx_HAL_Driver/Src/stm32l4xx_hal_rcc_ex.c ****         {
 1561              		.loc 1 1466 9 is_stmt 1 view .LVU514
 1562 013c 0C2B     		cmp	r3, #12
 1563 013e 00F2E581 		bhi	.L178
 1564 0142 DFE813F0 		tbh	[pc, r3, lsl #1]
 1565              	.L142:
 1566 0146 E900     		.2byte	(.L145-.L142)/2
 1567 0148 E301     		.2byte	(.L178-.L142)/2
 1568 014a E301     		.2byte	(.L178-.L142)/2
 1569 014c E301     		.2byte	(.L178-.L142)/2
 1570 014e EC00     		.2byte	(.L144-.L142)/2
 1571 0150 E301     		.2byte	(.L178-.L142)/2
 1572 0152 E301     		.2byte	(.L178-.L142)/2
 1573 0154 E301     		.2byte	(.L178-.L142)/2
 1574 0156 EF00     		.2byte	(.L143-.L142)/2
 1575 0158 E301     		.2byte	(.L178-.L142)/2
 1576 015a E301     		.2byte	(.L178-.L142)/2
 1577 015c E301     		.2byte	(.L178-.L142)/2
 1578 015e F700     		.2byte	(.L141-.L142)/2
 1579              	.LVL132:
 1580              		.p2align 1
 1581              	.L205:
1252:Drivers/STM32L4xx_HAL_Driver/Src/stm32l4xx_hal_rcc_ex.c ****     {
 1582              		.loc 1 1252 5 is_stmt 0 view .LVU515
 1583 0160 0020     		movs	r0, #0
 1584              	.LVL133:
ARM GAS  /tmp/ccBxf6FW.s 			page 99


1252:Drivers/STM32L4xx_HAL_Driver/Src/stm32l4xx_hal_rcc_ex.c ****     {
 1585              		.loc 1 1252 5 view .LVU516
 1586 0162 86E7     		b	.L106
 1587              	.LVL134:
 1588              	.L203:
1252:Drivers/STM32L4xx_HAL_Driver/Src/stm32l4xx_hal_rcc_ex.c ****     {
 1589              		.loc 1 1252 5 view .LVU517
 1590 0164 0020     		movs	r0, #0
 1591              	.LVL135:
1252:Drivers/STM32L4xx_HAL_Driver/Src/stm32l4xx_hal_rcc_ex.c ****     {
 1592              		.loc 1 1252 5 view .LVU518
 1593 0166 84E7     		b	.L106
 1594              	.LVL136:
 1595              	.L199:
1252:Drivers/STM32L4xx_HAL_Driver/Src/stm32l4xx_hal_rcc_ex.c ****     {
 1596              		.loc 1 1252 5 view .LVU519
 1597 0168 B0F5006F 		cmp	r0, #2048
 1598 016c 56D0     		beq	.L126
 1599 016e B0F5005F 		cmp	r0, #8192
 1600 0172 2DD1     		bne	.L206
 1601              	.L127:
1284:Drivers/STM32L4xx_HAL_Driver/Src/stm32l4xx_hal_rcc_ex.c **** 
 1602              		.loc 1 1284 9 is_stmt 1 view .LVU520
1284:Drivers/STM32L4xx_HAL_Driver/Src/stm32l4xx_hal_rcc_ex.c **** 
 1603              		.loc 1 1284 18 is_stmt 0 view .LVU521
 1604 0174 504B     		ldr	r3, .L216
 1605 0176 D3F88830 		ldr	r3, [r3, #136]
1284:Drivers/STM32L4xx_HAL_Driver/Src/stm32l4xx_hal_rcc_ex.c **** 
 1606              		.loc 1 1284 16 view .LVU522
 1607 017a 03F04063 		and	r3, r3, #201326592
 1608              	.LVL137:
1286:Drivers/STM32L4xx_HAL_Driver/Src/stm32l4xx_hal_rcc_ex.c ****         {
 1609              		.loc 1 1286 9 is_stmt 1 view .LVU523
 1610 017e B3F1006F 		cmp	r3, #134217728
 1611 0182 71D0     		beq	.L130
 1612 0184 51D8     		bhi	.L131
 1613 0186 002B     		cmp	r3, #0
 1614 0188 00F08D80 		beq	.L132
 1615 018c B3F1806F 		cmp	r3, #67108864
 1616 0190 49D1     		bne	.L207
1310:Drivers/STM32L4xx_HAL_Driver/Src/stm32l4xx_hal_rcc_ex.c ****           {
 1617              		.loc 1 1310 11 view .LVU524
1310:Drivers/STM32L4xx_HAL_Driver/Src/stm32l4xx_hal_rcc_ex.c ****           {
 1618              		.loc 1 1310 14 is_stmt 0 view .LVU525
 1619 0192 494B     		ldr	r3, .L216
 1620              	.LVL138:
1310:Drivers/STM32L4xx_HAL_Driver/Src/stm32l4xx_hal_rcc_ex.c ****           {
 1621              		.loc 1 1310 14 view .LVU526
 1622 0194 1868     		ldr	r0, [r3]
 1623              	.LVL139:
1310:Drivers/STM32L4xx_HAL_Driver/Src/stm32l4xx_hal_rcc_ex.c ****           {
 1624              		.loc 1 1310 13 view .LVU527
 1625 0196 10F00060 		ands	r0, r0, #134217728
 1626 019a 3FF46AAF 		beq	.L106
1312:Drivers/STM32L4xx_HAL_Driver/Src/stm32l4xx_hal_rcc_ex.c ****             {
 1627              		.loc 1 1312 13 is_stmt 1 view .LVU528
1312:Drivers/STM32L4xx_HAL_Driver/Src/stm32l4xx_hal_rcc_ex.c ****             {
ARM GAS  /tmp/ccBxf6FW.s 			page 100


 1628              		.loc 1 1312 16 is_stmt 0 view .LVU529
 1629 019e 1869     		ldr	r0, [r3, #16]
1312:Drivers/STM32L4xx_HAL_Driver/Src/stm32l4xx_hal_rcc_ex.c ****             {
 1630              		.loc 1 1312 15 view .LVU530
 1631 01a0 10F48010 		ands	r0, r0, #1048576
 1632 01a4 3FF465AF 		beq	.L106
1314:Drivers/STM32L4xx_HAL_Driver/Src/stm32l4xx_hal_rcc_ex.c **** #if defined(RCC_PLLSAI1M_DIV_1_16_SUPPORT)
 1633              		.loc 1 1314 15 is_stmt 1 view .LVU531
1314:Drivers/STM32L4xx_HAL_Driver/Src/stm32l4xx_hal_rcc_ex.c **** #if defined(RCC_PLLSAI1M_DIV_1_16_SUPPORT)
 1634              		.loc 1 1314 22 is_stmt 0 view .LVU532
 1635 01a8 1A46     		mov	r2, r3
 1636 01aa 1B69     		ldr	r3, [r3, #16]
1314:Drivers/STM32L4xx_HAL_Driver/Src/stm32l4xx_hal_rcc_ex.c **** #if defined(RCC_PLLSAI1M_DIV_1_16_SUPPORT)
 1637              		.loc 1 1314 20 view .LVU533
 1638 01ac C3F30623 		ubfx	r3, r3, #8, #7
 1639              	.LVL140:
1321:Drivers/STM32L4xx_HAL_Driver/Src/stm32l4xx_hal_rcc_ex.c **** #endif
 1640              		.loc 1 1321 15 is_stmt 1 view .LVU534
1321:Drivers/STM32L4xx_HAL_Driver/Src/stm32l4xx_hal_rcc_ex.c **** #endif
 1641              		.loc 1 1321 33 is_stmt 0 view .LVU535
 1642 01b0 03FB01F0 		mul	r0, r3, r1
1321:Drivers/STM32L4xx_HAL_Driver/Src/stm32l4xx_hal_rcc_ex.c **** #endif
 1643              		.loc 1 1321 45 view .LVU536
 1644 01b4 D368     		ldr	r3, [r2, #12]
 1645              	.LVL141:
1321:Drivers/STM32L4xx_HAL_Driver/Src/stm32l4xx_hal_rcc_ex.c **** #endif
 1646              		.loc 1 1321 86 view .LVU537
 1647 01b6 C3F30213 		ubfx	r3, r3, #4, #3
1321:Drivers/STM32L4xx_HAL_Driver/Src/stm32l4xx_hal_rcc_ex.c **** #endif
 1648              		.loc 1 1321 111 view .LVU538
 1649 01ba 0133     		adds	r3, r3, #1
1321:Drivers/STM32L4xx_HAL_Driver/Src/stm32l4xx_hal_rcc_ex.c **** #endif
 1650              		.loc 1 1321 22 view .LVU539
 1651 01bc B0FBF3F0 		udiv	r0, r0, r3
 1652              	.LVL142:
1324:Drivers/STM32L4xx_HAL_Driver/Src/stm32l4xx_hal_rcc_ex.c ****             }
 1653              		.loc 1 1324 15 is_stmt 1 view .LVU540
1324:Drivers/STM32L4xx_HAL_Driver/Src/stm32l4xx_hal_rcc_ex.c ****             }
 1654              		.loc 1 1324 40 is_stmt 0 view .LVU541
 1655 01c0 1369     		ldr	r3, [r2, #16]
1324:Drivers/STM32L4xx_HAL_Driver/Src/stm32l4xx_hal_rcc_ex.c ****             }
 1656              		.loc 1 1324 93 view .LVU542
 1657 01c2 C3F34153 		ubfx	r3, r3, #21, #2
1324:Drivers/STM32L4xx_HAL_Driver/Src/stm32l4xx_hal_rcc_ex.c ****             }
 1658              		.loc 1 1324 126 view .LVU543
 1659 01c6 0133     		adds	r3, r3, #1
1324:Drivers/STM32L4xx_HAL_Driver/Src/stm32l4xx_hal_rcc_ex.c ****             }
 1660              		.loc 1 1324 132 view .LVU544
 1661 01c8 5B00     		lsls	r3, r3, #1
1324:Drivers/STM32L4xx_HAL_Driver/Src/stm32l4xx_hal_rcc_ex.c ****             }
 1662              		.loc 1 1324 25 view .LVU545
 1663 01ca B0FBF3F0 		udiv	r0, r0, r3
 1664              	.LVL143:
1324:Drivers/STM32L4xx_HAL_Driver/Src/stm32l4xx_hal_rcc_ex.c ****             }
 1665              		.loc 1 1324 25 view .LVU546
 1666 01ce 50E7     		b	.L106
 1667              	.LVL144:
ARM GAS  /tmp/ccBxf6FW.s 			page 101


 1668              	.L206:
1252:Drivers/STM32L4xx_HAL_Driver/Src/stm32l4xx_hal_rcc_ex.c ****     {
 1669              		.loc 1 1252 5 view .LVU547
 1670 01d0 B0F5806F 		cmp	r0, #1024
 1671 01d4 1BD1     		bne	.L208
1911:Drivers/STM32L4xx_HAL_Driver/Src/stm32l4xx_hal_rcc_ex.c **** 
 1672              		.loc 1 1911 8 is_stmt 1 view .LVU548
1911:Drivers/STM32L4xx_HAL_Driver/Src/stm32l4xx_hal_rcc_ex.c **** 
 1673              		.loc 1 1911 17 is_stmt 0 view .LVU549
 1674 01d6 384B     		ldr	r3, .L216
 1675 01d8 D3F88830 		ldr	r3, [r3, #136]
1911:Drivers/STM32L4xx_HAL_Driver/Src/stm32l4xx_hal_rcc_ex.c **** 
 1676              		.loc 1 1911 15 view .LVU550
 1677 01dc 03F44013 		and	r3, r3, #3145728
 1678              	.LVL145:
1913:Drivers/STM32L4xx_HAL_Driver/Src/stm32l4xx_hal_rcc_ex.c ****         {
 1679              		.loc 1 1913 9 is_stmt 1 view .LVU551
 1680 01e0 B3F5001F 		cmp	r3, #2097152
 1681 01e4 00F07B81 		beq	.L161
 1682 01e8 00F26781 		bhi	.L162
 1683 01ec 002B     		cmp	r3, #0
 1684 01ee 00F07381 		beq	.L163
 1685 01f2 B3F5801F 		cmp	r3, #1048576
 1686 01f6 40F05E81 		bne	.L209
1919:Drivers/STM32L4xx_HAL_Driver/Src/stm32l4xx_hal_rcc_ex.c ****           {
 1687              		.loc 1 1919 11 view .LVU552
1919:Drivers/STM32L4xx_HAL_Driver/Src/stm32l4xx_hal_rcc_ex.c ****           {
 1688              		.loc 1 1919 14 is_stmt 0 view .LVU553
 1689 01fa 2F4B     		ldr	r3, .L216
 1690              	.LVL146:
1919:Drivers/STM32L4xx_HAL_Driver/Src/stm32l4xx_hal_rcc_ex.c ****           {
 1691              		.loc 1 1919 14 view .LVU554
 1692 01fc D3F89400 		ldr	r0, [r3, #148]
 1693              	.LVL147:
1919:Drivers/STM32L4xx_HAL_Driver/Src/stm32l4xx_hal_rcc_ex.c ****           {
 1694              		.loc 1 1919 13 view .LVU555
 1695 0200 10F00200 		ands	r0, r0, #2
 1696 0204 3FF435AF 		beq	.L106
1929:Drivers/STM32L4xx_HAL_Driver/Src/stm32l4xx_hal_rcc_ex.c ****             }
 1697              		.loc 1 1929 25 view .LVU556
 1698 0208 4FF4FA40 		mov	r0, #32000
 1699 020c 31E7     		b	.L106
 1700              	.LVL148:
 1701              	.L208:
1252:Drivers/STM32L4xx_HAL_Driver/Src/stm32l4xx_hal_rcc_ex.c ****     {
 1702              		.loc 1 1252 5 view .LVU557
 1703 020e 0020     		movs	r0, #0
 1704              	.LVL149:
1252:Drivers/STM32L4xx_HAL_Driver/Src/stm32l4xx_hal_rcc_ex.c ****     {
 1705              		.loc 1 1252 5 view .LVU558
 1706 0210 2FE7     		b	.L106
 1707              	.LVL150:
 1708              	.L200:
1252:Drivers/STM32L4xx_HAL_Driver/Src/stm32l4xx_hal_rcc_ex.c ****     {
 1709              		.loc 1 1252 5 view .LVU559
 1710 0212 B0F5802F 		cmp	r0, #262144
 1711 0216 ADD0     		beq	.L127
ARM GAS  /tmp/ccBxf6FW.s 			page 102


 1712 0218 0020     		movs	r0, #0
 1713              	.LVL151:
1252:Drivers/STM32L4xx_HAL_Driver/Src/stm32l4xx_hal_rcc_ex.c ****     {
 1714              		.loc 1 1252 5 view .LVU560
 1715 021a 2AE7     		b	.L106
 1716              	.LVL152:
 1717              	.L126:
1257:Drivers/STM32L4xx_HAL_Driver/Src/stm32l4xx_hal_rcc_ex.c ****       break;
 1718              		.loc 1 1257 7 is_stmt 1 view .LVU561
1257:Drivers/STM32L4xx_HAL_Driver/Src/stm32l4xx_hal_rcc_ex.c ****       break;
 1719              		.loc 1 1257 19 is_stmt 0 view .LVU562
 1720 021c 4FF40060 		mov	r0, #2048
 1721              	.LVL153:
1257:Drivers/STM32L4xx_HAL_Driver/Src/stm32l4xx_hal_rcc_ex.c ****       break;
 1722              		.loc 1 1257 19 view .LVU563
 1723 0220 FFF7FEFF 		bl	RCCEx_GetSAIxPeriphCLKFreq
 1724              	.LVL154:
1258:Drivers/STM32L4xx_HAL_Driver/Src/stm32l4xx_hal_rcc_ex.c **** 
 1725              		.loc 1 1258 7 is_stmt 1 view .LVU564
 1726 0224 25E7     		b	.L106
 1727              	.LVL155:
 1728              	.L207:
1258:Drivers/STM32L4xx_HAL_Driver/Src/stm32l4xx_hal_rcc_ex.c **** 
 1729              		.loc 1 1258 7 is_stmt 0 view .LVU565
 1730 0226 0020     		movs	r0, #0
 1731              	.LVL156:
1258:Drivers/STM32L4xx_HAL_Driver/Src/stm32l4xx_hal_rcc_ex.c **** 
 1732              		.loc 1 1258 7 view .LVU566
 1733 0228 23E7     		b	.L106
 1734              	.LVL157:
 1735              	.L131:
1258:Drivers/STM32L4xx_HAL_Driver/Src/stm32l4xx_hal_rcc_ex.c **** 
 1736              		.loc 1 1258 7 view .LVU567
 1737 022a B3F1406F 		cmp	r3, #201326592
 1738 022e 40F06981 		bne	.L173
1289:Drivers/STM32L4xx_HAL_Driver/Src/stm32l4xx_hal_rcc_ex.c ****           {
 1739              		.loc 1 1289 11 is_stmt 1 view .LVU568
1289:Drivers/STM32L4xx_HAL_Driver/Src/stm32l4xx_hal_rcc_ex.c ****           {
 1740              		.loc 1 1289 14 is_stmt 0 view .LVU569
 1741 0232 03F15053 		add	r3, r3, #872415232
 1742              	.LVL158:
1289:Drivers/STM32L4xx_HAL_Driver/Src/stm32l4xx_hal_rcc_ex.c ****           {
 1743              		.loc 1 1289 14 view .LVU570
 1744 0236 03F50433 		add	r3, r3, #135168
 1745              	.LVL159:
1289:Drivers/STM32L4xx_HAL_Driver/Src/stm32l4xx_hal_rcc_ex.c ****           {
 1746              		.loc 1 1289 14 view .LVU571
 1747 023a 1868     		ldr	r0, [r3]
 1748              	.LVL160:
1289:Drivers/STM32L4xx_HAL_Driver/Src/stm32l4xx_hal_rcc_ex.c ****           {
 1749              		.loc 1 1289 13 view .LVU572
 1750 023c 10F00200 		ands	r0, r0, #2
 1751 0240 3FF417AF 		beq	.L106
1292:Drivers/STM32L4xx_HAL_Driver/Src/stm32l4xx_hal_rcc_ex.c ****           }
 1752              		.loc 1 1292 13 is_stmt 1 view .LVU573
1292:Drivers/STM32L4xx_HAL_Driver/Src/stm32l4xx_hal_rcc_ex.c ****           }
 1753              		.loc 1 1292 40 is_stmt 0 view .LVU574
ARM GAS  /tmp/ccBxf6FW.s 			page 103


 1754 0244 1B68     		ldr	r3, [r3]
 1755              	.LVL161:
1292:Drivers/STM32L4xx_HAL_Driver/Src/stm32l4xx_hal_rcc_ex.c ****           }
 1756              		.loc 1 1292 66 view .LVU575
 1757 0246 13F0080F 		tst	r3, #8
 1758 024a 07D0     		beq	.L134
1292:Drivers/STM32L4xx_HAL_Driver/Src/stm32l4xx_hal_rcc_ex.c ****           }
 1759              		.loc 1 1292 40 discriminator 1 view .LVU576
 1760 024c 1A4B     		ldr	r3, .L216
 1761 024e 1B68     		ldr	r3, [r3]
1292:Drivers/STM32L4xx_HAL_Driver/Src/stm32l4xx_hal_rcc_ex.c ****           }
 1762              		.loc 1 1292 66 discriminator 1 view .LVU577
 1763 0250 C3F30313 		ubfx	r3, r3, #4, #4
 1764              	.L135:
1292:Drivers/STM32L4xx_HAL_Driver/Src/stm32l4xx_hal_rcc_ex.c ****           }
 1765              		.loc 1 1292 23 discriminator 4 view .LVU578
 1766 0254 1A4A     		ldr	r2, .L216+8
 1767 0256 52F82300 		ldr	r0, [r2, r3, lsl #2]
 1768              	.LVL162:
1292:Drivers/STM32L4xx_HAL_Driver/Src/stm32l4xx_hal_rcc_ex.c ****           }
 1769              		.loc 1 1292 23 discriminator 4 view .LVU579
 1770 025a 0AE7     		b	.L106
 1771              	.LVL163:
 1772              	.L134:
1292:Drivers/STM32L4xx_HAL_Driver/Src/stm32l4xx_hal_rcc_ex.c ****           }
 1773              		.loc 1 1292 40 discriminator 2 view .LVU580
 1774 025c 164B     		ldr	r3, .L216
 1775 025e D3F89430 		ldr	r3, [r3, #148]
1292:Drivers/STM32L4xx_HAL_Driver/Src/stm32l4xx_hal_rcc_ex.c ****           }
 1776              		.loc 1 1292 66 discriminator 2 view .LVU581
 1777 0262 C3F30323 		ubfx	r3, r3, #8, #4
 1778 0266 F5E7     		b	.L135
 1779              	.LVL164:
 1780              	.L130:
1296:Drivers/STM32L4xx_HAL_Driver/Src/stm32l4xx_hal_rcc_ex.c ****           {
 1781              		.loc 1 1296 11 is_stmt 1 view .LVU582
1296:Drivers/STM32L4xx_HAL_Driver/Src/stm32l4xx_hal_rcc_ex.c ****           {
 1782              		.loc 1 1296 14 is_stmt 0 view .LVU583
 1783 0268 134B     		ldr	r3, .L216
 1784              	.LVL165:
1296:Drivers/STM32L4xx_HAL_Driver/Src/stm32l4xx_hal_rcc_ex.c ****           {
 1785              		.loc 1 1296 14 view .LVU584
 1786 026a 1868     		ldr	r0, [r3]
 1787              	.LVL166:
1296:Drivers/STM32L4xx_HAL_Driver/Src/stm32l4xx_hal_rcc_ex.c ****           {
 1788              		.loc 1 1296 13 view .LVU585
 1789 026c 10F00070 		ands	r0, r0, #33554432
 1790 0270 3FF4FFAE 		beq	.L106
1298:Drivers/STM32L4xx_HAL_Driver/Src/stm32l4xx_hal_rcc_ex.c ****             {
 1791              		.loc 1 1298 13 is_stmt 1 view .LVU586
1298:Drivers/STM32L4xx_HAL_Driver/Src/stm32l4xx_hal_rcc_ex.c ****             {
 1792              		.loc 1 1298 16 is_stmt 0 view .LVU587
 1793 0274 D868     		ldr	r0, [r3, #12]
1298:Drivers/STM32L4xx_HAL_Driver/Src/stm32l4xx_hal_rcc_ex.c ****             {
 1794              		.loc 1 1298 15 view .LVU588
 1795 0276 10F48010 		ands	r0, r0, #1048576
 1796 027a 3FF4FAAE 		beq	.L106
ARM GAS  /tmp/ccBxf6FW.s 			page 104


1301:Drivers/STM32L4xx_HAL_Driver/Src/stm32l4xx_hal_rcc_ex.c ****               pllvco = ((pllvco * plln) / ((READ_BIT(RCC->PLLCFGR, RCC_PLLCFGR_PLLM) >> RCC_PLLCFGR
 1797              		.loc 1 1301 15 is_stmt 1 view .LVU589
1301:Drivers/STM32L4xx_HAL_Driver/Src/stm32l4xx_hal_rcc_ex.c ****               pllvco = ((pllvco * plln) / ((READ_BIT(RCC->PLLCFGR, RCC_PLLCFGR_PLLM) >> RCC_PLLCFGR
 1798              		.loc 1 1301 22 is_stmt 0 view .LVU590
 1799 027e 1A46     		mov	r2, r3
 1800 0280 DB68     		ldr	r3, [r3, #12]
1301:Drivers/STM32L4xx_HAL_Driver/Src/stm32l4xx_hal_rcc_ex.c ****               pllvco = ((pllvco * plln) / ((READ_BIT(RCC->PLLCFGR, RCC_PLLCFGR_PLLM) >> RCC_PLLCFGR
 1801              		.loc 1 1301 20 view .LVU591
 1802 0282 C3F30623 		ubfx	r3, r3, #8, #7
 1803              	.LVL167:
1302:Drivers/STM32L4xx_HAL_Driver/Src/stm32l4xx_hal_rcc_ex.c ****               /* f(PLL48M1CLK) = f(VCO input) / PLLQ */
 1804              		.loc 1 1302 15 is_stmt 1 view .LVU592
1302:Drivers/STM32L4xx_HAL_Driver/Src/stm32l4xx_hal_rcc_ex.c ****               /* f(PLL48M1CLK) = f(VCO input) / PLLQ */
 1805              		.loc 1 1302 33 is_stmt 0 view .LVU593
 1806 0286 03FB01F0 		mul	r0, r3, r1
1302:Drivers/STM32L4xx_HAL_Driver/Src/stm32l4xx_hal_rcc_ex.c ****               /* f(PLL48M1CLK) = f(VCO input) / PLLQ */
 1807              		.loc 1 1302 45 view .LVU594
 1808 028a D368     		ldr	r3, [r2, #12]
 1809              	.LVL168:
1302:Drivers/STM32L4xx_HAL_Driver/Src/stm32l4xx_hal_rcc_ex.c ****               /* f(PLL48M1CLK) = f(VCO input) / PLLQ */
 1810              		.loc 1 1302 86 view .LVU595
 1811 028c C3F30213 		ubfx	r3, r3, #4, #3
1302:Drivers/STM32L4xx_HAL_Driver/Src/stm32l4xx_hal_rcc_ex.c ****               /* f(PLL48M1CLK) = f(VCO input) / PLLQ */
 1812              		.loc 1 1302 111 view .LVU596
 1813 0290 0133     		adds	r3, r3, #1
1302:Drivers/STM32L4xx_HAL_Driver/Src/stm32l4xx_hal_rcc_ex.c ****               /* f(PLL48M1CLK) = f(VCO input) / PLLQ */
 1814              		.loc 1 1302 22 view .LVU597
 1815 0292 B0FBF3F0 		udiv	r0, r0, r3
 1816              	.LVL169:
1304:Drivers/STM32L4xx_HAL_Driver/Src/stm32l4xx_hal_rcc_ex.c ****             }
 1817              		.loc 1 1304 15 is_stmt 1 view .LVU598
1304:Drivers/STM32L4xx_HAL_Driver/Src/stm32l4xx_hal_rcc_ex.c ****             }
 1818              		.loc 1 1304 40 is_stmt 0 view .LVU599
 1819 0296 D368     		ldr	r3, [r2, #12]
1304:Drivers/STM32L4xx_HAL_Driver/Src/stm32l4xx_hal_rcc_ex.c ****             }
 1820              		.loc 1 1304 81 view .LVU600
 1821 0298 C3F34153 		ubfx	r3, r3, #21, #2
1304:Drivers/STM32L4xx_HAL_Driver/Src/stm32l4xx_hal_rcc_ex.c ****             }
 1822              		.loc 1 1304 106 view .LVU601
 1823 029c 0133     		adds	r3, r3, #1
1304:Drivers/STM32L4xx_HAL_Driver/Src/stm32l4xx_hal_rcc_ex.c ****             }
 1824              		.loc 1 1304 112 view .LVU602
 1825 029e 5B00     		lsls	r3, r3, #1
1304:Drivers/STM32L4xx_HAL_Driver/Src/stm32l4xx_hal_rcc_ex.c ****             }
 1826              		.loc 1 1304 25 view .LVU603
 1827 02a0 B0FBF3F0 		udiv	r0, r0, r3
 1828              	.LVL170:
1304:Drivers/STM32L4xx_HAL_Driver/Src/stm32l4xx_hal_rcc_ex.c ****             }
 1829              		.loc 1 1304 25 view .LVU604
 1830 02a4 E5E6     		b	.L106
 1831              	.LVL171:
 1832              	.L132:
1331:Drivers/STM32L4xx_HAL_Driver/Src/stm32l4xx_hal_rcc_ex.c ****           {
 1833              		.loc 1 1331 11 is_stmt 1 view .LVU605
1331:Drivers/STM32L4xx_HAL_Driver/Src/stm32l4xx_hal_rcc_ex.c ****           {
 1834              		.loc 1 1331 14 is_stmt 0 view .LVU606
 1835 02a6 044B     		ldr	r3, .L216
ARM GAS  /tmp/ccBxf6FW.s 			page 105


 1836              	.LVL172:
1331:Drivers/STM32L4xx_HAL_Driver/Src/stm32l4xx_hal_rcc_ex.c ****           {
 1837              		.loc 1 1331 14 view .LVU607
 1838 02a8 D3F89800 		ldr	r0, [r3, #152]
 1839              	.LVL173:
1331:Drivers/STM32L4xx_HAL_Driver/Src/stm32l4xx_hal_rcc_ex.c ****           {
 1840              		.loc 1 1331 13 view .LVU608
 1841 02ac 10F00200 		ands	r0, r0, #2
 1842 02b0 3FF4DFAE 		beq	.L106
1333:Drivers/STM32L4xx_HAL_Driver/Src/stm32l4xx_hal_rcc_ex.c ****           }
 1843              		.loc 1 1333 23 view .LVU609
 1844 02b4 0548     		ldr	r0, .L216+20
 1845 02b6 DCE6     		b	.L106
 1846              	.L217:
 1847              		.align	2
 1848              	.L216:
 1849 02b8 00100240 		.word	1073876992
 1850 02bc 90D00300 		.word	250000
 1851 02c0 00000000 		.word	MSIRangeTable
 1852 02c4 0024F400 		.word	16000000
 1853 02c8 00127A00 		.word	8000000
 1854 02cc 006CDC02 		.word	48000000
 1855              	.LVL174:
 1856              	.L120:
1431:Drivers/STM32L4xx_HAL_Driver/Src/stm32l4xx_hal_rcc_ex.c **** 
 1857              		.loc 1 1431 9 is_stmt 1 view .LVU610
1431:Drivers/STM32L4xx_HAL_Driver/Src/stm32l4xx_hal_rcc_ex.c **** 
 1858              		.loc 1 1431 18 is_stmt 0 view .LVU611
 1859 02d0 904B     		ldr	r3, .L218
 1860 02d2 D3F88830 		ldr	r3, [r3, #136]
1431:Drivers/STM32L4xx_HAL_Driver/Src/stm32l4xx_hal_rcc_ex.c **** 
 1861              		.loc 1 1431 16 view .LVU612
 1862 02d6 03F00303 		and	r3, r3, #3
 1863              	.LVL175:
1433:Drivers/STM32L4xx_HAL_Driver/Src/stm32l4xx_hal_rcc_ex.c ****         {
 1864              		.loc 1 1433 9 is_stmt 1 view .LVU613
 1865 02da 032B     		cmp	r3, #3
 1866 02dc 00F21481 		bhi	.L175
 1867 02e0 DFE803F0 		tbb	[pc, r3]
 1868              	.L137:
 1869 02e4 02       		.byte	(.L140-.L137)/2
 1870 02e5 05       		.byte	(.L139-.L137)/2
 1871 02e6 08       		.byte	(.L138-.L137)/2
 1872 02e7 10       		.byte	(.L136-.L137)/2
 1873              		.p2align 1
 1874              	.L140:
1436:Drivers/STM32L4xx_HAL_Driver/Src/stm32l4xx_hal_rcc_ex.c ****           break;
 1875              		.loc 1 1436 11 view .LVU614
1436:Drivers/STM32L4xx_HAL_Driver/Src/stm32l4xx_hal_rcc_ex.c ****           break;
 1876              		.loc 1 1436 23 is_stmt 0 view .LVU615
 1877 02e8 FFF7FEFF 		bl	HAL_RCC_GetPCLK2Freq
 1878              	.LVL176:
1437:Drivers/STM32L4xx_HAL_Driver/Src/stm32l4xx_hal_rcc_ex.c ****         case RCC_USART1CLKSOURCE_SYSCLK:
 1879              		.loc 1 1437 11 is_stmt 1 view .LVU616
 1880 02ec C1E6     		b	.L106
 1881              	.LVL177:
 1882              	.L139:
ARM GAS  /tmp/ccBxf6FW.s 			page 106


1439:Drivers/STM32L4xx_HAL_Driver/Src/stm32l4xx_hal_rcc_ex.c ****           break;
 1883              		.loc 1 1439 11 view .LVU617
1439:Drivers/STM32L4xx_HAL_Driver/Src/stm32l4xx_hal_rcc_ex.c ****           break;
 1884              		.loc 1 1439 23 is_stmt 0 view .LVU618
 1885 02ee FFF7FEFF 		bl	HAL_RCC_GetSysClockFreq
 1886              	.LVL178:
1440:Drivers/STM32L4xx_HAL_Driver/Src/stm32l4xx_hal_rcc_ex.c ****         case RCC_USART1CLKSOURCE_HSI:
 1887              		.loc 1 1440 11 is_stmt 1 view .LVU619
 1888 02f2 BEE6     		b	.L106
 1889              	.LVL179:
 1890              	.L138:
1442:Drivers/STM32L4xx_HAL_Driver/Src/stm32l4xx_hal_rcc_ex.c ****           {
 1891              		.loc 1 1442 11 view .LVU620
1442:Drivers/STM32L4xx_HAL_Driver/Src/stm32l4xx_hal_rcc_ex.c ****           {
 1892              		.loc 1 1442 14 is_stmt 0 view .LVU621
 1893 02f4 874B     		ldr	r3, .L218
 1894              	.LVL180:
1442:Drivers/STM32L4xx_HAL_Driver/Src/stm32l4xx_hal_rcc_ex.c ****           {
 1895              		.loc 1 1442 14 view .LVU622
 1896 02f6 1868     		ldr	r0, [r3]
 1897              	.LVL181:
1442:Drivers/STM32L4xx_HAL_Driver/Src/stm32l4xx_hal_rcc_ex.c ****           {
 1898              		.loc 1 1442 13 view .LVU623
 1899 02f8 10F48060 		ands	r0, r0, #1024
 1900 02fc 3FF4B9AE 		beq	.L106
1444:Drivers/STM32L4xx_HAL_Driver/Src/stm32l4xx_hal_rcc_ex.c ****           }
 1901              		.loc 1 1444 23 view .LVU624
 1902 0300 8548     		ldr	r0, .L218+4
 1903 0302 B6E6     		b	.L106
 1904              	.LVL182:
 1905              	.L136:
1448:Drivers/STM32L4xx_HAL_Driver/Src/stm32l4xx_hal_rcc_ex.c ****           {
 1906              		.loc 1 1448 11 is_stmt 1 view .LVU625
1448:Drivers/STM32L4xx_HAL_Driver/Src/stm32l4xx_hal_rcc_ex.c ****           {
 1907              		.loc 1 1448 14 is_stmt 0 view .LVU626
 1908 0304 834B     		ldr	r3, .L218
 1909              	.LVL183:
1448:Drivers/STM32L4xx_HAL_Driver/Src/stm32l4xx_hal_rcc_ex.c ****           {
 1910              		.loc 1 1448 14 view .LVU627
 1911 0306 D3F89000 		ldr	r0, [r3, #144]
 1912              	.LVL184:
1448:Drivers/STM32L4xx_HAL_Driver/Src/stm32l4xx_hal_rcc_ex.c ****           {
 1913              		.loc 1 1448 13 view .LVU628
 1914 030a 10F00200 		ands	r0, r0, #2
 1915 030e 3FF4B0AE 		beq	.L106
1450:Drivers/STM32L4xx_HAL_Driver/Src/stm32l4xx_hal_rcc_ex.c ****           }
 1916              		.loc 1 1450 23 view .LVU629
 1917 0312 4FF40040 		mov	r0, #32768
 1918 0316 ACE6     		b	.L106
 1919              	.LVL185:
 1920              	.L145:
1469:Drivers/STM32L4xx_HAL_Driver/Src/stm32l4xx_hal_rcc_ex.c ****           break;
 1921              		.loc 1 1469 11 is_stmt 1 view .LVU630
1469:Drivers/STM32L4xx_HAL_Driver/Src/stm32l4xx_hal_rcc_ex.c ****           break;
 1922              		.loc 1 1469 23 is_stmt 0 view .LVU631
 1923 0318 FFF7FEFF 		bl	HAL_RCC_GetPCLK1Freq
 1924              	.LVL186:
ARM GAS  /tmp/ccBxf6FW.s 			page 107


1470:Drivers/STM32L4xx_HAL_Driver/Src/stm32l4xx_hal_rcc_ex.c ****         case RCC_USART2CLKSOURCE_SYSCLK:
 1925              		.loc 1 1470 11 is_stmt 1 view .LVU632
 1926 031c A9E6     		b	.L106
 1927              	.LVL187:
 1928              	.L144:
1472:Drivers/STM32L4xx_HAL_Driver/Src/stm32l4xx_hal_rcc_ex.c ****           break;
 1929              		.loc 1 1472 11 view .LVU633
1472:Drivers/STM32L4xx_HAL_Driver/Src/stm32l4xx_hal_rcc_ex.c ****           break;
 1930              		.loc 1 1472 23 is_stmt 0 view .LVU634
 1931 031e FFF7FEFF 		bl	HAL_RCC_GetSysClockFreq
 1932              	.LVL188:
1473:Drivers/STM32L4xx_HAL_Driver/Src/stm32l4xx_hal_rcc_ex.c ****         case RCC_USART2CLKSOURCE_HSI:
 1933              		.loc 1 1473 11 is_stmt 1 view .LVU635
 1934 0322 A6E6     		b	.L106
 1935              	.LVL189:
 1936              	.L143:
1475:Drivers/STM32L4xx_HAL_Driver/Src/stm32l4xx_hal_rcc_ex.c ****           {
 1937              		.loc 1 1475 11 view .LVU636
1475:Drivers/STM32L4xx_HAL_Driver/Src/stm32l4xx_hal_rcc_ex.c ****           {
 1938              		.loc 1 1475 14 is_stmt 0 view .LVU637
 1939 0324 7B4B     		ldr	r3, .L218
 1940              	.LVL190:
1475:Drivers/STM32L4xx_HAL_Driver/Src/stm32l4xx_hal_rcc_ex.c ****           {
 1941              		.loc 1 1475 14 view .LVU638
 1942 0326 1868     		ldr	r0, [r3]
 1943              	.LVL191:
1475:Drivers/STM32L4xx_HAL_Driver/Src/stm32l4xx_hal_rcc_ex.c ****           {
 1944              		.loc 1 1475 13 view .LVU639
 1945 0328 10F48060 		ands	r0, r0, #1024
 1946 032c 3FF4A1AE 		beq	.L106
1477:Drivers/STM32L4xx_HAL_Driver/Src/stm32l4xx_hal_rcc_ex.c ****           }
 1947              		.loc 1 1477 23 view .LVU640
 1948 0330 7948     		ldr	r0, .L218+4
 1949 0332 9EE6     		b	.L106
 1950              	.LVL192:
 1951              	.L141:
1481:Drivers/STM32L4xx_HAL_Driver/Src/stm32l4xx_hal_rcc_ex.c ****           {
 1952              		.loc 1 1481 11 is_stmt 1 view .LVU641
1481:Drivers/STM32L4xx_HAL_Driver/Src/stm32l4xx_hal_rcc_ex.c ****           {
 1953              		.loc 1 1481 14 is_stmt 0 view .LVU642
 1954 0334 774B     		ldr	r3, .L218
 1955              	.LVL193:
1481:Drivers/STM32L4xx_HAL_Driver/Src/stm32l4xx_hal_rcc_ex.c ****           {
 1956              		.loc 1 1481 14 view .LVU643
 1957 0336 D3F89000 		ldr	r0, [r3, #144]
 1958              	.LVL194:
1481:Drivers/STM32L4xx_HAL_Driver/Src/stm32l4xx_hal_rcc_ex.c ****           {
 1959              		.loc 1 1481 13 view .LVU644
 1960 033a 10F00200 		ands	r0, r0, #2
 1961 033e 3FF498AE 		beq	.L106
1483:Drivers/STM32L4xx_HAL_Driver/Src/stm32l4xx_hal_rcc_ex.c ****           }
 1962              		.loc 1 1483 23 view .LVU645
 1963 0342 4FF40040 		mov	r0, #32768
 1964 0346 94E6     		b	.L106
 1965              	.LVL195:
 1966              	.L118:
1608:Drivers/STM32L4xx_HAL_Driver/Src/stm32l4xx_hal_rcc_ex.c **** 
ARM GAS  /tmp/ccBxf6FW.s 			page 108


 1967              		.loc 1 1608 9 is_stmt 1 view .LVU646
1608:Drivers/STM32L4xx_HAL_Driver/Src/stm32l4xx_hal_rcc_ex.c **** 
 1968              		.loc 1 1608 18 is_stmt 0 view .LVU647
 1969 0348 724B     		ldr	r3, .L218
 1970 034a D3F88830 		ldr	r3, [r3, #136]
1608:Drivers/STM32L4xx_HAL_Driver/Src/stm32l4xx_hal_rcc_ex.c **** 
 1971              		.loc 1 1608 16 view .LVU648
 1972 034e 03F44063 		and	r3, r3, #3072
 1973              	.LVL196:
1610:Drivers/STM32L4xx_HAL_Driver/Src/stm32l4xx_hal_rcc_ex.c ****         {
 1974              		.loc 1 1610 9 is_stmt 1 view .LVU649
 1975 0352 B3F5006F 		cmp	r3, #2048
 1976 0356 1BD0     		beq	.L146
 1977 0358 08D8     		bhi	.L147
 1978 035a B3B1     		cbz	r3, .L148
 1979 035c B3F5806F 		cmp	r3, #1024
 1980 0360 02D1     		bne	.L210
1616:Drivers/STM32L4xx_HAL_Driver/Src/stm32l4xx_hal_rcc_ex.c ****           break;
 1981              		.loc 1 1616 11 view .LVU650
1616:Drivers/STM32L4xx_HAL_Driver/Src/stm32l4xx_hal_rcc_ex.c ****           break;
 1982              		.loc 1 1616 23 is_stmt 0 view .LVU651
 1983 0362 FFF7FEFF 		bl	HAL_RCC_GetSysClockFreq
 1984              	.LVL197:
1617:Drivers/STM32L4xx_HAL_Driver/Src/stm32l4xx_hal_rcc_ex.c ****         case RCC_LPUART1CLKSOURCE_HSI:
 1985              		.loc 1 1617 11 is_stmt 1 view .LVU652
 1986 0366 84E6     		b	.L106
 1987              	.LVL198:
 1988              	.L210:
1617:Drivers/STM32L4xx_HAL_Driver/Src/stm32l4xx_hal_rcc_ex.c ****         case RCC_LPUART1CLKSOURCE_HSI:
 1989              		.loc 1 1617 11 is_stmt 0 view .LVU653
 1990 0368 0020     		movs	r0, #0
 1991              	.LVL199:
1617:Drivers/STM32L4xx_HAL_Driver/Src/stm32l4xx_hal_rcc_ex.c ****         case RCC_LPUART1CLKSOURCE_HSI:
 1992              		.loc 1 1617 11 view .LVU654
 1993 036a 82E6     		b	.L106
 1994              	.LVL200:
 1995              	.L147:
1617:Drivers/STM32L4xx_HAL_Driver/Src/stm32l4xx_hal_rcc_ex.c ****         case RCC_LPUART1CLKSOURCE_HSI:
 1996              		.loc 1 1617 11 view .LVU655
 1997 036c B3F5406F 		cmp	r3, #3072
 1998 0370 09D1     		bne	.L211
1625:Drivers/STM32L4xx_HAL_Driver/Src/stm32l4xx_hal_rcc_ex.c ****           {
 1999              		.loc 1 1625 11 is_stmt 1 view .LVU656
1625:Drivers/STM32L4xx_HAL_Driver/Src/stm32l4xx_hal_rcc_ex.c ****           {
 2000              		.loc 1 1625 14 is_stmt 0 view .LVU657
 2001 0372 684B     		ldr	r3, .L218
 2002              	.LVL201:
1625:Drivers/STM32L4xx_HAL_Driver/Src/stm32l4xx_hal_rcc_ex.c ****           {
 2003              		.loc 1 1625 14 view .LVU658
 2004 0374 D3F89000 		ldr	r0, [r3, #144]
 2005              	.LVL202:
1625:Drivers/STM32L4xx_HAL_Driver/Src/stm32l4xx_hal_rcc_ex.c ****           {
 2006              		.loc 1 1625 13 view .LVU659
 2007 0378 10F00200 		ands	r0, r0, #2
 2008 037c 3FF479AE 		beq	.L106
1627:Drivers/STM32L4xx_HAL_Driver/Src/stm32l4xx_hal_rcc_ex.c ****           }
 2009              		.loc 1 1627 23 view .LVU660
ARM GAS  /tmp/ccBxf6FW.s 			page 109


 2010 0380 4FF40040 		mov	r0, #32768
 2011 0384 75E6     		b	.L106
 2012              	.LVL203:
 2013              	.L211:
1627:Drivers/STM32L4xx_HAL_Driver/Src/stm32l4xx_hal_rcc_ex.c ****           }
 2014              		.loc 1 1627 23 view .LVU661
 2015 0386 0020     		movs	r0, #0
 2016              	.LVL204:
1627:Drivers/STM32L4xx_HAL_Driver/Src/stm32l4xx_hal_rcc_ex.c ****           }
 2017              		.loc 1 1627 23 view .LVU662
 2018 0388 73E6     		b	.L106
 2019              	.LVL205:
 2020              	.L148:
1613:Drivers/STM32L4xx_HAL_Driver/Src/stm32l4xx_hal_rcc_ex.c ****           break;
 2021              		.loc 1 1613 11 is_stmt 1 view .LVU663
1613:Drivers/STM32L4xx_HAL_Driver/Src/stm32l4xx_hal_rcc_ex.c ****           break;
 2022              		.loc 1 1613 23 is_stmt 0 view .LVU664
 2023 038a FFF7FEFF 		bl	HAL_RCC_GetPCLK1Freq
 2024              	.LVL206:
1614:Drivers/STM32L4xx_HAL_Driver/Src/stm32l4xx_hal_rcc_ex.c ****         case RCC_LPUART1CLKSOURCE_SYSCLK:
 2025              		.loc 1 1614 11 is_stmt 1 view .LVU665
 2026 038e 70E6     		b	.L106
 2027              	.LVL207:
 2028              	.L146:
1619:Drivers/STM32L4xx_HAL_Driver/Src/stm32l4xx_hal_rcc_ex.c ****           {
 2029              		.loc 1 1619 11 view .LVU666
1619:Drivers/STM32L4xx_HAL_Driver/Src/stm32l4xx_hal_rcc_ex.c ****           {
 2030              		.loc 1 1619 14 is_stmt 0 view .LVU667
 2031 0390 604B     		ldr	r3, .L218
 2032              	.LVL208:
1619:Drivers/STM32L4xx_HAL_Driver/Src/stm32l4xx_hal_rcc_ex.c ****           {
 2033              		.loc 1 1619 14 view .LVU668
 2034 0392 1868     		ldr	r0, [r3]
 2035              	.LVL209:
1619:Drivers/STM32L4xx_HAL_Driver/Src/stm32l4xx_hal_rcc_ex.c ****           {
 2036              		.loc 1 1619 13 view .LVU669
 2037 0394 10F48060 		ands	r0, r0, #1024
 2038 0398 3FF46BAE 		beq	.L106
1621:Drivers/STM32L4xx_HAL_Driver/Src/stm32l4xx_hal_rcc_ex.c ****           }
 2039              		.loc 1 1621 23 view .LVU670
 2040 039c 5E48     		ldr	r0, .L218+4
 2041 039e 68E6     		b	.L106
 2042              	.LVL210:
 2043              	.L124:
1640:Drivers/STM32L4xx_HAL_Driver/Src/stm32l4xx_hal_rcc_ex.c **** 
 2044              		.loc 1 1640 9 is_stmt 1 view .LVU671
1640:Drivers/STM32L4xx_HAL_Driver/Src/stm32l4xx_hal_rcc_ex.c **** 
 2045              		.loc 1 1640 18 is_stmt 0 view .LVU672
 2046 03a0 5C4B     		ldr	r3, .L218
 2047 03a2 D3F88830 		ldr	r3, [r3, #136]
1640:Drivers/STM32L4xx_HAL_Driver/Src/stm32l4xx_hal_rcc_ex.c **** 
 2048              		.loc 1 1640 16 view .LVU673
 2049 03a6 03F04053 		and	r3, r3, #805306368
 2050              	.LVL211:
1642:Drivers/STM32L4xx_HAL_Driver/Src/stm32l4xx_hal_rcc_ex.c ****         {
 2051              		.loc 1 1642 9 is_stmt 1 view .LVU674
 2052 03aa B3F1805F 		cmp	r3, #268435456
ARM GAS  /tmp/ccBxf6FW.s 			page 110


 2053 03ae 06D0     		beq	.L151
 2054 03b0 B3F1405F 		cmp	r3, #805306368
 2055 03b4 40F0AC80 		bne	.L183
1645:Drivers/STM32L4xx_HAL_Driver/Src/stm32l4xx_hal_rcc_ex.c ****           break;
 2056              		.loc 1 1645 11 view .LVU675
1645:Drivers/STM32L4xx_HAL_Driver/Src/stm32l4xx_hal_rcc_ex.c ****           break;
 2057              		.loc 1 1645 23 is_stmt 0 view .LVU676
 2058 03b8 FFF7FEFF 		bl	HAL_RCC_GetSysClockFreq
 2059              	.LVL212:
1646:Drivers/STM32L4xx_HAL_Driver/Src/stm32l4xx_hal_rcc_ex.c **** #if defined(RCC_PLLSAI1_SUPPORT)
 2060              		.loc 1 1646 11 is_stmt 1 view .LVU677
 2061 03bc 59E6     		b	.L106
 2062              	.LVL213:
 2063              	.L151:
1649:Drivers/STM32L4xx_HAL_Driver/Src/stm32l4xx_hal_rcc_ex.c ****           {
 2064              		.loc 1 1649 11 view .LVU678
1649:Drivers/STM32L4xx_HAL_Driver/Src/stm32l4xx_hal_rcc_ex.c ****           {
 2065              		.loc 1 1649 14 is_stmt 0 view .LVU679
 2066 03be 554B     		ldr	r3, .L218
 2067              	.LVL214:
1649:Drivers/STM32L4xx_HAL_Driver/Src/stm32l4xx_hal_rcc_ex.c ****           {
 2068              		.loc 1 1649 14 view .LVU680
 2069 03c0 1868     		ldr	r0, [r3]
 2070              	.LVL215:
1649:Drivers/STM32L4xx_HAL_Driver/Src/stm32l4xx_hal_rcc_ex.c ****           {
 2071              		.loc 1 1649 13 view .LVU681
 2072 03c2 10F00060 		ands	r0, r0, #134217728
 2073 03c6 3FF454AE 		beq	.L106
1649:Drivers/STM32L4xx_HAL_Driver/Src/stm32l4xx_hal_rcc_ex.c ****           {
 2074              		.loc 1 1649 61 discriminator 1 view .LVU682
 2075 03ca 1869     		ldr	r0, [r3, #16]
1649:Drivers/STM32L4xx_HAL_Driver/Src/stm32l4xx_hal_rcc_ex.c ****           {
 2076              		.loc 1 1649 57 discriminator 1 view .LVU683
 2077 03cc 10F08070 		ands	r0, r0, #16777216
 2078 03d0 3FF44FAE 		beq	.L106
1651:Drivers/STM32L4xx_HAL_Driver/Src/stm32l4xx_hal_rcc_ex.c **** #if defined(RCC_PLLSAI1M_DIV_1_16_SUPPORT)
 2079              		.loc 1 1651 13 is_stmt 1 view .LVU684
1651:Drivers/STM32L4xx_HAL_Driver/Src/stm32l4xx_hal_rcc_ex.c **** #if defined(RCC_PLLSAI1M_DIV_1_16_SUPPORT)
 2080              		.loc 1 1651 20 is_stmt 0 view .LVU685
 2081 03d4 1A46     		mov	r2, r3
 2082 03d6 1B69     		ldr	r3, [r3, #16]
1651:Drivers/STM32L4xx_HAL_Driver/Src/stm32l4xx_hal_rcc_ex.c **** #if defined(RCC_PLLSAI1M_DIV_1_16_SUPPORT)
 2083              		.loc 1 1651 18 view .LVU686
 2084 03d8 C3F30623 		ubfx	r3, r3, #8, #7
 2085              	.LVL216:
1658:Drivers/STM32L4xx_HAL_Driver/Src/stm32l4xx_hal_rcc_ex.c **** #endif
 2086              		.loc 1 1658 13 is_stmt 1 view .LVU687
1658:Drivers/STM32L4xx_HAL_Driver/Src/stm32l4xx_hal_rcc_ex.c **** #endif
 2087              		.loc 1 1658 31 is_stmt 0 view .LVU688
 2088 03dc 03FB01F0 		mul	r0, r3, r1
1658:Drivers/STM32L4xx_HAL_Driver/Src/stm32l4xx_hal_rcc_ex.c **** #endif
 2089              		.loc 1 1658 43 view .LVU689
 2090 03e0 D368     		ldr	r3, [r2, #12]
 2091              	.LVL217:
1658:Drivers/STM32L4xx_HAL_Driver/Src/stm32l4xx_hal_rcc_ex.c **** #endif
 2092              		.loc 1 1658 84 view .LVU690
 2093 03e2 C3F30213 		ubfx	r3, r3, #4, #3
ARM GAS  /tmp/ccBxf6FW.s 			page 111


1658:Drivers/STM32L4xx_HAL_Driver/Src/stm32l4xx_hal_rcc_ex.c **** #endif
 2094              		.loc 1 1658 109 view .LVU691
 2095 03e6 0133     		adds	r3, r3, #1
1658:Drivers/STM32L4xx_HAL_Driver/Src/stm32l4xx_hal_rcc_ex.c **** #endif
 2096              		.loc 1 1658 20 view .LVU692
 2097 03e8 B0FBF3F3 		udiv	r3, r0, r3
 2098              	.LVL218:
1661:Drivers/STM32L4xx_HAL_Driver/Src/stm32l4xx_hal_rcc_ex.c ****           }
 2099              		.loc 1 1661 13 is_stmt 1 view .LVU693
1661:Drivers/STM32L4xx_HAL_Driver/Src/stm32l4xx_hal_rcc_ex.c ****           }
 2100              		.loc 1 1661 38 is_stmt 0 view .LVU694
 2101 03ec 1069     		ldr	r0, [r2, #16]
1661:Drivers/STM32L4xx_HAL_Driver/Src/stm32l4xx_hal_rcc_ex.c ****           }
 2102              		.loc 1 1661 91 view .LVU695
 2103 03ee C0F34160 		ubfx	r0, r0, #25, #2
1661:Drivers/STM32L4xx_HAL_Driver/Src/stm32l4xx_hal_rcc_ex.c ****           }
 2104              		.loc 1 1661 124 view .LVU696
 2105 03f2 0130     		adds	r0, r0, #1
1661:Drivers/STM32L4xx_HAL_Driver/Src/stm32l4xx_hal_rcc_ex.c ****           }
 2106              		.loc 1 1661 130 view .LVU697
 2107 03f4 4000     		lsls	r0, r0, #1
1661:Drivers/STM32L4xx_HAL_Driver/Src/stm32l4xx_hal_rcc_ex.c ****           }
 2108              		.loc 1 1661 23 view .LVU698
 2109 03f6 B3FBF0F0 		udiv	r0, r3, r0
 2110              	.LVL219:
1661:Drivers/STM32L4xx_HAL_Driver/Src/stm32l4xx_hal_rcc_ex.c ****           }
 2111              		.loc 1 1661 23 view .LVU699
 2112 03fa 3AE6     		b	.L106
 2113              	.LVL220:
 2114              	.L122:
1750:Drivers/STM32L4xx_HAL_Driver/Src/stm32l4xx_hal_rcc_ex.c **** 
 2115              		.loc 1 1750 9 is_stmt 1 view .LVU700
1750:Drivers/STM32L4xx_HAL_Driver/Src/stm32l4xx_hal_rcc_ex.c **** 
 2116              		.loc 1 1750 18 is_stmt 0 view .LVU701
 2117 03fc 454B     		ldr	r3, .L218
 2118 03fe D3F88830 		ldr	r3, [r3, #136]
1750:Drivers/STM32L4xx_HAL_Driver/Src/stm32l4xx_hal_rcc_ex.c **** 
 2119              		.loc 1 1750 16 view .LVU702
 2120 0402 03F44053 		and	r3, r3, #12288
 2121              	.LVL221:
1752:Drivers/STM32L4xx_HAL_Driver/Src/stm32l4xx_hal_rcc_ex.c ****         {
 2122              		.loc 1 1752 9 is_stmt 1 view .LVU703
 2123 0406 B3F5805F 		cmp	r3, #4096
 2124 040a 08D0     		beq	.L152
 2125 040c B3F5005F 		cmp	r3, #8192
 2126 0410 08D0     		beq	.L153
 2127 0412 0BB1     		cbz	r3, .L212
 2128 0414 0020     		movs	r0, #0
 2129              	.LVL222:
1752:Drivers/STM32L4xx_HAL_Driver/Src/stm32l4xx_hal_rcc_ex.c ****         {
 2130              		.loc 1 1752 9 is_stmt 0 view .LVU704
 2131 0416 2CE6     		b	.L106
 2132              	.LVL223:
 2133              	.L212:
1755:Drivers/STM32L4xx_HAL_Driver/Src/stm32l4xx_hal_rcc_ex.c ****           break;
 2134              		.loc 1 1755 11 is_stmt 1 view .LVU705
1755:Drivers/STM32L4xx_HAL_Driver/Src/stm32l4xx_hal_rcc_ex.c ****           break;
ARM GAS  /tmp/ccBxf6FW.s 			page 112


 2135              		.loc 1 1755 23 is_stmt 0 view .LVU706
 2136 0418 FFF7FEFF 		bl	HAL_RCC_GetPCLK1Freq
 2137              	.LVL224:
1756:Drivers/STM32L4xx_HAL_Driver/Src/stm32l4xx_hal_rcc_ex.c ****         case RCC_I2C1CLKSOURCE_SYSCLK:
 2138              		.loc 1 1756 11 is_stmt 1 view .LVU707
 2139 041c 29E6     		b	.L106
 2140              	.LVL225:
 2141              	.L152:
1758:Drivers/STM32L4xx_HAL_Driver/Src/stm32l4xx_hal_rcc_ex.c ****           break;
 2142              		.loc 1 1758 11 view .LVU708
1758:Drivers/STM32L4xx_HAL_Driver/Src/stm32l4xx_hal_rcc_ex.c ****           break;
 2143              		.loc 1 1758 23 is_stmt 0 view .LVU709
 2144 041e FFF7FEFF 		bl	HAL_RCC_GetSysClockFreq
 2145              	.LVL226:
1759:Drivers/STM32L4xx_HAL_Driver/Src/stm32l4xx_hal_rcc_ex.c ****         case RCC_I2C1CLKSOURCE_HSI:
 2146              		.loc 1 1759 11 is_stmt 1 view .LVU710
 2147 0422 26E6     		b	.L106
 2148              	.LVL227:
 2149              	.L153:
1761:Drivers/STM32L4xx_HAL_Driver/Src/stm32l4xx_hal_rcc_ex.c ****           {
 2150              		.loc 1 1761 11 view .LVU711
1761:Drivers/STM32L4xx_HAL_Driver/Src/stm32l4xx_hal_rcc_ex.c ****           {
 2151              		.loc 1 1761 14 is_stmt 0 view .LVU712
 2152 0424 3B4B     		ldr	r3, .L218
 2153              	.LVL228:
1761:Drivers/STM32L4xx_HAL_Driver/Src/stm32l4xx_hal_rcc_ex.c ****           {
 2154              		.loc 1 1761 14 view .LVU713
 2155 0426 1868     		ldr	r0, [r3]
 2156              	.LVL229:
1761:Drivers/STM32L4xx_HAL_Driver/Src/stm32l4xx_hal_rcc_ex.c ****           {
 2157              		.loc 1 1761 13 view .LVU714
 2158 0428 10F48060 		ands	r0, r0, #1024
 2159 042c 3FF421AE 		beq	.L106
1763:Drivers/STM32L4xx_HAL_Driver/Src/stm32l4xx_hal_rcc_ex.c ****           }
 2160              		.loc 1 1763 23 view .LVU715
 2161 0430 3948     		ldr	r0, .L218+4
 2162 0432 1EE6     		b	.L106
 2163              	.LVL230:
 2164              	.L204:
1813:Drivers/STM32L4xx_HAL_Driver/Src/stm32l4xx_hal_rcc_ex.c ****           break;
 2165              		.loc 1 1813 11 is_stmt 1 view .LVU716
1813:Drivers/STM32L4xx_HAL_Driver/Src/stm32l4xx_hal_rcc_ex.c ****           break;
 2166              		.loc 1 1813 23 is_stmt 0 view .LVU717
 2167 0434 FFF7FEFF 		bl	HAL_RCC_GetPCLK1Freq
 2168              	.LVL231:
1814:Drivers/STM32L4xx_HAL_Driver/Src/stm32l4xx_hal_rcc_ex.c ****         case RCC_I2C3CLKSOURCE_SYSCLK:
 2169              		.loc 1 1814 11 is_stmt 1 view .LVU718
 2170 0438 1BE6     		b	.L106
 2171              	.LVL232:
 2172              	.L154:
1816:Drivers/STM32L4xx_HAL_Driver/Src/stm32l4xx_hal_rcc_ex.c ****           break;
 2173              		.loc 1 1816 11 view .LVU719
1816:Drivers/STM32L4xx_HAL_Driver/Src/stm32l4xx_hal_rcc_ex.c ****           break;
 2174              		.loc 1 1816 23 is_stmt 0 view .LVU720
 2175 043a FFF7FEFF 		bl	HAL_RCC_GetSysClockFreq
 2176              	.LVL233:
1817:Drivers/STM32L4xx_HAL_Driver/Src/stm32l4xx_hal_rcc_ex.c ****         case RCC_I2C3CLKSOURCE_HSI:
ARM GAS  /tmp/ccBxf6FW.s 			page 113


 2177              		.loc 1 1817 11 is_stmt 1 view .LVU721
 2178 043e 18E6     		b	.L106
 2179              	.LVL234:
 2180              	.L155:
1819:Drivers/STM32L4xx_HAL_Driver/Src/stm32l4xx_hal_rcc_ex.c ****           {
 2181              		.loc 1 1819 11 view .LVU722
1819:Drivers/STM32L4xx_HAL_Driver/Src/stm32l4xx_hal_rcc_ex.c ****           {
 2182              		.loc 1 1819 14 is_stmt 0 view .LVU723
 2183 0440 344B     		ldr	r3, .L218
 2184              	.LVL235:
1819:Drivers/STM32L4xx_HAL_Driver/Src/stm32l4xx_hal_rcc_ex.c ****           {
 2185              		.loc 1 1819 14 view .LVU724
 2186 0442 1868     		ldr	r0, [r3]
 2187              	.LVL236:
1819:Drivers/STM32L4xx_HAL_Driver/Src/stm32l4xx_hal_rcc_ex.c ****           {
 2188              		.loc 1 1819 13 view .LVU725
 2189 0444 10F48060 		ands	r0, r0, #1024
 2190 0448 3FF413AE 		beq	.L106
1821:Drivers/STM32L4xx_HAL_Driver/Src/stm32l4xx_hal_rcc_ex.c ****           }
 2191              		.loc 1 1821 23 view .LVU726
 2192 044c 3248     		ldr	r0, .L218+4
 2193 044e 10E6     		b	.L106
 2194              	.LVL237:
 2195              	.L116:
1866:Drivers/STM32L4xx_HAL_Driver/Src/stm32l4xx_hal_rcc_ex.c **** 
 2196              		.loc 1 1866 9 is_stmt 1 view .LVU727
1866:Drivers/STM32L4xx_HAL_Driver/Src/stm32l4xx_hal_rcc_ex.c **** 
 2197              		.loc 1 1866 18 is_stmt 0 view .LVU728
 2198 0450 304B     		ldr	r3, .L218
 2199 0452 D3F88830 		ldr	r3, [r3, #136]
1866:Drivers/STM32L4xx_HAL_Driver/Src/stm32l4xx_hal_rcc_ex.c **** 
 2200              		.loc 1 1866 16 view .LVU729
 2201 0456 03F44023 		and	r3, r3, #786432
 2202              	.LVL238:
1868:Drivers/STM32L4xx_HAL_Driver/Src/stm32l4xx_hal_rcc_ex.c ****         {
 2203              		.loc 1 1868 9 is_stmt 1 view .LVU730
 2204 045a B3F5002F 		cmp	r3, #524288
 2205 045e 22D0     		beq	.L156
 2206 0460 0FD8     		bhi	.L157
 2207 0462 EBB1     		cbz	r3, .L158
 2208 0464 B3F5802F 		cmp	r3, #262144
 2209 0468 09D1     		bne	.L213
1874:Drivers/STM32L4xx_HAL_Driver/Src/stm32l4xx_hal_rcc_ex.c ****           {
 2210              		.loc 1 1874 11 view .LVU731
1874:Drivers/STM32L4xx_HAL_Driver/Src/stm32l4xx_hal_rcc_ex.c ****           {
 2211              		.loc 1 1874 14 is_stmt 0 view .LVU732
 2212 046a 2A4B     		ldr	r3, .L218
 2213              	.LVL239:
1874:Drivers/STM32L4xx_HAL_Driver/Src/stm32l4xx_hal_rcc_ex.c ****           {
 2214              		.loc 1 1874 14 view .LVU733
 2215 046c D3F89400 		ldr	r0, [r3, #148]
 2216              	.LVL240:
1874:Drivers/STM32L4xx_HAL_Driver/Src/stm32l4xx_hal_rcc_ex.c ****           {
 2217              		.loc 1 1874 13 view .LVU734
 2218 0470 10F00200 		ands	r0, r0, #2
 2219 0474 3FF4FDAD 		beq	.L106
1884:Drivers/STM32L4xx_HAL_Driver/Src/stm32l4xx_hal_rcc_ex.c ****             }
ARM GAS  /tmp/ccBxf6FW.s 			page 114


 2220              		.loc 1 1884 25 view .LVU735
 2221 0478 4FF4FA40 		mov	r0, #32000
 2222 047c F9E5     		b	.L106
 2223              	.LVL241:
 2224              	.L213:
1884:Drivers/STM32L4xx_HAL_Driver/Src/stm32l4xx_hal_rcc_ex.c ****             }
 2225              		.loc 1 1884 25 view .LVU736
 2226 047e 0020     		movs	r0, #0
 2227              	.LVL242:
1884:Drivers/STM32L4xx_HAL_Driver/Src/stm32l4xx_hal_rcc_ex.c ****             }
 2228              		.loc 1 1884 25 view .LVU737
 2229 0480 F7E5     		b	.L106
 2230              	.LVL243:
 2231              	.L157:
1884:Drivers/STM32L4xx_HAL_Driver/Src/stm32l4xx_hal_rcc_ex.c ****             }
 2232              		.loc 1 1884 25 view .LVU738
 2233 0482 B3F5402F 		cmp	r3, #786432
 2234 0486 09D1     		bne	.L214
1895:Drivers/STM32L4xx_HAL_Driver/Src/stm32l4xx_hal_rcc_ex.c ****           {
 2235              		.loc 1 1895 11 is_stmt 1 view .LVU739
1895:Drivers/STM32L4xx_HAL_Driver/Src/stm32l4xx_hal_rcc_ex.c ****           {
 2236              		.loc 1 1895 14 is_stmt 0 view .LVU740
 2237 0488 224B     		ldr	r3, .L218
 2238              	.LVL244:
1895:Drivers/STM32L4xx_HAL_Driver/Src/stm32l4xx_hal_rcc_ex.c ****           {
 2239              		.loc 1 1895 14 view .LVU741
 2240 048a D3F89000 		ldr	r0, [r3, #144]
 2241              	.LVL245:
1895:Drivers/STM32L4xx_HAL_Driver/Src/stm32l4xx_hal_rcc_ex.c ****           {
 2242              		.loc 1 1895 13 view .LVU742
 2243 048e 10F00200 		ands	r0, r0, #2
 2244 0492 3FF4EEAD 		beq	.L106
1897:Drivers/STM32L4xx_HAL_Driver/Src/stm32l4xx_hal_rcc_ex.c ****           }
 2245              		.loc 1 1897 23 view .LVU743
 2246 0496 4FF40040 		mov	r0, #32768
 2247 049a EAE5     		b	.L106
 2248              	.LVL246:
 2249              	.L214:
1897:Drivers/STM32L4xx_HAL_Driver/Src/stm32l4xx_hal_rcc_ex.c ****           }
 2250              		.loc 1 1897 23 view .LVU744
 2251 049c 0020     		movs	r0, #0
 2252              	.LVL247:
1897:Drivers/STM32L4xx_HAL_Driver/Src/stm32l4xx_hal_rcc_ex.c ****           }
 2253              		.loc 1 1897 23 view .LVU745
 2254 049e E8E5     		b	.L106
 2255              	.LVL248:
 2256              	.L158:
1871:Drivers/STM32L4xx_HAL_Driver/Src/stm32l4xx_hal_rcc_ex.c ****           break;
 2257              		.loc 1 1871 11 is_stmt 1 view .LVU746
1871:Drivers/STM32L4xx_HAL_Driver/Src/stm32l4xx_hal_rcc_ex.c ****           break;
 2258              		.loc 1 1871 23 is_stmt 0 view .LVU747
 2259 04a0 FFF7FEFF 		bl	HAL_RCC_GetPCLK1Freq
 2260              	.LVL249:
1872:Drivers/STM32L4xx_HAL_Driver/Src/stm32l4xx_hal_rcc_ex.c ****         case RCC_LPTIM1CLKSOURCE_LSI:
 2261              		.loc 1 1872 11 is_stmt 1 view .LVU748
 2262 04a4 E5E5     		b	.L106
 2263              	.LVL250:
ARM GAS  /tmp/ccBxf6FW.s 			page 115


 2264              	.L156:
1889:Drivers/STM32L4xx_HAL_Driver/Src/stm32l4xx_hal_rcc_ex.c ****           {
 2265              		.loc 1 1889 11 view .LVU749
1889:Drivers/STM32L4xx_HAL_Driver/Src/stm32l4xx_hal_rcc_ex.c ****           {
 2266              		.loc 1 1889 14 is_stmt 0 view .LVU750
 2267 04a6 1B4B     		ldr	r3, .L218
 2268              	.LVL251:
1889:Drivers/STM32L4xx_HAL_Driver/Src/stm32l4xx_hal_rcc_ex.c ****           {
 2269              		.loc 1 1889 14 view .LVU751
 2270 04a8 1868     		ldr	r0, [r3]
 2271              	.LVL252:
1889:Drivers/STM32L4xx_HAL_Driver/Src/stm32l4xx_hal_rcc_ex.c ****           {
 2272              		.loc 1 1889 13 view .LVU752
 2273 04aa 10F48060 		ands	r0, r0, #1024
 2274 04ae 3FF4E0AD 		beq	.L106
1891:Drivers/STM32L4xx_HAL_Driver/Src/stm32l4xx_hal_rcc_ex.c ****           }
 2275              		.loc 1 1891 23 view .LVU753
 2276 04b2 1948     		ldr	r0, .L218+4
 2277 04b4 DDE5     		b	.L106
 2278              	.LVL253:
 2279              	.L209:
1891:Drivers/STM32L4xx_HAL_Driver/Src/stm32l4xx_hal_rcc_ex.c ****           }
 2280              		.loc 1 1891 23 view .LVU754
 2281 04b6 0020     		movs	r0, #0
 2282              	.LVL254:
1891:Drivers/STM32L4xx_HAL_Driver/Src/stm32l4xx_hal_rcc_ex.c ****           }
 2283              		.loc 1 1891 23 view .LVU755
 2284 04b8 DBE5     		b	.L106
 2285              	.LVL255:
 2286              	.L162:
1891:Drivers/STM32L4xx_HAL_Driver/Src/stm32l4xx_hal_rcc_ex.c ****           }
 2287              		.loc 1 1891 23 view .LVU756
 2288 04ba B3F5401F 		cmp	r3, #3145728
 2289 04be 09D1     		bne	.L215
1940:Drivers/STM32L4xx_HAL_Driver/Src/stm32l4xx_hal_rcc_ex.c ****           {
 2290              		.loc 1 1940 11 is_stmt 1 view .LVU757
1940:Drivers/STM32L4xx_HAL_Driver/Src/stm32l4xx_hal_rcc_ex.c ****           {
 2291              		.loc 1 1940 14 is_stmt 0 view .LVU758
 2292 04c0 144B     		ldr	r3, .L218
 2293              	.LVL256:
1940:Drivers/STM32L4xx_HAL_Driver/Src/stm32l4xx_hal_rcc_ex.c ****           {
 2294              		.loc 1 1940 14 view .LVU759
 2295 04c2 D3F89000 		ldr	r0, [r3, #144]
 2296              	.LVL257:
1940:Drivers/STM32L4xx_HAL_Driver/Src/stm32l4xx_hal_rcc_ex.c ****           {
 2297              		.loc 1 1940 13 view .LVU760
 2298 04c6 10F00200 		ands	r0, r0, #2
 2299 04ca 3FF4D2AD 		beq	.L106
1942:Drivers/STM32L4xx_HAL_Driver/Src/stm32l4xx_hal_rcc_ex.c ****           }
 2300              		.loc 1 1942 23 view .LVU761
 2301 04ce 4FF40040 		mov	r0, #32768
 2302 04d2 CEE5     		b	.L106
 2303              	.LVL258:
 2304              	.L215:
1942:Drivers/STM32L4xx_HAL_Driver/Src/stm32l4xx_hal_rcc_ex.c ****           }
 2305              		.loc 1 1942 23 view .LVU762
 2306 04d4 0020     		movs	r0, #0
ARM GAS  /tmp/ccBxf6FW.s 			page 116


 2307              	.LVL259:
1942:Drivers/STM32L4xx_HAL_Driver/Src/stm32l4xx_hal_rcc_ex.c ****           }
 2308              		.loc 1 1942 23 view .LVU763
 2309 04d6 CCE5     		b	.L106
 2310              	.LVL260:
 2311              	.L163:
1916:Drivers/STM32L4xx_HAL_Driver/Src/stm32l4xx_hal_rcc_ex.c ****           break;
 2312              		.loc 1 1916 11 is_stmt 1 view .LVU764
1916:Drivers/STM32L4xx_HAL_Driver/Src/stm32l4xx_hal_rcc_ex.c ****           break;
 2313              		.loc 1 1916 23 is_stmt 0 view .LVU765
 2314 04d8 FFF7FEFF 		bl	HAL_RCC_GetPCLK1Freq
 2315              	.LVL261:
1917:Drivers/STM32L4xx_HAL_Driver/Src/stm32l4xx_hal_rcc_ex.c ****         case RCC_LPTIM2CLKSOURCE_LSI:
 2316              		.loc 1 1917 11 is_stmt 1 view .LVU766
 2317 04dc C9E5     		b	.L106
 2318              	.LVL262:
 2319              	.L161:
1934:Drivers/STM32L4xx_HAL_Driver/Src/stm32l4xx_hal_rcc_ex.c ****           {
 2320              		.loc 1 1934 11 view .LVU767
1934:Drivers/STM32L4xx_HAL_Driver/Src/stm32l4xx_hal_rcc_ex.c ****           {
 2321              		.loc 1 1934 14 is_stmt 0 view .LVU768
 2322 04de 0D4B     		ldr	r3, .L218
 2323              	.LVL263:
1934:Drivers/STM32L4xx_HAL_Driver/Src/stm32l4xx_hal_rcc_ex.c ****           {
 2324              		.loc 1 1934 14 view .LVU769
 2325 04e0 1868     		ldr	r0, [r3]
 2326              	.LVL264:
1934:Drivers/STM32L4xx_HAL_Driver/Src/stm32l4xx_hal_rcc_ex.c ****           {
 2327              		.loc 1 1934 13 view .LVU770
 2328 04e2 10F48060 		ands	r0, r0, #1024
 2329 04e6 3FF4C4AD 		beq	.L106
1936:Drivers/STM32L4xx_HAL_Driver/Src/stm32l4xx_hal_rcc_ex.c ****           }
 2330              		.loc 1 1936 23 view .LVU771
 2331 04ea 0B48     		ldr	r0, .L218+4
 2332 04ec C1E5     		b	.L106
 2333              	.LVL265:
 2334              	.L166:
1963:Drivers/STM32L4xx_HAL_Driver/Src/stm32l4xx_hal_rcc_ex.c ****           break;
 2335              		.loc 1 1963 11 is_stmt 1 view .LVU772
1963:Drivers/STM32L4xx_HAL_Driver/Src/stm32l4xx_hal_rcc_ex.c ****           break;
 2336              		.loc 1 1963 23 is_stmt 0 view .LVU773
 2337 04ee FFF7FEFF 		bl	HAL_RCC_GetPCLK1Freq
 2338              	.LVL266:
1964:Drivers/STM32L4xx_HAL_Driver/Src/stm32l4xx_hal_rcc_ex.c ****         case RCC_SWPMI1CLKSOURCE_HSI:
 2339              		.loc 1 1964 11 is_stmt 1 view .LVU774
 2340 04f2 BEE5     		b	.L106
 2341              	.LVL267:
 2342              	.L167:
1966:Drivers/STM32L4xx_HAL_Driver/Src/stm32l4xx_hal_rcc_ex.c ****           {
 2343              		.loc 1 1966 11 view .LVU775
1966:Drivers/STM32L4xx_HAL_Driver/Src/stm32l4xx_hal_rcc_ex.c ****           {
 2344              		.loc 1 1966 14 is_stmt 0 view .LVU776
 2345 04f4 074B     		ldr	r3, .L218
 2346              	.LVL268:
1966:Drivers/STM32L4xx_HAL_Driver/Src/stm32l4xx_hal_rcc_ex.c ****           {
 2347              		.loc 1 1966 14 view .LVU777
 2348 04f6 1868     		ldr	r0, [r3]
ARM GAS  /tmp/ccBxf6FW.s 			page 117


 2349              	.LVL269:
1966:Drivers/STM32L4xx_HAL_Driver/Src/stm32l4xx_hal_rcc_ex.c ****           {
 2350              		.loc 1 1966 13 view .LVU778
 2351 04f8 10F48060 		ands	r0, r0, #1024
 2352 04fc 3FF4B9AD 		beq	.L106
1968:Drivers/STM32L4xx_HAL_Driver/Src/stm32l4xx_hal_rcc_ex.c ****           }
 2353              		.loc 1 1968 23 view .LVU779
 2354 0500 0548     		ldr	r0, .L218+4
 2355              	.LVL270:
2028:Drivers/STM32L4xx_HAL_Driver/Src/stm32l4xx_hal_rcc_ex.c **** }
 2356              		.loc 1 2028 3 is_stmt 1 view .LVU780
2028:Drivers/STM32L4xx_HAL_Driver/Src/stm32l4xx_hal_rcc_ex.c **** }
 2357              		.loc 1 2028 9 is_stmt 0 view .LVU781
 2358 0502 B6E5     		b	.L106
 2359              	.LVL271:
 2360              	.L173:
2028:Drivers/STM32L4xx_HAL_Driver/Src/stm32l4xx_hal_rcc_ex.c **** }
 2361              		.loc 1 2028 9 view .LVU782
 2362 0504 0020     		movs	r0, #0
 2363              	.LVL272:
2028:Drivers/STM32L4xx_HAL_Driver/Src/stm32l4xx_hal_rcc_ex.c **** }
 2364              		.loc 1 2028 9 view .LVU783
 2365 0506 B4E5     		b	.L106
 2366              	.LVL273:
 2367              	.L175:
2028:Drivers/STM32L4xx_HAL_Driver/Src/stm32l4xx_hal_rcc_ex.c **** }
 2368              		.loc 1 2028 9 view .LVU784
 2369 0508 0020     		movs	r0, #0
 2370              	.LVL274:
2028:Drivers/STM32L4xx_HAL_Driver/Src/stm32l4xx_hal_rcc_ex.c **** }
 2371              		.loc 1 2028 9 view .LVU785
 2372 050a B2E5     		b	.L106
 2373              	.LVL275:
 2374              	.L178:
2028:Drivers/STM32L4xx_HAL_Driver/Src/stm32l4xx_hal_rcc_ex.c **** }
 2375              		.loc 1 2028 9 view .LVU786
 2376 050c 0020     		movs	r0, #0
 2377              	.LVL276:
2028:Drivers/STM32L4xx_HAL_Driver/Src/stm32l4xx_hal_rcc_ex.c **** }
 2378              		.loc 1 2028 9 view .LVU787
 2379 050e B0E5     		b	.L106
 2380              	.LVL277:
 2381              	.L183:
2028:Drivers/STM32L4xx_HAL_Driver/Src/stm32l4xx_hal_rcc_ex.c **** }
 2382              		.loc 1 2028 9 view .LVU788
 2383 0510 0020     		movs	r0, #0
 2384              	.LVL278:
2028:Drivers/STM32L4xx_HAL_Driver/Src/stm32l4xx_hal_rcc_ex.c **** }
 2385              		.loc 1 2028 9 view .LVU789
 2386 0512 AEE5     		b	.L106
 2387              	.L219:
 2388              		.align	2
 2389              	.L218:
 2390 0514 00100240 		.word	1073876992
 2391 0518 0024F400 		.word	16000000
 2392              		.cfi_endproc
 2393              	.LFE290:
ARM GAS  /tmp/ccBxf6FW.s 			page 118


 2395              		.section	.text.HAL_RCCEx_EnablePLLSAI1,"ax",%progbits
 2396              		.align	1
 2397              		.global	HAL_RCCEx_EnablePLLSAI1
 2398              		.syntax unified
 2399              		.thumb
 2400              		.thumb_func
 2402              	HAL_RCCEx_EnablePLLSAI1:
 2403              	.LVL279:
 2404              	.LFB291:
2059:Drivers/STM32L4xx_HAL_Driver/Src/stm32l4xx_hal_rcc_ex.c ****   uint32_t tickstart;
 2405              		.loc 1 2059 1 is_stmt 1 view -0
 2406              		.cfi_startproc
 2407              		@ args = 0, pretend = 0, frame = 0
 2408              		@ frame_needed = 0, uses_anonymous_args = 0
2059:Drivers/STM32L4xx_HAL_Driver/Src/stm32l4xx_hal_rcc_ex.c ****   uint32_t tickstart;
 2409              		.loc 1 2059 1 is_stmt 0 view .LVU791
 2410 0000 38B5     		push	{r3, r4, r5, lr}
 2411              	.LCFI6:
 2412              		.cfi_def_cfa_offset 16
 2413              		.cfi_offset 3, -16
 2414              		.cfi_offset 4, -12
 2415              		.cfi_offset 5, -8
 2416              		.cfi_offset 14, -4
 2417 0002 0546     		mov	r5, r0
2060:Drivers/STM32L4xx_HAL_Driver/Src/stm32l4xx_hal_rcc_ex.c ****   HAL_StatusTypeDef status = HAL_OK;
 2418              		.loc 1 2060 3 is_stmt 1 view .LVU792
2061:Drivers/STM32L4xx_HAL_Driver/Src/stm32l4xx_hal_rcc_ex.c **** 
 2419              		.loc 1 2061 3 view .LVU793
 2420              	.LVL280:
2064:Drivers/STM32L4xx_HAL_Driver/Src/stm32l4xx_hal_rcc_ex.c ****   assert_param(IS_RCC_PLLSAI1M_VALUE(PLLSAI1Init->PLLSAI1M));
 2421              		.loc 1 2064 3 view .LVU794
2065:Drivers/STM32L4xx_HAL_Driver/Src/stm32l4xx_hal_rcc_ex.c ****   assert_param(IS_RCC_PLLSAI1N_VALUE(PLLSAI1Init->PLLSAI1N));
 2422              		.loc 1 2065 3 view .LVU795
2066:Drivers/STM32L4xx_HAL_Driver/Src/stm32l4xx_hal_rcc_ex.c ****   assert_param(IS_RCC_PLLSAI1P_VALUE(PLLSAI1Init->PLLSAI1P));
 2423              		.loc 1 2066 3 view .LVU796
2067:Drivers/STM32L4xx_HAL_Driver/Src/stm32l4xx_hal_rcc_ex.c ****   assert_param(IS_RCC_PLLSAI1Q_VALUE(PLLSAI1Init->PLLSAI1Q));
 2424              		.loc 1 2067 3 view .LVU797
2068:Drivers/STM32L4xx_HAL_Driver/Src/stm32l4xx_hal_rcc_ex.c ****   assert_param(IS_RCC_PLLSAI1R_VALUE(PLLSAI1Init->PLLSAI1R));
 2425              		.loc 1 2068 3 view .LVU798
2069:Drivers/STM32L4xx_HAL_Driver/Src/stm32l4xx_hal_rcc_ex.c ****   assert_param(IS_RCC_PLLSAI1CLOCKOUT_VALUE(PLLSAI1Init->PLLSAI1ClockOut));
 2426              		.loc 1 2069 3 view .LVU799
2070:Drivers/STM32L4xx_HAL_Driver/Src/stm32l4xx_hal_rcc_ex.c **** 
 2427              		.loc 1 2070 3 view .LVU800
2073:Drivers/STM32L4xx_HAL_Driver/Src/stm32l4xx_hal_rcc_ex.c **** 
 2428              		.loc 1 2073 3 view .LVU801
 2429 0004 214A     		ldr	r2, .L232
 2430 0006 1368     		ldr	r3, [r2]
 2431 0008 23F08063 		bic	r3, r3, #67108864
 2432 000c 1360     		str	r3, [r2]
2076:Drivers/STM32L4xx_HAL_Driver/Src/stm32l4xx_hal_rcc_ex.c **** 
 2433              		.loc 1 2076 3 view .LVU802
2076:Drivers/STM32L4xx_HAL_Driver/Src/stm32l4xx_hal_rcc_ex.c **** 
 2434              		.loc 1 2076 15 is_stmt 0 view .LVU803
 2435 000e FFF7FEFF 		bl	HAL_GetTick
 2436              	.LVL281:
2076:Drivers/STM32L4xx_HAL_Driver/Src/stm32l4xx_hal_rcc_ex.c **** 
 2437              		.loc 1 2076 15 view .LVU804
ARM GAS  /tmp/ccBxf6FW.s 			page 119


 2438 0012 0446     		mov	r4, r0
 2439              	.LVL282:
2079:Drivers/STM32L4xx_HAL_Driver/Src/stm32l4xx_hal_rcc_ex.c ****   {
 2440              		.loc 1 2079 3 is_stmt 1 view .LVU805
 2441              	.L221:
2079:Drivers/STM32L4xx_HAL_Driver/Src/stm32l4xx_hal_rcc_ex.c ****   {
 2442              		.loc 1 2079 8 view .LVU806
2079:Drivers/STM32L4xx_HAL_Driver/Src/stm32l4xx_hal_rcc_ex.c ****   {
 2443              		.loc 1 2079 9 is_stmt 0 view .LVU807
 2444 0014 1D4B     		ldr	r3, .L232
 2445 0016 1B68     		ldr	r3, [r3]
2079:Drivers/STM32L4xx_HAL_Driver/Src/stm32l4xx_hal_rcc_ex.c ****   {
 2446              		.loc 1 2079 8 view .LVU808
 2447 0018 13F0006F 		tst	r3, #134217728
 2448 001c 06D0     		beq	.L230
2081:Drivers/STM32L4xx_HAL_Driver/Src/stm32l4xx_hal_rcc_ex.c ****     {
 2449              		.loc 1 2081 5 is_stmt 1 view .LVU809
2081:Drivers/STM32L4xx_HAL_Driver/Src/stm32l4xx_hal_rcc_ex.c ****     {
 2450              		.loc 1 2081 9 is_stmt 0 view .LVU810
 2451 001e FFF7FEFF 		bl	HAL_GetTick
 2452              	.LVL283:
2081:Drivers/STM32L4xx_HAL_Driver/Src/stm32l4xx_hal_rcc_ex.c ****     {
 2453              		.loc 1 2081 23 view .LVU811
 2454 0022 001B     		subs	r0, r0, r4
2081:Drivers/STM32L4xx_HAL_Driver/Src/stm32l4xx_hal_rcc_ex.c ****     {
 2455              		.loc 1 2081 7 view .LVU812
 2456 0024 0228     		cmp	r0, #2
 2457 0026 F5D9     		bls	.L221
2083:Drivers/STM32L4xx_HAL_Driver/Src/stm32l4xx_hal_rcc_ex.c ****       break;
 2458              		.loc 1 2083 14 view .LVU813
 2459 0028 0324     		movs	r4, #3
 2460              	.LVL284:
2083:Drivers/STM32L4xx_HAL_Driver/Src/stm32l4xx_hal_rcc_ex.c ****       break;
 2461              		.loc 1 2083 14 view .LVU814
 2462 002a 00E0     		b	.L222
 2463              	.LVL285:
 2464              	.L230:
2061:Drivers/STM32L4xx_HAL_Driver/Src/stm32l4xx_hal_rcc_ex.c **** 
 2465              		.loc 1 2061 21 view .LVU815
 2466 002c 0024     		movs	r4, #0
 2467              	.LVL286:
 2468              	.L222:
2088:Drivers/STM32L4xx_HAL_Driver/Src/stm32l4xx_hal_rcc_ex.c ****   {
 2469              		.loc 1 2088 3 is_stmt 1 view .LVU816
2088:Drivers/STM32L4xx_HAL_Driver/Src/stm32l4xx_hal_rcc_ex.c ****   {
 2470              		.loc 1 2088 5 is_stmt 0 view .LVU817
 2471 002e 0CB1     		cbz	r4, .L231
 2472              	.LVL287:
 2473              	.L224:
2119:Drivers/STM32L4xx_HAL_Driver/Src/stm32l4xx_hal_rcc_ex.c **** }
 2474              		.loc 1 2119 3 is_stmt 1 view .LVU818
2120:Drivers/STM32L4xx_HAL_Driver/Src/stm32l4xx_hal_rcc_ex.c **** 
 2475              		.loc 1 2120 1 is_stmt 0 view .LVU819
 2476 0030 2046     		mov	r0, r4
 2477 0032 38BD     		pop	{r3, r4, r5, pc}
 2478              	.LVL288:
 2479              	.L231:
ARM GAS  /tmp/ccBxf6FW.s 			page 120


2097:Drivers/STM32L4xx_HAL_Driver/Src/stm32l4xx_hal_rcc_ex.c **** #endif /* RCC_PLLSAI1M_DIV_1_16_SUPPORT */
 2480              		.loc 1 2097 5 is_stmt 1 view .LVU820
 2481 0034 154A     		ldr	r2, .L232
 2482 0036 1369     		ldr	r3, [r2, #16]
 2483 0038 1548     		ldr	r0, .L232+4
 2484 003a 1840     		ands	r0, r0, r3
 2485 003c A968     		ldr	r1, [r5, #8]
 2486 003e 2B69     		ldr	r3, [r5, #16]
 2487 0040 5B08     		lsrs	r3, r3, #1
 2488 0042 013B     		subs	r3, r3, #1
 2489 0044 5B05     		lsls	r3, r3, #21
 2490 0046 43EA0123 		orr	r3, r3, r1, lsl #8
 2491 004a 6969     		ldr	r1, [r5, #20]
 2492 004c 4908     		lsrs	r1, r1, #1
 2493 004e 0139     		subs	r1, r1, #1
 2494 0050 43EA4163 		orr	r3, r3, r1, lsl #25
 2495 0054 E968     		ldr	r1, [r5, #12]
 2496 0056 43EAC163 		orr	r3, r3, r1, lsl #27
 2497 005a 0343     		orrs	r3, r3, r0
 2498 005c 1361     		str	r3, [r2, #16]
2100:Drivers/STM32L4xx_HAL_Driver/Src/stm32l4xx_hal_rcc_ex.c **** 
 2499              		.loc 1 2100 5 view .LVU821
 2500 005e 1369     		ldr	r3, [r2, #16]
 2501 0060 A969     		ldr	r1, [r5, #24]
 2502 0062 0B43     		orrs	r3, r3, r1
 2503 0064 1361     		str	r3, [r2, #16]
2103:Drivers/STM32L4xx_HAL_Driver/Src/stm32l4xx_hal_rcc_ex.c **** 
 2504              		.loc 1 2103 5 view .LVU822
 2505 0066 1368     		ldr	r3, [r2]
 2506 0068 43F08063 		orr	r3, r3, #67108864
 2507 006c 1360     		str	r3, [r2]
2106:Drivers/STM32L4xx_HAL_Driver/Src/stm32l4xx_hal_rcc_ex.c **** 
 2508              		.loc 1 2106 5 view .LVU823
2106:Drivers/STM32L4xx_HAL_Driver/Src/stm32l4xx_hal_rcc_ex.c **** 
 2509              		.loc 1 2106 17 is_stmt 0 view .LVU824
 2510 006e FFF7FEFF 		bl	HAL_GetTick
 2511              	.LVL289:
 2512 0072 0546     		mov	r5, r0
 2513              	.LVL290:
2109:Drivers/STM32L4xx_HAL_Driver/Src/stm32l4xx_hal_rcc_ex.c ****     {
 2514              		.loc 1 2109 5 is_stmt 1 view .LVU825
 2515              	.L225:
2109:Drivers/STM32L4xx_HAL_Driver/Src/stm32l4xx_hal_rcc_ex.c ****     {
 2516              		.loc 1 2109 10 view .LVU826
2109:Drivers/STM32L4xx_HAL_Driver/Src/stm32l4xx_hal_rcc_ex.c ****     {
 2517              		.loc 1 2109 11 is_stmt 0 view .LVU827
 2518 0074 054B     		ldr	r3, .L232
 2519 0076 1B68     		ldr	r3, [r3]
2109:Drivers/STM32L4xx_HAL_Driver/Src/stm32l4xx_hal_rcc_ex.c ****     {
 2520              		.loc 1 2109 10 view .LVU828
 2521 0078 13F0006F 		tst	r3, #134217728
 2522 007c D8D1     		bne	.L224
2111:Drivers/STM32L4xx_HAL_Driver/Src/stm32l4xx_hal_rcc_ex.c ****       {
 2523              		.loc 1 2111 7 is_stmt 1 view .LVU829
2111:Drivers/STM32L4xx_HAL_Driver/Src/stm32l4xx_hal_rcc_ex.c ****       {
 2524              		.loc 1 2111 11 is_stmt 0 view .LVU830
 2525 007e FFF7FEFF 		bl	HAL_GetTick
ARM GAS  /tmp/ccBxf6FW.s 			page 121


 2526              	.LVL291:
2111:Drivers/STM32L4xx_HAL_Driver/Src/stm32l4xx_hal_rcc_ex.c ****       {
 2527              		.loc 1 2111 25 view .LVU831
 2528 0082 401B     		subs	r0, r0, r5
2111:Drivers/STM32L4xx_HAL_Driver/Src/stm32l4xx_hal_rcc_ex.c ****       {
 2529              		.loc 1 2111 9 view .LVU832
 2530 0084 0228     		cmp	r0, #2
 2531 0086 F5D9     		bls	.L225
2113:Drivers/STM32L4xx_HAL_Driver/Src/stm32l4xx_hal_rcc_ex.c ****         break;
 2532              		.loc 1 2113 16 view .LVU833
 2533 0088 0324     		movs	r4, #3
 2534              	.LVL292:
2113:Drivers/STM32L4xx_HAL_Driver/Src/stm32l4xx_hal_rcc_ex.c ****         break;
 2535              		.loc 1 2113 16 view .LVU834
 2536 008a D1E7     		b	.L224
 2537              	.L233:
 2538              		.align	2
 2539              	.L232:
 2540 008c 00100240 		.word	1073876992
 2541 0090 FF809D01 		.word	27099391
 2542              		.cfi_endproc
 2543              	.LFE291:
 2545              		.section	.text.HAL_RCCEx_DisablePLLSAI1,"ax",%progbits
 2546              		.align	1
 2547              		.global	HAL_RCCEx_DisablePLLSAI1
 2548              		.syntax unified
 2549              		.thumb
 2550              		.thumb_func
 2552              	HAL_RCCEx_DisablePLLSAI1:
 2553              	.LFB292:
2127:Drivers/STM32L4xx_HAL_Driver/Src/stm32l4xx_hal_rcc_ex.c ****   uint32_t tickstart;
 2554              		.loc 1 2127 1 is_stmt 1 view -0
 2555              		.cfi_startproc
 2556              		@ args = 0, pretend = 0, frame = 0
 2557              		@ frame_needed = 0, uses_anonymous_args = 0
 2558 0000 10B5     		push	{r4, lr}
 2559              	.LCFI7:
 2560              		.cfi_def_cfa_offset 8
 2561              		.cfi_offset 4, -8
 2562              		.cfi_offset 14, -4
2128:Drivers/STM32L4xx_HAL_Driver/Src/stm32l4xx_hal_rcc_ex.c ****   HAL_StatusTypeDef status = HAL_OK;
 2563              		.loc 1 2128 3 view .LVU836
2129:Drivers/STM32L4xx_HAL_Driver/Src/stm32l4xx_hal_rcc_ex.c **** 
 2564              		.loc 1 2129 3 view .LVU837
 2565              	.LVL293:
2132:Drivers/STM32L4xx_HAL_Driver/Src/stm32l4xx_hal_rcc_ex.c **** 
 2566              		.loc 1 2132 3 view .LVU838
 2567 0002 124A     		ldr	r2, .L242
 2568 0004 1368     		ldr	r3, [r2]
 2569 0006 23F08063 		bic	r3, r3, #67108864
 2570 000a 1360     		str	r3, [r2]
2135:Drivers/STM32L4xx_HAL_Driver/Src/stm32l4xx_hal_rcc_ex.c **** 
 2571              		.loc 1 2135 3 view .LVU839
2135:Drivers/STM32L4xx_HAL_Driver/Src/stm32l4xx_hal_rcc_ex.c **** 
 2572              		.loc 1 2135 15 is_stmt 0 view .LVU840
 2573 000c FFF7FEFF 		bl	HAL_GetTick
 2574              	.LVL294:
ARM GAS  /tmp/ccBxf6FW.s 			page 122


 2575 0010 0446     		mov	r4, r0
 2576              	.LVL295:
2138:Drivers/STM32L4xx_HAL_Driver/Src/stm32l4xx_hal_rcc_ex.c ****   {
 2577              		.loc 1 2138 3 is_stmt 1 view .LVU841
 2578              	.L235:
2138:Drivers/STM32L4xx_HAL_Driver/Src/stm32l4xx_hal_rcc_ex.c ****   {
 2579              		.loc 1 2138 8 view .LVU842
2138:Drivers/STM32L4xx_HAL_Driver/Src/stm32l4xx_hal_rcc_ex.c ****   {
 2580              		.loc 1 2138 9 is_stmt 0 view .LVU843
 2581 0012 0E4B     		ldr	r3, .L242
 2582 0014 1B68     		ldr	r3, [r3]
2138:Drivers/STM32L4xx_HAL_Driver/Src/stm32l4xx_hal_rcc_ex.c ****   {
 2583              		.loc 1 2138 8 view .LVU844
 2584 0016 13F0006F 		tst	r3, #134217728
 2585 001a 06D0     		beq	.L241
2140:Drivers/STM32L4xx_HAL_Driver/Src/stm32l4xx_hal_rcc_ex.c ****     {
 2586              		.loc 1 2140 5 is_stmt 1 view .LVU845
2140:Drivers/STM32L4xx_HAL_Driver/Src/stm32l4xx_hal_rcc_ex.c ****     {
 2587              		.loc 1 2140 9 is_stmt 0 view .LVU846
 2588 001c FFF7FEFF 		bl	HAL_GetTick
 2589              	.LVL296:
2140:Drivers/STM32L4xx_HAL_Driver/Src/stm32l4xx_hal_rcc_ex.c ****     {
 2590              		.loc 1 2140 23 view .LVU847
 2591 0020 001B     		subs	r0, r0, r4
2140:Drivers/STM32L4xx_HAL_Driver/Src/stm32l4xx_hal_rcc_ex.c ****     {
 2592              		.loc 1 2140 7 view .LVU848
 2593 0022 0228     		cmp	r0, #2
 2594 0024 F5D9     		bls	.L235
2142:Drivers/STM32L4xx_HAL_Driver/Src/stm32l4xx_hal_rcc_ex.c ****       break;
 2595              		.loc 1 2142 14 view .LVU849
 2596 0026 0320     		movs	r0, #3
 2597 0028 00E0     		b	.L236
 2598              	.L241:
2129:Drivers/STM32L4xx_HAL_Driver/Src/stm32l4xx_hal_rcc_ex.c **** 
 2599              		.loc 1 2129 21 view .LVU850
 2600 002a 0020     		movs	r0, #0
 2601              	.L236:
 2602              	.LVL297:
2148:Drivers/STM32L4xx_HAL_Driver/Src/stm32l4xx_hal_rcc_ex.c **** 
 2603              		.loc 1 2148 3 is_stmt 1 view .LVU851
 2604 002c 074A     		ldr	r2, .L242
 2605 002e 1369     		ldr	r3, [r2, #16]
 2606 0030 23F08873 		bic	r3, r3, #17825792
 2607 0034 23F48033 		bic	r3, r3, #65536
 2608 0038 1361     		str	r3, [r2, #16]
2157:Drivers/STM32L4xx_HAL_Driver/Src/stm32l4xx_hal_rcc_ex.c ****   {
 2609              		.loc 1 2157 3 view .LVU852
2157:Drivers/STM32L4xx_HAL_Driver/Src/stm32l4xx_hal_rcc_ex.c ****   {
 2610              		.loc 1 2157 6 is_stmt 0 view .LVU853
 2611 003a 1368     		ldr	r3, [r2]
2157:Drivers/STM32L4xx_HAL_Driver/Src/stm32l4xx_hal_rcc_ex.c ****   {
 2612              		.loc 1 2157 5 view .LVU854
 2613 003c 13F0007F 		tst	r3, #33554432
 2614 0040 03D1     		bne	.L238
2159:Drivers/STM32L4xx_HAL_Driver/Src/stm32l4xx_hal_rcc_ex.c ****   }
 2615              		.loc 1 2159 5 is_stmt 1 view .LVU855
 2616 0042 D368     		ldr	r3, [r2, #12]
ARM GAS  /tmp/ccBxf6FW.s 			page 123


 2617 0044 23F00303 		bic	r3, r3, #3
 2618 0048 D360     		str	r3, [r2, #12]
 2619              	.L238:
2163:Drivers/STM32L4xx_HAL_Driver/Src/stm32l4xx_hal_rcc_ex.c **** }
 2620              		.loc 1 2163 3 view .LVU856
2164:Drivers/STM32L4xx_HAL_Driver/Src/stm32l4xx_hal_rcc_ex.c **** 
 2621              		.loc 1 2164 1 is_stmt 0 view .LVU857
 2622 004a 10BD     		pop	{r4, pc}
 2623              	.LVL298:
 2624              	.L243:
2164:Drivers/STM32L4xx_HAL_Driver/Src/stm32l4xx_hal_rcc_ex.c **** 
 2625              		.loc 1 2164 1 view .LVU858
 2626              		.align	2
 2627              	.L242:
 2628 004c 00100240 		.word	1073876992
 2629              		.cfi_endproc
 2630              	.LFE292:
 2632              		.section	.text.HAL_RCCEx_WakeUpStopCLKConfig,"ax",%progbits
 2633              		.align	1
 2634              		.global	HAL_RCCEx_WakeUpStopCLKConfig
 2635              		.syntax unified
 2636              		.thumb
 2637              		.thumb_func
 2639              	HAL_RCCEx_WakeUpStopCLKConfig:
 2640              	.LVL299:
 2641              	.LFB293:
2304:Drivers/STM32L4xx_HAL_Driver/Src/stm32l4xx_hal_rcc_ex.c ****   assert_param(IS_RCC_STOP_WAKEUPCLOCK(WakeUpClk));
 2642              		.loc 1 2304 1 is_stmt 1 view -0
 2643              		.cfi_startproc
 2644              		@ args = 0, pretend = 0, frame = 0
 2645              		@ frame_needed = 0, uses_anonymous_args = 0
 2646              		@ link register save eliminated.
2305:Drivers/STM32L4xx_HAL_Driver/Src/stm32l4xx_hal_rcc_ex.c **** 
 2647              		.loc 1 2305 3 view .LVU860
2307:Drivers/STM32L4xx_HAL_Driver/Src/stm32l4xx_hal_rcc_ex.c **** }
 2648              		.loc 1 2307 3 view .LVU861
 2649 0000 034A     		ldr	r2, .L245
 2650 0002 9368     		ldr	r3, [r2, #8]
 2651 0004 23F40043 		bic	r3, r3, #32768
 2652 0008 0343     		orrs	r3, r3, r0
 2653 000a 9360     		str	r3, [r2, #8]
2308:Drivers/STM32L4xx_HAL_Driver/Src/stm32l4xx_hal_rcc_ex.c **** 
 2654              		.loc 1 2308 1 is_stmt 0 view .LVU862
 2655 000c 7047     		bx	lr
 2656              	.L246:
 2657 000e 00BF     		.align	2
 2658              	.L245:
 2659 0010 00100240 		.word	1073876992
 2660              		.cfi_endproc
 2661              	.LFE293:
 2663              		.section	.text.HAL_RCCEx_StandbyMSIRangeConfig,"ax",%progbits
 2664              		.align	1
 2665              		.global	HAL_RCCEx_StandbyMSIRangeConfig
 2666              		.syntax unified
 2667              		.thumb
 2668              		.thumb_func
 2670              	HAL_RCCEx_StandbyMSIRangeConfig:
ARM GAS  /tmp/ccBxf6FW.s 			page 124


 2671              	.LVL300:
 2672              	.LFB294:
2322:Drivers/STM32L4xx_HAL_Driver/Src/stm32l4xx_hal_rcc_ex.c ****   assert_param(IS_RCC_MSI_STANDBY_CLOCK_RANGE(MSIRange));
 2673              		.loc 1 2322 1 is_stmt 1 view -0
 2674              		.cfi_startproc
 2675              		@ args = 0, pretend = 0, frame = 0
 2676              		@ frame_needed = 0, uses_anonymous_args = 0
 2677              		@ link register save eliminated.
2323:Drivers/STM32L4xx_HAL_Driver/Src/stm32l4xx_hal_rcc_ex.c **** 
 2678              		.loc 1 2323 3 view .LVU864
2325:Drivers/STM32L4xx_HAL_Driver/Src/stm32l4xx_hal_rcc_ex.c **** }
 2679              		.loc 1 2325 3 view .LVU865
 2680 0000 044A     		ldr	r2, .L248
 2681 0002 D2F89430 		ldr	r3, [r2, #148]
 2682 0006 23F47063 		bic	r3, r3, #3840
 2683 000a 43EA0013 		orr	r3, r3, r0, lsl #4
 2684 000e C2F89430 		str	r3, [r2, #148]
2326:Drivers/STM32L4xx_HAL_Driver/Src/stm32l4xx_hal_rcc_ex.c **** 
 2685              		.loc 1 2326 1 is_stmt 0 view .LVU866
 2686 0012 7047     		bx	lr
 2687              	.L249:
 2688              		.align	2
 2689              	.L248:
 2690 0014 00100240 		.word	1073876992
 2691              		.cfi_endproc
 2692              	.LFE294:
 2694              		.section	.text.HAL_RCCEx_EnableLSECSS,"ax",%progbits
 2695              		.align	1
 2696              		.global	HAL_RCCEx_EnableLSECSS
 2697              		.syntax unified
 2698              		.thumb
 2699              		.thumb_func
 2701              	HAL_RCCEx_EnableLSECSS:
 2702              	.LFB295:
2336:Drivers/STM32L4xx_HAL_Driver/Src/stm32l4xx_hal_rcc_ex.c ****   SET_BIT(RCC->BDCR, RCC_BDCR_LSECSSON);
 2703              		.loc 1 2336 1 is_stmt 1 view -0
 2704              		.cfi_startproc
 2705              		@ args = 0, pretend = 0, frame = 0
 2706              		@ frame_needed = 0, uses_anonymous_args = 0
 2707              		@ link register save eliminated.
2337:Drivers/STM32L4xx_HAL_Driver/Src/stm32l4xx_hal_rcc_ex.c **** }
 2708              		.loc 1 2337 3 view .LVU868
 2709 0000 034A     		ldr	r2, .L251
 2710 0002 D2F89030 		ldr	r3, [r2, #144]
 2711 0006 43F02003 		orr	r3, r3, #32
 2712 000a C2F89030 		str	r3, [r2, #144]
2338:Drivers/STM32L4xx_HAL_Driver/Src/stm32l4xx_hal_rcc_ex.c **** 
 2713              		.loc 1 2338 1 is_stmt 0 view .LVU869
 2714 000e 7047     		bx	lr
 2715              	.L252:
 2716              		.align	2
 2717              	.L251:
 2718 0010 00100240 		.word	1073876992
 2719              		.cfi_endproc
 2720              	.LFE295:
 2722              		.section	.text.HAL_RCCEx_DisableLSECSS,"ax",%progbits
 2723              		.align	1
ARM GAS  /tmp/ccBxf6FW.s 			page 125


 2724              		.global	HAL_RCCEx_DisableLSECSS
 2725              		.syntax unified
 2726              		.thumb
 2727              		.thumb_func
 2729              	HAL_RCCEx_DisableLSECSS:
 2730              	.LFB296:
2346:Drivers/STM32L4xx_HAL_Driver/Src/stm32l4xx_hal_rcc_ex.c ****   CLEAR_BIT(RCC->BDCR, RCC_BDCR_LSECSSON) ;
 2731              		.loc 1 2346 1 is_stmt 1 view -0
 2732              		.cfi_startproc
 2733              		@ args = 0, pretend = 0, frame = 0
 2734              		@ frame_needed = 0, uses_anonymous_args = 0
 2735              		@ link register save eliminated.
2347:Drivers/STM32L4xx_HAL_Driver/Src/stm32l4xx_hal_rcc_ex.c **** 
 2736              		.loc 1 2347 3 view .LVU871
 2737 0000 054B     		ldr	r3, .L254
 2738 0002 D3F89020 		ldr	r2, [r3, #144]
 2739 0006 22F02002 		bic	r2, r2, #32
 2740 000a C3F89020 		str	r2, [r3, #144]
2350:Drivers/STM32L4xx_HAL_Driver/Src/stm32l4xx_hal_rcc_ex.c **** }
 2741              		.loc 1 2350 3 view .LVU872
 2742 000e 9A69     		ldr	r2, [r3, #24]
 2743 0010 22F40072 		bic	r2, r2, #512
 2744 0014 9A61     		str	r2, [r3, #24]
2351:Drivers/STM32L4xx_HAL_Driver/Src/stm32l4xx_hal_rcc_ex.c **** 
 2745              		.loc 1 2351 1 is_stmt 0 view .LVU873
 2746 0016 7047     		bx	lr
 2747              	.L255:
 2748              		.align	2
 2749              	.L254:
 2750 0018 00100240 		.word	1073876992
 2751              		.cfi_endproc
 2752              	.LFE296:
 2754              		.section	.text.HAL_RCCEx_EnableLSECSS_IT,"ax",%progbits
 2755              		.align	1
 2756              		.global	HAL_RCCEx_EnableLSECSS_IT
 2757              		.syntax unified
 2758              		.thumb
 2759              		.thumb_func
 2761              	HAL_RCCEx_EnableLSECSS_IT:
 2762              	.LFB297:
2359:Drivers/STM32L4xx_HAL_Driver/Src/stm32l4xx_hal_rcc_ex.c ****   /* Enable LSE CSS */
 2763              		.loc 1 2359 1 is_stmt 1 view -0
 2764              		.cfi_startproc
 2765              		@ args = 0, pretend = 0, frame = 0
 2766              		@ frame_needed = 0, uses_anonymous_args = 0
 2767              		@ link register save eliminated.
2361:Drivers/STM32L4xx_HAL_Driver/Src/stm32l4xx_hal_rcc_ex.c **** 
 2768              		.loc 1 2361 3 view .LVU875
 2769 0000 0A4B     		ldr	r3, .L257
 2770 0002 D3F89020 		ldr	r2, [r3, #144]
 2771 0006 42F02002 		orr	r2, r2, #32
 2772 000a C3F89020 		str	r2, [r3, #144]
2364:Drivers/STM32L4xx_HAL_Driver/Src/stm32l4xx_hal_rcc_ex.c **** 
 2773              		.loc 1 2364 3 view .LVU876
 2774 000e 9A69     		ldr	r2, [r3, #24]
 2775 0010 42F40072 		orr	r2, r2, #512
 2776 0014 9A61     		str	r2, [r3, #24]
ARM GAS  /tmp/ccBxf6FW.s 			page 126


2367:Drivers/STM32L4xx_HAL_Driver/Src/stm32l4xx_hal_rcc_ex.c ****   __HAL_RCC_LSECSS_EXTI_ENABLE_RISING_EDGE();
 2777              		.loc 1 2367 3 view .LVU877
 2778 0016 A3F58633 		sub	r3, r3, #68608
 2779 001a 1A68     		ldr	r2, [r3]
 2780 001c 42F40022 		orr	r2, r2, #524288
 2781 0020 1A60     		str	r2, [r3]
2368:Drivers/STM32L4xx_HAL_Driver/Src/stm32l4xx_hal_rcc_ex.c **** }
 2782              		.loc 1 2368 3 view .LVU878
 2783 0022 9A68     		ldr	r2, [r3, #8]
 2784 0024 42F40022 		orr	r2, r2, #524288
 2785 0028 9A60     		str	r2, [r3, #8]
2369:Drivers/STM32L4xx_HAL_Driver/Src/stm32l4xx_hal_rcc_ex.c **** 
 2786              		.loc 1 2369 1 is_stmt 0 view .LVU879
 2787 002a 7047     		bx	lr
 2788              	.L258:
 2789              		.align	2
 2790              	.L257:
 2791 002c 00100240 		.word	1073876992
 2792              		.cfi_endproc
 2793              	.LFE297:
 2795              		.section	.text.HAL_RCCEx_LSECSS_Callback,"ax",%progbits
 2796              		.align	1
 2797              		.weak	HAL_RCCEx_LSECSS_Callback
 2798              		.syntax unified
 2799              		.thumb
 2800              		.thumb_func
 2802              	HAL_RCCEx_LSECSS_Callback:
 2803              	.LFB299:
2393:Drivers/STM32L4xx_HAL_Driver/Src/stm32l4xx_hal_rcc_ex.c ****   /* NOTE : This function should not be modified, when the callback is needed,
 2804              		.loc 1 2393 1 is_stmt 1 view -0
 2805              		.cfi_startproc
 2806              		@ args = 0, pretend = 0, frame = 0
 2807              		@ frame_needed = 0, uses_anonymous_args = 0
 2808              		@ link register save eliminated.
2397:Drivers/STM32L4xx_HAL_Driver/Src/stm32l4xx_hal_rcc_ex.c **** 
 2809              		.loc 1 2397 1 view .LVU881
 2810 0000 7047     		bx	lr
 2811              		.cfi_endproc
 2812              	.LFE299:
 2814              		.section	.text.HAL_RCCEx_LSECSS_IRQHandler,"ax",%progbits
 2815              		.align	1
 2816              		.global	HAL_RCCEx_LSECSS_IRQHandler
 2817              		.syntax unified
 2818              		.thumb
 2819              		.thumb_func
 2821              	HAL_RCCEx_LSECSS_IRQHandler:
 2822              	.LFB298:
2376:Drivers/STM32L4xx_HAL_Driver/Src/stm32l4xx_hal_rcc_ex.c ****   /* Check RCC LSE CSSF flag  */
 2823              		.loc 1 2376 1 view -0
 2824              		.cfi_startproc
 2825              		@ args = 0, pretend = 0, frame = 0
 2826              		@ frame_needed = 0, uses_anonymous_args = 0
 2827 0000 08B5     		push	{r3, lr}
 2828              	.LCFI8:
 2829              		.cfi_def_cfa_offset 8
 2830              		.cfi_offset 3, -8
 2831              		.cfi_offset 14, -4
ARM GAS  /tmp/ccBxf6FW.s 			page 127


2378:Drivers/STM32L4xx_HAL_Driver/Src/stm32l4xx_hal_rcc_ex.c ****   {
 2832              		.loc 1 2378 3 view .LVU883
2378:Drivers/STM32L4xx_HAL_Driver/Src/stm32l4xx_hal_rcc_ex.c ****   {
 2833              		.loc 1 2378 6 is_stmt 0 view .LVU884
 2834 0002 064B     		ldr	r3, .L264
 2835 0004 DB69     		ldr	r3, [r3, #28]
2378:Drivers/STM32L4xx_HAL_Driver/Src/stm32l4xx_hal_rcc_ex.c ****   {
 2836              		.loc 1 2378 5 view .LVU885
 2837 0006 13F4007F 		tst	r3, #512
 2838 000a 00D1     		bne	.L263
 2839              	.L260:
2386:Drivers/STM32L4xx_HAL_Driver/Src/stm32l4xx_hal_rcc_ex.c **** 
 2840              		.loc 1 2386 1 view .LVU886
 2841 000c 08BD     		pop	{r3, pc}
 2842              	.L263:
2381:Drivers/STM32L4xx_HAL_Driver/Src/stm32l4xx_hal_rcc_ex.c **** 
 2843              		.loc 1 2381 5 is_stmt 1 view .LVU887
 2844 000e FFF7FEFF 		bl	HAL_RCCEx_LSECSS_Callback
 2845              	.LVL301:
2384:Drivers/STM32L4xx_HAL_Driver/Src/stm32l4xx_hal_rcc_ex.c ****   }
 2846              		.loc 1 2384 5 view .LVU888
 2847 0012 024B     		ldr	r3, .L264
 2848 0014 4FF40072 		mov	r2, #512
 2849 0018 1A62     		str	r2, [r3, #32]
2386:Drivers/STM32L4xx_HAL_Driver/Src/stm32l4xx_hal_rcc_ex.c **** 
 2850              		.loc 1 2386 1 is_stmt 0 view .LVU889
 2851 001a F7E7     		b	.L260
 2852              	.L265:
 2853              		.align	2
 2854              	.L264:
 2855 001c 00100240 		.word	1073876992
 2856              		.cfi_endproc
 2857              	.LFE298:
 2859              		.section	.text.HAL_RCCEx_EnableLSCO,"ax",%progbits
 2860              		.align	1
 2861              		.global	HAL_RCCEx_EnableLSCO
 2862              		.syntax unified
 2863              		.thumb
 2864              		.thumb_func
 2866              	HAL_RCCEx_EnableLSCO:
 2867              	.LVL302:
 2868              	.LFB300:
2408:Drivers/STM32L4xx_HAL_Driver/Src/stm32l4xx_hal_rcc_ex.c ****   GPIO_InitTypeDef GPIO_InitStruct;
 2869              		.loc 1 2408 1 is_stmt 1 view -0
 2870              		.cfi_startproc
 2871              		@ args = 0, pretend = 0, frame = 32
 2872              		@ frame_needed = 0, uses_anonymous_args = 0
2408:Drivers/STM32L4xx_HAL_Driver/Src/stm32l4xx_hal_rcc_ex.c ****   GPIO_InitTypeDef GPIO_InitStruct;
 2873              		.loc 1 2408 1 is_stmt 0 view .LVU891
 2874 0000 30B5     		push	{r4, r5, lr}
 2875              	.LCFI9:
 2876              		.cfi_def_cfa_offset 12
 2877              		.cfi_offset 4, -12
 2878              		.cfi_offset 5, -8
 2879              		.cfi_offset 14, -4
 2880 0002 89B0     		sub	sp, sp, #36
 2881              	.LCFI10:
ARM GAS  /tmp/ccBxf6FW.s 			page 128


 2882              		.cfi_def_cfa_offset 48
 2883 0004 0546     		mov	r5, r0
2409:Drivers/STM32L4xx_HAL_Driver/Src/stm32l4xx_hal_rcc_ex.c ****   FlagStatus       pwrclkchanged = RESET;
 2884              		.loc 1 2409 3 is_stmt 1 view .LVU892
2410:Drivers/STM32L4xx_HAL_Driver/Src/stm32l4xx_hal_rcc_ex.c ****   FlagStatus       backupchanged = RESET;
 2885              		.loc 1 2410 3 view .LVU893
 2886              	.LVL303:
2411:Drivers/STM32L4xx_HAL_Driver/Src/stm32l4xx_hal_rcc_ex.c **** 
 2887              		.loc 1 2411 3 view .LVU894
2414:Drivers/STM32L4xx_HAL_Driver/Src/stm32l4xx_hal_rcc_ex.c **** 
 2888              		.loc 1 2414 3 view .LVU895
2417:Drivers/STM32L4xx_HAL_Driver/Src/stm32l4xx_hal_rcc_ex.c **** 
 2889              		.loc 1 2417 3 view .LVU896
 2890              	.LBB5:
2417:Drivers/STM32L4xx_HAL_Driver/Src/stm32l4xx_hal_rcc_ex.c **** 
 2891              		.loc 1 2417 3 view .LVU897
2417:Drivers/STM32L4xx_HAL_Driver/Src/stm32l4xx_hal_rcc_ex.c **** 
 2892              		.loc 1 2417 3 view .LVU898
 2893 0006 244C     		ldr	r4, .L277
 2894 0008 E36C     		ldr	r3, [r4, #76]
 2895 000a 43F00103 		orr	r3, r3, #1
 2896 000e E364     		str	r3, [r4, #76]
2417:Drivers/STM32L4xx_HAL_Driver/Src/stm32l4xx_hal_rcc_ex.c **** 
 2897              		.loc 1 2417 3 view .LVU899
 2898 0010 E36C     		ldr	r3, [r4, #76]
 2899 0012 03F00103 		and	r3, r3, #1
 2900 0016 0193     		str	r3, [sp, #4]
2417:Drivers/STM32L4xx_HAL_Driver/Src/stm32l4xx_hal_rcc_ex.c **** 
 2901              		.loc 1 2417 3 view .LVU900
 2902 0018 019B     		ldr	r3, [sp, #4]
 2903              	.LBE5:
2417:Drivers/STM32L4xx_HAL_Driver/Src/stm32l4xx_hal_rcc_ex.c **** 
 2904              		.loc 1 2417 3 view .LVU901
2420:Drivers/STM32L4xx_HAL_Driver/Src/stm32l4xx_hal_rcc_ex.c ****   GPIO_InitStruct.Mode = GPIO_MODE_ANALOG;
 2905              		.loc 1 2420 3 view .LVU902
2420:Drivers/STM32L4xx_HAL_Driver/Src/stm32l4xx_hal_rcc_ex.c ****   GPIO_InitStruct.Mode = GPIO_MODE_ANALOG;
 2906              		.loc 1 2420 23 is_stmt 0 view .LVU903
 2907 001a 0423     		movs	r3, #4
 2908 001c 0393     		str	r3, [sp, #12]
2421:Drivers/STM32L4xx_HAL_Driver/Src/stm32l4xx_hal_rcc_ex.c ****   GPIO_InitStruct.Speed = GPIO_SPEED_FREQ_HIGH;
 2909              		.loc 1 2421 3 is_stmt 1 view .LVU904
2421:Drivers/STM32L4xx_HAL_Driver/Src/stm32l4xx_hal_rcc_ex.c ****   GPIO_InitStruct.Speed = GPIO_SPEED_FREQ_HIGH;
 2910              		.loc 1 2421 24 is_stmt 0 view .LVU905
 2911 001e 0323     		movs	r3, #3
 2912 0020 0493     		str	r3, [sp, #16]
2422:Drivers/STM32L4xx_HAL_Driver/Src/stm32l4xx_hal_rcc_ex.c ****   GPIO_InitStruct.Pull = GPIO_NOPULL;
 2913              		.loc 1 2422 3 is_stmt 1 view .LVU906
2422:Drivers/STM32L4xx_HAL_Driver/Src/stm32l4xx_hal_rcc_ex.c ****   GPIO_InitStruct.Pull = GPIO_NOPULL;
 2914              		.loc 1 2422 25 is_stmt 0 view .LVU907
 2915 0022 0223     		movs	r3, #2
 2916 0024 0693     		str	r3, [sp, #24]
2423:Drivers/STM32L4xx_HAL_Driver/Src/stm32l4xx_hal_rcc_ex.c ****   HAL_GPIO_Init(LSCO_GPIO_PORT, &GPIO_InitStruct);
 2917              		.loc 1 2423 3 is_stmt 1 view .LVU908
2423:Drivers/STM32L4xx_HAL_Driver/Src/stm32l4xx_hal_rcc_ex.c ****   HAL_GPIO_Init(LSCO_GPIO_PORT, &GPIO_InitStruct);
 2918              		.loc 1 2423 24 is_stmt 0 view .LVU909
 2919 0026 0023     		movs	r3, #0
 2920 0028 0593     		str	r3, [sp, #20]
ARM GAS  /tmp/ccBxf6FW.s 			page 129


2424:Drivers/STM32L4xx_HAL_Driver/Src/stm32l4xx_hal_rcc_ex.c **** 
 2921              		.loc 1 2424 3 is_stmt 1 view .LVU910
 2922 002a 03A9     		add	r1, sp, #12
 2923 002c 4FF09040 		mov	r0, #1207959552
 2924              	.LVL304:
2424:Drivers/STM32L4xx_HAL_Driver/Src/stm32l4xx_hal_rcc_ex.c **** 
 2925              		.loc 1 2424 3 is_stmt 0 view .LVU911
 2926 0030 FFF7FEFF 		bl	HAL_GPIO_Init
 2927              	.LVL305:
2427:Drivers/STM32L4xx_HAL_Driver/Src/stm32l4xx_hal_rcc_ex.c ****   {
 2928              		.loc 1 2427 3 is_stmt 1 view .LVU912
2427:Drivers/STM32L4xx_HAL_Driver/Src/stm32l4xx_hal_rcc_ex.c ****   {
 2929              		.loc 1 2427 6 is_stmt 0 view .LVU913
 2930 0034 A36D     		ldr	r3, [r4, #88]
2427:Drivers/STM32L4xx_HAL_Driver/Src/stm32l4xx_hal_rcc_ex.c ****   {
 2931              		.loc 1 2427 5 view .LVU914
 2932 0036 13F0805F 		tst	r3, #268435456
 2933 003a 1ED1     		bne	.L271
2429:Drivers/STM32L4xx_HAL_Driver/Src/stm32l4xx_hal_rcc_ex.c ****     pwrclkchanged = SET;
 2934              		.loc 1 2429 5 is_stmt 1 view .LVU915
 2935              	.LBB6:
2429:Drivers/STM32L4xx_HAL_Driver/Src/stm32l4xx_hal_rcc_ex.c ****     pwrclkchanged = SET;
 2936              		.loc 1 2429 5 view .LVU916
2429:Drivers/STM32L4xx_HAL_Driver/Src/stm32l4xx_hal_rcc_ex.c ****     pwrclkchanged = SET;
 2937              		.loc 1 2429 5 view .LVU917
 2938 003c A26D     		ldr	r2, [r4, #88]
 2939 003e 42F08052 		orr	r2, r2, #268435456
 2940 0042 A265     		str	r2, [r4, #88]
2429:Drivers/STM32L4xx_HAL_Driver/Src/stm32l4xx_hal_rcc_ex.c ****     pwrclkchanged = SET;
 2941              		.loc 1 2429 5 view .LVU918
 2942 0044 A36D     		ldr	r3, [r4, #88]
 2943 0046 03F08053 		and	r3, r3, #268435456
 2944 004a 0293     		str	r3, [sp, #8]
2429:Drivers/STM32L4xx_HAL_Driver/Src/stm32l4xx_hal_rcc_ex.c ****     pwrclkchanged = SET;
 2945              		.loc 1 2429 5 view .LVU919
 2946 004c 029B     		ldr	r3, [sp, #8]
 2947              	.LBE6:
2429:Drivers/STM32L4xx_HAL_Driver/Src/stm32l4xx_hal_rcc_ex.c ****     pwrclkchanged = SET;
 2948              		.loc 1 2429 5 view .LVU920
2430:Drivers/STM32L4xx_HAL_Driver/Src/stm32l4xx_hal_rcc_ex.c ****   }
 2949              		.loc 1 2430 5 view .LVU921
 2950              	.LVL306:
2430:Drivers/STM32L4xx_HAL_Driver/Src/stm32l4xx_hal_rcc_ex.c ****   }
 2951              		.loc 1 2430 19 is_stmt 0 view .LVU922
 2952 004e 0124     		movs	r4, #1
 2953              	.LVL307:
 2954              	.L267:
2432:Drivers/STM32L4xx_HAL_Driver/Src/stm32l4xx_hal_rcc_ex.c ****   {
 2955              		.loc 1 2432 3 is_stmt 1 view .LVU923
2432:Drivers/STM32L4xx_HAL_Driver/Src/stm32l4xx_hal_rcc_ex.c ****   {
 2956              		.loc 1 2432 6 is_stmt 0 view .LVU924
 2957 0050 124B     		ldr	r3, .L277+4
 2958 0052 1B68     		ldr	r3, [r3]
2432:Drivers/STM32L4xx_HAL_Driver/Src/stm32l4xx_hal_rcc_ex.c ****   {
 2959              		.loc 1 2432 5 view .LVU925
 2960 0054 13F4807F 		tst	r3, #256
 2961 0058 11D0     		beq	.L274
ARM GAS  /tmp/ccBxf6FW.s 			page 130


2411:Drivers/STM32L4xx_HAL_Driver/Src/stm32l4xx_hal_rcc_ex.c **** 
 2962              		.loc 1 2411 20 view .LVU926
 2963 005a 0021     		movs	r1, #0
 2964              	.LVL308:
 2965              	.L268:
2438:Drivers/STM32L4xx_HAL_Driver/Src/stm32l4xx_hal_rcc_ex.c **** 
 2966              		.loc 1 2438 3 is_stmt 1 view .LVU927
 2967 005c 0E4A     		ldr	r2, .L277
 2968 005e D2F89030 		ldr	r3, [r2, #144]
 2969 0062 23F04073 		bic	r3, r3, #50331648
 2970 0066 43EA0500 		orr	r0, r3, r5
 2971 006a 40F08070 		orr	r0, r0, #16777216
 2972 006e C2F89000 		str	r0, [r2, #144]
2440:Drivers/STM32L4xx_HAL_Driver/Src/stm32l4xx_hal_rcc_ex.c ****   {
 2973              		.loc 1 2440 3 view .LVU928
2440:Drivers/STM32L4xx_HAL_Driver/Src/stm32l4xx_hal_rcc_ex.c ****   {
 2974              		.loc 1 2440 5 is_stmt 0 view .LVU929
 2975 0072 41B9     		cbnz	r1, .L275
 2976              	.LVL309:
 2977              	.L269:
2444:Drivers/STM32L4xx_HAL_Driver/Src/stm32l4xx_hal_rcc_ex.c ****   {
 2978              		.loc 1 2444 3 is_stmt 1 view .LVU930
2444:Drivers/STM32L4xx_HAL_Driver/Src/stm32l4xx_hal_rcc_ex.c ****   {
 2979              		.loc 1 2444 5 is_stmt 0 view .LVU931
 2980 0074 54B9     		cbnz	r4, .L276
 2981              	.L266:
2448:Drivers/STM32L4xx_HAL_Driver/Src/stm32l4xx_hal_rcc_ex.c **** 
 2982              		.loc 1 2448 1 view .LVU932
 2983 0076 09B0     		add	sp, sp, #36
 2984              	.LCFI11:
 2985              		.cfi_remember_state
 2986              		.cfi_def_cfa_offset 12
 2987              		@ sp needed
 2988 0078 30BD     		pop	{r4, r5, pc}
 2989              	.LVL310:
 2990              	.L271:
 2991              	.LCFI12:
 2992              		.cfi_restore_state
2410:Drivers/STM32L4xx_HAL_Driver/Src/stm32l4xx_hal_rcc_ex.c ****   FlagStatus       backupchanged = RESET;
 2993              		.loc 1 2410 20 view .LVU933
 2994 007a 0024     		movs	r4, #0
 2995 007c E8E7     		b	.L267
 2996              	.LVL311:
 2997              	.L274:
2434:Drivers/STM32L4xx_HAL_Driver/Src/stm32l4xx_hal_rcc_ex.c ****     backupchanged = SET;
 2998              		.loc 1 2434 5 is_stmt 1 view .LVU934
 2999 007e FFF7FEFF 		bl	HAL_PWR_EnableBkUpAccess
 3000              	.LVL312:
2435:Drivers/STM32L4xx_HAL_Driver/Src/stm32l4xx_hal_rcc_ex.c ****   }
 3001              		.loc 1 2435 5 view .LVU935
2435:Drivers/STM32L4xx_HAL_Driver/Src/stm32l4xx_hal_rcc_ex.c ****   }
 3002              		.loc 1 2435 19 is_stmt 0 view .LVU936
 3003 0082 0121     		movs	r1, #1
 3004 0084 EAE7     		b	.L268
 3005              	.LVL313:
 3006              	.L275:
2442:Drivers/STM32L4xx_HAL_Driver/Src/stm32l4xx_hal_rcc_ex.c ****   }
ARM GAS  /tmp/ccBxf6FW.s 			page 131


 3007              		.loc 1 2442 5 is_stmt 1 view .LVU937
 3008 0086 FFF7FEFF 		bl	HAL_PWR_DisableBkUpAccess
 3009              	.LVL314:
2442:Drivers/STM32L4xx_HAL_Driver/Src/stm32l4xx_hal_rcc_ex.c ****   }
 3010              		.loc 1 2442 5 is_stmt 0 view .LVU938
 3011 008a F3E7     		b	.L269
 3012              	.L276:
2446:Drivers/STM32L4xx_HAL_Driver/Src/stm32l4xx_hal_rcc_ex.c ****   }
 3013              		.loc 1 2446 5 is_stmt 1 view .LVU939
 3014 008c 024A     		ldr	r2, .L277
 3015 008e 936D     		ldr	r3, [r2, #88]
 3016 0090 23F08053 		bic	r3, r3, #268435456
 3017 0094 9365     		str	r3, [r2, #88]
2448:Drivers/STM32L4xx_HAL_Driver/Src/stm32l4xx_hal_rcc_ex.c **** 
 3018              		.loc 1 2448 1 is_stmt 0 view .LVU940
 3019 0096 EEE7     		b	.L266
 3020              	.L278:
 3021              		.align	2
 3022              	.L277:
 3023 0098 00100240 		.word	1073876992
 3024 009c 00700040 		.word	1073770496
 3025              		.cfi_endproc
 3026              	.LFE300:
 3028              		.section	.text.HAL_RCCEx_DisableLSCO,"ax",%progbits
 3029              		.align	1
 3030              		.global	HAL_RCCEx_DisableLSCO
 3031              		.syntax unified
 3032              		.thumb
 3033              		.thumb_func
 3035              	HAL_RCCEx_DisableLSCO:
 3036              	.LFB301:
2455:Drivers/STM32L4xx_HAL_Driver/Src/stm32l4xx_hal_rcc_ex.c ****   FlagStatus       pwrclkchanged = RESET;
 3037              		.loc 1 2455 1 is_stmt 1 view -0
 3038              		.cfi_startproc
 3039              		@ args = 0, pretend = 0, frame = 8
 3040              		@ frame_needed = 0, uses_anonymous_args = 0
 3041 0000 10B5     		push	{r4, lr}
 3042              	.LCFI13:
 3043              		.cfi_def_cfa_offset 8
 3044              		.cfi_offset 4, -8
 3045              		.cfi_offset 14, -4
 3046 0002 82B0     		sub	sp, sp, #8
 3047              	.LCFI14:
 3048              		.cfi_def_cfa_offset 16
2456:Drivers/STM32L4xx_HAL_Driver/Src/stm32l4xx_hal_rcc_ex.c ****   FlagStatus       backupchanged = RESET;
 3049              		.loc 1 2456 3 view .LVU942
 3050              	.LVL315:
2457:Drivers/STM32L4xx_HAL_Driver/Src/stm32l4xx_hal_rcc_ex.c **** 
 3051              		.loc 1 2457 3 view .LVU943
2460:Drivers/STM32L4xx_HAL_Driver/Src/stm32l4xx_hal_rcc_ex.c ****   {
 3052              		.loc 1 2460 3 view .LVU944
2460:Drivers/STM32L4xx_HAL_Driver/Src/stm32l4xx_hal_rcc_ex.c ****   {
 3053              		.loc 1 2460 6 is_stmt 0 view .LVU945
 3054 0004 174B     		ldr	r3, .L290
 3055 0006 9B6D     		ldr	r3, [r3, #88]
2460:Drivers/STM32L4xx_HAL_Driver/Src/stm32l4xx_hal_rcc_ex.c ****   {
 3056              		.loc 1 2460 5 view .LVU946
ARM GAS  /tmp/ccBxf6FW.s 			page 132


 3057 0008 13F0805F 		tst	r3, #268435456
 3058 000c 1BD1     		bne	.L284
2462:Drivers/STM32L4xx_HAL_Driver/Src/stm32l4xx_hal_rcc_ex.c ****     pwrclkchanged = SET;
 3059              		.loc 1 2462 5 is_stmt 1 view .LVU947
 3060              	.LBB7:
2462:Drivers/STM32L4xx_HAL_Driver/Src/stm32l4xx_hal_rcc_ex.c ****     pwrclkchanged = SET;
 3061              		.loc 1 2462 5 view .LVU948
2462:Drivers/STM32L4xx_HAL_Driver/Src/stm32l4xx_hal_rcc_ex.c ****     pwrclkchanged = SET;
 3062              		.loc 1 2462 5 view .LVU949
 3063 000e 154B     		ldr	r3, .L290
 3064 0010 9A6D     		ldr	r2, [r3, #88]
 3065 0012 42F08052 		orr	r2, r2, #268435456
 3066 0016 9A65     		str	r2, [r3, #88]
2462:Drivers/STM32L4xx_HAL_Driver/Src/stm32l4xx_hal_rcc_ex.c ****     pwrclkchanged = SET;
 3067              		.loc 1 2462 5 view .LVU950
 3068 0018 9B6D     		ldr	r3, [r3, #88]
 3069 001a 03F08053 		and	r3, r3, #268435456
 3070 001e 0193     		str	r3, [sp, #4]
2462:Drivers/STM32L4xx_HAL_Driver/Src/stm32l4xx_hal_rcc_ex.c ****     pwrclkchanged = SET;
 3071              		.loc 1 2462 5 view .LVU951
 3072 0020 019B     		ldr	r3, [sp, #4]
 3073              	.LBE7:
2462:Drivers/STM32L4xx_HAL_Driver/Src/stm32l4xx_hal_rcc_ex.c ****     pwrclkchanged = SET;
 3074              		.loc 1 2462 5 view .LVU952
2463:Drivers/STM32L4xx_HAL_Driver/Src/stm32l4xx_hal_rcc_ex.c ****   }
 3075              		.loc 1 2463 5 view .LVU953
 3076              	.LVL316:
2463:Drivers/STM32L4xx_HAL_Driver/Src/stm32l4xx_hal_rcc_ex.c ****   }
 3077              		.loc 1 2463 19 is_stmt 0 view .LVU954
 3078 0022 0124     		movs	r4, #1
 3079              	.LVL317:
 3080              	.L280:
2465:Drivers/STM32L4xx_HAL_Driver/Src/stm32l4xx_hal_rcc_ex.c ****   {
 3081              		.loc 1 2465 3 is_stmt 1 view .LVU955
2465:Drivers/STM32L4xx_HAL_Driver/Src/stm32l4xx_hal_rcc_ex.c ****   {
 3082              		.loc 1 2465 6 is_stmt 0 view .LVU956
 3083 0024 104B     		ldr	r3, .L290+4
 3084 0026 1B68     		ldr	r3, [r3]
2465:Drivers/STM32L4xx_HAL_Driver/Src/stm32l4xx_hal_rcc_ex.c ****   {
 3085              		.loc 1 2465 5 view .LVU957
 3086 0028 13F4807F 		tst	r3, #256
 3087 002c 0DD0     		beq	.L287
2457:Drivers/STM32L4xx_HAL_Driver/Src/stm32l4xx_hal_rcc_ex.c **** 
 3088              		.loc 1 2457 20 view .LVU958
 3089 002e 0021     		movs	r1, #0
 3090              	.LVL318:
 3091              	.L281:
2472:Drivers/STM32L4xx_HAL_Driver/Src/stm32l4xx_hal_rcc_ex.c **** 
 3092              		.loc 1 2472 3 is_stmt 1 view .LVU959
 3093 0030 0C4A     		ldr	r2, .L290
 3094 0032 D2F89030 		ldr	r3, [r2, #144]
 3095 0036 23F08073 		bic	r3, r3, #16777216
 3096 003a C2F89030 		str	r3, [r2, #144]
2475:Drivers/STM32L4xx_HAL_Driver/Src/stm32l4xx_hal_rcc_ex.c ****   {
 3097              		.loc 1 2475 3 view .LVU960
2475:Drivers/STM32L4xx_HAL_Driver/Src/stm32l4xx_hal_rcc_ex.c ****   {
 3098              		.loc 1 2475 5 is_stmt 0 view .LVU961
ARM GAS  /tmp/ccBxf6FW.s 			page 133


 3099 003e 41B9     		cbnz	r1, .L288
 3100              	.LVL319:
 3101              	.L282:
2480:Drivers/STM32L4xx_HAL_Driver/Src/stm32l4xx_hal_rcc_ex.c ****   {
 3102              		.loc 1 2480 3 is_stmt 1 view .LVU962
2480:Drivers/STM32L4xx_HAL_Driver/Src/stm32l4xx_hal_rcc_ex.c ****   {
 3103              		.loc 1 2480 5 is_stmt 0 view .LVU963
 3104 0040 54B9     		cbnz	r4, .L289
 3105              	.L279:
2484:Drivers/STM32L4xx_HAL_Driver/Src/stm32l4xx_hal_rcc_ex.c **** 
 3106              		.loc 1 2484 1 view .LVU964
 3107 0042 02B0     		add	sp, sp, #8
 3108              	.LCFI15:
 3109              		.cfi_remember_state
 3110              		.cfi_def_cfa_offset 8
 3111              		@ sp needed
 3112 0044 10BD     		pop	{r4, pc}
 3113              	.LVL320:
 3114              	.L284:
 3115              	.LCFI16:
 3116              		.cfi_restore_state
2456:Drivers/STM32L4xx_HAL_Driver/Src/stm32l4xx_hal_rcc_ex.c ****   FlagStatus       backupchanged = RESET;
 3117              		.loc 1 2456 20 view .LVU965
 3118 0046 0024     		movs	r4, #0
 3119 0048 ECE7     		b	.L280
 3120              	.LVL321:
 3121              	.L287:
2468:Drivers/STM32L4xx_HAL_Driver/Src/stm32l4xx_hal_rcc_ex.c ****     backupchanged = SET;
 3122              		.loc 1 2468 5 is_stmt 1 view .LVU966
 3123 004a FFF7FEFF 		bl	HAL_PWR_EnableBkUpAccess
 3124              	.LVL322:
2469:Drivers/STM32L4xx_HAL_Driver/Src/stm32l4xx_hal_rcc_ex.c ****   }
 3125              		.loc 1 2469 5 view .LVU967
2469:Drivers/STM32L4xx_HAL_Driver/Src/stm32l4xx_hal_rcc_ex.c ****   }
 3126              		.loc 1 2469 19 is_stmt 0 view .LVU968
 3127 004e 0121     		movs	r1, #1
 3128 0050 EEE7     		b	.L281
 3129              	.LVL323:
 3130              	.L288:
2478:Drivers/STM32L4xx_HAL_Driver/Src/stm32l4xx_hal_rcc_ex.c ****   }
 3131              		.loc 1 2478 5 is_stmt 1 view .LVU969
 3132 0052 FFF7FEFF 		bl	HAL_PWR_DisableBkUpAccess
 3133              	.LVL324:
2478:Drivers/STM32L4xx_HAL_Driver/Src/stm32l4xx_hal_rcc_ex.c ****   }
 3134              		.loc 1 2478 5 is_stmt 0 view .LVU970
 3135 0056 F3E7     		b	.L282
 3136              	.L289:
2482:Drivers/STM32L4xx_HAL_Driver/Src/stm32l4xx_hal_rcc_ex.c ****   }
 3137              		.loc 1 2482 5 is_stmt 1 view .LVU971
 3138 0058 024A     		ldr	r2, .L290
 3139 005a 936D     		ldr	r3, [r2, #88]
 3140 005c 23F08053 		bic	r3, r3, #268435456
 3141 0060 9365     		str	r3, [r2, #88]
2484:Drivers/STM32L4xx_HAL_Driver/Src/stm32l4xx_hal_rcc_ex.c **** 
 3142              		.loc 1 2484 1 is_stmt 0 view .LVU972
 3143 0062 EEE7     		b	.L279
 3144              	.L291:
ARM GAS  /tmp/ccBxf6FW.s 			page 134


 3145              		.align	2
 3146              	.L290:
 3147 0064 00100240 		.word	1073876992
 3148 0068 00700040 		.word	1073770496
 3149              		.cfi_endproc
 3150              	.LFE301:
 3152              		.section	.text.HAL_RCCEx_EnableMSIPLLMode,"ax",%progbits
 3153              		.align	1
 3154              		.global	HAL_RCCEx_EnableMSIPLLMode
 3155              		.syntax unified
 3156              		.thumb
 3157              		.thumb_func
 3159              	HAL_RCCEx_EnableMSIPLLMode:
 3160              	.LFB302:
2493:Drivers/STM32L4xx_HAL_Driver/Src/stm32l4xx_hal_rcc_ex.c ****   SET_BIT(RCC->CR, RCC_CR_MSIPLLEN) ;
 3161              		.loc 1 2493 1 is_stmt 1 view -0
 3162              		.cfi_startproc
 3163              		@ args = 0, pretend = 0, frame = 0
 3164              		@ frame_needed = 0, uses_anonymous_args = 0
 3165              		@ link register save eliminated.
2494:Drivers/STM32L4xx_HAL_Driver/Src/stm32l4xx_hal_rcc_ex.c **** }
 3166              		.loc 1 2494 3 view .LVU974
 3167 0000 024A     		ldr	r2, .L293
 3168 0002 1368     		ldr	r3, [r2]
 3169 0004 43F00403 		orr	r3, r3, #4
 3170 0008 1360     		str	r3, [r2]
2495:Drivers/STM32L4xx_HAL_Driver/Src/stm32l4xx_hal_rcc_ex.c **** 
 3171              		.loc 1 2495 1 is_stmt 0 view .LVU975
 3172 000a 7047     		bx	lr
 3173              	.L294:
 3174              		.align	2
 3175              	.L293:
 3176 000c 00100240 		.word	1073876992
 3177              		.cfi_endproc
 3178              	.LFE302:
 3180              		.section	.text.HAL_RCCEx_DisableMSIPLLMode,"ax",%progbits
 3181              		.align	1
 3182              		.global	HAL_RCCEx_DisableMSIPLLMode
 3183              		.syntax unified
 3184              		.thumb
 3185              		.thumb_func
 3187              	HAL_RCCEx_DisableMSIPLLMode:
 3188              	.LFB303:
2503:Drivers/STM32L4xx_HAL_Driver/Src/stm32l4xx_hal_rcc_ex.c ****   CLEAR_BIT(RCC->CR, RCC_CR_MSIPLLEN) ;
 3189              		.loc 1 2503 1 is_stmt 1 view -0
 3190              		.cfi_startproc
 3191              		@ args = 0, pretend = 0, frame = 0
 3192              		@ frame_needed = 0, uses_anonymous_args = 0
 3193              		@ link register save eliminated.
2504:Drivers/STM32L4xx_HAL_Driver/Src/stm32l4xx_hal_rcc_ex.c **** }
 3194              		.loc 1 2504 3 view .LVU977
 3195 0000 024A     		ldr	r2, .L296
 3196 0002 1368     		ldr	r3, [r2]
 3197 0004 23F00403 		bic	r3, r3, #4
 3198 0008 1360     		str	r3, [r2]
2505:Drivers/STM32L4xx_HAL_Driver/Src/stm32l4xx_hal_rcc_ex.c **** 
 3199              		.loc 1 2505 1 is_stmt 0 view .LVU978
ARM GAS  /tmp/ccBxf6FW.s 			page 135


 3200 000a 7047     		bx	lr
 3201              	.L297:
 3202              		.align	2
 3203              	.L296:
 3204 000c 00100240 		.word	1073876992
 3205              		.cfi_endproc
 3206              	.LFE303:
 3208              		.section	.text.HAL_RCCEx_CRSConfig,"ax",%progbits
 3209              		.align	1
 3210              		.global	HAL_RCCEx_CRSConfig
 3211              		.syntax unified
 3212              		.thumb
 3213              		.thumb_func
 3215              	HAL_RCCEx_CRSConfig:
 3216              	.LVL325:
 3217              	.LFB304:
2600:Drivers/STM32L4xx_HAL_Driver/Src/stm32l4xx_hal_rcc_ex.c ****   uint32_t value;  /* no init needed */
 3218              		.loc 1 2600 1 is_stmt 1 view -0
 3219              		.cfi_startproc
 3220              		@ args = 0, pretend = 0, frame = 0
 3221              		@ frame_needed = 0, uses_anonymous_args = 0
 3222              		@ link register save eliminated.
2601:Drivers/STM32L4xx_HAL_Driver/Src/stm32l4xx_hal_rcc_ex.c **** 
 3223              		.loc 1 2601 3 view .LVU980
2604:Drivers/STM32L4xx_HAL_Driver/Src/stm32l4xx_hal_rcc_ex.c ****   assert_param(IS_RCC_CRS_SYNC_SOURCE(pInit->Source));
 3224              		.loc 1 2604 3 view .LVU981
2605:Drivers/STM32L4xx_HAL_Driver/Src/stm32l4xx_hal_rcc_ex.c ****   assert_param(IS_RCC_CRS_SYNC_POLARITY(pInit->Polarity));
 3225              		.loc 1 2605 3 view .LVU982
2606:Drivers/STM32L4xx_HAL_Driver/Src/stm32l4xx_hal_rcc_ex.c ****   assert_param(IS_RCC_CRS_RELOADVALUE(pInit->ReloadValue));
 3226              		.loc 1 2606 3 view .LVU983
2607:Drivers/STM32L4xx_HAL_Driver/Src/stm32l4xx_hal_rcc_ex.c ****   assert_param(IS_RCC_CRS_ERRORLIMIT(pInit->ErrorLimitValue));
 3227              		.loc 1 2607 3 view .LVU984
2608:Drivers/STM32L4xx_HAL_Driver/Src/stm32l4xx_hal_rcc_ex.c ****   assert_param(IS_RCC_CRS_HSI48CALIBRATION(pInit->HSI48CalibrationValue));
 3228              		.loc 1 2608 3 view .LVU985
2609:Drivers/STM32L4xx_HAL_Driver/Src/stm32l4xx_hal_rcc_ex.c **** 
 3229              		.loc 1 2609 3 view .LVU986
2614:Drivers/STM32L4xx_HAL_Driver/Src/stm32l4xx_hal_rcc_ex.c ****   __HAL_RCC_CRS_RELEASE_RESET();
 3230              		.loc 1 2614 3 view .LVU987
 3231 0000 104B     		ldr	r3, .L299
 3232 0002 9A6B     		ldr	r2, [r3, #56]
 3233 0004 42F08072 		orr	r2, r2, #16777216
 3234 0008 9A63     		str	r2, [r3, #56]
2615:Drivers/STM32L4xx_HAL_Driver/Src/stm32l4xx_hal_rcc_ex.c **** 
 3235              		.loc 1 2615 3 view .LVU988
 3236 000a 9A6B     		ldr	r2, [r3, #56]
 3237 000c 22F08072 		bic	r2, r2, #16777216
 3238 0010 9A63     		str	r2, [r3, #56]
2620:Drivers/STM32L4xx_HAL_Driver/Src/stm32l4xx_hal_rcc_ex.c ****   /* Set the RELOAD[15:0] bits according to ReloadValue value */
 3239              		.loc 1 2620 3 view .LVU989
2620:Drivers/STM32L4xx_HAL_Driver/Src/stm32l4xx_hal_rcc_ex.c ****   /* Set the RELOAD[15:0] bits according to ReloadValue value */
 3240              		.loc 1 2620 17 is_stmt 0 view .LVU990
 3241 0012 0268     		ldr	r2, [r0]
2620:Drivers/STM32L4xx_HAL_Driver/Src/stm32l4xx_hal_rcc_ex.c ****   /* Set the RELOAD[15:0] bits according to ReloadValue value */
 3242              		.loc 1 2620 36 view .LVU991
 3243 0014 4368     		ldr	r3, [r0, #4]
2620:Drivers/STM32L4xx_HAL_Driver/Src/stm32l4xx_hal_rcc_ex.c ****   /* Set the RELOAD[15:0] bits according to ReloadValue value */
 3244              		.loc 1 2620 29 view .LVU992
ARM GAS  /tmp/ccBxf6FW.s 			page 136


 3245 0016 1A43     		orrs	r2, r2, r3
2620:Drivers/STM32L4xx_HAL_Driver/Src/stm32l4xx_hal_rcc_ex.c ****   /* Set the RELOAD[15:0] bits according to ReloadValue value */
 3246              		.loc 1 2620 52 view .LVU993
 3247 0018 8368     		ldr	r3, [r0, #8]
2620:Drivers/STM32L4xx_HAL_Driver/Src/stm32l4xx_hal_rcc_ex.c ****   /* Set the RELOAD[15:0] bits according to ReloadValue value */
 3248              		.loc 1 2620 9 view .LVU994
 3249 001a 1A43     		orrs	r2, r2, r3
 3250              	.LVL326:
2622:Drivers/STM32L4xx_HAL_Driver/Src/stm32l4xx_hal_rcc_ex.c ****   /* Set the FELIM[7:0] bits according to ErrorLimitValue value */
 3251              		.loc 1 2622 3 is_stmt 1 view .LVU995
2622:Drivers/STM32L4xx_HAL_Driver/Src/stm32l4xx_hal_rcc_ex.c ****   /* Set the FELIM[7:0] bits according to ErrorLimitValue value */
 3252              		.loc 1 2622 17 is_stmt 0 view .LVU996
 3253 001c C368     		ldr	r3, [r0, #12]
2622:Drivers/STM32L4xx_HAL_Driver/Src/stm32l4xx_hal_rcc_ex.c ****   /* Set the FELIM[7:0] bits according to ErrorLimitValue value */
 3254              		.loc 1 2622 9 view .LVU997
 3255 001e 1343     		orrs	r3, r3, r2
 3256              	.LVL327:
2624:Drivers/STM32L4xx_HAL_Driver/Src/stm32l4xx_hal_rcc_ex.c ****   WRITE_REG(CRS->CFGR, value);
 3257              		.loc 1 2624 3 is_stmt 1 view .LVU998
2624:Drivers/STM32L4xx_HAL_Driver/Src/stm32l4xx_hal_rcc_ex.c ****   WRITE_REG(CRS->CFGR, value);
 3258              		.loc 1 2624 18 is_stmt 0 view .LVU999
 3259 0020 0269     		ldr	r2, [r0, #16]
2624:Drivers/STM32L4xx_HAL_Driver/Src/stm32l4xx_hal_rcc_ex.c ****   WRITE_REG(CRS->CFGR, value);
 3260              		.loc 1 2624 9 view .LVU1000
 3261 0022 43EA0242 		orr	r2, r3, r2, lsl #16
 3262              	.LVL328:
2625:Drivers/STM32L4xx_HAL_Driver/Src/stm32l4xx_hal_rcc_ex.c **** 
 3263              		.loc 1 2625 3 is_stmt 1 view .LVU1001
 3264 0026 084B     		ldr	r3, .L299+4
 3265 0028 5A60     		str	r2, [r3, #4]
2630:Drivers/STM32L4xx_HAL_Driver/Src/stm32l4xx_hal_rcc_ex.c **** 
 3266              		.loc 1 2630 3 view .LVU1002
 3267 002a 1A68     		ldr	r2, [r3]
 3268              	.LVL329:
2630:Drivers/STM32L4xx_HAL_Driver/Src/stm32l4xx_hal_rcc_ex.c **** 
 3269              		.loc 1 2630 3 is_stmt 0 view .LVU1003
 3270 002c 22F47C52 		bic	r2, r2, #16128
 3271 0030 4169     		ldr	r1, [r0, #20]
 3272 0032 42EA0122 		orr	r2, r2, r1, lsl #8
 3273 0036 1A60     		str	r2, [r3]
 3274              	.LVL330:
2635:Drivers/STM32L4xx_HAL_Driver/Src/stm32l4xx_hal_rcc_ex.c **** }
 3275              		.loc 1 2635 3 is_stmt 1 view .LVU1004
 3276 0038 1A68     		ldr	r2, [r3]
 3277 003a 42F06002 		orr	r2, r2, #96
 3278 003e 1A60     		str	r2, [r3]
2636:Drivers/STM32L4xx_HAL_Driver/Src/stm32l4xx_hal_rcc_ex.c **** 
 3279              		.loc 1 2636 1 is_stmt 0 view .LVU1005
 3280 0040 7047     		bx	lr
 3281              	.L300:
 3282 0042 00BF     		.align	2
 3283              	.L299:
 3284 0044 00100240 		.word	1073876992
 3285 0048 00600040 		.word	1073766400
 3286              		.cfi_endproc
 3287              	.LFE304:
 3289              		.section	.text.HAL_RCCEx_CRSSoftwareSynchronizationGenerate,"ax",%progbits
ARM GAS  /tmp/ccBxf6FW.s 			page 137


 3290              		.align	1
 3291              		.global	HAL_RCCEx_CRSSoftwareSynchronizationGenerate
 3292              		.syntax unified
 3293              		.thumb
 3294              		.thumb_func
 3296              	HAL_RCCEx_CRSSoftwareSynchronizationGenerate:
 3297              	.LFB305:
2643:Drivers/STM32L4xx_HAL_Driver/Src/stm32l4xx_hal_rcc_ex.c ****   SET_BIT(CRS->CR, CRS_CR_SWSYNC);
 3298              		.loc 1 2643 1 is_stmt 1 view -0
 3299              		.cfi_startproc
 3300              		@ args = 0, pretend = 0, frame = 0
 3301              		@ frame_needed = 0, uses_anonymous_args = 0
 3302              		@ link register save eliminated.
2644:Drivers/STM32L4xx_HAL_Driver/Src/stm32l4xx_hal_rcc_ex.c **** }
 3303              		.loc 1 2644 3 view .LVU1007
 3304 0000 024A     		ldr	r2, .L302
 3305 0002 1368     		ldr	r3, [r2]
 3306 0004 43F08003 		orr	r3, r3, #128
 3307 0008 1360     		str	r3, [r2]
2645:Drivers/STM32L4xx_HAL_Driver/Src/stm32l4xx_hal_rcc_ex.c **** 
 3308              		.loc 1 2645 1 is_stmt 0 view .LVU1008
 3309 000a 7047     		bx	lr
 3310              	.L303:
 3311              		.align	2
 3312              	.L302:
 3313 000c 00600040 		.word	1073766400
 3314              		.cfi_endproc
 3315              	.LFE305:
 3317              		.section	.text.HAL_RCCEx_CRSGetSynchronizationInfo,"ax",%progbits
 3318              		.align	1
 3319              		.global	HAL_RCCEx_CRSGetSynchronizationInfo
 3320              		.syntax unified
 3321              		.thumb
 3322              		.thumb_func
 3324              	HAL_RCCEx_CRSGetSynchronizationInfo:
 3325              	.LVL331:
 3326              	.LFB306:
2653:Drivers/STM32L4xx_HAL_Driver/Src/stm32l4xx_hal_rcc_ex.c ****   /* Check the parameter */
 3327              		.loc 1 2653 1 is_stmt 1 view -0
 3328              		.cfi_startproc
 3329              		@ args = 0, pretend = 0, frame = 0
 3330              		@ frame_needed = 0, uses_anonymous_args = 0
 3331              		@ link register save eliminated.
2655:Drivers/STM32L4xx_HAL_Driver/Src/stm32l4xx_hal_rcc_ex.c **** 
 3332              		.loc 1 2655 3 view .LVU1010
2658:Drivers/STM32L4xx_HAL_Driver/Src/stm32l4xx_hal_rcc_ex.c **** 
 3333              		.loc 1 2658 3 view .LVU1011
2658:Drivers/STM32L4xx_HAL_Driver/Src/stm32l4xx_hal_rcc_ex.c **** 
 3334              		.loc 1 2658 32 is_stmt 0 view .LVU1012
 3335 0000 074B     		ldr	r3, .L305
 3336 0002 5A68     		ldr	r2, [r3, #4]
 3337 0004 92B2     		uxth	r2, r2
2658:Drivers/STM32L4xx_HAL_Driver/Src/stm32l4xx_hal_rcc_ex.c **** 
 3338              		.loc 1 2658 29 view .LVU1013
 3339 0006 0260     		str	r2, [r0]
2661:Drivers/STM32L4xx_HAL_Driver/Src/stm32l4xx_hal_rcc_ex.c **** 
 3340              		.loc 1 2661 3 is_stmt 1 view .LVU1014
ARM GAS  /tmp/ccBxf6FW.s 			page 138


2661:Drivers/STM32L4xx_HAL_Driver/Src/stm32l4xx_hal_rcc_ex.c **** 
 3341              		.loc 1 2661 42 is_stmt 0 view .LVU1015
 3342 0008 1A68     		ldr	r2, [r3]
2661:Drivers/STM32L4xx_HAL_Driver/Src/stm32l4xx_hal_rcc_ex.c **** 
 3343              		.loc 1 2661 73 view .LVU1016
 3344 000a C2F30522 		ubfx	r2, r2, #8, #6
2661:Drivers/STM32L4xx_HAL_Driver/Src/stm32l4xx_hal_rcc_ex.c **** 
 3345              		.loc 1 2661 39 view .LVU1017
 3346 000e 4260     		str	r2, [r0, #4]
2664:Drivers/STM32L4xx_HAL_Driver/Src/stm32l4xx_hal_rcc_ex.c **** 
 3347              		.loc 1 2664 3 is_stmt 1 view .LVU1018
2664:Drivers/STM32L4xx_HAL_Driver/Src/stm32l4xx_hal_rcc_ex.c **** 
 3348              		.loc 1 2664 37 is_stmt 0 view .LVU1019
 3349 0010 9A68     		ldr	r2, [r3, #8]
2664:Drivers/STM32L4xx_HAL_Driver/Src/stm32l4xx_hal_rcc_ex.c **** 
 3350              		.loc 1 2664 71 view .LVU1020
 3351 0012 120C     		lsrs	r2, r2, #16
2664:Drivers/STM32L4xx_HAL_Driver/Src/stm32l4xx_hal_rcc_ex.c **** 
 3352              		.loc 1 2664 34 view .LVU1021
 3353 0014 8260     		str	r2, [r0, #8]
2667:Drivers/STM32L4xx_HAL_Driver/Src/stm32l4xx_hal_rcc_ex.c **** }
 3354              		.loc 1 2667 3 is_stmt 1 view .LVU1022
2667:Drivers/STM32L4xx_HAL_Driver/Src/stm32l4xx_hal_rcc_ex.c **** }
 3355              		.loc 1 2667 39 is_stmt 0 view .LVU1023
 3356 0016 9B68     		ldr	r3, [r3, #8]
 3357 0018 03F40043 		and	r3, r3, #32768
2667:Drivers/STM32L4xx_HAL_Driver/Src/stm32l4xx_hal_rcc_ex.c **** }
 3358              		.loc 1 2667 36 view .LVU1024
 3359 001c C360     		str	r3, [r0, #12]
2668:Drivers/STM32L4xx_HAL_Driver/Src/stm32l4xx_hal_rcc_ex.c **** 
 3360              		.loc 1 2668 1 view .LVU1025
 3361 001e 7047     		bx	lr
 3362              	.L306:
 3363              		.align	2
 3364              	.L305:
 3365 0020 00600040 		.word	1073766400
 3366              		.cfi_endproc
 3367              	.LFE306:
 3369              		.section	.text.HAL_RCCEx_CRSWaitSynchronization,"ax",%progbits
 3370              		.align	1
 3371              		.global	HAL_RCCEx_CRSWaitSynchronization
 3372              		.syntax unified
 3373              		.thumb
 3374              		.thumb_func
 3376              	HAL_RCCEx_CRSWaitSynchronization:
 3377              	.LVL332:
 3378              	.LFB307:
2686:Drivers/STM32L4xx_HAL_Driver/Src/stm32l4xx_hal_rcc_ex.c ****   uint32_t crsstatus = RCC_CRS_NONE;
 3379              		.loc 1 2686 1 is_stmt 1 view -0
 3380              		.cfi_startproc
 3381              		@ args = 0, pretend = 0, frame = 0
 3382              		@ frame_needed = 0, uses_anonymous_args = 0
2686:Drivers/STM32L4xx_HAL_Driver/Src/stm32l4xx_hal_rcc_ex.c ****   uint32_t crsstatus = RCC_CRS_NONE;
 3383              		.loc 1 2686 1 is_stmt 0 view .LVU1027
 3384 0000 70B5     		push	{r4, r5, r6, lr}
 3385              	.LCFI17:
 3386              		.cfi_def_cfa_offset 16
ARM GAS  /tmp/ccBxf6FW.s 			page 139


 3387              		.cfi_offset 4, -16
 3388              		.cfi_offset 5, -12
 3389              		.cfi_offset 6, -8
 3390              		.cfi_offset 14, -4
 3391 0002 0546     		mov	r5, r0
2687:Drivers/STM32L4xx_HAL_Driver/Src/stm32l4xx_hal_rcc_ex.c ****   uint32_t tickstart;
 3392              		.loc 1 2687 3 is_stmt 1 view .LVU1028
 3393              	.LVL333:
2688:Drivers/STM32L4xx_HAL_Driver/Src/stm32l4xx_hal_rcc_ex.c **** 
 3394              		.loc 1 2688 3 view .LVU1029
2691:Drivers/STM32L4xx_HAL_Driver/Src/stm32l4xx_hal_rcc_ex.c **** 
 3395              		.loc 1 2691 3 view .LVU1030
2691:Drivers/STM32L4xx_HAL_Driver/Src/stm32l4xx_hal_rcc_ex.c **** 
 3396              		.loc 1 2691 15 is_stmt 0 view .LVU1031
 3397 0004 FFF7FEFF 		bl	HAL_GetTick
 3398              	.LVL334:
2691:Drivers/STM32L4xx_HAL_Driver/Src/stm32l4xx_hal_rcc_ex.c **** 
 3399              		.loc 1 2691 15 view .LVU1032
 3400 0008 0646     		mov	r6, r0
 3401              	.LVL335:
2687:Drivers/STM32L4xx_HAL_Driver/Src/stm32l4xx_hal_rcc_ex.c ****   uint32_t tickstart;
 3402              		.loc 1 2687 12 view .LVU1033
 3403 000a 0024     		movs	r4, #0
 3404 000c 0EE0     		b	.L315
 3405              	.LVL336:
 3406              	.L320:
2698:Drivers/STM32L4xx_HAL_Driver/Src/stm32l4xx_hal_rcc_ex.c ****       {
 3407              		.loc 1 2698 7 is_stmt 1 view .LVU1034
2698:Drivers/STM32L4xx_HAL_Driver/Src/stm32l4xx_hal_rcc_ex.c ****       {
 3408              		.loc 1 2698 12 is_stmt 0 view .LVU1035
 3409 000e FFF7FEFF 		bl	HAL_GetTick
 3410              	.LVL337:
2698:Drivers/STM32L4xx_HAL_Driver/Src/stm32l4xx_hal_rcc_ex.c ****       {
 3411              		.loc 1 2698 26 view .LVU1036
 3412 0012 801B     		subs	r0, r0, r6
2698:Drivers/STM32L4xx_HAL_Driver/Src/stm32l4xx_hal_rcc_ex.c ****       {
 3413              		.loc 1 2698 9 view .LVU1037
 3414 0014 A842     		cmp	r0, r5
 3415 0016 02D8     		bhi	.L316
2698:Drivers/STM32L4xx_HAL_Driver/Src/stm32l4xx_hal_rcc_ex.c ****       {
 3416              		.loc 1 2698 50 discriminator 1 view .LVU1038
 3417 0018 5DB9     		cbnz	r5, .L308
2700:Drivers/STM32L4xx_HAL_Driver/Src/stm32l4xx_hal_rcc_ex.c ****       }
 3418              		.loc 1 2700 19 view .LVU1039
 3419 001a 0124     		movs	r4, #1
 3420              	.LVL338:
2700:Drivers/STM32L4xx_HAL_Driver/Src/stm32l4xx_hal_rcc_ex.c ****       }
 3421              		.loc 1 2700 19 view .LVU1040
 3422 001c 09E0     		b	.L308
 3423              	.LVL339:
 3424              	.L316:
2700:Drivers/STM32L4xx_HAL_Driver/Src/stm32l4xx_hal_rcc_ex.c ****       }
 3425              		.loc 1 2700 19 view .LVU1041
 3426 001e 0124     		movs	r4, #1
 3427              	.LVL340:
2700:Drivers/STM32L4xx_HAL_Driver/Src/stm32l4xx_hal_rcc_ex.c ****       }
 3428              		.loc 1 2700 19 view .LVU1042
ARM GAS  /tmp/ccBxf6FW.s 			page 140


 3429 0020 07E0     		b	.L308
 3430              	.LVL341:
 3431              	.L321:
2757:Drivers/STM32L4xx_HAL_Driver/Src/stm32l4xx_hal_rcc_ex.c ****     }
 3432              		.loc 1 2757 7 is_stmt 1 discriminator 2 view .LVU1043
2757:Drivers/STM32L4xx_HAL_Driver/Src/stm32l4xx_hal_rcc_ex.c ****     }
 3433              		.loc 1 2757 7 discriminator 2 view .LVU1044
2757:Drivers/STM32L4xx_HAL_Driver/Src/stm32l4xx_hal_rcc_ex.c ****     }
 3434              		.loc 1 2757 7 discriminator 2 view .LVU1045
 3435 0022 214B     		ldr	r3, .L322
 3436 0024 0822     		movs	r2, #8
 3437 0026 DA60     		str	r2, [r3, #12]
 3438              	.L314:
2757:Drivers/STM32L4xx_HAL_Driver/Src/stm32l4xx_hal_rcc_ex.c ****     }
 3439              		.loc 1 2757 7 discriminator 4 view .LVU1046
2759:Drivers/STM32L4xx_HAL_Driver/Src/stm32l4xx_hal_rcc_ex.c **** 
 3440              		.loc 1 2759 10 discriminator 4 view .LVU1047
2759:Drivers/STM32L4xx_HAL_Driver/Src/stm32l4xx_hal_rcc_ex.c **** 
 3441              		.loc 1 2759 3 is_stmt 0 discriminator 4 view .LVU1048
 3442 0028 002C     		cmp	r4, #0
 3443 002a 3AD1     		bne	.L319
 3444              	.LVL342:
 3445              	.L315:
2694:Drivers/STM32L4xx_HAL_Driver/Src/stm32l4xx_hal_rcc_ex.c ****   {
 3446              		.loc 1 2694 3 is_stmt 1 view .LVU1049
2696:Drivers/STM32L4xx_HAL_Driver/Src/stm32l4xx_hal_rcc_ex.c ****     {
 3447              		.loc 1 2696 5 view .LVU1050
2696:Drivers/STM32L4xx_HAL_Driver/Src/stm32l4xx_hal_rcc_ex.c ****     {
 3448              		.loc 1 2696 7 is_stmt 0 view .LVU1051
 3449 002c B5F1FF3F 		cmp	r5, #-1
 3450 0030 EDD1     		bne	.L320
 3451              	.LVL343:
 3452              	.L308:
2704:Drivers/STM32L4xx_HAL_Driver/Src/stm32l4xx_hal_rcc_ex.c ****     {
 3453              		.loc 1 2704 5 is_stmt 1 view .LVU1052
2704:Drivers/STM32L4xx_HAL_Driver/Src/stm32l4xx_hal_rcc_ex.c ****     {
 3454              		.loc 1 2704 8 is_stmt 0 view .LVU1053
 3455 0032 1D4B     		ldr	r3, .L322
 3456 0034 9B68     		ldr	r3, [r3, #8]
2704:Drivers/STM32L4xx_HAL_Driver/Src/stm32l4xx_hal_rcc_ex.c ****     {
 3457              		.loc 1 2704 7 view .LVU1054
 3458 0036 13F0010F 		tst	r3, #1
 3459 003a 04D0     		beq	.L309
2707:Drivers/STM32L4xx_HAL_Driver/Src/stm32l4xx_hal_rcc_ex.c **** 
 3460              		.loc 1 2707 7 is_stmt 1 view .LVU1055
2707:Drivers/STM32L4xx_HAL_Driver/Src/stm32l4xx_hal_rcc_ex.c **** 
 3461              		.loc 1 2707 17 is_stmt 0 view .LVU1056
 3462 003c 44F00204 		orr	r4, r4, #2
 3463              	.LVL344:
2710:Drivers/STM32L4xx_HAL_Driver/Src/stm32l4xx_hal_rcc_ex.c ****     }
 3464              		.loc 1 2710 7 is_stmt 1 view .LVU1057
2710:Drivers/STM32L4xx_HAL_Driver/Src/stm32l4xx_hal_rcc_ex.c ****     }
 3465              		.loc 1 2710 7 view .LVU1058
2710:Drivers/STM32L4xx_HAL_Driver/Src/stm32l4xx_hal_rcc_ex.c ****     }
 3466              		.loc 1 2710 7 view .LVU1059
 3467 0040 194B     		ldr	r3, .L322
 3468 0042 0122     		movs	r2, #1
ARM GAS  /tmp/ccBxf6FW.s 			page 141


 3469 0044 DA60     		str	r2, [r3, #12]
 3470              	.L309:
2710:Drivers/STM32L4xx_HAL_Driver/Src/stm32l4xx_hal_rcc_ex.c ****     }
 3471              		.loc 1 2710 7 discriminator 4 view .LVU1060
2714:Drivers/STM32L4xx_HAL_Driver/Src/stm32l4xx_hal_rcc_ex.c ****     {
 3472              		.loc 1 2714 5 discriminator 4 view .LVU1061
2714:Drivers/STM32L4xx_HAL_Driver/Src/stm32l4xx_hal_rcc_ex.c ****     {
 3473              		.loc 1 2714 8 is_stmt 0 discriminator 4 view .LVU1062
 3474 0046 184B     		ldr	r3, .L322
 3475 0048 9B68     		ldr	r3, [r3, #8]
2714:Drivers/STM32L4xx_HAL_Driver/Src/stm32l4xx_hal_rcc_ex.c ****     {
 3476              		.loc 1 2714 7 discriminator 4 view .LVU1063
 3477 004a 13F0020F 		tst	r3, #2
 3478 004e 04D0     		beq	.L310
2717:Drivers/STM32L4xx_HAL_Driver/Src/stm32l4xx_hal_rcc_ex.c **** 
 3479              		.loc 1 2717 7 is_stmt 1 view .LVU1064
2717:Drivers/STM32L4xx_HAL_Driver/Src/stm32l4xx_hal_rcc_ex.c **** 
 3480              		.loc 1 2717 17 is_stmt 0 view .LVU1065
 3481 0050 44F00404 		orr	r4, r4, #4
 3482              	.LVL345:
2720:Drivers/STM32L4xx_HAL_Driver/Src/stm32l4xx_hal_rcc_ex.c ****     }
 3483              		.loc 1 2720 7 is_stmt 1 view .LVU1066
2720:Drivers/STM32L4xx_HAL_Driver/Src/stm32l4xx_hal_rcc_ex.c ****     }
 3484              		.loc 1 2720 7 view .LVU1067
2720:Drivers/STM32L4xx_HAL_Driver/Src/stm32l4xx_hal_rcc_ex.c ****     }
 3485              		.loc 1 2720 7 view .LVU1068
 3486 0054 144B     		ldr	r3, .L322
 3487 0056 0222     		movs	r2, #2
 3488 0058 DA60     		str	r2, [r3, #12]
 3489              	.L310:
2720:Drivers/STM32L4xx_HAL_Driver/Src/stm32l4xx_hal_rcc_ex.c ****     }
 3490              		.loc 1 2720 7 discriminator 4 view .LVU1069
2724:Drivers/STM32L4xx_HAL_Driver/Src/stm32l4xx_hal_rcc_ex.c ****     {
 3491              		.loc 1 2724 5 discriminator 4 view .LVU1070
2724:Drivers/STM32L4xx_HAL_Driver/Src/stm32l4xx_hal_rcc_ex.c ****     {
 3492              		.loc 1 2724 8 is_stmt 0 discriminator 4 view .LVU1071
 3493 005a 134B     		ldr	r3, .L322
 3494 005c 9B68     		ldr	r3, [r3, #8]
2724:Drivers/STM32L4xx_HAL_Driver/Src/stm32l4xx_hal_rcc_ex.c ****     {
 3495              		.loc 1 2724 7 discriminator 4 view .LVU1072
 3496 005e 13F4806F 		tst	r3, #1024
 3497 0062 04D0     		beq	.L311
2727:Drivers/STM32L4xx_HAL_Driver/Src/stm32l4xx_hal_rcc_ex.c **** 
 3498              		.loc 1 2727 7 is_stmt 1 view .LVU1073
2727:Drivers/STM32L4xx_HAL_Driver/Src/stm32l4xx_hal_rcc_ex.c **** 
 3499              		.loc 1 2727 17 is_stmt 0 view .LVU1074
 3500 0064 44F02004 		orr	r4, r4, #32
 3501              	.LVL346:
2730:Drivers/STM32L4xx_HAL_Driver/Src/stm32l4xx_hal_rcc_ex.c ****     }
 3502              		.loc 1 2730 7 is_stmt 1 view .LVU1075
2730:Drivers/STM32L4xx_HAL_Driver/Src/stm32l4xx_hal_rcc_ex.c ****     }
 3503              		.loc 1 2730 7 view .LVU1076
2730:Drivers/STM32L4xx_HAL_Driver/Src/stm32l4xx_hal_rcc_ex.c ****     }
 3504              		.loc 1 2730 7 view .LVU1077
 3505 0068 0F4B     		ldr	r3, .L322
 3506 006a 0422     		movs	r2, #4
 3507 006c DA60     		str	r2, [r3, #12]
ARM GAS  /tmp/ccBxf6FW.s 			page 142


 3508              	.L311:
2730:Drivers/STM32L4xx_HAL_Driver/Src/stm32l4xx_hal_rcc_ex.c ****     }
 3509              		.loc 1 2730 7 discriminator 4 view .LVU1078
2734:Drivers/STM32L4xx_HAL_Driver/Src/stm32l4xx_hal_rcc_ex.c ****     {
 3510              		.loc 1 2734 5 discriminator 4 view .LVU1079
2734:Drivers/STM32L4xx_HAL_Driver/Src/stm32l4xx_hal_rcc_ex.c ****     {
 3511              		.loc 1 2734 8 is_stmt 0 discriminator 4 view .LVU1080
 3512 006e 0E4B     		ldr	r3, .L322
 3513 0070 9B68     		ldr	r3, [r3, #8]
2734:Drivers/STM32L4xx_HAL_Driver/Src/stm32l4xx_hal_rcc_ex.c ****     {
 3514              		.loc 1 2734 7 discriminator 4 view .LVU1081
 3515 0072 13F4807F 		tst	r3, #256
 3516 0076 04D0     		beq	.L312
2737:Drivers/STM32L4xx_HAL_Driver/Src/stm32l4xx_hal_rcc_ex.c **** 
 3517              		.loc 1 2737 7 is_stmt 1 view .LVU1082
2737:Drivers/STM32L4xx_HAL_Driver/Src/stm32l4xx_hal_rcc_ex.c **** 
 3518              		.loc 1 2737 17 is_stmt 0 view .LVU1083
 3519 0078 44F00804 		orr	r4, r4, #8
 3520              	.LVL347:
2740:Drivers/STM32L4xx_HAL_Driver/Src/stm32l4xx_hal_rcc_ex.c ****     }
 3521              		.loc 1 2740 7 is_stmt 1 view .LVU1084
2740:Drivers/STM32L4xx_HAL_Driver/Src/stm32l4xx_hal_rcc_ex.c ****     }
 3522              		.loc 1 2740 7 view .LVU1085
2740:Drivers/STM32L4xx_HAL_Driver/Src/stm32l4xx_hal_rcc_ex.c ****     }
 3523              		.loc 1 2740 7 view .LVU1086
 3524 007c 0A4B     		ldr	r3, .L322
 3525 007e 0422     		movs	r2, #4
 3526 0080 DA60     		str	r2, [r3, #12]
 3527              	.L312:
2740:Drivers/STM32L4xx_HAL_Driver/Src/stm32l4xx_hal_rcc_ex.c ****     }
 3528              		.loc 1 2740 7 discriminator 4 view .LVU1087
2744:Drivers/STM32L4xx_HAL_Driver/Src/stm32l4xx_hal_rcc_ex.c ****     {
 3529              		.loc 1 2744 5 discriminator 4 view .LVU1088
2744:Drivers/STM32L4xx_HAL_Driver/Src/stm32l4xx_hal_rcc_ex.c ****     {
 3530              		.loc 1 2744 8 is_stmt 0 discriminator 4 view .LVU1089
 3531 0082 094B     		ldr	r3, .L322
 3532 0084 9B68     		ldr	r3, [r3, #8]
2744:Drivers/STM32L4xx_HAL_Driver/Src/stm32l4xx_hal_rcc_ex.c ****     {
 3533              		.loc 1 2744 7 discriminator 4 view .LVU1090
 3534 0086 13F4007F 		tst	r3, #512
 3535 008a 04D0     		beq	.L313
2747:Drivers/STM32L4xx_HAL_Driver/Src/stm32l4xx_hal_rcc_ex.c **** 
 3536              		.loc 1 2747 7 is_stmt 1 view .LVU1091
2747:Drivers/STM32L4xx_HAL_Driver/Src/stm32l4xx_hal_rcc_ex.c **** 
 3537              		.loc 1 2747 17 is_stmt 0 view .LVU1092
 3538 008c 44F01004 		orr	r4, r4, #16
 3539              	.LVL348:
2750:Drivers/STM32L4xx_HAL_Driver/Src/stm32l4xx_hal_rcc_ex.c ****     }
 3540              		.loc 1 2750 7 is_stmt 1 view .LVU1093
2750:Drivers/STM32L4xx_HAL_Driver/Src/stm32l4xx_hal_rcc_ex.c ****     }
 3541              		.loc 1 2750 7 view .LVU1094
2750:Drivers/STM32L4xx_HAL_Driver/Src/stm32l4xx_hal_rcc_ex.c ****     }
 3542              		.loc 1 2750 7 view .LVU1095
 3543 0090 054B     		ldr	r3, .L322
 3544 0092 0422     		movs	r2, #4
 3545 0094 DA60     		str	r2, [r3, #12]
 3546              	.L313:
ARM GAS  /tmp/ccBxf6FW.s 			page 143


2750:Drivers/STM32L4xx_HAL_Driver/Src/stm32l4xx_hal_rcc_ex.c ****     }
 3547              		.loc 1 2750 7 discriminator 4 view .LVU1096
2754:Drivers/STM32L4xx_HAL_Driver/Src/stm32l4xx_hal_rcc_ex.c ****     {
 3548              		.loc 1 2754 5 discriminator 4 view .LVU1097
2754:Drivers/STM32L4xx_HAL_Driver/Src/stm32l4xx_hal_rcc_ex.c ****     {
 3549              		.loc 1 2754 8 is_stmt 0 discriminator 4 view .LVU1098
 3550 0096 044B     		ldr	r3, .L322
 3551 0098 9B68     		ldr	r3, [r3, #8]
2754:Drivers/STM32L4xx_HAL_Driver/Src/stm32l4xx_hal_rcc_ex.c ****     {
 3552              		.loc 1 2754 7 discriminator 4 view .LVU1099
 3553 009a 13F0080F 		tst	r3, #8
 3554 009e C3D0     		beq	.L314
2754:Drivers/STM32L4xx_HAL_Driver/Src/stm32l4xx_hal_rcc_ex.c ****     {
 3555              		.loc 1 2754 7 discriminator 4 view .LVU1100
 3556 00a0 BFE7     		b	.L321
 3557              	.L319:
2761:Drivers/STM32L4xx_HAL_Driver/Src/stm32l4xx_hal_rcc_ex.c **** }
 3558              		.loc 1 2761 3 is_stmt 1 view .LVU1101
2762:Drivers/STM32L4xx_HAL_Driver/Src/stm32l4xx_hal_rcc_ex.c **** 
 3559              		.loc 1 2762 1 is_stmt 0 view .LVU1102
 3560 00a2 2046     		mov	r0, r4
 3561 00a4 70BD     		pop	{r4, r5, r6, pc}
 3562              	.LVL349:
 3563              	.L323:
2762:Drivers/STM32L4xx_HAL_Driver/Src/stm32l4xx_hal_rcc_ex.c **** 
 3564              		.loc 1 2762 1 view .LVU1103
 3565 00a6 00BF     		.align	2
 3566              	.L322:
 3567 00a8 00600040 		.word	1073766400
 3568              		.cfi_endproc
 3569              	.LFE307:
 3571              		.section	.text.HAL_RCCEx_CRS_SyncOkCallback,"ax",%progbits
 3572              		.align	1
 3573              		.weak	HAL_RCCEx_CRS_SyncOkCallback
 3574              		.syntax unified
 3575              		.thumb
 3576              		.thumb_func
 3578              	HAL_RCCEx_CRS_SyncOkCallback:
 3579              	.LFB309:
2834:Drivers/STM32L4xx_HAL_Driver/Src/stm32l4xx_hal_rcc_ex.c ****   /* NOTE : This function should not be modified, when the callback is needed,
 3580              		.loc 1 2834 1 is_stmt 1 view -0
 3581              		.cfi_startproc
 3582              		@ args = 0, pretend = 0, frame = 0
 3583              		@ frame_needed = 0, uses_anonymous_args = 0
 3584              		@ link register save eliminated.
2838:Drivers/STM32L4xx_HAL_Driver/Src/stm32l4xx_hal_rcc_ex.c **** 
 3585              		.loc 1 2838 1 view .LVU1105
 3586 0000 7047     		bx	lr
 3587              		.cfi_endproc
 3588              	.LFE309:
 3590              		.section	.text.HAL_RCCEx_CRS_SyncWarnCallback,"ax",%progbits
 3591              		.align	1
 3592              		.weak	HAL_RCCEx_CRS_SyncWarnCallback
 3593              		.syntax unified
 3594              		.thumb
 3595              		.thumb_func
 3597              	HAL_RCCEx_CRS_SyncWarnCallback:
ARM GAS  /tmp/ccBxf6FW.s 			page 144


 3598              	.LFB310:
2845:Drivers/STM32L4xx_HAL_Driver/Src/stm32l4xx_hal_rcc_ex.c ****   /* NOTE : This function should not be modified, when the callback is needed,
 3599              		.loc 1 2845 1 view -0
 3600              		.cfi_startproc
 3601              		@ args = 0, pretend = 0, frame = 0
 3602              		@ frame_needed = 0, uses_anonymous_args = 0
 3603              		@ link register save eliminated.
2849:Drivers/STM32L4xx_HAL_Driver/Src/stm32l4xx_hal_rcc_ex.c **** 
 3604              		.loc 1 2849 1 view .LVU1107
 3605 0000 7047     		bx	lr
 3606              		.cfi_endproc
 3607              	.LFE310:
 3609              		.section	.text.HAL_RCCEx_CRS_ExpectedSyncCallback,"ax",%progbits
 3610              		.align	1
 3611              		.weak	HAL_RCCEx_CRS_ExpectedSyncCallback
 3612              		.syntax unified
 3613              		.thumb
 3614              		.thumb_func
 3616              	HAL_RCCEx_CRS_ExpectedSyncCallback:
 3617              	.LFB311:
2856:Drivers/STM32L4xx_HAL_Driver/Src/stm32l4xx_hal_rcc_ex.c ****   /* NOTE : This function should not be modified, when the callback is needed,
 3618              		.loc 1 2856 1 view -0
 3619              		.cfi_startproc
 3620              		@ args = 0, pretend = 0, frame = 0
 3621              		@ frame_needed = 0, uses_anonymous_args = 0
 3622              		@ link register save eliminated.
2860:Drivers/STM32L4xx_HAL_Driver/Src/stm32l4xx_hal_rcc_ex.c **** 
 3623              		.loc 1 2860 1 view .LVU1109
 3624 0000 7047     		bx	lr
 3625              		.cfi_endproc
 3626              	.LFE311:
 3628              		.section	.text.HAL_RCCEx_CRS_ErrorCallback,"ax",%progbits
 3629              		.align	1
 3630              		.weak	HAL_RCCEx_CRS_ErrorCallback
 3631              		.syntax unified
 3632              		.thumb
 3633              		.thumb_func
 3635              	HAL_RCCEx_CRS_ErrorCallback:
 3636              	.LVL350:
 3637              	.LFB312:
2872:Drivers/STM32L4xx_HAL_Driver/Src/stm32l4xx_hal_rcc_ex.c ****   /* Prevent unused argument(s) compilation warning */
 3638              		.loc 1 2872 1 view -0
 3639              		.cfi_startproc
 3640              		@ args = 0, pretend = 0, frame = 0
 3641              		@ frame_needed = 0, uses_anonymous_args = 0
 3642              		@ link register save eliminated.
2874:Drivers/STM32L4xx_HAL_Driver/Src/stm32l4xx_hal_rcc_ex.c **** 
 3643              		.loc 1 2874 3 view .LVU1111
2879:Drivers/STM32L4xx_HAL_Driver/Src/stm32l4xx_hal_rcc_ex.c **** 
 3644              		.loc 1 2879 1 is_stmt 0 view .LVU1112
 3645 0000 7047     		bx	lr
 3646              		.cfi_endproc
 3647              	.LFE312:
 3649              		.section	.text.HAL_RCCEx_CRS_IRQHandler,"ax",%progbits
 3650              		.align	1
 3651              		.global	HAL_RCCEx_CRS_IRQHandler
 3652              		.syntax unified
ARM GAS  /tmp/ccBxf6FW.s 			page 145


 3653              		.thumb
 3654              		.thumb_func
 3656              	HAL_RCCEx_CRS_IRQHandler:
 3657              	.LFB308:
2769:Drivers/STM32L4xx_HAL_Driver/Src/stm32l4xx_hal_rcc_ex.c ****   uint32_t crserror = RCC_CRS_NONE;
 3658              		.loc 1 2769 1 is_stmt 1 view -0
 3659              		.cfi_startproc
 3660              		@ args = 0, pretend = 0, frame = 0
 3661              		@ frame_needed = 0, uses_anonymous_args = 0
 3662 0000 08B5     		push	{r3, lr}
 3663              	.LCFI18:
 3664              		.cfi_def_cfa_offset 8
 3665              		.cfi_offset 3, -8
 3666              		.cfi_offset 14, -4
2770:Drivers/STM32L4xx_HAL_Driver/Src/stm32l4xx_hal_rcc_ex.c ****   /* Get current IT flags and IT sources values */
 3667              		.loc 1 2770 3 view .LVU1114
 3668              	.LVL351:
2772:Drivers/STM32L4xx_HAL_Driver/Src/stm32l4xx_hal_rcc_ex.c ****   uint32_t itsources = READ_REG(CRS->CR);
 3669              		.loc 1 2772 3 view .LVU1115
2772:Drivers/STM32L4xx_HAL_Driver/Src/stm32l4xx_hal_rcc_ex.c ****   uint32_t itsources = READ_REG(CRS->CR);
 3670              		.loc 1 2772 12 is_stmt 0 view .LVU1116
 3671 0002 204A     		ldr	r2, .L341
 3672 0004 9368     		ldr	r3, [r2, #8]
 3673              	.LVL352:
2773:Drivers/STM32L4xx_HAL_Driver/Src/stm32l4xx_hal_rcc_ex.c **** 
 3674              		.loc 1 2773 3 is_stmt 1 view .LVU1117
2773:Drivers/STM32L4xx_HAL_Driver/Src/stm32l4xx_hal_rcc_ex.c **** 
 3675              		.loc 1 2773 12 is_stmt 0 view .LVU1118
 3676 0006 1268     		ldr	r2, [r2]
 3677              	.LVL353:
2776:Drivers/STM32L4xx_HAL_Driver/Src/stm32l4xx_hal_rcc_ex.c ****   {
 3678              		.loc 1 2776 3 is_stmt 1 view .LVU1119
2776:Drivers/STM32L4xx_HAL_Driver/Src/stm32l4xx_hal_rcc_ex.c ****   {
 3679              		.loc 1 2776 5 is_stmt 0 view .LVU1120
 3680 0008 13F0010F 		tst	r3, #1
 3681 000c 02D0     		beq	.L329
2776:Drivers/STM32L4xx_HAL_Driver/Src/stm32l4xx_hal_rcc_ex.c ****   {
 3682              		.loc 1 2776 46 discriminator 1 view .LVU1121
 3683 000e 12F0010F 		tst	r2, #1
 3684 0012 25D1     		bne	.L338
 3685              	.L329:
2785:Drivers/STM32L4xx_HAL_Driver/Src/stm32l4xx_hal_rcc_ex.c ****   {
 3686              		.loc 1 2785 8 is_stmt 1 view .LVU1122
2785:Drivers/STM32L4xx_HAL_Driver/Src/stm32l4xx_hal_rcc_ex.c ****   {
 3687              		.loc 1 2785 10 is_stmt 0 view .LVU1123
 3688 0014 13F0020F 		tst	r3, #2
 3689 0018 02D0     		beq	.L331
2785:Drivers/STM32L4xx_HAL_Driver/Src/stm32l4xx_hal_rcc_ex.c ****   {
 3690              		.loc 1 2785 53 discriminator 1 view .LVU1124
 3691 001a 12F0020F 		tst	r2, #2
 3692 001e 25D1     		bne	.L339
 3693              	.L331:
2794:Drivers/STM32L4xx_HAL_Driver/Src/stm32l4xx_hal_rcc_ex.c ****   {
 3694              		.loc 1 2794 8 is_stmt 1 view .LVU1125
2794:Drivers/STM32L4xx_HAL_Driver/Src/stm32l4xx_hal_rcc_ex.c ****   {
 3695              		.loc 1 2794 10 is_stmt 0 view .LVU1126
 3696 0020 13F0080F 		tst	r3, #8
ARM GAS  /tmp/ccBxf6FW.s 			page 146


 3697 0024 02D0     		beq	.L332
2794:Drivers/STM32L4xx_HAL_Driver/Src/stm32l4xx_hal_rcc_ex.c ****   {
 3698              		.loc 1 2794 50 discriminator 1 view .LVU1127
 3699 0026 12F0080F 		tst	r2, #8
 3700 002a 25D1     		bne	.L340
 3701              	.L332:
2805:Drivers/STM32L4xx_HAL_Driver/Src/stm32l4xx_hal_rcc_ex.c ****     {
 3702              		.loc 1 2805 5 is_stmt 1 view .LVU1128
2805:Drivers/STM32L4xx_HAL_Driver/Src/stm32l4xx_hal_rcc_ex.c ****     {
 3703              		.loc 1 2805 7 is_stmt 0 view .LVU1129
 3704 002c 13F0040F 		tst	r3, #4
 3705 0030 1BD0     		beq	.L328
2805:Drivers/STM32L4xx_HAL_Driver/Src/stm32l4xx_hal_rcc_ex.c ****     {
 3706              		.loc 1 2805 45 discriminator 1 view .LVU1130
 3707 0032 12F0040F 		tst	r2, #4
 3708 0036 18D0     		beq	.L328
2807:Drivers/STM32L4xx_HAL_Driver/Src/stm32l4xx_hal_rcc_ex.c ****       {
 3709              		.loc 1 2807 7 is_stmt 1 view .LVU1131
2807:Drivers/STM32L4xx_HAL_Driver/Src/stm32l4xx_hal_rcc_ex.c ****       {
 3710              		.loc 1 2807 9 is_stmt 0 view .LVU1132
 3711 0038 13F48070 		ands	r0, r3, #256
 3712 003c 00D0     		beq	.L333
2809:Drivers/STM32L4xx_HAL_Driver/Src/stm32l4xx_hal_rcc_ex.c ****       }
 3713              		.loc 1 2809 18 view .LVU1133
 3714 003e 0820     		movs	r0, #8
 3715              	.L333:
 3716              	.LVL354:
2811:Drivers/STM32L4xx_HAL_Driver/Src/stm32l4xx_hal_rcc_ex.c ****       {
 3717              		.loc 1 2811 7 is_stmt 1 view .LVU1134
2811:Drivers/STM32L4xx_HAL_Driver/Src/stm32l4xx_hal_rcc_ex.c ****       {
 3718              		.loc 1 2811 9 is_stmt 0 view .LVU1135
 3719 0040 13F4007F 		tst	r3, #512
 3720 0044 01D0     		beq	.L334
2813:Drivers/STM32L4xx_HAL_Driver/Src/stm32l4xx_hal_rcc_ex.c ****       }
 3721              		.loc 1 2813 9 is_stmt 1 view .LVU1136
2813:Drivers/STM32L4xx_HAL_Driver/Src/stm32l4xx_hal_rcc_ex.c ****       }
 3722              		.loc 1 2813 18 is_stmt 0 view .LVU1137
 3723 0046 40F01000 		orr	r0, r0, #16
 3724              	.LVL355:
 3725              	.L334:
2815:Drivers/STM32L4xx_HAL_Driver/Src/stm32l4xx_hal_rcc_ex.c ****       {
 3726              		.loc 1 2815 7 is_stmt 1 view .LVU1138
2815:Drivers/STM32L4xx_HAL_Driver/Src/stm32l4xx_hal_rcc_ex.c ****       {
 3727              		.loc 1 2815 9 is_stmt 0 view .LVU1139
 3728 004a 13F4806F 		tst	r3, #1024
 3729 004e 01D0     		beq	.L335
2817:Drivers/STM32L4xx_HAL_Driver/Src/stm32l4xx_hal_rcc_ex.c ****       }
 3730              		.loc 1 2817 9 is_stmt 1 view .LVU1140
2817:Drivers/STM32L4xx_HAL_Driver/Src/stm32l4xx_hal_rcc_ex.c ****       }
 3731              		.loc 1 2817 18 is_stmt 0 view .LVU1141
 3732 0050 40F02000 		orr	r0, r0, #32
 3733              	.LVL356:
 3734              	.L335:
2821:Drivers/STM32L4xx_HAL_Driver/Src/stm32l4xx_hal_rcc_ex.c **** 
 3735              		.loc 1 2821 7 is_stmt 1 view .LVU1142
 3736 0054 0B4B     		ldr	r3, .L341
 3737              	.LVL357:
ARM GAS  /tmp/ccBxf6FW.s 			page 147


2821:Drivers/STM32L4xx_HAL_Driver/Src/stm32l4xx_hal_rcc_ex.c **** 
 3738              		.loc 1 2821 7 is_stmt 0 view .LVU1143
 3739 0056 0422     		movs	r2, #4
 3740              	.LVL358:
2821:Drivers/STM32L4xx_HAL_Driver/Src/stm32l4xx_hal_rcc_ex.c **** 
 3741              		.loc 1 2821 7 view .LVU1144
 3742 0058 DA60     		str	r2, [r3, #12]
2824:Drivers/STM32L4xx_HAL_Driver/Src/stm32l4xx_hal_rcc_ex.c ****     }
 3743              		.loc 1 2824 7 is_stmt 1 view .LVU1145
 3744 005a FFF7FEFF 		bl	HAL_RCCEx_CRS_ErrorCallback
 3745              	.LVL359:
2827:Drivers/STM32L4xx_HAL_Driver/Src/stm32l4xx_hal_rcc_ex.c **** 
 3746              		.loc 1 2827 1 is_stmt 0 view .LVU1146
 3747 005e 04E0     		b	.L328
 3748              	.LVL360:
 3749              	.L338:
2779:Drivers/STM32L4xx_HAL_Driver/Src/stm32l4xx_hal_rcc_ex.c **** 
 3750              		.loc 1 2779 5 is_stmt 1 view .LVU1147
 3751 0060 084B     		ldr	r3, .L341
 3752              	.LVL361:
2779:Drivers/STM32L4xx_HAL_Driver/Src/stm32l4xx_hal_rcc_ex.c **** 
 3753              		.loc 1 2779 5 is_stmt 0 view .LVU1148
 3754 0062 0122     		movs	r2, #1
 3755              	.LVL362:
2779:Drivers/STM32L4xx_HAL_Driver/Src/stm32l4xx_hal_rcc_ex.c **** 
 3756              		.loc 1 2779 5 view .LVU1149
 3757 0064 DA60     		str	r2, [r3, #12]
2782:Drivers/STM32L4xx_HAL_Driver/Src/stm32l4xx_hal_rcc_ex.c ****   }
 3758              		.loc 1 2782 5 is_stmt 1 view .LVU1150
 3759 0066 FFF7FEFF 		bl	HAL_RCCEx_CRS_SyncOkCallback
 3760              	.LVL363:
 3761              	.L328:
2827:Drivers/STM32L4xx_HAL_Driver/Src/stm32l4xx_hal_rcc_ex.c **** 
 3762              		.loc 1 2827 1 is_stmt 0 view .LVU1151
 3763 006a 08BD     		pop	{r3, pc}
 3764              	.LVL364:
 3765              	.L339:
2788:Drivers/STM32L4xx_HAL_Driver/Src/stm32l4xx_hal_rcc_ex.c **** 
 3766              		.loc 1 2788 5 is_stmt 1 view .LVU1152
 3767 006c 054B     		ldr	r3, .L341
 3768              	.LVL365:
2788:Drivers/STM32L4xx_HAL_Driver/Src/stm32l4xx_hal_rcc_ex.c **** 
 3769              		.loc 1 2788 5 is_stmt 0 view .LVU1153
 3770 006e 0222     		movs	r2, #2
 3771              	.LVL366:
2788:Drivers/STM32L4xx_HAL_Driver/Src/stm32l4xx_hal_rcc_ex.c **** 
 3772              		.loc 1 2788 5 view .LVU1154
 3773 0070 DA60     		str	r2, [r3, #12]
2791:Drivers/STM32L4xx_HAL_Driver/Src/stm32l4xx_hal_rcc_ex.c ****   }
 3774              		.loc 1 2791 5 is_stmt 1 view .LVU1155
 3775 0072 FFF7FEFF 		bl	HAL_RCCEx_CRS_SyncWarnCallback
 3776              	.LVL367:
 3777 0076 F8E7     		b	.L328
 3778              	.LVL368:
 3779              	.L340:
2797:Drivers/STM32L4xx_HAL_Driver/Src/stm32l4xx_hal_rcc_ex.c **** 
 3780              		.loc 1 2797 5 view .LVU1156
ARM GAS  /tmp/ccBxf6FW.s 			page 148


 3781 0078 024B     		ldr	r3, .L341
 3782              	.LVL369:
2797:Drivers/STM32L4xx_HAL_Driver/Src/stm32l4xx_hal_rcc_ex.c **** 
 3783              		.loc 1 2797 5 is_stmt 0 view .LVU1157
 3784 007a 0822     		movs	r2, #8
 3785              	.LVL370:
2797:Drivers/STM32L4xx_HAL_Driver/Src/stm32l4xx_hal_rcc_ex.c **** 
 3786              		.loc 1 2797 5 view .LVU1158
 3787 007c DA60     		str	r2, [r3, #12]
2800:Drivers/STM32L4xx_HAL_Driver/Src/stm32l4xx_hal_rcc_ex.c ****   }
 3788              		.loc 1 2800 5 is_stmt 1 view .LVU1159
 3789 007e FFF7FEFF 		bl	HAL_RCCEx_CRS_ExpectedSyncCallback
 3790              	.LVL371:
 3791 0082 F2E7     		b	.L328
 3792              	.L342:
 3793              		.align	2
 3794              	.L341:
 3795 0084 00600040 		.word	1073766400
 3796              		.cfi_endproc
 3797              	.LFE308:
 3799              		.text
 3800              	.Letext0:
 3801              		.file 2 "/usr/local/arm-none-eabi/include/machine/_default_types.h"
 3802              		.file 3 "/usr/local/arm-none-eabi/include/sys/_stdint.h"
 3803              		.file 4 "Drivers/CMSIS/Device/ST/STM32L4xx/Include/stm32l432xx.h"
 3804              		.file 5 "Drivers/CMSIS/Device/ST/STM32L4xx/Include/stm32l4xx.h"
 3805              		.file 6 "Drivers/STM32L4xx_HAL_Driver/Inc/stm32l4xx_hal_def.h"
 3806              		.file 7 "Drivers/STM32L4xx_HAL_Driver/Inc/stm32l4xx_hal_rcc_ex.h"
 3807              		.file 8 "Drivers/STM32L4xx_HAL_Driver/Inc/stm32l4xx_hal_gpio.h"
 3808              		.file 9 "Drivers/CMSIS/Device/ST/STM32L4xx/Include/system_stm32l4xx.h"
 3809              		.file 10 "Drivers/STM32L4xx_HAL_Driver/Inc/stm32l4xx_hal.h"
 3810              		.file 11 "Drivers/STM32L4xx_HAL_Driver/Inc/stm32l4xx_hal_pwr.h"
 3811              		.file 12 "Drivers/STM32L4xx_HAL_Driver/Inc/stm32l4xx_hal_rcc.h"
ARM GAS  /tmp/ccBxf6FW.s 			page 149


DEFINED SYMBOLS
                            *ABS*:0000000000000000 stm32l4xx_hal_rcc_ex.c
     /tmp/ccBxf6FW.s:20     .text.RCCEx_GetSAIxPeriphCLKFreq:0000000000000000 $t
     /tmp/ccBxf6FW.s:25     .text.RCCEx_GetSAIxPeriphCLKFreq:0000000000000000 RCCEx_GetSAIxPeriphCLKFreq
     /tmp/ccBxf6FW.s:258    .text.RCCEx_GetSAIxPeriphCLKFreq:00000000000000e4 $d
     /tmp/ccBxf6FW.s:265    .text.RCCEx_PLLSAI1_Config:0000000000000000 $t
     /tmp/ccBxf6FW.s:270    .text.RCCEx_PLLSAI1_Config:0000000000000000 RCCEx_PLLSAI1_Config
     /tmp/ccBxf6FW.s:568    .text.RCCEx_PLLSAI1_Config:0000000000000168 $d
     /tmp/ccBxf6FW.s:573    .text.HAL_RCCEx_PeriphCLKConfig:0000000000000000 $t
     /tmp/ccBxf6FW.s:579    .text.HAL_RCCEx_PeriphCLKConfig:0000000000000000 HAL_RCCEx_PeriphCLKConfig
     /tmp/ccBxf6FW.s:1148   .text.HAL_RCCEx_PeriphCLKConfig:00000000000002e0 $d
     /tmp/ccBxf6FW.s:1154   .text.HAL_RCCEx_GetPeriphCLKConfig:0000000000000000 $t
     /tmp/ccBxf6FW.s:1160   .text.HAL_RCCEx_GetPeriphCLKConfig:0000000000000000 HAL_RCCEx_GetPeriphCLKConfig
     /tmp/ccBxf6FW.s:1313   .text.HAL_RCCEx_GetPeriphCLKConfig:00000000000000cc $d
     /tmp/ccBxf6FW.s:1319   .text.HAL_RCCEx_GetPeriphCLKFreq:0000000000000000 $t
     /tmp/ccBxf6FW.s:1325   .text.HAL_RCCEx_GetPeriphCLKFreq:0000000000000000 HAL_RCCEx_GetPeriphCLKFreq
     /tmp/ccBxf6FW.s:1566   .text.HAL_RCCEx_GetPeriphCLKFreq:0000000000000146 $d
     /tmp/ccBxf6FW.s:1580   .text.HAL_RCCEx_GetPeriphCLKFreq:0000000000000160 $t
     /tmp/ccBxf6FW.s:1849   .text.HAL_RCCEx_GetPeriphCLKFreq:00000000000002b8 $d
     /tmp/ccBxf6FW.s:1859   .text.HAL_RCCEx_GetPeriphCLKFreq:00000000000002d0 $t
     /tmp/ccBxf6FW.s:1869   .text.HAL_RCCEx_GetPeriphCLKFreq:00000000000002e4 $d
     /tmp/ccBxf6FW.s:1873   .text.HAL_RCCEx_GetPeriphCLKFreq:00000000000002e8 $t
     /tmp/ccBxf6FW.s:2390   .text.HAL_RCCEx_GetPeriphCLKFreq:0000000000000514 $d
     /tmp/ccBxf6FW.s:2396   .text.HAL_RCCEx_EnablePLLSAI1:0000000000000000 $t
     /tmp/ccBxf6FW.s:2402   .text.HAL_RCCEx_EnablePLLSAI1:0000000000000000 HAL_RCCEx_EnablePLLSAI1
     /tmp/ccBxf6FW.s:2540   .text.HAL_RCCEx_EnablePLLSAI1:000000000000008c $d
     /tmp/ccBxf6FW.s:2546   .text.HAL_RCCEx_DisablePLLSAI1:0000000000000000 $t
     /tmp/ccBxf6FW.s:2552   .text.HAL_RCCEx_DisablePLLSAI1:0000000000000000 HAL_RCCEx_DisablePLLSAI1
     /tmp/ccBxf6FW.s:2628   .text.HAL_RCCEx_DisablePLLSAI1:000000000000004c $d
     /tmp/ccBxf6FW.s:2633   .text.HAL_RCCEx_WakeUpStopCLKConfig:0000000000000000 $t
     /tmp/ccBxf6FW.s:2639   .text.HAL_RCCEx_WakeUpStopCLKConfig:0000000000000000 HAL_RCCEx_WakeUpStopCLKConfig
     /tmp/ccBxf6FW.s:2659   .text.HAL_RCCEx_WakeUpStopCLKConfig:0000000000000010 $d
     /tmp/ccBxf6FW.s:2664   .text.HAL_RCCEx_StandbyMSIRangeConfig:0000000000000000 $t
     /tmp/ccBxf6FW.s:2670   .text.HAL_RCCEx_StandbyMSIRangeConfig:0000000000000000 HAL_RCCEx_StandbyMSIRangeConfig
     /tmp/ccBxf6FW.s:2690   .text.HAL_RCCEx_StandbyMSIRangeConfig:0000000000000014 $d
     /tmp/ccBxf6FW.s:2695   .text.HAL_RCCEx_EnableLSECSS:0000000000000000 $t
     /tmp/ccBxf6FW.s:2701   .text.HAL_RCCEx_EnableLSECSS:0000000000000000 HAL_RCCEx_EnableLSECSS
     /tmp/ccBxf6FW.s:2718   .text.HAL_RCCEx_EnableLSECSS:0000000000000010 $d
     /tmp/ccBxf6FW.s:2723   .text.HAL_RCCEx_DisableLSECSS:0000000000000000 $t
     /tmp/ccBxf6FW.s:2729   .text.HAL_RCCEx_DisableLSECSS:0000000000000000 HAL_RCCEx_DisableLSECSS
     /tmp/ccBxf6FW.s:2750   .text.HAL_RCCEx_DisableLSECSS:0000000000000018 $d
     /tmp/ccBxf6FW.s:2755   .text.HAL_RCCEx_EnableLSECSS_IT:0000000000000000 $t
     /tmp/ccBxf6FW.s:2761   .text.HAL_RCCEx_EnableLSECSS_IT:0000000000000000 HAL_RCCEx_EnableLSECSS_IT
     /tmp/ccBxf6FW.s:2791   .text.HAL_RCCEx_EnableLSECSS_IT:000000000000002c $d
     /tmp/ccBxf6FW.s:2796   .text.HAL_RCCEx_LSECSS_Callback:0000000000000000 $t
     /tmp/ccBxf6FW.s:2802   .text.HAL_RCCEx_LSECSS_Callback:0000000000000000 HAL_RCCEx_LSECSS_Callback
     /tmp/ccBxf6FW.s:2815   .text.HAL_RCCEx_LSECSS_IRQHandler:0000000000000000 $t
     /tmp/ccBxf6FW.s:2821   .text.HAL_RCCEx_LSECSS_IRQHandler:0000000000000000 HAL_RCCEx_LSECSS_IRQHandler
     /tmp/ccBxf6FW.s:2855   .text.HAL_RCCEx_LSECSS_IRQHandler:000000000000001c $d
     /tmp/ccBxf6FW.s:2860   .text.HAL_RCCEx_EnableLSCO:0000000000000000 $t
     /tmp/ccBxf6FW.s:2866   .text.HAL_RCCEx_EnableLSCO:0000000000000000 HAL_RCCEx_EnableLSCO
     /tmp/ccBxf6FW.s:3023   .text.HAL_RCCEx_EnableLSCO:0000000000000098 $d
     /tmp/ccBxf6FW.s:3029   .text.HAL_RCCEx_DisableLSCO:0000000000000000 $t
     /tmp/ccBxf6FW.s:3035   .text.HAL_RCCEx_DisableLSCO:0000000000000000 HAL_RCCEx_DisableLSCO
     /tmp/ccBxf6FW.s:3147   .text.HAL_RCCEx_DisableLSCO:0000000000000064 $d
     /tmp/ccBxf6FW.s:3153   .text.HAL_RCCEx_EnableMSIPLLMode:0000000000000000 $t
     /tmp/ccBxf6FW.s:3159   .text.HAL_RCCEx_EnableMSIPLLMode:0000000000000000 HAL_RCCEx_EnableMSIPLLMode
ARM GAS  /tmp/ccBxf6FW.s 			page 150


     /tmp/ccBxf6FW.s:3176   .text.HAL_RCCEx_EnableMSIPLLMode:000000000000000c $d
     /tmp/ccBxf6FW.s:3181   .text.HAL_RCCEx_DisableMSIPLLMode:0000000000000000 $t
     /tmp/ccBxf6FW.s:3187   .text.HAL_RCCEx_DisableMSIPLLMode:0000000000000000 HAL_RCCEx_DisableMSIPLLMode
     /tmp/ccBxf6FW.s:3204   .text.HAL_RCCEx_DisableMSIPLLMode:000000000000000c $d
     /tmp/ccBxf6FW.s:3209   .text.HAL_RCCEx_CRSConfig:0000000000000000 $t
     /tmp/ccBxf6FW.s:3215   .text.HAL_RCCEx_CRSConfig:0000000000000000 HAL_RCCEx_CRSConfig
     /tmp/ccBxf6FW.s:3284   .text.HAL_RCCEx_CRSConfig:0000000000000044 $d
     /tmp/ccBxf6FW.s:3290   .text.HAL_RCCEx_CRSSoftwareSynchronizationGenerate:0000000000000000 $t
     /tmp/ccBxf6FW.s:3296   .text.HAL_RCCEx_CRSSoftwareSynchronizationGenerate:0000000000000000 HAL_RCCEx_CRSSoftwareSynchronizationGenerate
     /tmp/ccBxf6FW.s:3313   .text.HAL_RCCEx_CRSSoftwareSynchronizationGenerate:000000000000000c $d
     /tmp/ccBxf6FW.s:3318   .text.HAL_RCCEx_CRSGetSynchronizationInfo:0000000000000000 $t
     /tmp/ccBxf6FW.s:3324   .text.HAL_RCCEx_CRSGetSynchronizationInfo:0000000000000000 HAL_RCCEx_CRSGetSynchronizationInfo
     /tmp/ccBxf6FW.s:3365   .text.HAL_RCCEx_CRSGetSynchronizationInfo:0000000000000020 $d
     /tmp/ccBxf6FW.s:3370   .text.HAL_RCCEx_CRSWaitSynchronization:0000000000000000 $t
     /tmp/ccBxf6FW.s:3376   .text.HAL_RCCEx_CRSWaitSynchronization:0000000000000000 HAL_RCCEx_CRSWaitSynchronization
     /tmp/ccBxf6FW.s:3567   .text.HAL_RCCEx_CRSWaitSynchronization:00000000000000a8 $d
     /tmp/ccBxf6FW.s:3572   .text.HAL_RCCEx_CRS_SyncOkCallback:0000000000000000 $t
     /tmp/ccBxf6FW.s:3578   .text.HAL_RCCEx_CRS_SyncOkCallback:0000000000000000 HAL_RCCEx_CRS_SyncOkCallback
     /tmp/ccBxf6FW.s:3591   .text.HAL_RCCEx_CRS_SyncWarnCallback:0000000000000000 $t
     /tmp/ccBxf6FW.s:3597   .text.HAL_RCCEx_CRS_SyncWarnCallback:0000000000000000 HAL_RCCEx_CRS_SyncWarnCallback
     /tmp/ccBxf6FW.s:3610   .text.HAL_RCCEx_CRS_ExpectedSyncCallback:0000000000000000 $t
     /tmp/ccBxf6FW.s:3616   .text.HAL_RCCEx_CRS_ExpectedSyncCallback:0000000000000000 HAL_RCCEx_CRS_ExpectedSyncCallback
     /tmp/ccBxf6FW.s:3629   .text.HAL_RCCEx_CRS_ErrorCallback:0000000000000000 $t
     /tmp/ccBxf6FW.s:3635   .text.HAL_RCCEx_CRS_ErrorCallback:0000000000000000 HAL_RCCEx_CRS_ErrorCallback
     /tmp/ccBxf6FW.s:3650   .text.HAL_RCCEx_CRS_IRQHandler:0000000000000000 $t
     /tmp/ccBxf6FW.s:3656   .text.HAL_RCCEx_CRS_IRQHandler:0000000000000000 HAL_RCCEx_CRS_IRQHandler
     /tmp/ccBxf6FW.s:3795   .text.HAL_RCCEx_CRS_IRQHandler:0000000000000084 $d

UNDEFINED SYMBOLS
HAL_GetTick
MSIRangeTable
HAL_RCC_GetPCLK2Freq
HAL_RCC_GetSysClockFreq
HAL_RCC_GetPCLK1Freq
HAL_GPIO_Init
HAL_PWR_EnableBkUpAccess
HAL_PWR_DisableBkUpAccess
