ARM GAS  /tmp/ccl8yU0j.s 			page 1


   1              		.cpu cortex-m4
   2              		.arch armv7e-m
   3              		.fpu fpv4-sp-d16
   4              		.eabi_attribute 27, 1
   5              		.eabi_attribute 28, 1
   6              		.eabi_attribute 20, 1
   7              		.eabi_attribute 21, 1
   8              		.eabi_attribute 23, 3
   9              		.eabi_attribute 24, 1
  10              		.eabi_attribute 25, 1
  11              		.eabi_attribute 26, 1
  12              		.eabi_attribute 30, 1
  13              		.eabi_attribute 34, 1
  14              		.eabi_attribute 18, 4
  15              		.file	"stm32l4xx_hal_spi.c"
  16              		.text
  17              	.Ltext0:
  18              		.cfi_sections	.debug_frame
  19              		.section	.text.SPI_WaitFlagStateUntilTimeout,"ax",%progbits
  20              		.align	1
  21              		.syntax unified
  22              		.thumb
  23              		.thumb_func
  25              	SPI_WaitFlagStateUntilTimeout:
  26              	.LVL0:
  27              	.LFB335:
  28              		.file 1 "Drivers/STM32L4xx_HAL_Driver/Src/stm32l4xx_hal_spi.c"
   1:Drivers/STM32L4xx_HAL_Driver/Src/stm32l4xx_hal_spi.c **** /**
   2:Drivers/STM32L4xx_HAL_Driver/Src/stm32l4xx_hal_spi.c ****   ******************************************************************************
   3:Drivers/STM32L4xx_HAL_Driver/Src/stm32l4xx_hal_spi.c ****   * @file    stm32l4xx_hal_spi.c
   4:Drivers/STM32L4xx_HAL_Driver/Src/stm32l4xx_hal_spi.c ****   * @author  MCD Application Team
   5:Drivers/STM32L4xx_HAL_Driver/Src/stm32l4xx_hal_spi.c ****   * @brief   SPI HAL module driver.
   6:Drivers/STM32L4xx_HAL_Driver/Src/stm32l4xx_hal_spi.c ****   *          This file provides firmware functions to manage the following
   7:Drivers/STM32L4xx_HAL_Driver/Src/stm32l4xx_hal_spi.c ****   *          functionalities of the Serial Peripheral Interface (SPI) peripheral:
   8:Drivers/STM32L4xx_HAL_Driver/Src/stm32l4xx_hal_spi.c ****   *           + Initialization and de-initialization functions
   9:Drivers/STM32L4xx_HAL_Driver/Src/stm32l4xx_hal_spi.c ****   *           + IO operation functions
  10:Drivers/STM32L4xx_HAL_Driver/Src/stm32l4xx_hal_spi.c ****   *           + Peripheral Control functions
  11:Drivers/STM32L4xx_HAL_Driver/Src/stm32l4xx_hal_spi.c ****   *           + Peripheral State functions
  12:Drivers/STM32L4xx_HAL_Driver/Src/stm32l4xx_hal_spi.c ****   ******************************************************************************
  13:Drivers/STM32L4xx_HAL_Driver/Src/stm32l4xx_hal_spi.c ****   * @attention
  14:Drivers/STM32L4xx_HAL_Driver/Src/stm32l4xx_hal_spi.c ****   *
  15:Drivers/STM32L4xx_HAL_Driver/Src/stm32l4xx_hal_spi.c ****   * Copyright (c) 2017 STMicroelectronics.
  16:Drivers/STM32L4xx_HAL_Driver/Src/stm32l4xx_hal_spi.c ****   * All rights reserved.
  17:Drivers/STM32L4xx_HAL_Driver/Src/stm32l4xx_hal_spi.c ****   *
  18:Drivers/STM32L4xx_HAL_Driver/Src/stm32l4xx_hal_spi.c ****   * This software is licensed under terms that can be found in the LICENSE file
  19:Drivers/STM32L4xx_HAL_Driver/Src/stm32l4xx_hal_spi.c ****   * in the root directory of this software component.
  20:Drivers/STM32L4xx_HAL_Driver/Src/stm32l4xx_hal_spi.c ****   * If no LICENSE file comes with this software, it is provided AS-IS.
  21:Drivers/STM32L4xx_HAL_Driver/Src/stm32l4xx_hal_spi.c ****   *
  22:Drivers/STM32L4xx_HAL_Driver/Src/stm32l4xx_hal_spi.c ****   ******************************************************************************
  23:Drivers/STM32L4xx_HAL_Driver/Src/stm32l4xx_hal_spi.c ****   @verbatim
  24:Drivers/STM32L4xx_HAL_Driver/Src/stm32l4xx_hal_spi.c ****   ==============================================================================
  25:Drivers/STM32L4xx_HAL_Driver/Src/stm32l4xx_hal_spi.c ****                         ##### How to use this driver #####
  26:Drivers/STM32L4xx_HAL_Driver/Src/stm32l4xx_hal_spi.c ****   ==============================================================================
  27:Drivers/STM32L4xx_HAL_Driver/Src/stm32l4xx_hal_spi.c ****     [..]
  28:Drivers/STM32L4xx_HAL_Driver/Src/stm32l4xx_hal_spi.c ****       The SPI HAL driver can be used as follows:
  29:Drivers/STM32L4xx_HAL_Driver/Src/stm32l4xx_hal_spi.c **** 
  30:Drivers/STM32L4xx_HAL_Driver/Src/stm32l4xx_hal_spi.c ****       (#) Declare a SPI_HandleTypeDef handle structure, for example:
ARM GAS  /tmp/ccl8yU0j.s 			page 2


  31:Drivers/STM32L4xx_HAL_Driver/Src/stm32l4xx_hal_spi.c ****           SPI_HandleTypeDef  hspi;
  32:Drivers/STM32L4xx_HAL_Driver/Src/stm32l4xx_hal_spi.c **** 
  33:Drivers/STM32L4xx_HAL_Driver/Src/stm32l4xx_hal_spi.c ****       (#)Initialize the SPI low level resources by implementing the HAL_SPI_MspInit() API:
  34:Drivers/STM32L4xx_HAL_Driver/Src/stm32l4xx_hal_spi.c ****           (##) Enable the SPIx interface clock
  35:Drivers/STM32L4xx_HAL_Driver/Src/stm32l4xx_hal_spi.c ****           (##) SPI pins configuration
  36:Drivers/STM32L4xx_HAL_Driver/Src/stm32l4xx_hal_spi.c ****               (+++) Enable the clock for the SPI GPIOs
  37:Drivers/STM32L4xx_HAL_Driver/Src/stm32l4xx_hal_spi.c ****               (+++) Configure these SPI pins as alternate function push-pull
  38:Drivers/STM32L4xx_HAL_Driver/Src/stm32l4xx_hal_spi.c ****           (##) NVIC configuration if you need to use interrupt process
  39:Drivers/STM32L4xx_HAL_Driver/Src/stm32l4xx_hal_spi.c ****               (+++) Configure the SPIx interrupt priority
  40:Drivers/STM32L4xx_HAL_Driver/Src/stm32l4xx_hal_spi.c ****               (+++) Enable the NVIC SPI IRQ handle
  41:Drivers/STM32L4xx_HAL_Driver/Src/stm32l4xx_hal_spi.c ****           (##) DMA Configuration if you need to use DMA process
  42:Drivers/STM32L4xx_HAL_Driver/Src/stm32l4xx_hal_spi.c ****               (+++) Declare a DMA_HandleTypeDef handle structure for the transmit or receive Stream
  43:Drivers/STM32L4xx_HAL_Driver/Src/stm32l4xx_hal_spi.c ****               (+++) Enable the DMAx clock
  44:Drivers/STM32L4xx_HAL_Driver/Src/stm32l4xx_hal_spi.c ****               (+++) Configure the DMA handle parameters
  45:Drivers/STM32L4xx_HAL_Driver/Src/stm32l4xx_hal_spi.c ****               (+++) Configure the DMA Tx or Rx Stream/Channel
  46:Drivers/STM32L4xx_HAL_Driver/Src/stm32l4xx_hal_spi.c ****               (+++) Associate the initialized hdma_tx(or _rx)  handle to the hspi DMA Tx or Rx hand
  47:Drivers/STM32L4xx_HAL_Driver/Src/stm32l4xx_hal_spi.c ****               (+++) Configure the priority and enable the NVIC for the transfer complete interrupt 
  48:Drivers/STM32L4xx_HAL_Driver/Src/stm32l4xx_hal_spi.c ****                     or Rx Stream/Channel
  49:Drivers/STM32L4xx_HAL_Driver/Src/stm32l4xx_hal_spi.c **** 
  50:Drivers/STM32L4xx_HAL_Driver/Src/stm32l4xx_hal_spi.c ****       (#) Program the Mode, BidirectionalMode , Data size, Baudrate Prescaler, NSS
  51:Drivers/STM32L4xx_HAL_Driver/Src/stm32l4xx_hal_spi.c ****           management, Clock polarity and phase, FirstBit and CRC configuration in the hspi Init str
  52:Drivers/STM32L4xx_HAL_Driver/Src/stm32l4xx_hal_spi.c **** 
  53:Drivers/STM32L4xx_HAL_Driver/Src/stm32l4xx_hal_spi.c ****       (#) Initialize the SPI registers by calling the HAL_SPI_Init() API:
  54:Drivers/STM32L4xx_HAL_Driver/Src/stm32l4xx_hal_spi.c ****           (++) This API configures also the low level Hardware GPIO, CLOCK, CORTEX...etc)
  55:Drivers/STM32L4xx_HAL_Driver/Src/stm32l4xx_hal_spi.c ****               by calling the customized HAL_SPI_MspInit() API.
  56:Drivers/STM32L4xx_HAL_Driver/Src/stm32l4xx_hal_spi.c ****      [..]
  57:Drivers/STM32L4xx_HAL_Driver/Src/stm32l4xx_hal_spi.c ****        Circular mode restriction:
  58:Drivers/STM32L4xx_HAL_Driver/Src/stm32l4xx_hal_spi.c ****       (#) The DMA circular mode cannot be used when the SPI is configured in these modes:
  59:Drivers/STM32L4xx_HAL_Driver/Src/stm32l4xx_hal_spi.c ****           (##) Master 2Lines RxOnly
  60:Drivers/STM32L4xx_HAL_Driver/Src/stm32l4xx_hal_spi.c ****           (##) Master 1Line Rx
  61:Drivers/STM32L4xx_HAL_Driver/Src/stm32l4xx_hal_spi.c ****       (#) The CRC feature is not managed when the DMA circular mode is enabled
  62:Drivers/STM32L4xx_HAL_Driver/Src/stm32l4xx_hal_spi.c ****       (#) When the SPI DMA Pause/Stop features are used, we must use the following APIs
  63:Drivers/STM32L4xx_HAL_Driver/Src/stm32l4xx_hal_spi.c ****           the HAL_SPI_DMAPause()/ HAL_SPI_DMAStop() only under the SPI callbacks
  64:Drivers/STM32L4xx_HAL_Driver/Src/stm32l4xx_hal_spi.c ****      [..]
  65:Drivers/STM32L4xx_HAL_Driver/Src/stm32l4xx_hal_spi.c ****        Master Receive mode restriction:
  66:Drivers/STM32L4xx_HAL_Driver/Src/stm32l4xx_hal_spi.c ****       (#) In Master unidirectional receive-only mode (MSTR =1, BIDIMODE=0, RXONLY=1) or
  67:Drivers/STM32L4xx_HAL_Driver/Src/stm32l4xx_hal_spi.c ****           bidirectional receive mode (MSTR=1, BIDIMODE=1, BIDIOE=0), to ensure that the SPI
  68:Drivers/STM32L4xx_HAL_Driver/Src/stm32l4xx_hal_spi.c ****           does not initiate a new transfer the following procedure has to be respected:
  69:Drivers/STM32L4xx_HAL_Driver/Src/stm32l4xx_hal_spi.c ****           (##) HAL_SPI_DeInit()
  70:Drivers/STM32L4xx_HAL_Driver/Src/stm32l4xx_hal_spi.c ****           (##) HAL_SPI_Init()
  71:Drivers/STM32L4xx_HAL_Driver/Src/stm32l4xx_hal_spi.c ****      [..]
  72:Drivers/STM32L4xx_HAL_Driver/Src/stm32l4xx_hal_spi.c ****        Callback registration:
  73:Drivers/STM32L4xx_HAL_Driver/Src/stm32l4xx_hal_spi.c **** 
  74:Drivers/STM32L4xx_HAL_Driver/Src/stm32l4xx_hal_spi.c ****       (#) The compilation flag USE_HAL_SPI_REGISTER_CALLBACKS when set to 1U
  75:Drivers/STM32L4xx_HAL_Driver/Src/stm32l4xx_hal_spi.c ****           allows the user to configure dynamically the driver callbacks.
  76:Drivers/STM32L4xx_HAL_Driver/Src/stm32l4xx_hal_spi.c ****           Use Functions HAL_SPI_RegisterCallback() to register an interrupt callback.
  77:Drivers/STM32L4xx_HAL_Driver/Src/stm32l4xx_hal_spi.c **** 
  78:Drivers/STM32L4xx_HAL_Driver/Src/stm32l4xx_hal_spi.c ****           Function HAL_SPI_RegisterCallback() allows to register following callbacks:
  79:Drivers/STM32L4xx_HAL_Driver/Src/stm32l4xx_hal_spi.c ****             (++) TxCpltCallback        : SPI Tx Completed callback
  80:Drivers/STM32L4xx_HAL_Driver/Src/stm32l4xx_hal_spi.c ****             (++) RxCpltCallback        : SPI Rx Completed callback
  81:Drivers/STM32L4xx_HAL_Driver/Src/stm32l4xx_hal_spi.c ****             (++) TxRxCpltCallback      : SPI TxRx Completed callback
  82:Drivers/STM32L4xx_HAL_Driver/Src/stm32l4xx_hal_spi.c ****             (++) TxHalfCpltCallback    : SPI Tx Half Completed callback
  83:Drivers/STM32L4xx_HAL_Driver/Src/stm32l4xx_hal_spi.c ****             (++) RxHalfCpltCallback    : SPI Rx Half Completed callback
  84:Drivers/STM32L4xx_HAL_Driver/Src/stm32l4xx_hal_spi.c ****             (++) TxRxHalfCpltCallback  : SPI TxRx Half Completed callback
  85:Drivers/STM32L4xx_HAL_Driver/Src/stm32l4xx_hal_spi.c ****             (++) ErrorCallback         : SPI Error callback
  86:Drivers/STM32L4xx_HAL_Driver/Src/stm32l4xx_hal_spi.c ****             (++) AbortCpltCallback     : SPI Abort callback
  87:Drivers/STM32L4xx_HAL_Driver/Src/stm32l4xx_hal_spi.c ****             (++) MspInitCallback       : SPI Msp Init callback
ARM GAS  /tmp/ccl8yU0j.s 			page 3


  88:Drivers/STM32L4xx_HAL_Driver/Src/stm32l4xx_hal_spi.c ****             (++) MspDeInitCallback     : SPI Msp DeInit callback
  89:Drivers/STM32L4xx_HAL_Driver/Src/stm32l4xx_hal_spi.c ****           This function takes as parameters the HAL peripheral handle, the Callback ID
  90:Drivers/STM32L4xx_HAL_Driver/Src/stm32l4xx_hal_spi.c ****           and a pointer to the user callback function.
  91:Drivers/STM32L4xx_HAL_Driver/Src/stm32l4xx_hal_spi.c **** 
  92:Drivers/STM32L4xx_HAL_Driver/Src/stm32l4xx_hal_spi.c **** 
  93:Drivers/STM32L4xx_HAL_Driver/Src/stm32l4xx_hal_spi.c ****       (#) Use function HAL_SPI_UnRegisterCallback to reset a callback to the default
  94:Drivers/STM32L4xx_HAL_Driver/Src/stm32l4xx_hal_spi.c ****           weak function.
  95:Drivers/STM32L4xx_HAL_Driver/Src/stm32l4xx_hal_spi.c ****           HAL_SPI_UnRegisterCallback takes as parameters the HAL peripheral handle,
  96:Drivers/STM32L4xx_HAL_Driver/Src/stm32l4xx_hal_spi.c ****           and the Callback ID.
  97:Drivers/STM32L4xx_HAL_Driver/Src/stm32l4xx_hal_spi.c ****           This function allows to reset following callbacks:
  98:Drivers/STM32L4xx_HAL_Driver/Src/stm32l4xx_hal_spi.c ****             (++) TxCpltCallback        : SPI Tx Completed callback
  99:Drivers/STM32L4xx_HAL_Driver/Src/stm32l4xx_hal_spi.c ****             (++) RxCpltCallback        : SPI Rx Completed callback
 100:Drivers/STM32L4xx_HAL_Driver/Src/stm32l4xx_hal_spi.c ****             (++) TxRxCpltCallback      : SPI TxRx Completed callback
 101:Drivers/STM32L4xx_HAL_Driver/Src/stm32l4xx_hal_spi.c ****             (++) TxHalfCpltCallback    : SPI Tx Half Completed callback
 102:Drivers/STM32L4xx_HAL_Driver/Src/stm32l4xx_hal_spi.c ****             (++) RxHalfCpltCallback    : SPI Rx Half Completed callback
 103:Drivers/STM32L4xx_HAL_Driver/Src/stm32l4xx_hal_spi.c ****             (++) TxRxHalfCpltCallback  : SPI TxRx Half Completed callback
 104:Drivers/STM32L4xx_HAL_Driver/Src/stm32l4xx_hal_spi.c ****             (++) ErrorCallback         : SPI Error callback
 105:Drivers/STM32L4xx_HAL_Driver/Src/stm32l4xx_hal_spi.c ****             (++) AbortCpltCallback     : SPI Abort callback
 106:Drivers/STM32L4xx_HAL_Driver/Src/stm32l4xx_hal_spi.c ****             (++) MspInitCallback       : SPI Msp Init callback
 107:Drivers/STM32L4xx_HAL_Driver/Src/stm32l4xx_hal_spi.c ****             (++) MspDeInitCallback     : SPI Msp DeInit callback
 108:Drivers/STM32L4xx_HAL_Driver/Src/stm32l4xx_hal_spi.c **** 
 109:Drivers/STM32L4xx_HAL_Driver/Src/stm32l4xx_hal_spi.c ****        [..]
 110:Drivers/STM32L4xx_HAL_Driver/Src/stm32l4xx_hal_spi.c ****        By default, after the HAL_SPI_Init() and when the state is HAL_SPI_STATE_RESET
 111:Drivers/STM32L4xx_HAL_Driver/Src/stm32l4xx_hal_spi.c ****        all callbacks are set to the corresponding weak functions:
 112:Drivers/STM32L4xx_HAL_Driver/Src/stm32l4xx_hal_spi.c ****        examples HAL_SPI_MasterTxCpltCallback(), HAL_SPI_MasterRxCpltCallback().
 113:Drivers/STM32L4xx_HAL_Driver/Src/stm32l4xx_hal_spi.c ****        Exception done for MspInit and MspDeInit functions that are
 114:Drivers/STM32L4xx_HAL_Driver/Src/stm32l4xx_hal_spi.c ****        reset to the legacy weak functions in the HAL_SPI_Init()/ HAL_SPI_DeInit() only when
 115:Drivers/STM32L4xx_HAL_Driver/Src/stm32l4xx_hal_spi.c ****        these callbacks are null (not registered beforehand).
 116:Drivers/STM32L4xx_HAL_Driver/Src/stm32l4xx_hal_spi.c ****        If MspInit or MspDeInit are not null, the HAL_SPI_Init()/ HAL_SPI_DeInit()
 117:Drivers/STM32L4xx_HAL_Driver/Src/stm32l4xx_hal_spi.c ****        keep and use the user MspInit/MspDeInit callbacks (registered beforehand) whatever the state
 118:Drivers/STM32L4xx_HAL_Driver/Src/stm32l4xx_hal_spi.c **** 
 119:Drivers/STM32L4xx_HAL_Driver/Src/stm32l4xx_hal_spi.c ****        [..]
 120:Drivers/STM32L4xx_HAL_Driver/Src/stm32l4xx_hal_spi.c ****        Callbacks can be registered/unregistered in HAL_SPI_STATE_READY state only.
 121:Drivers/STM32L4xx_HAL_Driver/Src/stm32l4xx_hal_spi.c ****        Exception done MspInit/MspDeInit functions that can be registered/unregistered
 122:Drivers/STM32L4xx_HAL_Driver/Src/stm32l4xx_hal_spi.c ****        in HAL_SPI_STATE_READY or HAL_SPI_STATE_RESET state,
 123:Drivers/STM32L4xx_HAL_Driver/Src/stm32l4xx_hal_spi.c ****        thus registered (user) MspInit/DeInit callbacks can be used during the Init/DeInit.
 124:Drivers/STM32L4xx_HAL_Driver/Src/stm32l4xx_hal_spi.c ****        Then, the user first registers the MspInit/MspDeInit user callbacks
 125:Drivers/STM32L4xx_HAL_Driver/Src/stm32l4xx_hal_spi.c ****        using HAL_SPI_RegisterCallback() before calling HAL_SPI_DeInit()
 126:Drivers/STM32L4xx_HAL_Driver/Src/stm32l4xx_hal_spi.c ****        or HAL_SPI_Init() function.
 127:Drivers/STM32L4xx_HAL_Driver/Src/stm32l4xx_hal_spi.c **** 
 128:Drivers/STM32L4xx_HAL_Driver/Src/stm32l4xx_hal_spi.c ****        [..]
 129:Drivers/STM32L4xx_HAL_Driver/Src/stm32l4xx_hal_spi.c ****        When the compilation define USE_HAL_PPP_REGISTER_CALLBACKS is set to 0 or
 130:Drivers/STM32L4xx_HAL_Driver/Src/stm32l4xx_hal_spi.c ****        not defined, the callback registering feature is not available
 131:Drivers/STM32L4xx_HAL_Driver/Src/stm32l4xx_hal_spi.c ****        and weak (surcharged) callbacks are used.
 132:Drivers/STM32L4xx_HAL_Driver/Src/stm32l4xx_hal_spi.c **** 
 133:Drivers/STM32L4xx_HAL_Driver/Src/stm32l4xx_hal_spi.c ****      [..]
 134:Drivers/STM32L4xx_HAL_Driver/Src/stm32l4xx_hal_spi.c ****        Using the HAL it is not possible to reach all supported SPI frequency with the different SPI
 135:Drivers/STM32L4xx_HAL_Driver/Src/stm32l4xx_hal_spi.c ****        the following table resume the max SPI frequency reached with data size 8bits/16bits,
 136:Drivers/STM32L4xx_HAL_Driver/Src/stm32l4xx_hal_spi.c ****          according to frequency of the APBx Peripheral Clock (fPCLK) used by the SPI instance.
 137:Drivers/STM32L4xx_HAL_Driver/Src/stm32l4xx_hal_spi.c **** 
 138:Drivers/STM32L4xx_HAL_Driver/Src/stm32l4xx_hal_spi.c ****   @endverbatim
 139:Drivers/STM32L4xx_HAL_Driver/Src/stm32l4xx_hal_spi.c **** 
 140:Drivers/STM32L4xx_HAL_Driver/Src/stm32l4xx_hal_spi.c ****   Additional table :
 141:Drivers/STM32L4xx_HAL_Driver/Src/stm32l4xx_hal_spi.c **** 
 142:Drivers/STM32L4xx_HAL_Driver/Src/stm32l4xx_hal_spi.c ****        DataSize = SPI_DATASIZE_8BIT:
 143:Drivers/STM32L4xx_HAL_Driver/Src/stm32l4xx_hal_spi.c ****        +-------------------------------------------------------------------------------------------
 144:Drivers/STM32L4xx_HAL_Driver/Src/stm32l4xx_hal_spi.c ****        |         |                | 2Lines Fullduplex   |     2Lines RxOnly    |         1Line     
ARM GAS  /tmp/ccl8yU0j.s 			page 4


 145:Drivers/STM32L4xx_HAL_Driver/Src/stm32l4xx_hal_spi.c ****        | Process | Transfer mode  |---------------------|----------------------|-------------------
 146:Drivers/STM32L4xx_HAL_Driver/Src/stm32l4xx_hal_spi.c ****        |         |                |  Master  |  Slave   |  Master   |  Slave   |  Master   |  Slave
 147:Drivers/STM32L4xx_HAL_Driver/Src/stm32l4xx_hal_spi.c ****        |===========================================================================================
 148:Drivers/STM32L4xx_HAL_Driver/Src/stm32l4xx_hal_spi.c ****        |    T    |     Polling    | Fpclk/4  | Fpclk/8  |    NA     |    NA    |    NA     |   NA  
 149:Drivers/STM32L4xx_HAL_Driver/Src/stm32l4xx_hal_spi.c ****        |    X    |----------------|----------|----------|-----------|----------|-----------|-------
 150:Drivers/STM32L4xx_HAL_Driver/Src/stm32l4xx_hal_spi.c ****        |    /    |     Interrupt  | Fpclk/4  | Fpclk/16 |    NA     |    NA    |    NA     |   NA  
 151:Drivers/STM32L4xx_HAL_Driver/Src/stm32l4xx_hal_spi.c ****        |    R    |----------------|----------|----------|-----------|----------|-----------|-------
 152:Drivers/STM32L4xx_HAL_Driver/Src/stm32l4xx_hal_spi.c ****        |    X    |       DMA      | Fpclk/2  | Fpclk/2  |    NA     |    NA    |    NA     |   NA  
 153:Drivers/STM32L4xx_HAL_Driver/Src/stm32l4xx_hal_spi.c ****        |=========|================|==========|==========|===========|==========|===========|=======
 154:Drivers/STM32L4xx_HAL_Driver/Src/stm32l4xx_hal_spi.c ****        |         |     Polling    | Fpclk/4  | Fpclk/8  | Fpclk/16  | Fpclk/8  | Fpclk/8   | Fpclk/
 155:Drivers/STM32L4xx_HAL_Driver/Src/stm32l4xx_hal_spi.c ****        |         |----------------|----------|----------|-----------|----------|-----------|-------
 156:Drivers/STM32L4xx_HAL_Driver/Src/stm32l4xx_hal_spi.c ****        |    R    |     Interrupt  | Fpclk/8  | Fpclk/16 | Fpclk/8   | Fpclk/8  | Fpclk/8   | Fpclk/
 157:Drivers/STM32L4xx_HAL_Driver/Src/stm32l4xx_hal_spi.c ****        |    X    |----------------|----------|----------|-----------|----------|-----------|-------
 158:Drivers/STM32L4xx_HAL_Driver/Src/stm32l4xx_hal_spi.c ****        |         |       DMA      | Fpclk/4  | Fpclk/2  | Fpclk/2   | Fpclk/16 | Fpclk/2   | Fpclk/
 159:Drivers/STM32L4xx_HAL_Driver/Src/stm32l4xx_hal_spi.c ****        |=========|================|==========|==========|===========|==========|===========|=======
 160:Drivers/STM32L4xx_HAL_Driver/Src/stm32l4xx_hal_spi.c ****        |         |     Polling    | Fpclk/8  | Fpclk/2  |     NA    |    NA    | Fpclk/8   | Fpclk/
 161:Drivers/STM32L4xx_HAL_Driver/Src/stm32l4xx_hal_spi.c ****        |         |----------------|----------|----------|-----------|----------|-----------|-------
 162:Drivers/STM32L4xx_HAL_Driver/Src/stm32l4xx_hal_spi.c ****        |    T    |     Interrupt  | Fpclk/2  | Fpclk/4  |     NA    |    NA    | Fpclk/16  | Fpclk/
 163:Drivers/STM32L4xx_HAL_Driver/Src/stm32l4xx_hal_spi.c ****        |    X    |----------------|----------|----------|-----------|----------|-----------|-------
 164:Drivers/STM32L4xx_HAL_Driver/Src/stm32l4xx_hal_spi.c ****        |         |       DMA      | Fpclk/2  | Fpclk/2  |     NA    |    NA    | Fpclk/8   | Fpclk/
 165:Drivers/STM32L4xx_HAL_Driver/Src/stm32l4xx_hal_spi.c ****        +-------------------------------------------------------------------------------------------
 166:Drivers/STM32L4xx_HAL_Driver/Src/stm32l4xx_hal_spi.c **** 
 167:Drivers/STM32L4xx_HAL_Driver/Src/stm32l4xx_hal_spi.c ****        DataSize = SPI_DATASIZE_16BIT:
 168:Drivers/STM32L4xx_HAL_Driver/Src/stm32l4xx_hal_spi.c ****        +-------------------------------------------------------------------------------------------
 169:Drivers/STM32L4xx_HAL_Driver/Src/stm32l4xx_hal_spi.c ****        |         |                | 2Lines Fullduplex   |     2Lines RxOnly    |         1Line     
 170:Drivers/STM32L4xx_HAL_Driver/Src/stm32l4xx_hal_spi.c ****        | Process | Transfer mode  |---------------------|----------------------|-------------------
 171:Drivers/STM32L4xx_HAL_Driver/Src/stm32l4xx_hal_spi.c ****        |         |                |  Master  |  Slave   |  Master   |  Slave   |  Master   |  Slave
 172:Drivers/STM32L4xx_HAL_Driver/Src/stm32l4xx_hal_spi.c ****        |===========================================================================================
 173:Drivers/STM32L4xx_HAL_Driver/Src/stm32l4xx_hal_spi.c ****        |    T    |     Polling    | Fpclk/4  | Fpclk/8  |    NA     |    NA    |    NA     |   NA  
 174:Drivers/STM32L4xx_HAL_Driver/Src/stm32l4xx_hal_spi.c ****        |    X    |----------------|----------|----------|-----------|----------|-----------|-------
 175:Drivers/STM32L4xx_HAL_Driver/Src/stm32l4xx_hal_spi.c ****        |    /    |     Interrupt  | Fpclk/4  | Fpclk/16 |    NA     |    NA    |    NA     |   NA  
 176:Drivers/STM32L4xx_HAL_Driver/Src/stm32l4xx_hal_spi.c ****        |    R    |----------------|----------|----------|-----------|----------|-----------|-------
 177:Drivers/STM32L4xx_HAL_Driver/Src/stm32l4xx_hal_spi.c ****        |    X    |       DMA      | Fpclk/2  | Fpclk/2  |    NA     |    NA    |    NA     |   NA  
 178:Drivers/STM32L4xx_HAL_Driver/Src/stm32l4xx_hal_spi.c ****        |=========|================|==========|==========|===========|==========|===========|=======
 179:Drivers/STM32L4xx_HAL_Driver/Src/stm32l4xx_hal_spi.c ****        |         |     Polling    | Fpclk/4  | Fpclk/8  | Fpclk/16  | Fpclk/8  | Fpclk/8   | Fpclk/
 180:Drivers/STM32L4xx_HAL_Driver/Src/stm32l4xx_hal_spi.c ****        |         |----------------|----------|----------|-----------|----------|-----------|-------
 181:Drivers/STM32L4xx_HAL_Driver/Src/stm32l4xx_hal_spi.c ****        |    R    |     Interrupt  | Fpclk/8  | Fpclk/16 | Fpclk/8   | Fpclk/8  | Fpclk/8   | Fpclk/
 182:Drivers/STM32L4xx_HAL_Driver/Src/stm32l4xx_hal_spi.c ****        |    X    |----------------|----------|----------|-----------|----------|-----------|-------
 183:Drivers/STM32L4xx_HAL_Driver/Src/stm32l4xx_hal_spi.c ****        |         |       DMA      | Fpclk/4  | Fpclk/2  | Fpclk/2   | Fpclk/16 | Fpclk/2   | Fpclk/
 184:Drivers/STM32L4xx_HAL_Driver/Src/stm32l4xx_hal_spi.c ****        |=========|================|==========|==========|===========|==========|===========|=======
 185:Drivers/STM32L4xx_HAL_Driver/Src/stm32l4xx_hal_spi.c ****        |         |     Polling    | Fpclk/8  | Fpclk/2  |     NA    |    NA    | Fpclk/8   | Fpclk/
 186:Drivers/STM32L4xx_HAL_Driver/Src/stm32l4xx_hal_spi.c ****        |         |----------------|----------|----------|-----------|----------|-----------|-------
 187:Drivers/STM32L4xx_HAL_Driver/Src/stm32l4xx_hal_spi.c ****        |    T    |     Interrupt  | Fpclk/2  | Fpclk/4  |     NA    |    NA    | Fpclk/16  | Fpclk/
 188:Drivers/STM32L4xx_HAL_Driver/Src/stm32l4xx_hal_spi.c ****        |    X    |----------------|----------|----------|-----------|----------|-----------|-------
 189:Drivers/STM32L4xx_HAL_Driver/Src/stm32l4xx_hal_spi.c ****        |         |       DMA      | Fpclk/2  | Fpclk/2  |     NA    |    NA    | Fpclk/8   | Fpclk/
 190:Drivers/STM32L4xx_HAL_Driver/Src/stm32l4xx_hal_spi.c ****        +-------------------------------------------------------------------------------------------
 191:Drivers/STM32L4xx_HAL_Driver/Src/stm32l4xx_hal_spi.c ****        @note The max SPI frequency depend on SPI data size (4bits, 5bits,..., 8bits,...15bits, 16bi
 192:Drivers/STM32L4xx_HAL_Driver/Src/stm32l4xx_hal_spi.c ****              SPI mode(2 Lines fullduplex, 2 lines RxOnly, 1 line TX/RX) and Process mode (Polling, 
 193:Drivers/STM32L4xx_HAL_Driver/Src/stm32l4xx_hal_spi.c ****        @note
 194:Drivers/STM32L4xx_HAL_Driver/Src/stm32l4xx_hal_spi.c ****             (#) TX/RX processes are HAL_SPI_TransmitReceive(), HAL_SPI_TransmitReceive_IT() and
 195:Drivers/STM32L4xx_HAL_Driver/Src/stm32l4xx_hal_spi.c ****                 HAL_SPI_TransmitReceive_DMA()
 196:Drivers/STM32L4xx_HAL_Driver/Src/stm32l4xx_hal_spi.c ****             (#) RX processes are HAL_SPI_Receive(), HAL_SPI_Receive_IT() and HAL_SPI_Receive_DMA()
 197:Drivers/STM32L4xx_HAL_Driver/Src/stm32l4xx_hal_spi.c ****             (#) TX processes are HAL_SPI_Transmit(), HAL_SPI_Transmit_IT() and HAL_SPI_Transmit_DMA
 198:Drivers/STM32L4xx_HAL_Driver/Src/stm32l4xx_hal_spi.c **** 
 199:Drivers/STM32L4xx_HAL_Driver/Src/stm32l4xx_hal_spi.c ****   */
 200:Drivers/STM32L4xx_HAL_Driver/Src/stm32l4xx_hal_spi.c **** 
 201:Drivers/STM32L4xx_HAL_Driver/Src/stm32l4xx_hal_spi.c **** /* Includes ------------------------------------------------------------------*/
ARM GAS  /tmp/ccl8yU0j.s 			page 5


 202:Drivers/STM32L4xx_HAL_Driver/Src/stm32l4xx_hal_spi.c **** #include "stm32l4xx_hal.h"
 203:Drivers/STM32L4xx_HAL_Driver/Src/stm32l4xx_hal_spi.c **** 
 204:Drivers/STM32L4xx_HAL_Driver/Src/stm32l4xx_hal_spi.c **** /** @addtogroup STM32L4xx_HAL_Driver
 205:Drivers/STM32L4xx_HAL_Driver/Src/stm32l4xx_hal_spi.c ****   * @{
 206:Drivers/STM32L4xx_HAL_Driver/Src/stm32l4xx_hal_spi.c ****   */
 207:Drivers/STM32L4xx_HAL_Driver/Src/stm32l4xx_hal_spi.c **** 
 208:Drivers/STM32L4xx_HAL_Driver/Src/stm32l4xx_hal_spi.c **** /** @defgroup SPI SPI
 209:Drivers/STM32L4xx_HAL_Driver/Src/stm32l4xx_hal_spi.c ****   * @brief SPI HAL module driver
 210:Drivers/STM32L4xx_HAL_Driver/Src/stm32l4xx_hal_spi.c ****   * @{
 211:Drivers/STM32L4xx_HAL_Driver/Src/stm32l4xx_hal_spi.c ****   */
 212:Drivers/STM32L4xx_HAL_Driver/Src/stm32l4xx_hal_spi.c **** #ifdef HAL_SPI_MODULE_ENABLED
 213:Drivers/STM32L4xx_HAL_Driver/Src/stm32l4xx_hal_spi.c **** 
 214:Drivers/STM32L4xx_HAL_Driver/Src/stm32l4xx_hal_spi.c **** /* Private typedef -----------------------------------------------------------*/
 215:Drivers/STM32L4xx_HAL_Driver/Src/stm32l4xx_hal_spi.c **** /* Private defines -----------------------------------------------------------*/
 216:Drivers/STM32L4xx_HAL_Driver/Src/stm32l4xx_hal_spi.c **** /** @defgroup SPI_Private_Constants SPI Private Constants
 217:Drivers/STM32L4xx_HAL_Driver/Src/stm32l4xx_hal_spi.c ****   * @{
 218:Drivers/STM32L4xx_HAL_Driver/Src/stm32l4xx_hal_spi.c ****   */
 219:Drivers/STM32L4xx_HAL_Driver/Src/stm32l4xx_hal_spi.c **** #define SPI_DEFAULT_TIMEOUT 100U
 220:Drivers/STM32L4xx_HAL_Driver/Src/stm32l4xx_hal_spi.c **** /**
 221:Drivers/STM32L4xx_HAL_Driver/Src/stm32l4xx_hal_spi.c ****   * @}
 222:Drivers/STM32L4xx_HAL_Driver/Src/stm32l4xx_hal_spi.c ****   */
 223:Drivers/STM32L4xx_HAL_Driver/Src/stm32l4xx_hal_spi.c **** 
 224:Drivers/STM32L4xx_HAL_Driver/Src/stm32l4xx_hal_spi.c **** /* Private macros ------------------------------------------------------------*/
 225:Drivers/STM32L4xx_HAL_Driver/Src/stm32l4xx_hal_spi.c **** /* Private variables ---------------------------------------------------------*/
 226:Drivers/STM32L4xx_HAL_Driver/Src/stm32l4xx_hal_spi.c **** /* Private function prototypes -----------------------------------------------*/
 227:Drivers/STM32L4xx_HAL_Driver/Src/stm32l4xx_hal_spi.c **** /** @defgroup SPI_Private_Functions SPI Private Functions
 228:Drivers/STM32L4xx_HAL_Driver/Src/stm32l4xx_hal_spi.c ****   * @{
 229:Drivers/STM32L4xx_HAL_Driver/Src/stm32l4xx_hal_spi.c ****   */
 230:Drivers/STM32L4xx_HAL_Driver/Src/stm32l4xx_hal_spi.c **** static void SPI_DMATransmitCplt(DMA_HandleTypeDef *hdma);
 231:Drivers/STM32L4xx_HAL_Driver/Src/stm32l4xx_hal_spi.c **** static void SPI_DMAReceiveCplt(DMA_HandleTypeDef *hdma);
 232:Drivers/STM32L4xx_HAL_Driver/Src/stm32l4xx_hal_spi.c **** static void SPI_DMATransmitReceiveCplt(DMA_HandleTypeDef *hdma);
 233:Drivers/STM32L4xx_HAL_Driver/Src/stm32l4xx_hal_spi.c **** static void SPI_DMAHalfTransmitCplt(DMA_HandleTypeDef *hdma);
 234:Drivers/STM32L4xx_HAL_Driver/Src/stm32l4xx_hal_spi.c **** static void SPI_DMAHalfReceiveCplt(DMA_HandleTypeDef *hdma);
 235:Drivers/STM32L4xx_HAL_Driver/Src/stm32l4xx_hal_spi.c **** static void SPI_DMAHalfTransmitReceiveCplt(DMA_HandleTypeDef *hdma);
 236:Drivers/STM32L4xx_HAL_Driver/Src/stm32l4xx_hal_spi.c **** static void SPI_DMAError(DMA_HandleTypeDef *hdma);
 237:Drivers/STM32L4xx_HAL_Driver/Src/stm32l4xx_hal_spi.c **** static void SPI_DMAAbortOnError(DMA_HandleTypeDef *hdma);
 238:Drivers/STM32L4xx_HAL_Driver/Src/stm32l4xx_hal_spi.c **** static void SPI_DMATxAbortCallback(DMA_HandleTypeDef *hdma);
 239:Drivers/STM32L4xx_HAL_Driver/Src/stm32l4xx_hal_spi.c **** static void SPI_DMARxAbortCallback(DMA_HandleTypeDef *hdma);
 240:Drivers/STM32L4xx_HAL_Driver/Src/stm32l4xx_hal_spi.c **** static HAL_StatusTypeDef SPI_WaitFlagStateUntilTimeout(SPI_HandleTypeDef *hspi, uint32_t Flag, Flag
 241:Drivers/STM32L4xx_HAL_Driver/Src/stm32l4xx_hal_spi.c ****                                                        uint32_t Timeout, uint32_t Tickstart);
 242:Drivers/STM32L4xx_HAL_Driver/Src/stm32l4xx_hal_spi.c **** static HAL_StatusTypeDef SPI_WaitFifoStateUntilTimeout(SPI_HandleTypeDef *hspi, uint32_t Fifo, uint
 243:Drivers/STM32L4xx_HAL_Driver/Src/stm32l4xx_hal_spi.c ****                                                        uint32_t Timeout, uint32_t Tickstart);
 244:Drivers/STM32L4xx_HAL_Driver/Src/stm32l4xx_hal_spi.c **** static void SPI_TxISR_8BIT(struct __SPI_HandleTypeDef *hspi);
 245:Drivers/STM32L4xx_HAL_Driver/Src/stm32l4xx_hal_spi.c **** static void SPI_TxISR_16BIT(struct __SPI_HandleTypeDef *hspi);
 246:Drivers/STM32L4xx_HAL_Driver/Src/stm32l4xx_hal_spi.c **** static void SPI_RxISR_8BIT(struct __SPI_HandleTypeDef *hspi);
 247:Drivers/STM32L4xx_HAL_Driver/Src/stm32l4xx_hal_spi.c **** static void SPI_RxISR_16BIT(struct __SPI_HandleTypeDef *hspi);
 248:Drivers/STM32L4xx_HAL_Driver/Src/stm32l4xx_hal_spi.c **** static void SPI_2linesRxISR_8BIT(struct __SPI_HandleTypeDef *hspi);
 249:Drivers/STM32L4xx_HAL_Driver/Src/stm32l4xx_hal_spi.c **** static void SPI_2linesTxISR_8BIT(struct __SPI_HandleTypeDef *hspi);
 250:Drivers/STM32L4xx_HAL_Driver/Src/stm32l4xx_hal_spi.c **** static void SPI_2linesTxISR_16BIT(struct __SPI_HandleTypeDef *hspi);
 251:Drivers/STM32L4xx_HAL_Driver/Src/stm32l4xx_hal_spi.c **** static void SPI_2linesRxISR_16BIT(struct __SPI_HandleTypeDef *hspi);
 252:Drivers/STM32L4xx_HAL_Driver/Src/stm32l4xx_hal_spi.c **** #if (USE_SPI_CRC != 0U)
 253:Drivers/STM32L4xx_HAL_Driver/Src/stm32l4xx_hal_spi.c **** static void SPI_RxISR_8BITCRC(struct __SPI_HandleTypeDef *hspi);
 254:Drivers/STM32L4xx_HAL_Driver/Src/stm32l4xx_hal_spi.c **** static void SPI_RxISR_16BITCRC(struct __SPI_HandleTypeDef *hspi);
 255:Drivers/STM32L4xx_HAL_Driver/Src/stm32l4xx_hal_spi.c **** static void SPI_2linesRxISR_8BITCRC(struct __SPI_HandleTypeDef *hspi);
 256:Drivers/STM32L4xx_HAL_Driver/Src/stm32l4xx_hal_spi.c **** static void SPI_2linesRxISR_16BITCRC(struct __SPI_HandleTypeDef *hspi);
 257:Drivers/STM32L4xx_HAL_Driver/Src/stm32l4xx_hal_spi.c **** #endif /* USE_SPI_CRC */
 258:Drivers/STM32L4xx_HAL_Driver/Src/stm32l4xx_hal_spi.c **** static void SPI_AbortRx_ISR(SPI_HandleTypeDef *hspi);
ARM GAS  /tmp/ccl8yU0j.s 			page 6


 259:Drivers/STM32L4xx_HAL_Driver/Src/stm32l4xx_hal_spi.c **** static void SPI_AbortTx_ISR(SPI_HandleTypeDef *hspi);
 260:Drivers/STM32L4xx_HAL_Driver/Src/stm32l4xx_hal_spi.c **** static void SPI_CloseRxTx_ISR(SPI_HandleTypeDef *hspi);
 261:Drivers/STM32L4xx_HAL_Driver/Src/stm32l4xx_hal_spi.c **** static void SPI_CloseRx_ISR(SPI_HandleTypeDef *hspi);
 262:Drivers/STM32L4xx_HAL_Driver/Src/stm32l4xx_hal_spi.c **** static void SPI_CloseTx_ISR(SPI_HandleTypeDef *hspi);
 263:Drivers/STM32L4xx_HAL_Driver/Src/stm32l4xx_hal_spi.c **** static HAL_StatusTypeDef SPI_EndRxTransaction(SPI_HandleTypeDef *hspi, uint32_t Timeout, uint32_t T
 264:Drivers/STM32L4xx_HAL_Driver/Src/stm32l4xx_hal_spi.c **** static HAL_StatusTypeDef SPI_EndRxTxTransaction(SPI_HandleTypeDef *hspi, uint32_t Timeout, uint32_t
 265:Drivers/STM32L4xx_HAL_Driver/Src/stm32l4xx_hal_spi.c **** /**
 266:Drivers/STM32L4xx_HAL_Driver/Src/stm32l4xx_hal_spi.c ****   * @}
 267:Drivers/STM32L4xx_HAL_Driver/Src/stm32l4xx_hal_spi.c ****   */
 268:Drivers/STM32L4xx_HAL_Driver/Src/stm32l4xx_hal_spi.c **** 
 269:Drivers/STM32L4xx_HAL_Driver/Src/stm32l4xx_hal_spi.c **** /* Exported functions --------------------------------------------------------*/
 270:Drivers/STM32L4xx_HAL_Driver/Src/stm32l4xx_hal_spi.c **** /** @defgroup SPI_Exported_Functions SPI Exported Functions
 271:Drivers/STM32L4xx_HAL_Driver/Src/stm32l4xx_hal_spi.c ****   * @{
 272:Drivers/STM32L4xx_HAL_Driver/Src/stm32l4xx_hal_spi.c ****   */
 273:Drivers/STM32L4xx_HAL_Driver/Src/stm32l4xx_hal_spi.c **** 
 274:Drivers/STM32L4xx_HAL_Driver/Src/stm32l4xx_hal_spi.c **** /** @defgroup SPI_Exported_Functions_Group1 Initialization and de-initialization functions
 275:Drivers/STM32L4xx_HAL_Driver/Src/stm32l4xx_hal_spi.c ****   *  @brief    Initialization and Configuration functions
 276:Drivers/STM32L4xx_HAL_Driver/Src/stm32l4xx_hal_spi.c ****   *
 277:Drivers/STM32L4xx_HAL_Driver/Src/stm32l4xx_hal_spi.c **** @verbatim
 278:Drivers/STM32L4xx_HAL_Driver/Src/stm32l4xx_hal_spi.c ****  ===============================================================================
 279:Drivers/STM32L4xx_HAL_Driver/Src/stm32l4xx_hal_spi.c ****               ##### Initialization and de-initialization functions #####
 280:Drivers/STM32L4xx_HAL_Driver/Src/stm32l4xx_hal_spi.c ****  ===============================================================================
 281:Drivers/STM32L4xx_HAL_Driver/Src/stm32l4xx_hal_spi.c ****     [..]  This subsection provides a set of functions allowing to initialize and
 282:Drivers/STM32L4xx_HAL_Driver/Src/stm32l4xx_hal_spi.c ****           de-initialize the SPIx peripheral:
 283:Drivers/STM32L4xx_HAL_Driver/Src/stm32l4xx_hal_spi.c **** 
 284:Drivers/STM32L4xx_HAL_Driver/Src/stm32l4xx_hal_spi.c ****       (+) User must implement HAL_SPI_MspInit() function in which he configures
 285:Drivers/STM32L4xx_HAL_Driver/Src/stm32l4xx_hal_spi.c ****           all related peripherals resources (CLOCK, GPIO, DMA, IT and NVIC ).
 286:Drivers/STM32L4xx_HAL_Driver/Src/stm32l4xx_hal_spi.c **** 
 287:Drivers/STM32L4xx_HAL_Driver/Src/stm32l4xx_hal_spi.c ****       (+) Call the function HAL_SPI_Init() to configure the selected device with
 288:Drivers/STM32L4xx_HAL_Driver/Src/stm32l4xx_hal_spi.c ****           the selected configuration:
 289:Drivers/STM32L4xx_HAL_Driver/Src/stm32l4xx_hal_spi.c ****         (++) Mode
 290:Drivers/STM32L4xx_HAL_Driver/Src/stm32l4xx_hal_spi.c ****         (++) Direction
 291:Drivers/STM32L4xx_HAL_Driver/Src/stm32l4xx_hal_spi.c ****         (++) Data Size
 292:Drivers/STM32L4xx_HAL_Driver/Src/stm32l4xx_hal_spi.c ****         (++) Clock Polarity and Phase
 293:Drivers/STM32L4xx_HAL_Driver/Src/stm32l4xx_hal_spi.c ****         (++) NSS Management
 294:Drivers/STM32L4xx_HAL_Driver/Src/stm32l4xx_hal_spi.c ****         (++) BaudRate Prescaler
 295:Drivers/STM32L4xx_HAL_Driver/Src/stm32l4xx_hal_spi.c ****         (++) FirstBit
 296:Drivers/STM32L4xx_HAL_Driver/Src/stm32l4xx_hal_spi.c ****         (++) TIMode
 297:Drivers/STM32L4xx_HAL_Driver/Src/stm32l4xx_hal_spi.c ****         (++) CRC Calculation
 298:Drivers/STM32L4xx_HAL_Driver/Src/stm32l4xx_hal_spi.c ****         (++) CRC Polynomial if CRC enabled
 299:Drivers/STM32L4xx_HAL_Driver/Src/stm32l4xx_hal_spi.c ****         (++) CRC Length, used only with Data8 and Data16
 300:Drivers/STM32L4xx_HAL_Driver/Src/stm32l4xx_hal_spi.c ****         (++) FIFO reception threshold
 301:Drivers/STM32L4xx_HAL_Driver/Src/stm32l4xx_hal_spi.c **** 
 302:Drivers/STM32L4xx_HAL_Driver/Src/stm32l4xx_hal_spi.c ****       (+) Call the function HAL_SPI_DeInit() to restore the default configuration
 303:Drivers/STM32L4xx_HAL_Driver/Src/stm32l4xx_hal_spi.c ****           of the selected SPIx peripheral.
 304:Drivers/STM32L4xx_HAL_Driver/Src/stm32l4xx_hal_spi.c **** 
 305:Drivers/STM32L4xx_HAL_Driver/Src/stm32l4xx_hal_spi.c **** @endverbatim
 306:Drivers/STM32L4xx_HAL_Driver/Src/stm32l4xx_hal_spi.c ****   * @{
 307:Drivers/STM32L4xx_HAL_Driver/Src/stm32l4xx_hal_spi.c ****   */
 308:Drivers/STM32L4xx_HAL_Driver/Src/stm32l4xx_hal_spi.c **** 
 309:Drivers/STM32L4xx_HAL_Driver/Src/stm32l4xx_hal_spi.c **** /**
 310:Drivers/STM32L4xx_HAL_Driver/Src/stm32l4xx_hal_spi.c ****   * @brief  Initialize the SPI according to the specified parameters
 311:Drivers/STM32L4xx_HAL_Driver/Src/stm32l4xx_hal_spi.c ****   *         in the SPI_InitTypeDef and initialize the associated handle.
 312:Drivers/STM32L4xx_HAL_Driver/Src/stm32l4xx_hal_spi.c ****   * @param  hspi pointer to a SPI_HandleTypeDef structure that contains
 313:Drivers/STM32L4xx_HAL_Driver/Src/stm32l4xx_hal_spi.c ****   *               the configuration information for SPI module.
 314:Drivers/STM32L4xx_HAL_Driver/Src/stm32l4xx_hal_spi.c ****   * @retval HAL status
 315:Drivers/STM32L4xx_HAL_Driver/Src/stm32l4xx_hal_spi.c ****   */
ARM GAS  /tmp/ccl8yU0j.s 			page 7


 316:Drivers/STM32L4xx_HAL_Driver/Src/stm32l4xx_hal_spi.c **** HAL_StatusTypeDef HAL_SPI_Init(SPI_HandleTypeDef *hspi)
 317:Drivers/STM32L4xx_HAL_Driver/Src/stm32l4xx_hal_spi.c **** {
 318:Drivers/STM32L4xx_HAL_Driver/Src/stm32l4xx_hal_spi.c ****   uint32_t frxth;
 319:Drivers/STM32L4xx_HAL_Driver/Src/stm32l4xx_hal_spi.c **** 
 320:Drivers/STM32L4xx_HAL_Driver/Src/stm32l4xx_hal_spi.c ****   /* Check the SPI handle allocation */
 321:Drivers/STM32L4xx_HAL_Driver/Src/stm32l4xx_hal_spi.c ****   if (hspi == NULL)
 322:Drivers/STM32L4xx_HAL_Driver/Src/stm32l4xx_hal_spi.c ****   {
 323:Drivers/STM32L4xx_HAL_Driver/Src/stm32l4xx_hal_spi.c ****     return HAL_ERROR;
 324:Drivers/STM32L4xx_HAL_Driver/Src/stm32l4xx_hal_spi.c ****   }
 325:Drivers/STM32L4xx_HAL_Driver/Src/stm32l4xx_hal_spi.c **** 
 326:Drivers/STM32L4xx_HAL_Driver/Src/stm32l4xx_hal_spi.c ****   /* Check the parameters */
 327:Drivers/STM32L4xx_HAL_Driver/Src/stm32l4xx_hal_spi.c ****   assert_param(IS_SPI_ALL_INSTANCE(hspi->Instance));
 328:Drivers/STM32L4xx_HAL_Driver/Src/stm32l4xx_hal_spi.c ****   assert_param(IS_SPI_MODE(hspi->Init.Mode));
 329:Drivers/STM32L4xx_HAL_Driver/Src/stm32l4xx_hal_spi.c ****   assert_param(IS_SPI_DIRECTION(hspi->Init.Direction));
 330:Drivers/STM32L4xx_HAL_Driver/Src/stm32l4xx_hal_spi.c ****   assert_param(IS_SPI_DATASIZE(hspi->Init.DataSize));
 331:Drivers/STM32L4xx_HAL_Driver/Src/stm32l4xx_hal_spi.c ****   assert_param(IS_SPI_NSS(hspi->Init.NSS));
 332:Drivers/STM32L4xx_HAL_Driver/Src/stm32l4xx_hal_spi.c ****   assert_param(IS_SPI_NSSP(hspi->Init.NSSPMode));
 333:Drivers/STM32L4xx_HAL_Driver/Src/stm32l4xx_hal_spi.c ****   assert_param(IS_SPI_BAUDRATE_PRESCALER(hspi->Init.BaudRatePrescaler));
 334:Drivers/STM32L4xx_HAL_Driver/Src/stm32l4xx_hal_spi.c ****   assert_param(IS_SPI_FIRST_BIT(hspi->Init.FirstBit));
 335:Drivers/STM32L4xx_HAL_Driver/Src/stm32l4xx_hal_spi.c ****   assert_param(IS_SPI_TIMODE(hspi->Init.TIMode));
 336:Drivers/STM32L4xx_HAL_Driver/Src/stm32l4xx_hal_spi.c ****   if (hspi->Init.TIMode == SPI_TIMODE_DISABLE)
 337:Drivers/STM32L4xx_HAL_Driver/Src/stm32l4xx_hal_spi.c ****   {
 338:Drivers/STM32L4xx_HAL_Driver/Src/stm32l4xx_hal_spi.c ****     assert_param(IS_SPI_CPOL(hspi->Init.CLKPolarity));
 339:Drivers/STM32L4xx_HAL_Driver/Src/stm32l4xx_hal_spi.c ****     assert_param(IS_SPI_CPHA(hspi->Init.CLKPhase));
 340:Drivers/STM32L4xx_HAL_Driver/Src/stm32l4xx_hal_spi.c **** 
 341:Drivers/STM32L4xx_HAL_Driver/Src/stm32l4xx_hal_spi.c ****     if (hspi->Init.Mode == SPI_MODE_MASTER)
 342:Drivers/STM32L4xx_HAL_Driver/Src/stm32l4xx_hal_spi.c ****     {
 343:Drivers/STM32L4xx_HAL_Driver/Src/stm32l4xx_hal_spi.c ****       assert_param(IS_SPI_BAUDRATE_PRESCALER(hspi->Init.BaudRatePrescaler));
 344:Drivers/STM32L4xx_HAL_Driver/Src/stm32l4xx_hal_spi.c ****     }
 345:Drivers/STM32L4xx_HAL_Driver/Src/stm32l4xx_hal_spi.c ****     else
 346:Drivers/STM32L4xx_HAL_Driver/Src/stm32l4xx_hal_spi.c ****     {
 347:Drivers/STM32L4xx_HAL_Driver/Src/stm32l4xx_hal_spi.c ****       /* Baudrate prescaler not use in Motoraola Slave mode. force to default value */
 348:Drivers/STM32L4xx_HAL_Driver/Src/stm32l4xx_hal_spi.c ****       hspi->Init.BaudRatePrescaler = SPI_BAUDRATEPRESCALER_2;
 349:Drivers/STM32L4xx_HAL_Driver/Src/stm32l4xx_hal_spi.c ****     }
 350:Drivers/STM32L4xx_HAL_Driver/Src/stm32l4xx_hal_spi.c ****   }
 351:Drivers/STM32L4xx_HAL_Driver/Src/stm32l4xx_hal_spi.c ****   else
 352:Drivers/STM32L4xx_HAL_Driver/Src/stm32l4xx_hal_spi.c ****   {
 353:Drivers/STM32L4xx_HAL_Driver/Src/stm32l4xx_hal_spi.c ****     assert_param(IS_SPI_BAUDRATE_PRESCALER(hspi->Init.BaudRatePrescaler));
 354:Drivers/STM32L4xx_HAL_Driver/Src/stm32l4xx_hal_spi.c **** 
 355:Drivers/STM32L4xx_HAL_Driver/Src/stm32l4xx_hal_spi.c ****     /* Force polarity and phase to TI protocaol requirements */
 356:Drivers/STM32L4xx_HAL_Driver/Src/stm32l4xx_hal_spi.c ****     hspi->Init.CLKPolarity = SPI_POLARITY_LOW;
 357:Drivers/STM32L4xx_HAL_Driver/Src/stm32l4xx_hal_spi.c ****     hspi->Init.CLKPhase    = SPI_PHASE_1EDGE;
 358:Drivers/STM32L4xx_HAL_Driver/Src/stm32l4xx_hal_spi.c ****   }
 359:Drivers/STM32L4xx_HAL_Driver/Src/stm32l4xx_hal_spi.c **** #if (USE_SPI_CRC != 0U)
 360:Drivers/STM32L4xx_HAL_Driver/Src/stm32l4xx_hal_spi.c ****   assert_param(IS_SPI_CRC_CALCULATION(hspi->Init.CRCCalculation));
 361:Drivers/STM32L4xx_HAL_Driver/Src/stm32l4xx_hal_spi.c ****   if (hspi->Init.CRCCalculation == SPI_CRCCALCULATION_ENABLE)
 362:Drivers/STM32L4xx_HAL_Driver/Src/stm32l4xx_hal_spi.c ****   {
 363:Drivers/STM32L4xx_HAL_Driver/Src/stm32l4xx_hal_spi.c ****     assert_param(IS_SPI_CRC_POLYNOMIAL(hspi->Init.CRCPolynomial));
 364:Drivers/STM32L4xx_HAL_Driver/Src/stm32l4xx_hal_spi.c ****     assert_param(IS_SPI_CRC_LENGTH(hspi->Init.CRCLength));
 365:Drivers/STM32L4xx_HAL_Driver/Src/stm32l4xx_hal_spi.c ****   }
 366:Drivers/STM32L4xx_HAL_Driver/Src/stm32l4xx_hal_spi.c **** #else
 367:Drivers/STM32L4xx_HAL_Driver/Src/stm32l4xx_hal_spi.c ****   hspi->Init.CRCCalculation = SPI_CRCCALCULATION_DISABLE;
 368:Drivers/STM32L4xx_HAL_Driver/Src/stm32l4xx_hal_spi.c **** #endif /* USE_SPI_CRC */
 369:Drivers/STM32L4xx_HAL_Driver/Src/stm32l4xx_hal_spi.c **** 
 370:Drivers/STM32L4xx_HAL_Driver/Src/stm32l4xx_hal_spi.c ****   if (hspi->State == HAL_SPI_STATE_RESET)
 371:Drivers/STM32L4xx_HAL_Driver/Src/stm32l4xx_hal_spi.c ****   {
 372:Drivers/STM32L4xx_HAL_Driver/Src/stm32l4xx_hal_spi.c ****     /* Allocate lock resource and initialize it */
ARM GAS  /tmp/ccl8yU0j.s 			page 8


 373:Drivers/STM32L4xx_HAL_Driver/Src/stm32l4xx_hal_spi.c ****     hspi->Lock = HAL_UNLOCKED;
 374:Drivers/STM32L4xx_HAL_Driver/Src/stm32l4xx_hal_spi.c **** 
 375:Drivers/STM32L4xx_HAL_Driver/Src/stm32l4xx_hal_spi.c **** #if (USE_HAL_SPI_REGISTER_CALLBACKS == 1U)
 376:Drivers/STM32L4xx_HAL_Driver/Src/stm32l4xx_hal_spi.c ****     /* Init the SPI Callback settings */
 377:Drivers/STM32L4xx_HAL_Driver/Src/stm32l4xx_hal_spi.c ****     hspi->TxCpltCallback       = HAL_SPI_TxCpltCallback;       /* Legacy weak TxCpltCallback       
 378:Drivers/STM32L4xx_HAL_Driver/Src/stm32l4xx_hal_spi.c ****     hspi->RxCpltCallback       = HAL_SPI_RxCpltCallback;       /* Legacy weak RxCpltCallback       
 379:Drivers/STM32L4xx_HAL_Driver/Src/stm32l4xx_hal_spi.c ****     hspi->TxRxCpltCallback     = HAL_SPI_TxRxCpltCallback;     /* Legacy weak TxRxCpltCallback     
 380:Drivers/STM32L4xx_HAL_Driver/Src/stm32l4xx_hal_spi.c ****     hspi->TxHalfCpltCallback   = HAL_SPI_TxHalfCpltCallback;   /* Legacy weak TxHalfCpltCallback   
 381:Drivers/STM32L4xx_HAL_Driver/Src/stm32l4xx_hal_spi.c ****     hspi->RxHalfCpltCallback   = HAL_SPI_RxHalfCpltCallback;   /* Legacy weak RxHalfCpltCallback   
 382:Drivers/STM32L4xx_HAL_Driver/Src/stm32l4xx_hal_spi.c ****     hspi->TxRxHalfCpltCallback = HAL_SPI_TxRxHalfCpltCallback; /* Legacy weak TxRxHalfCpltCallback 
 383:Drivers/STM32L4xx_HAL_Driver/Src/stm32l4xx_hal_spi.c ****     hspi->ErrorCallback        = HAL_SPI_ErrorCallback;        /* Legacy weak ErrorCallback        
 384:Drivers/STM32L4xx_HAL_Driver/Src/stm32l4xx_hal_spi.c ****     hspi->AbortCpltCallback    = HAL_SPI_AbortCpltCallback;    /* Legacy weak AbortCpltCallback    
 385:Drivers/STM32L4xx_HAL_Driver/Src/stm32l4xx_hal_spi.c **** 
 386:Drivers/STM32L4xx_HAL_Driver/Src/stm32l4xx_hal_spi.c ****     if (hspi->MspInitCallback == NULL)
 387:Drivers/STM32L4xx_HAL_Driver/Src/stm32l4xx_hal_spi.c ****     {
 388:Drivers/STM32L4xx_HAL_Driver/Src/stm32l4xx_hal_spi.c ****       hspi->MspInitCallback = HAL_SPI_MspInit; /* Legacy weak MspInit  */
 389:Drivers/STM32L4xx_HAL_Driver/Src/stm32l4xx_hal_spi.c ****     }
 390:Drivers/STM32L4xx_HAL_Driver/Src/stm32l4xx_hal_spi.c **** 
 391:Drivers/STM32L4xx_HAL_Driver/Src/stm32l4xx_hal_spi.c ****     /* Init the low level hardware : GPIO, CLOCK, NVIC... */
 392:Drivers/STM32L4xx_HAL_Driver/Src/stm32l4xx_hal_spi.c ****     hspi->MspInitCallback(hspi);
 393:Drivers/STM32L4xx_HAL_Driver/Src/stm32l4xx_hal_spi.c **** #else
 394:Drivers/STM32L4xx_HAL_Driver/Src/stm32l4xx_hal_spi.c ****     /* Init the low level hardware : GPIO, CLOCK, NVIC... */
 395:Drivers/STM32L4xx_HAL_Driver/Src/stm32l4xx_hal_spi.c ****     HAL_SPI_MspInit(hspi);
 396:Drivers/STM32L4xx_HAL_Driver/Src/stm32l4xx_hal_spi.c **** #endif /* USE_HAL_SPI_REGISTER_CALLBACKS */
 397:Drivers/STM32L4xx_HAL_Driver/Src/stm32l4xx_hal_spi.c ****   }
 398:Drivers/STM32L4xx_HAL_Driver/Src/stm32l4xx_hal_spi.c **** 
 399:Drivers/STM32L4xx_HAL_Driver/Src/stm32l4xx_hal_spi.c ****   hspi->State = HAL_SPI_STATE_BUSY;
 400:Drivers/STM32L4xx_HAL_Driver/Src/stm32l4xx_hal_spi.c **** 
 401:Drivers/STM32L4xx_HAL_Driver/Src/stm32l4xx_hal_spi.c ****   /* Disable the selected SPI peripheral */
 402:Drivers/STM32L4xx_HAL_Driver/Src/stm32l4xx_hal_spi.c ****   __HAL_SPI_DISABLE(hspi);
 403:Drivers/STM32L4xx_HAL_Driver/Src/stm32l4xx_hal_spi.c **** 
 404:Drivers/STM32L4xx_HAL_Driver/Src/stm32l4xx_hal_spi.c ****   /* Align by default the rs fifo threshold on the data size */
 405:Drivers/STM32L4xx_HAL_Driver/Src/stm32l4xx_hal_spi.c ****   if (hspi->Init.DataSize > SPI_DATASIZE_8BIT)
 406:Drivers/STM32L4xx_HAL_Driver/Src/stm32l4xx_hal_spi.c ****   {
 407:Drivers/STM32L4xx_HAL_Driver/Src/stm32l4xx_hal_spi.c ****     frxth = SPI_RXFIFO_THRESHOLD_HF;
 408:Drivers/STM32L4xx_HAL_Driver/Src/stm32l4xx_hal_spi.c ****   }
 409:Drivers/STM32L4xx_HAL_Driver/Src/stm32l4xx_hal_spi.c ****   else
 410:Drivers/STM32L4xx_HAL_Driver/Src/stm32l4xx_hal_spi.c ****   {
 411:Drivers/STM32L4xx_HAL_Driver/Src/stm32l4xx_hal_spi.c ****     frxth = SPI_RXFIFO_THRESHOLD_QF;
 412:Drivers/STM32L4xx_HAL_Driver/Src/stm32l4xx_hal_spi.c ****   }
 413:Drivers/STM32L4xx_HAL_Driver/Src/stm32l4xx_hal_spi.c **** 
 414:Drivers/STM32L4xx_HAL_Driver/Src/stm32l4xx_hal_spi.c ****   /* CRC calculation is valid only for 16Bit and 8 Bit */
 415:Drivers/STM32L4xx_HAL_Driver/Src/stm32l4xx_hal_spi.c ****   if ((hspi->Init.DataSize != SPI_DATASIZE_16BIT) && (hspi->Init.DataSize != SPI_DATASIZE_8BIT))
 416:Drivers/STM32L4xx_HAL_Driver/Src/stm32l4xx_hal_spi.c ****   {
 417:Drivers/STM32L4xx_HAL_Driver/Src/stm32l4xx_hal_spi.c ****     /* CRC must be disabled */
 418:Drivers/STM32L4xx_HAL_Driver/Src/stm32l4xx_hal_spi.c ****     hspi->Init.CRCCalculation = SPI_CRCCALCULATION_DISABLE;
 419:Drivers/STM32L4xx_HAL_Driver/Src/stm32l4xx_hal_spi.c ****   }
 420:Drivers/STM32L4xx_HAL_Driver/Src/stm32l4xx_hal_spi.c **** 
 421:Drivers/STM32L4xx_HAL_Driver/Src/stm32l4xx_hal_spi.c ****   /*----------------------- SPIx CR1 & CR2 Configuration ---------------------*/
 422:Drivers/STM32L4xx_HAL_Driver/Src/stm32l4xx_hal_spi.c ****   /* Configure : SPI Mode, Communication Mode, Clock polarity and phase, NSS management,
 423:Drivers/STM32L4xx_HAL_Driver/Src/stm32l4xx_hal_spi.c ****   Communication speed, First bit and CRC calculation state */
 424:Drivers/STM32L4xx_HAL_Driver/Src/stm32l4xx_hal_spi.c ****   WRITE_REG(hspi->Instance->CR1, ((hspi->Init.Mode & (SPI_CR1_MSTR | SPI_CR1_SSI)) |
 425:Drivers/STM32L4xx_HAL_Driver/Src/stm32l4xx_hal_spi.c ****                                   (hspi->Init.Direction & (SPI_CR1_RXONLY | SPI_CR1_BIDIMODE)) |
 426:Drivers/STM32L4xx_HAL_Driver/Src/stm32l4xx_hal_spi.c ****                                   (hspi->Init.CLKPolarity & SPI_CR1_CPOL) |
 427:Drivers/STM32L4xx_HAL_Driver/Src/stm32l4xx_hal_spi.c ****                                   (hspi->Init.CLKPhase & SPI_CR1_CPHA) |
 428:Drivers/STM32L4xx_HAL_Driver/Src/stm32l4xx_hal_spi.c ****                                   (hspi->Init.NSS & SPI_CR1_SSM) |
 429:Drivers/STM32L4xx_HAL_Driver/Src/stm32l4xx_hal_spi.c ****                                   (hspi->Init.BaudRatePrescaler & SPI_CR1_BR_Msk) |
ARM GAS  /tmp/ccl8yU0j.s 			page 9


 430:Drivers/STM32L4xx_HAL_Driver/Src/stm32l4xx_hal_spi.c ****                                   (hspi->Init.FirstBit  & SPI_CR1_LSBFIRST) |
 431:Drivers/STM32L4xx_HAL_Driver/Src/stm32l4xx_hal_spi.c ****                                   (hspi->Init.CRCCalculation & SPI_CR1_CRCEN)));
 432:Drivers/STM32L4xx_HAL_Driver/Src/stm32l4xx_hal_spi.c **** #if (USE_SPI_CRC != 0U)
 433:Drivers/STM32L4xx_HAL_Driver/Src/stm32l4xx_hal_spi.c ****   /*---------------------------- SPIx CRCL Configuration -------------------*/
 434:Drivers/STM32L4xx_HAL_Driver/Src/stm32l4xx_hal_spi.c ****   if (hspi->Init.CRCCalculation == SPI_CRCCALCULATION_ENABLE)
 435:Drivers/STM32L4xx_HAL_Driver/Src/stm32l4xx_hal_spi.c ****   {
 436:Drivers/STM32L4xx_HAL_Driver/Src/stm32l4xx_hal_spi.c ****     /* Align the CRC Length on the data size */
 437:Drivers/STM32L4xx_HAL_Driver/Src/stm32l4xx_hal_spi.c ****     if (hspi->Init.CRCLength == SPI_CRC_LENGTH_DATASIZE)
 438:Drivers/STM32L4xx_HAL_Driver/Src/stm32l4xx_hal_spi.c ****     {
 439:Drivers/STM32L4xx_HAL_Driver/Src/stm32l4xx_hal_spi.c ****       /* CRC Length aligned on the data size : value set by default */
 440:Drivers/STM32L4xx_HAL_Driver/Src/stm32l4xx_hal_spi.c ****       if (hspi->Init.DataSize > SPI_DATASIZE_8BIT)
 441:Drivers/STM32L4xx_HAL_Driver/Src/stm32l4xx_hal_spi.c ****       {
 442:Drivers/STM32L4xx_HAL_Driver/Src/stm32l4xx_hal_spi.c ****         hspi->Init.CRCLength = SPI_CRC_LENGTH_16BIT;
 443:Drivers/STM32L4xx_HAL_Driver/Src/stm32l4xx_hal_spi.c ****       }
 444:Drivers/STM32L4xx_HAL_Driver/Src/stm32l4xx_hal_spi.c ****       else
 445:Drivers/STM32L4xx_HAL_Driver/Src/stm32l4xx_hal_spi.c ****       {
 446:Drivers/STM32L4xx_HAL_Driver/Src/stm32l4xx_hal_spi.c ****         hspi->Init.CRCLength = SPI_CRC_LENGTH_8BIT;
 447:Drivers/STM32L4xx_HAL_Driver/Src/stm32l4xx_hal_spi.c ****       }
 448:Drivers/STM32L4xx_HAL_Driver/Src/stm32l4xx_hal_spi.c ****     }
 449:Drivers/STM32L4xx_HAL_Driver/Src/stm32l4xx_hal_spi.c **** 
 450:Drivers/STM32L4xx_HAL_Driver/Src/stm32l4xx_hal_spi.c ****     /* Configure : CRC Length */
 451:Drivers/STM32L4xx_HAL_Driver/Src/stm32l4xx_hal_spi.c ****     if (hspi->Init.CRCLength == SPI_CRC_LENGTH_16BIT)
 452:Drivers/STM32L4xx_HAL_Driver/Src/stm32l4xx_hal_spi.c ****     {
 453:Drivers/STM32L4xx_HAL_Driver/Src/stm32l4xx_hal_spi.c ****       SET_BIT(hspi->Instance->CR1, SPI_CR1_CRCL);
 454:Drivers/STM32L4xx_HAL_Driver/Src/stm32l4xx_hal_spi.c ****     }
 455:Drivers/STM32L4xx_HAL_Driver/Src/stm32l4xx_hal_spi.c ****   }
 456:Drivers/STM32L4xx_HAL_Driver/Src/stm32l4xx_hal_spi.c **** #endif /* USE_SPI_CRC */
 457:Drivers/STM32L4xx_HAL_Driver/Src/stm32l4xx_hal_spi.c **** 
 458:Drivers/STM32L4xx_HAL_Driver/Src/stm32l4xx_hal_spi.c ****   /* Configure : NSS management, TI Mode, NSS Pulse, Data size and Rx Fifo threshold */
 459:Drivers/STM32L4xx_HAL_Driver/Src/stm32l4xx_hal_spi.c ****   WRITE_REG(hspi->Instance->CR2, (((hspi->Init.NSS >> 16U) & SPI_CR2_SSOE) |
 460:Drivers/STM32L4xx_HAL_Driver/Src/stm32l4xx_hal_spi.c ****                                   (hspi->Init.TIMode & SPI_CR2_FRF) |
 461:Drivers/STM32L4xx_HAL_Driver/Src/stm32l4xx_hal_spi.c ****                                   (hspi->Init.NSSPMode & SPI_CR2_NSSP) |
 462:Drivers/STM32L4xx_HAL_Driver/Src/stm32l4xx_hal_spi.c ****                                   (hspi->Init.DataSize & SPI_CR2_DS_Msk) |
 463:Drivers/STM32L4xx_HAL_Driver/Src/stm32l4xx_hal_spi.c ****                                   (frxth & SPI_CR2_FRXTH)));
 464:Drivers/STM32L4xx_HAL_Driver/Src/stm32l4xx_hal_spi.c **** 
 465:Drivers/STM32L4xx_HAL_Driver/Src/stm32l4xx_hal_spi.c **** #if (USE_SPI_CRC != 0U)
 466:Drivers/STM32L4xx_HAL_Driver/Src/stm32l4xx_hal_spi.c ****   /*---------------------------- SPIx CRCPOLY Configuration ------------------*/
 467:Drivers/STM32L4xx_HAL_Driver/Src/stm32l4xx_hal_spi.c ****   /* Configure : CRC Polynomial */
 468:Drivers/STM32L4xx_HAL_Driver/Src/stm32l4xx_hal_spi.c ****   if (hspi->Init.CRCCalculation == SPI_CRCCALCULATION_ENABLE)
 469:Drivers/STM32L4xx_HAL_Driver/Src/stm32l4xx_hal_spi.c ****   {
 470:Drivers/STM32L4xx_HAL_Driver/Src/stm32l4xx_hal_spi.c ****     WRITE_REG(hspi->Instance->CRCPR, (hspi->Init.CRCPolynomial & SPI_CRCPR_CRCPOLY_Msk));
 471:Drivers/STM32L4xx_HAL_Driver/Src/stm32l4xx_hal_spi.c ****   }
 472:Drivers/STM32L4xx_HAL_Driver/Src/stm32l4xx_hal_spi.c **** #endif /* USE_SPI_CRC */
 473:Drivers/STM32L4xx_HAL_Driver/Src/stm32l4xx_hal_spi.c **** 
 474:Drivers/STM32L4xx_HAL_Driver/Src/stm32l4xx_hal_spi.c **** #if defined(SPI_I2SCFGR_I2SMOD)
 475:Drivers/STM32L4xx_HAL_Driver/Src/stm32l4xx_hal_spi.c ****   /* Activate the SPI mode (Make sure that I2SMOD bit in I2SCFGR register is reset) */
 476:Drivers/STM32L4xx_HAL_Driver/Src/stm32l4xx_hal_spi.c ****   CLEAR_BIT(hspi->Instance->I2SCFGR, SPI_I2SCFGR_I2SMOD);
 477:Drivers/STM32L4xx_HAL_Driver/Src/stm32l4xx_hal_spi.c **** #endif /* SPI_I2SCFGR_I2SMOD */
 478:Drivers/STM32L4xx_HAL_Driver/Src/stm32l4xx_hal_spi.c **** 
 479:Drivers/STM32L4xx_HAL_Driver/Src/stm32l4xx_hal_spi.c ****   hspi->ErrorCode = HAL_SPI_ERROR_NONE;
 480:Drivers/STM32L4xx_HAL_Driver/Src/stm32l4xx_hal_spi.c ****   hspi->State     = HAL_SPI_STATE_READY;
 481:Drivers/STM32L4xx_HAL_Driver/Src/stm32l4xx_hal_spi.c **** 
 482:Drivers/STM32L4xx_HAL_Driver/Src/stm32l4xx_hal_spi.c ****   return HAL_OK;
 483:Drivers/STM32L4xx_HAL_Driver/Src/stm32l4xx_hal_spi.c **** }
 484:Drivers/STM32L4xx_HAL_Driver/Src/stm32l4xx_hal_spi.c **** 
 485:Drivers/STM32L4xx_HAL_Driver/Src/stm32l4xx_hal_spi.c **** /**
 486:Drivers/STM32L4xx_HAL_Driver/Src/stm32l4xx_hal_spi.c ****   * @brief  De-Initialize the SPI peripheral.
ARM GAS  /tmp/ccl8yU0j.s 			page 10


 487:Drivers/STM32L4xx_HAL_Driver/Src/stm32l4xx_hal_spi.c ****   * @param  hspi pointer to a SPI_HandleTypeDef structure that contains
 488:Drivers/STM32L4xx_HAL_Driver/Src/stm32l4xx_hal_spi.c ****   *               the configuration information for SPI module.
 489:Drivers/STM32L4xx_HAL_Driver/Src/stm32l4xx_hal_spi.c ****   * @retval HAL status
 490:Drivers/STM32L4xx_HAL_Driver/Src/stm32l4xx_hal_spi.c ****   */
 491:Drivers/STM32L4xx_HAL_Driver/Src/stm32l4xx_hal_spi.c **** HAL_StatusTypeDef HAL_SPI_DeInit(SPI_HandleTypeDef *hspi)
 492:Drivers/STM32L4xx_HAL_Driver/Src/stm32l4xx_hal_spi.c **** {
 493:Drivers/STM32L4xx_HAL_Driver/Src/stm32l4xx_hal_spi.c ****   /* Check the SPI handle allocation */
 494:Drivers/STM32L4xx_HAL_Driver/Src/stm32l4xx_hal_spi.c ****   if (hspi == NULL)
 495:Drivers/STM32L4xx_HAL_Driver/Src/stm32l4xx_hal_spi.c ****   {
 496:Drivers/STM32L4xx_HAL_Driver/Src/stm32l4xx_hal_spi.c ****     return HAL_ERROR;
 497:Drivers/STM32L4xx_HAL_Driver/Src/stm32l4xx_hal_spi.c ****   }
 498:Drivers/STM32L4xx_HAL_Driver/Src/stm32l4xx_hal_spi.c **** 
 499:Drivers/STM32L4xx_HAL_Driver/Src/stm32l4xx_hal_spi.c ****   /* Check SPI Instance parameter */
 500:Drivers/STM32L4xx_HAL_Driver/Src/stm32l4xx_hal_spi.c ****   assert_param(IS_SPI_ALL_INSTANCE(hspi->Instance));
 501:Drivers/STM32L4xx_HAL_Driver/Src/stm32l4xx_hal_spi.c **** 
 502:Drivers/STM32L4xx_HAL_Driver/Src/stm32l4xx_hal_spi.c ****   hspi->State = HAL_SPI_STATE_BUSY;
 503:Drivers/STM32L4xx_HAL_Driver/Src/stm32l4xx_hal_spi.c **** 
 504:Drivers/STM32L4xx_HAL_Driver/Src/stm32l4xx_hal_spi.c ****   /* Disable the SPI Peripheral Clock */
 505:Drivers/STM32L4xx_HAL_Driver/Src/stm32l4xx_hal_spi.c ****   __HAL_SPI_DISABLE(hspi);
 506:Drivers/STM32L4xx_HAL_Driver/Src/stm32l4xx_hal_spi.c **** 
 507:Drivers/STM32L4xx_HAL_Driver/Src/stm32l4xx_hal_spi.c **** #if (USE_HAL_SPI_REGISTER_CALLBACKS == 1U)
 508:Drivers/STM32L4xx_HAL_Driver/Src/stm32l4xx_hal_spi.c ****   if (hspi->MspDeInitCallback == NULL)
 509:Drivers/STM32L4xx_HAL_Driver/Src/stm32l4xx_hal_spi.c ****   {
 510:Drivers/STM32L4xx_HAL_Driver/Src/stm32l4xx_hal_spi.c ****     hspi->MspDeInitCallback = HAL_SPI_MspDeInit; /* Legacy weak MspDeInit  */
 511:Drivers/STM32L4xx_HAL_Driver/Src/stm32l4xx_hal_spi.c ****   }
 512:Drivers/STM32L4xx_HAL_Driver/Src/stm32l4xx_hal_spi.c **** 
 513:Drivers/STM32L4xx_HAL_Driver/Src/stm32l4xx_hal_spi.c ****   /* DeInit the low level hardware: GPIO, CLOCK, NVIC... */
 514:Drivers/STM32L4xx_HAL_Driver/Src/stm32l4xx_hal_spi.c ****   hspi->MspDeInitCallback(hspi);
 515:Drivers/STM32L4xx_HAL_Driver/Src/stm32l4xx_hal_spi.c **** #else
 516:Drivers/STM32L4xx_HAL_Driver/Src/stm32l4xx_hal_spi.c ****   /* DeInit the low level hardware: GPIO, CLOCK, NVIC... */
 517:Drivers/STM32L4xx_HAL_Driver/Src/stm32l4xx_hal_spi.c ****   HAL_SPI_MspDeInit(hspi);
 518:Drivers/STM32L4xx_HAL_Driver/Src/stm32l4xx_hal_spi.c **** #endif /* USE_HAL_SPI_REGISTER_CALLBACKS */
 519:Drivers/STM32L4xx_HAL_Driver/Src/stm32l4xx_hal_spi.c **** 
 520:Drivers/STM32L4xx_HAL_Driver/Src/stm32l4xx_hal_spi.c ****   hspi->ErrorCode = HAL_SPI_ERROR_NONE;
 521:Drivers/STM32L4xx_HAL_Driver/Src/stm32l4xx_hal_spi.c ****   hspi->State = HAL_SPI_STATE_RESET;
 522:Drivers/STM32L4xx_HAL_Driver/Src/stm32l4xx_hal_spi.c **** 
 523:Drivers/STM32L4xx_HAL_Driver/Src/stm32l4xx_hal_spi.c ****   /* Release Lock */
 524:Drivers/STM32L4xx_HAL_Driver/Src/stm32l4xx_hal_spi.c ****   __HAL_UNLOCK(hspi);
 525:Drivers/STM32L4xx_HAL_Driver/Src/stm32l4xx_hal_spi.c **** 
 526:Drivers/STM32L4xx_HAL_Driver/Src/stm32l4xx_hal_spi.c ****   return HAL_OK;
 527:Drivers/STM32L4xx_HAL_Driver/Src/stm32l4xx_hal_spi.c **** }
 528:Drivers/STM32L4xx_HAL_Driver/Src/stm32l4xx_hal_spi.c **** 
 529:Drivers/STM32L4xx_HAL_Driver/Src/stm32l4xx_hal_spi.c **** /**
 530:Drivers/STM32L4xx_HAL_Driver/Src/stm32l4xx_hal_spi.c ****   * @brief  Initialize the SPI MSP.
 531:Drivers/STM32L4xx_HAL_Driver/Src/stm32l4xx_hal_spi.c ****   * @param  hspi pointer to a SPI_HandleTypeDef structure that contains
 532:Drivers/STM32L4xx_HAL_Driver/Src/stm32l4xx_hal_spi.c ****   *               the configuration information for SPI module.
 533:Drivers/STM32L4xx_HAL_Driver/Src/stm32l4xx_hal_spi.c ****   * @retval None
 534:Drivers/STM32L4xx_HAL_Driver/Src/stm32l4xx_hal_spi.c ****   */
 535:Drivers/STM32L4xx_HAL_Driver/Src/stm32l4xx_hal_spi.c **** __weak void HAL_SPI_MspInit(SPI_HandleTypeDef *hspi)
 536:Drivers/STM32L4xx_HAL_Driver/Src/stm32l4xx_hal_spi.c **** {
 537:Drivers/STM32L4xx_HAL_Driver/Src/stm32l4xx_hal_spi.c ****   /* Prevent unused argument(s) compilation warning */
 538:Drivers/STM32L4xx_HAL_Driver/Src/stm32l4xx_hal_spi.c ****   UNUSED(hspi);
 539:Drivers/STM32L4xx_HAL_Driver/Src/stm32l4xx_hal_spi.c **** 
 540:Drivers/STM32L4xx_HAL_Driver/Src/stm32l4xx_hal_spi.c ****   /* NOTE : This function should not be modified, when the callback is needed,
 541:Drivers/STM32L4xx_HAL_Driver/Src/stm32l4xx_hal_spi.c ****             the HAL_SPI_MspInit should be implemented in the user file
 542:Drivers/STM32L4xx_HAL_Driver/Src/stm32l4xx_hal_spi.c ****    */
 543:Drivers/STM32L4xx_HAL_Driver/Src/stm32l4xx_hal_spi.c **** }
ARM GAS  /tmp/ccl8yU0j.s 			page 11


 544:Drivers/STM32L4xx_HAL_Driver/Src/stm32l4xx_hal_spi.c **** 
 545:Drivers/STM32L4xx_HAL_Driver/Src/stm32l4xx_hal_spi.c **** /**
 546:Drivers/STM32L4xx_HAL_Driver/Src/stm32l4xx_hal_spi.c ****   * @brief  De-Initialize the SPI MSP.
 547:Drivers/STM32L4xx_HAL_Driver/Src/stm32l4xx_hal_spi.c ****   * @param  hspi pointer to a SPI_HandleTypeDef structure that contains
 548:Drivers/STM32L4xx_HAL_Driver/Src/stm32l4xx_hal_spi.c ****   *               the configuration information for SPI module.
 549:Drivers/STM32L4xx_HAL_Driver/Src/stm32l4xx_hal_spi.c ****   * @retval None
 550:Drivers/STM32L4xx_HAL_Driver/Src/stm32l4xx_hal_spi.c ****   */
 551:Drivers/STM32L4xx_HAL_Driver/Src/stm32l4xx_hal_spi.c **** __weak void HAL_SPI_MspDeInit(SPI_HandleTypeDef *hspi)
 552:Drivers/STM32L4xx_HAL_Driver/Src/stm32l4xx_hal_spi.c **** {
 553:Drivers/STM32L4xx_HAL_Driver/Src/stm32l4xx_hal_spi.c ****   /* Prevent unused argument(s) compilation warning */
 554:Drivers/STM32L4xx_HAL_Driver/Src/stm32l4xx_hal_spi.c ****   UNUSED(hspi);
 555:Drivers/STM32L4xx_HAL_Driver/Src/stm32l4xx_hal_spi.c **** 
 556:Drivers/STM32L4xx_HAL_Driver/Src/stm32l4xx_hal_spi.c ****   /* NOTE : This function should not be modified, when the callback is needed,
 557:Drivers/STM32L4xx_HAL_Driver/Src/stm32l4xx_hal_spi.c ****             the HAL_SPI_MspDeInit should be implemented in the user file
 558:Drivers/STM32L4xx_HAL_Driver/Src/stm32l4xx_hal_spi.c ****    */
 559:Drivers/STM32L4xx_HAL_Driver/Src/stm32l4xx_hal_spi.c **** }
 560:Drivers/STM32L4xx_HAL_Driver/Src/stm32l4xx_hal_spi.c **** 
 561:Drivers/STM32L4xx_HAL_Driver/Src/stm32l4xx_hal_spi.c **** #if (USE_HAL_SPI_REGISTER_CALLBACKS == 1U)
 562:Drivers/STM32L4xx_HAL_Driver/Src/stm32l4xx_hal_spi.c **** /**
 563:Drivers/STM32L4xx_HAL_Driver/Src/stm32l4xx_hal_spi.c ****   * @brief  Register a User SPI Callback
 564:Drivers/STM32L4xx_HAL_Driver/Src/stm32l4xx_hal_spi.c ****   *         To be used instead of the weak predefined callback
 565:Drivers/STM32L4xx_HAL_Driver/Src/stm32l4xx_hal_spi.c ****   * @param  hspi Pointer to a SPI_HandleTypeDef structure that contains
 566:Drivers/STM32L4xx_HAL_Driver/Src/stm32l4xx_hal_spi.c ****   *                the configuration information for the specified SPI.
 567:Drivers/STM32L4xx_HAL_Driver/Src/stm32l4xx_hal_spi.c ****   * @param  CallbackID ID of the callback to be registered
 568:Drivers/STM32L4xx_HAL_Driver/Src/stm32l4xx_hal_spi.c ****   * @param  pCallback pointer to the Callback function
 569:Drivers/STM32L4xx_HAL_Driver/Src/stm32l4xx_hal_spi.c ****   * @retval HAL status
 570:Drivers/STM32L4xx_HAL_Driver/Src/stm32l4xx_hal_spi.c ****   */
 571:Drivers/STM32L4xx_HAL_Driver/Src/stm32l4xx_hal_spi.c **** HAL_StatusTypeDef HAL_SPI_RegisterCallback(SPI_HandleTypeDef *hspi, HAL_SPI_CallbackIDTypeDef Callb
 572:Drivers/STM32L4xx_HAL_Driver/Src/stm32l4xx_hal_spi.c ****                                            pSPI_CallbackTypeDef pCallback)
 573:Drivers/STM32L4xx_HAL_Driver/Src/stm32l4xx_hal_spi.c **** {
 574:Drivers/STM32L4xx_HAL_Driver/Src/stm32l4xx_hal_spi.c ****   HAL_StatusTypeDef status = HAL_OK;
 575:Drivers/STM32L4xx_HAL_Driver/Src/stm32l4xx_hal_spi.c **** 
 576:Drivers/STM32L4xx_HAL_Driver/Src/stm32l4xx_hal_spi.c ****   if (pCallback == NULL)
 577:Drivers/STM32L4xx_HAL_Driver/Src/stm32l4xx_hal_spi.c ****   {
 578:Drivers/STM32L4xx_HAL_Driver/Src/stm32l4xx_hal_spi.c ****     /* Update the error code */
 579:Drivers/STM32L4xx_HAL_Driver/Src/stm32l4xx_hal_spi.c ****     hspi->ErrorCode |= HAL_SPI_ERROR_INVALID_CALLBACK;
 580:Drivers/STM32L4xx_HAL_Driver/Src/stm32l4xx_hal_spi.c **** 
 581:Drivers/STM32L4xx_HAL_Driver/Src/stm32l4xx_hal_spi.c ****     return HAL_ERROR;
 582:Drivers/STM32L4xx_HAL_Driver/Src/stm32l4xx_hal_spi.c ****   }
 583:Drivers/STM32L4xx_HAL_Driver/Src/stm32l4xx_hal_spi.c ****   /* Process locked */
 584:Drivers/STM32L4xx_HAL_Driver/Src/stm32l4xx_hal_spi.c ****   __HAL_LOCK(hspi);
 585:Drivers/STM32L4xx_HAL_Driver/Src/stm32l4xx_hal_spi.c **** 
 586:Drivers/STM32L4xx_HAL_Driver/Src/stm32l4xx_hal_spi.c ****   if (HAL_SPI_STATE_READY == hspi->State)
 587:Drivers/STM32L4xx_HAL_Driver/Src/stm32l4xx_hal_spi.c ****   {
 588:Drivers/STM32L4xx_HAL_Driver/Src/stm32l4xx_hal_spi.c ****     switch (CallbackID)
 589:Drivers/STM32L4xx_HAL_Driver/Src/stm32l4xx_hal_spi.c ****     {
 590:Drivers/STM32L4xx_HAL_Driver/Src/stm32l4xx_hal_spi.c ****       case HAL_SPI_TX_COMPLETE_CB_ID :
 591:Drivers/STM32L4xx_HAL_Driver/Src/stm32l4xx_hal_spi.c ****         hspi->TxCpltCallback = pCallback;
 592:Drivers/STM32L4xx_HAL_Driver/Src/stm32l4xx_hal_spi.c ****         break;
 593:Drivers/STM32L4xx_HAL_Driver/Src/stm32l4xx_hal_spi.c **** 
 594:Drivers/STM32L4xx_HAL_Driver/Src/stm32l4xx_hal_spi.c ****       case HAL_SPI_RX_COMPLETE_CB_ID :
 595:Drivers/STM32L4xx_HAL_Driver/Src/stm32l4xx_hal_spi.c ****         hspi->RxCpltCallback = pCallback;
 596:Drivers/STM32L4xx_HAL_Driver/Src/stm32l4xx_hal_spi.c ****         break;
 597:Drivers/STM32L4xx_HAL_Driver/Src/stm32l4xx_hal_spi.c **** 
 598:Drivers/STM32L4xx_HAL_Driver/Src/stm32l4xx_hal_spi.c ****       case HAL_SPI_TX_RX_COMPLETE_CB_ID :
 599:Drivers/STM32L4xx_HAL_Driver/Src/stm32l4xx_hal_spi.c ****         hspi->TxRxCpltCallback = pCallback;
 600:Drivers/STM32L4xx_HAL_Driver/Src/stm32l4xx_hal_spi.c ****         break;
ARM GAS  /tmp/ccl8yU0j.s 			page 12


 601:Drivers/STM32L4xx_HAL_Driver/Src/stm32l4xx_hal_spi.c **** 
 602:Drivers/STM32L4xx_HAL_Driver/Src/stm32l4xx_hal_spi.c ****       case HAL_SPI_TX_HALF_COMPLETE_CB_ID :
 603:Drivers/STM32L4xx_HAL_Driver/Src/stm32l4xx_hal_spi.c ****         hspi->TxHalfCpltCallback = pCallback;
 604:Drivers/STM32L4xx_HAL_Driver/Src/stm32l4xx_hal_spi.c ****         break;
 605:Drivers/STM32L4xx_HAL_Driver/Src/stm32l4xx_hal_spi.c **** 
 606:Drivers/STM32L4xx_HAL_Driver/Src/stm32l4xx_hal_spi.c ****       case HAL_SPI_RX_HALF_COMPLETE_CB_ID :
 607:Drivers/STM32L4xx_HAL_Driver/Src/stm32l4xx_hal_spi.c ****         hspi->RxHalfCpltCallback = pCallback;
 608:Drivers/STM32L4xx_HAL_Driver/Src/stm32l4xx_hal_spi.c ****         break;
 609:Drivers/STM32L4xx_HAL_Driver/Src/stm32l4xx_hal_spi.c **** 
 610:Drivers/STM32L4xx_HAL_Driver/Src/stm32l4xx_hal_spi.c ****       case HAL_SPI_TX_RX_HALF_COMPLETE_CB_ID :
 611:Drivers/STM32L4xx_HAL_Driver/Src/stm32l4xx_hal_spi.c ****         hspi->TxRxHalfCpltCallback = pCallback;
 612:Drivers/STM32L4xx_HAL_Driver/Src/stm32l4xx_hal_spi.c ****         break;
 613:Drivers/STM32L4xx_HAL_Driver/Src/stm32l4xx_hal_spi.c **** 
 614:Drivers/STM32L4xx_HAL_Driver/Src/stm32l4xx_hal_spi.c ****       case HAL_SPI_ERROR_CB_ID :
 615:Drivers/STM32L4xx_HAL_Driver/Src/stm32l4xx_hal_spi.c ****         hspi->ErrorCallback = pCallback;
 616:Drivers/STM32L4xx_HAL_Driver/Src/stm32l4xx_hal_spi.c ****         break;
 617:Drivers/STM32L4xx_HAL_Driver/Src/stm32l4xx_hal_spi.c **** 
 618:Drivers/STM32L4xx_HAL_Driver/Src/stm32l4xx_hal_spi.c ****       case HAL_SPI_ABORT_CB_ID :
 619:Drivers/STM32L4xx_HAL_Driver/Src/stm32l4xx_hal_spi.c ****         hspi->AbortCpltCallback = pCallback;
 620:Drivers/STM32L4xx_HAL_Driver/Src/stm32l4xx_hal_spi.c ****         break;
 621:Drivers/STM32L4xx_HAL_Driver/Src/stm32l4xx_hal_spi.c **** 
 622:Drivers/STM32L4xx_HAL_Driver/Src/stm32l4xx_hal_spi.c ****       case HAL_SPI_MSPINIT_CB_ID :
 623:Drivers/STM32L4xx_HAL_Driver/Src/stm32l4xx_hal_spi.c ****         hspi->MspInitCallback = pCallback;
 624:Drivers/STM32L4xx_HAL_Driver/Src/stm32l4xx_hal_spi.c ****         break;
 625:Drivers/STM32L4xx_HAL_Driver/Src/stm32l4xx_hal_spi.c **** 
 626:Drivers/STM32L4xx_HAL_Driver/Src/stm32l4xx_hal_spi.c ****       case HAL_SPI_MSPDEINIT_CB_ID :
 627:Drivers/STM32L4xx_HAL_Driver/Src/stm32l4xx_hal_spi.c ****         hspi->MspDeInitCallback = pCallback;
 628:Drivers/STM32L4xx_HAL_Driver/Src/stm32l4xx_hal_spi.c ****         break;
 629:Drivers/STM32L4xx_HAL_Driver/Src/stm32l4xx_hal_spi.c **** 
 630:Drivers/STM32L4xx_HAL_Driver/Src/stm32l4xx_hal_spi.c ****       default :
 631:Drivers/STM32L4xx_HAL_Driver/Src/stm32l4xx_hal_spi.c ****         /* Update the error code */
 632:Drivers/STM32L4xx_HAL_Driver/Src/stm32l4xx_hal_spi.c ****         SET_BIT(hspi->ErrorCode, HAL_SPI_ERROR_INVALID_CALLBACK);
 633:Drivers/STM32L4xx_HAL_Driver/Src/stm32l4xx_hal_spi.c **** 
 634:Drivers/STM32L4xx_HAL_Driver/Src/stm32l4xx_hal_spi.c ****         /* Return error status */
 635:Drivers/STM32L4xx_HAL_Driver/Src/stm32l4xx_hal_spi.c ****         status =  HAL_ERROR;
 636:Drivers/STM32L4xx_HAL_Driver/Src/stm32l4xx_hal_spi.c ****         break;
 637:Drivers/STM32L4xx_HAL_Driver/Src/stm32l4xx_hal_spi.c ****     }
 638:Drivers/STM32L4xx_HAL_Driver/Src/stm32l4xx_hal_spi.c ****   }
 639:Drivers/STM32L4xx_HAL_Driver/Src/stm32l4xx_hal_spi.c ****   else if (HAL_SPI_STATE_RESET == hspi->State)
 640:Drivers/STM32L4xx_HAL_Driver/Src/stm32l4xx_hal_spi.c ****   {
 641:Drivers/STM32L4xx_HAL_Driver/Src/stm32l4xx_hal_spi.c ****     switch (CallbackID)
 642:Drivers/STM32L4xx_HAL_Driver/Src/stm32l4xx_hal_spi.c ****     {
 643:Drivers/STM32L4xx_HAL_Driver/Src/stm32l4xx_hal_spi.c ****       case HAL_SPI_MSPINIT_CB_ID :
 644:Drivers/STM32L4xx_HAL_Driver/Src/stm32l4xx_hal_spi.c ****         hspi->MspInitCallback = pCallback;
 645:Drivers/STM32L4xx_HAL_Driver/Src/stm32l4xx_hal_spi.c ****         break;
 646:Drivers/STM32L4xx_HAL_Driver/Src/stm32l4xx_hal_spi.c **** 
 647:Drivers/STM32L4xx_HAL_Driver/Src/stm32l4xx_hal_spi.c ****       case HAL_SPI_MSPDEINIT_CB_ID :
 648:Drivers/STM32L4xx_HAL_Driver/Src/stm32l4xx_hal_spi.c ****         hspi->MspDeInitCallback = pCallback;
 649:Drivers/STM32L4xx_HAL_Driver/Src/stm32l4xx_hal_spi.c ****         break;
 650:Drivers/STM32L4xx_HAL_Driver/Src/stm32l4xx_hal_spi.c **** 
 651:Drivers/STM32L4xx_HAL_Driver/Src/stm32l4xx_hal_spi.c ****       default :
 652:Drivers/STM32L4xx_HAL_Driver/Src/stm32l4xx_hal_spi.c ****         /* Update the error code */
 653:Drivers/STM32L4xx_HAL_Driver/Src/stm32l4xx_hal_spi.c ****         SET_BIT(hspi->ErrorCode, HAL_SPI_ERROR_INVALID_CALLBACK);
 654:Drivers/STM32L4xx_HAL_Driver/Src/stm32l4xx_hal_spi.c **** 
 655:Drivers/STM32L4xx_HAL_Driver/Src/stm32l4xx_hal_spi.c ****         /* Return error status */
 656:Drivers/STM32L4xx_HAL_Driver/Src/stm32l4xx_hal_spi.c ****         status =  HAL_ERROR;
 657:Drivers/STM32L4xx_HAL_Driver/Src/stm32l4xx_hal_spi.c ****         break;
ARM GAS  /tmp/ccl8yU0j.s 			page 13


 658:Drivers/STM32L4xx_HAL_Driver/Src/stm32l4xx_hal_spi.c ****     }
 659:Drivers/STM32L4xx_HAL_Driver/Src/stm32l4xx_hal_spi.c ****   }
 660:Drivers/STM32L4xx_HAL_Driver/Src/stm32l4xx_hal_spi.c ****   else
 661:Drivers/STM32L4xx_HAL_Driver/Src/stm32l4xx_hal_spi.c ****   {
 662:Drivers/STM32L4xx_HAL_Driver/Src/stm32l4xx_hal_spi.c ****     /* Update the error code */
 663:Drivers/STM32L4xx_HAL_Driver/Src/stm32l4xx_hal_spi.c ****     SET_BIT(hspi->ErrorCode, HAL_SPI_ERROR_INVALID_CALLBACK);
 664:Drivers/STM32L4xx_HAL_Driver/Src/stm32l4xx_hal_spi.c **** 
 665:Drivers/STM32L4xx_HAL_Driver/Src/stm32l4xx_hal_spi.c ****     /* Return error status */
 666:Drivers/STM32L4xx_HAL_Driver/Src/stm32l4xx_hal_spi.c ****     status =  HAL_ERROR;
 667:Drivers/STM32L4xx_HAL_Driver/Src/stm32l4xx_hal_spi.c ****   }
 668:Drivers/STM32L4xx_HAL_Driver/Src/stm32l4xx_hal_spi.c **** 
 669:Drivers/STM32L4xx_HAL_Driver/Src/stm32l4xx_hal_spi.c ****   /* Release Lock */
 670:Drivers/STM32L4xx_HAL_Driver/Src/stm32l4xx_hal_spi.c ****   __HAL_UNLOCK(hspi);
 671:Drivers/STM32L4xx_HAL_Driver/Src/stm32l4xx_hal_spi.c ****   return status;
 672:Drivers/STM32L4xx_HAL_Driver/Src/stm32l4xx_hal_spi.c **** }
 673:Drivers/STM32L4xx_HAL_Driver/Src/stm32l4xx_hal_spi.c **** 
 674:Drivers/STM32L4xx_HAL_Driver/Src/stm32l4xx_hal_spi.c **** /**
 675:Drivers/STM32L4xx_HAL_Driver/Src/stm32l4xx_hal_spi.c ****   * @brief  Unregister an SPI Callback
 676:Drivers/STM32L4xx_HAL_Driver/Src/stm32l4xx_hal_spi.c ****   *         SPI callback is redirected to the weak predefined callback
 677:Drivers/STM32L4xx_HAL_Driver/Src/stm32l4xx_hal_spi.c ****   * @param  hspi Pointer to a SPI_HandleTypeDef structure that contains
 678:Drivers/STM32L4xx_HAL_Driver/Src/stm32l4xx_hal_spi.c ****   *                the configuration information for the specified SPI.
 679:Drivers/STM32L4xx_HAL_Driver/Src/stm32l4xx_hal_spi.c ****   * @param  CallbackID ID of the callback to be unregistered
 680:Drivers/STM32L4xx_HAL_Driver/Src/stm32l4xx_hal_spi.c ****   * @retval HAL status
 681:Drivers/STM32L4xx_HAL_Driver/Src/stm32l4xx_hal_spi.c ****   */
 682:Drivers/STM32L4xx_HAL_Driver/Src/stm32l4xx_hal_spi.c **** HAL_StatusTypeDef HAL_SPI_UnRegisterCallback(SPI_HandleTypeDef *hspi, HAL_SPI_CallbackIDTypeDef Cal
 683:Drivers/STM32L4xx_HAL_Driver/Src/stm32l4xx_hal_spi.c **** {
 684:Drivers/STM32L4xx_HAL_Driver/Src/stm32l4xx_hal_spi.c ****   HAL_StatusTypeDef status = HAL_OK;
 685:Drivers/STM32L4xx_HAL_Driver/Src/stm32l4xx_hal_spi.c **** 
 686:Drivers/STM32L4xx_HAL_Driver/Src/stm32l4xx_hal_spi.c ****   /* Process locked */
 687:Drivers/STM32L4xx_HAL_Driver/Src/stm32l4xx_hal_spi.c ****   __HAL_LOCK(hspi);
 688:Drivers/STM32L4xx_HAL_Driver/Src/stm32l4xx_hal_spi.c **** 
 689:Drivers/STM32L4xx_HAL_Driver/Src/stm32l4xx_hal_spi.c ****   if (HAL_SPI_STATE_READY == hspi->State)
 690:Drivers/STM32L4xx_HAL_Driver/Src/stm32l4xx_hal_spi.c ****   {
 691:Drivers/STM32L4xx_HAL_Driver/Src/stm32l4xx_hal_spi.c ****     switch (CallbackID)
 692:Drivers/STM32L4xx_HAL_Driver/Src/stm32l4xx_hal_spi.c ****     {
 693:Drivers/STM32L4xx_HAL_Driver/Src/stm32l4xx_hal_spi.c ****       case HAL_SPI_TX_COMPLETE_CB_ID :
 694:Drivers/STM32L4xx_HAL_Driver/Src/stm32l4xx_hal_spi.c ****         hspi->TxCpltCallback = HAL_SPI_TxCpltCallback;             /* Legacy weak TxCpltCallback   
 695:Drivers/STM32L4xx_HAL_Driver/Src/stm32l4xx_hal_spi.c ****         break;
 696:Drivers/STM32L4xx_HAL_Driver/Src/stm32l4xx_hal_spi.c **** 
 697:Drivers/STM32L4xx_HAL_Driver/Src/stm32l4xx_hal_spi.c ****       case HAL_SPI_RX_COMPLETE_CB_ID :
 698:Drivers/STM32L4xx_HAL_Driver/Src/stm32l4xx_hal_spi.c ****         hspi->RxCpltCallback = HAL_SPI_RxCpltCallback;             /* Legacy weak RxCpltCallback   
 699:Drivers/STM32L4xx_HAL_Driver/Src/stm32l4xx_hal_spi.c ****         break;
 700:Drivers/STM32L4xx_HAL_Driver/Src/stm32l4xx_hal_spi.c **** 
 701:Drivers/STM32L4xx_HAL_Driver/Src/stm32l4xx_hal_spi.c ****       case HAL_SPI_TX_RX_COMPLETE_CB_ID :
 702:Drivers/STM32L4xx_HAL_Driver/Src/stm32l4xx_hal_spi.c ****         hspi->TxRxCpltCallback = HAL_SPI_TxRxCpltCallback;         /* Legacy weak TxRxCpltCallback 
 703:Drivers/STM32L4xx_HAL_Driver/Src/stm32l4xx_hal_spi.c ****         break;
 704:Drivers/STM32L4xx_HAL_Driver/Src/stm32l4xx_hal_spi.c **** 
 705:Drivers/STM32L4xx_HAL_Driver/Src/stm32l4xx_hal_spi.c ****       case HAL_SPI_TX_HALF_COMPLETE_CB_ID :
 706:Drivers/STM32L4xx_HAL_Driver/Src/stm32l4xx_hal_spi.c ****         hspi->TxHalfCpltCallback = HAL_SPI_TxHalfCpltCallback;     /* Legacy weak TxHalfCpltCallbac
 707:Drivers/STM32L4xx_HAL_Driver/Src/stm32l4xx_hal_spi.c ****         break;
 708:Drivers/STM32L4xx_HAL_Driver/Src/stm32l4xx_hal_spi.c **** 
 709:Drivers/STM32L4xx_HAL_Driver/Src/stm32l4xx_hal_spi.c ****       case HAL_SPI_RX_HALF_COMPLETE_CB_ID :
 710:Drivers/STM32L4xx_HAL_Driver/Src/stm32l4xx_hal_spi.c ****         hspi->RxHalfCpltCallback = HAL_SPI_RxHalfCpltCallback;     /* Legacy weak RxHalfCpltCallbac
 711:Drivers/STM32L4xx_HAL_Driver/Src/stm32l4xx_hal_spi.c ****         break;
 712:Drivers/STM32L4xx_HAL_Driver/Src/stm32l4xx_hal_spi.c **** 
 713:Drivers/STM32L4xx_HAL_Driver/Src/stm32l4xx_hal_spi.c ****       case HAL_SPI_TX_RX_HALF_COMPLETE_CB_ID :
 714:Drivers/STM32L4xx_HAL_Driver/Src/stm32l4xx_hal_spi.c ****         hspi->TxRxHalfCpltCallback = HAL_SPI_TxRxHalfCpltCallback; /* Legacy weak TxRxHalfCpltCallb
ARM GAS  /tmp/ccl8yU0j.s 			page 14


 715:Drivers/STM32L4xx_HAL_Driver/Src/stm32l4xx_hal_spi.c ****         break;
 716:Drivers/STM32L4xx_HAL_Driver/Src/stm32l4xx_hal_spi.c **** 
 717:Drivers/STM32L4xx_HAL_Driver/Src/stm32l4xx_hal_spi.c ****       case HAL_SPI_ERROR_CB_ID :
 718:Drivers/STM32L4xx_HAL_Driver/Src/stm32l4xx_hal_spi.c ****         hspi->ErrorCallback = HAL_SPI_ErrorCallback;               /* Legacy weak ErrorCallback    
 719:Drivers/STM32L4xx_HAL_Driver/Src/stm32l4xx_hal_spi.c ****         break;
 720:Drivers/STM32L4xx_HAL_Driver/Src/stm32l4xx_hal_spi.c **** 
 721:Drivers/STM32L4xx_HAL_Driver/Src/stm32l4xx_hal_spi.c ****       case HAL_SPI_ABORT_CB_ID :
 722:Drivers/STM32L4xx_HAL_Driver/Src/stm32l4xx_hal_spi.c ****         hspi->AbortCpltCallback = HAL_SPI_AbortCpltCallback;       /* Legacy weak AbortCpltCallback
 723:Drivers/STM32L4xx_HAL_Driver/Src/stm32l4xx_hal_spi.c ****         break;
 724:Drivers/STM32L4xx_HAL_Driver/Src/stm32l4xx_hal_spi.c **** 
 725:Drivers/STM32L4xx_HAL_Driver/Src/stm32l4xx_hal_spi.c ****       case HAL_SPI_MSPINIT_CB_ID :
 726:Drivers/STM32L4xx_HAL_Driver/Src/stm32l4xx_hal_spi.c ****         hspi->MspInitCallback = HAL_SPI_MspInit;                   /* Legacy weak MspInit          
 727:Drivers/STM32L4xx_HAL_Driver/Src/stm32l4xx_hal_spi.c ****         break;
 728:Drivers/STM32L4xx_HAL_Driver/Src/stm32l4xx_hal_spi.c **** 
 729:Drivers/STM32L4xx_HAL_Driver/Src/stm32l4xx_hal_spi.c ****       case HAL_SPI_MSPDEINIT_CB_ID :
 730:Drivers/STM32L4xx_HAL_Driver/Src/stm32l4xx_hal_spi.c ****         hspi->MspDeInitCallback = HAL_SPI_MspDeInit;               /* Legacy weak MspDeInit        
 731:Drivers/STM32L4xx_HAL_Driver/Src/stm32l4xx_hal_spi.c ****         break;
 732:Drivers/STM32L4xx_HAL_Driver/Src/stm32l4xx_hal_spi.c **** 
 733:Drivers/STM32L4xx_HAL_Driver/Src/stm32l4xx_hal_spi.c ****       default :
 734:Drivers/STM32L4xx_HAL_Driver/Src/stm32l4xx_hal_spi.c ****         /* Update the error code */
 735:Drivers/STM32L4xx_HAL_Driver/Src/stm32l4xx_hal_spi.c ****         SET_BIT(hspi->ErrorCode, HAL_SPI_ERROR_INVALID_CALLBACK);
 736:Drivers/STM32L4xx_HAL_Driver/Src/stm32l4xx_hal_spi.c **** 
 737:Drivers/STM32L4xx_HAL_Driver/Src/stm32l4xx_hal_spi.c ****         /* Return error status */
 738:Drivers/STM32L4xx_HAL_Driver/Src/stm32l4xx_hal_spi.c ****         status =  HAL_ERROR;
 739:Drivers/STM32L4xx_HAL_Driver/Src/stm32l4xx_hal_spi.c ****         break;
 740:Drivers/STM32L4xx_HAL_Driver/Src/stm32l4xx_hal_spi.c ****     }
 741:Drivers/STM32L4xx_HAL_Driver/Src/stm32l4xx_hal_spi.c ****   }
 742:Drivers/STM32L4xx_HAL_Driver/Src/stm32l4xx_hal_spi.c ****   else if (HAL_SPI_STATE_RESET == hspi->State)
 743:Drivers/STM32L4xx_HAL_Driver/Src/stm32l4xx_hal_spi.c ****   {
 744:Drivers/STM32L4xx_HAL_Driver/Src/stm32l4xx_hal_spi.c ****     switch (CallbackID)
 745:Drivers/STM32L4xx_HAL_Driver/Src/stm32l4xx_hal_spi.c ****     {
 746:Drivers/STM32L4xx_HAL_Driver/Src/stm32l4xx_hal_spi.c ****       case HAL_SPI_MSPINIT_CB_ID :
 747:Drivers/STM32L4xx_HAL_Driver/Src/stm32l4xx_hal_spi.c ****         hspi->MspInitCallback = HAL_SPI_MspInit;                   /* Legacy weak MspInit          
 748:Drivers/STM32L4xx_HAL_Driver/Src/stm32l4xx_hal_spi.c ****         break;
 749:Drivers/STM32L4xx_HAL_Driver/Src/stm32l4xx_hal_spi.c **** 
 750:Drivers/STM32L4xx_HAL_Driver/Src/stm32l4xx_hal_spi.c ****       case HAL_SPI_MSPDEINIT_CB_ID :
 751:Drivers/STM32L4xx_HAL_Driver/Src/stm32l4xx_hal_spi.c ****         hspi->MspDeInitCallback = HAL_SPI_MspDeInit;               /* Legacy weak MspDeInit        
 752:Drivers/STM32L4xx_HAL_Driver/Src/stm32l4xx_hal_spi.c ****         break;
 753:Drivers/STM32L4xx_HAL_Driver/Src/stm32l4xx_hal_spi.c **** 
 754:Drivers/STM32L4xx_HAL_Driver/Src/stm32l4xx_hal_spi.c ****       default :
 755:Drivers/STM32L4xx_HAL_Driver/Src/stm32l4xx_hal_spi.c ****         /* Update the error code */
 756:Drivers/STM32L4xx_HAL_Driver/Src/stm32l4xx_hal_spi.c ****         SET_BIT(hspi->ErrorCode, HAL_SPI_ERROR_INVALID_CALLBACK);
 757:Drivers/STM32L4xx_HAL_Driver/Src/stm32l4xx_hal_spi.c **** 
 758:Drivers/STM32L4xx_HAL_Driver/Src/stm32l4xx_hal_spi.c ****         /* Return error status */
 759:Drivers/STM32L4xx_HAL_Driver/Src/stm32l4xx_hal_spi.c ****         status =  HAL_ERROR;
 760:Drivers/STM32L4xx_HAL_Driver/Src/stm32l4xx_hal_spi.c ****         break;
 761:Drivers/STM32L4xx_HAL_Driver/Src/stm32l4xx_hal_spi.c ****     }
 762:Drivers/STM32L4xx_HAL_Driver/Src/stm32l4xx_hal_spi.c ****   }
 763:Drivers/STM32L4xx_HAL_Driver/Src/stm32l4xx_hal_spi.c ****   else
 764:Drivers/STM32L4xx_HAL_Driver/Src/stm32l4xx_hal_spi.c ****   {
 765:Drivers/STM32L4xx_HAL_Driver/Src/stm32l4xx_hal_spi.c ****     /* Update the error code */
 766:Drivers/STM32L4xx_HAL_Driver/Src/stm32l4xx_hal_spi.c ****     SET_BIT(hspi->ErrorCode, HAL_SPI_ERROR_INVALID_CALLBACK);
 767:Drivers/STM32L4xx_HAL_Driver/Src/stm32l4xx_hal_spi.c **** 
 768:Drivers/STM32L4xx_HAL_Driver/Src/stm32l4xx_hal_spi.c ****     /* Return error status */
 769:Drivers/STM32L4xx_HAL_Driver/Src/stm32l4xx_hal_spi.c ****     status =  HAL_ERROR;
 770:Drivers/STM32L4xx_HAL_Driver/Src/stm32l4xx_hal_spi.c ****   }
 771:Drivers/STM32L4xx_HAL_Driver/Src/stm32l4xx_hal_spi.c **** 
ARM GAS  /tmp/ccl8yU0j.s 			page 15


 772:Drivers/STM32L4xx_HAL_Driver/Src/stm32l4xx_hal_spi.c ****   /* Release Lock */
 773:Drivers/STM32L4xx_HAL_Driver/Src/stm32l4xx_hal_spi.c ****   __HAL_UNLOCK(hspi);
 774:Drivers/STM32L4xx_HAL_Driver/Src/stm32l4xx_hal_spi.c ****   return status;
 775:Drivers/STM32L4xx_HAL_Driver/Src/stm32l4xx_hal_spi.c **** }
 776:Drivers/STM32L4xx_HAL_Driver/Src/stm32l4xx_hal_spi.c **** #endif /* USE_HAL_SPI_REGISTER_CALLBACKS */
 777:Drivers/STM32L4xx_HAL_Driver/Src/stm32l4xx_hal_spi.c **** /**
 778:Drivers/STM32L4xx_HAL_Driver/Src/stm32l4xx_hal_spi.c ****   * @}
 779:Drivers/STM32L4xx_HAL_Driver/Src/stm32l4xx_hal_spi.c ****   */
 780:Drivers/STM32L4xx_HAL_Driver/Src/stm32l4xx_hal_spi.c **** 
 781:Drivers/STM32L4xx_HAL_Driver/Src/stm32l4xx_hal_spi.c **** /** @defgroup SPI_Exported_Functions_Group2 IO operation functions
 782:Drivers/STM32L4xx_HAL_Driver/Src/stm32l4xx_hal_spi.c ****   *  @brief   Data transfers functions
 783:Drivers/STM32L4xx_HAL_Driver/Src/stm32l4xx_hal_spi.c ****   *
 784:Drivers/STM32L4xx_HAL_Driver/Src/stm32l4xx_hal_spi.c **** @verbatim
 785:Drivers/STM32L4xx_HAL_Driver/Src/stm32l4xx_hal_spi.c ****   ==============================================================================
 786:Drivers/STM32L4xx_HAL_Driver/Src/stm32l4xx_hal_spi.c ****                       ##### IO operation functions #####
 787:Drivers/STM32L4xx_HAL_Driver/Src/stm32l4xx_hal_spi.c ****  ===============================================================================
 788:Drivers/STM32L4xx_HAL_Driver/Src/stm32l4xx_hal_spi.c ****  [..]
 789:Drivers/STM32L4xx_HAL_Driver/Src/stm32l4xx_hal_spi.c ****     This subsection provides a set of functions allowing to manage the SPI
 790:Drivers/STM32L4xx_HAL_Driver/Src/stm32l4xx_hal_spi.c ****     data transfers.
 791:Drivers/STM32L4xx_HAL_Driver/Src/stm32l4xx_hal_spi.c **** 
 792:Drivers/STM32L4xx_HAL_Driver/Src/stm32l4xx_hal_spi.c ****     [..] The SPI supports master and slave mode :
 793:Drivers/STM32L4xx_HAL_Driver/Src/stm32l4xx_hal_spi.c **** 
 794:Drivers/STM32L4xx_HAL_Driver/Src/stm32l4xx_hal_spi.c ****     (#) There are two modes of transfer:
 795:Drivers/STM32L4xx_HAL_Driver/Src/stm32l4xx_hal_spi.c ****        (++) Blocking mode: The communication is performed in polling mode.
 796:Drivers/STM32L4xx_HAL_Driver/Src/stm32l4xx_hal_spi.c ****             The HAL status of all data processing is returned by the same function
 797:Drivers/STM32L4xx_HAL_Driver/Src/stm32l4xx_hal_spi.c ****             after finishing transfer.
 798:Drivers/STM32L4xx_HAL_Driver/Src/stm32l4xx_hal_spi.c ****        (++) No-Blocking mode: The communication is performed using Interrupts
 799:Drivers/STM32L4xx_HAL_Driver/Src/stm32l4xx_hal_spi.c ****             or DMA, These APIs return the HAL status.
 800:Drivers/STM32L4xx_HAL_Driver/Src/stm32l4xx_hal_spi.c ****             The end of the data processing will be indicated through the
 801:Drivers/STM32L4xx_HAL_Driver/Src/stm32l4xx_hal_spi.c ****             dedicated SPI IRQ when using Interrupt mode or the DMA IRQ when
 802:Drivers/STM32L4xx_HAL_Driver/Src/stm32l4xx_hal_spi.c ****             using DMA mode.
 803:Drivers/STM32L4xx_HAL_Driver/Src/stm32l4xx_hal_spi.c ****             The HAL_SPI_TxCpltCallback(), HAL_SPI_RxCpltCallback() and HAL_SPI_TxRxCpltCallback() u
 804:Drivers/STM32L4xx_HAL_Driver/Src/stm32l4xx_hal_spi.c ****             will be executed respectively at the end of the transmit or Receive process
 805:Drivers/STM32L4xx_HAL_Driver/Src/stm32l4xx_hal_spi.c ****             The HAL_SPI_ErrorCallback()user callback will be executed when a communication error is
 806:Drivers/STM32L4xx_HAL_Driver/Src/stm32l4xx_hal_spi.c **** 
 807:Drivers/STM32L4xx_HAL_Driver/Src/stm32l4xx_hal_spi.c ****     (#) APIs provided for these 2 transfer modes (Blocking mode or Non blocking mode using either I
 808:Drivers/STM32L4xx_HAL_Driver/Src/stm32l4xx_hal_spi.c ****         exist for 1Line (simplex) and 2Lines (full duplex) modes.
 809:Drivers/STM32L4xx_HAL_Driver/Src/stm32l4xx_hal_spi.c **** 
 810:Drivers/STM32L4xx_HAL_Driver/Src/stm32l4xx_hal_spi.c **** @endverbatim
 811:Drivers/STM32L4xx_HAL_Driver/Src/stm32l4xx_hal_spi.c ****   * @{
 812:Drivers/STM32L4xx_HAL_Driver/Src/stm32l4xx_hal_spi.c ****   */
 813:Drivers/STM32L4xx_HAL_Driver/Src/stm32l4xx_hal_spi.c **** 
 814:Drivers/STM32L4xx_HAL_Driver/Src/stm32l4xx_hal_spi.c **** /**
 815:Drivers/STM32L4xx_HAL_Driver/Src/stm32l4xx_hal_spi.c ****   * @brief  Transmit an amount of data in blocking mode.
 816:Drivers/STM32L4xx_HAL_Driver/Src/stm32l4xx_hal_spi.c ****   * @param  hspi pointer to a SPI_HandleTypeDef structure that contains
 817:Drivers/STM32L4xx_HAL_Driver/Src/stm32l4xx_hal_spi.c ****   *               the configuration information for SPI module.
 818:Drivers/STM32L4xx_HAL_Driver/Src/stm32l4xx_hal_spi.c ****   * @param  pData pointer to data buffer
 819:Drivers/STM32L4xx_HAL_Driver/Src/stm32l4xx_hal_spi.c ****   * @param  Size amount of data to be sent
 820:Drivers/STM32L4xx_HAL_Driver/Src/stm32l4xx_hal_spi.c ****   * @param  Timeout Timeout duration
 821:Drivers/STM32L4xx_HAL_Driver/Src/stm32l4xx_hal_spi.c ****   * @retval HAL status
 822:Drivers/STM32L4xx_HAL_Driver/Src/stm32l4xx_hal_spi.c ****   */
 823:Drivers/STM32L4xx_HAL_Driver/Src/stm32l4xx_hal_spi.c **** HAL_StatusTypeDef HAL_SPI_Transmit(SPI_HandleTypeDef *hspi, const uint8_t *pData, uint16_t Size, ui
 824:Drivers/STM32L4xx_HAL_Driver/Src/stm32l4xx_hal_spi.c **** {
 825:Drivers/STM32L4xx_HAL_Driver/Src/stm32l4xx_hal_spi.c ****   uint32_t tickstart;
 826:Drivers/STM32L4xx_HAL_Driver/Src/stm32l4xx_hal_spi.c ****   uint16_t initial_TxXferCount;
 827:Drivers/STM32L4xx_HAL_Driver/Src/stm32l4xx_hal_spi.c **** 
 828:Drivers/STM32L4xx_HAL_Driver/Src/stm32l4xx_hal_spi.c ****   /* Check Direction parameter */
ARM GAS  /tmp/ccl8yU0j.s 			page 16


 829:Drivers/STM32L4xx_HAL_Driver/Src/stm32l4xx_hal_spi.c ****   assert_param(IS_SPI_DIRECTION_2LINES_OR_1LINE(hspi->Init.Direction));
 830:Drivers/STM32L4xx_HAL_Driver/Src/stm32l4xx_hal_spi.c **** 
 831:Drivers/STM32L4xx_HAL_Driver/Src/stm32l4xx_hal_spi.c ****   /* Init tickstart for timeout management*/
 832:Drivers/STM32L4xx_HAL_Driver/Src/stm32l4xx_hal_spi.c ****   tickstart = HAL_GetTick();
 833:Drivers/STM32L4xx_HAL_Driver/Src/stm32l4xx_hal_spi.c ****   initial_TxXferCount = Size;
 834:Drivers/STM32L4xx_HAL_Driver/Src/stm32l4xx_hal_spi.c **** 
 835:Drivers/STM32L4xx_HAL_Driver/Src/stm32l4xx_hal_spi.c ****   if (hspi->State != HAL_SPI_STATE_READY)
 836:Drivers/STM32L4xx_HAL_Driver/Src/stm32l4xx_hal_spi.c ****   {
 837:Drivers/STM32L4xx_HAL_Driver/Src/stm32l4xx_hal_spi.c ****     return HAL_BUSY;
 838:Drivers/STM32L4xx_HAL_Driver/Src/stm32l4xx_hal_spi.c ****   }
 839:Drivers/STM32L4xx_HAL_Driver/Src/stm32l4xx_hal_spi.c **** 
 840:Drivers/STM32L4xx_HAL_Driver/Src/stm32l4xx_hal_spi.c ****   if ((pData == NULL) || (Size == 0U))
 841:Drivers/STM32L4xx_HAL_Driver/Src/stm32l4xx_hal_spi.c ****   {
 842:Drivers/STM32L4xx_HAL_Driver/Src/stm32l4xx_hal_spi.c ****     return HAL_ERROR;
 843:Drivers/STM32L4xx_HAL_Driver/Src/stm32l4xx_hal_spi.c ****   }
 844:Drivers/STM32L4xx_HAL_Driver/Src/stm32l4xx_hal_spi.c **** 
 845:Drivers/STM32L4xx_HAL_Driver/Src/stm32l4xx_hal_spi.c ****   /* Process Locked */
 846:Drivers/STM32L4xx_HAL_Driver/Src/stm32l4xx_hal_spi.c ****   __HAL_LOCK(hspi);
 847:Drivers/STM32L4xx_HAL_Driver/Src/stm32l4xx_hal_spi.c **** 
 848:Drivers/STM32L4xx_HAL_Driver/Src/stm32l4xx_hal_spi.c ****   /* Set the transaction information */
 849:Drivers/STM32L4xx_HAL_Driver/Src/stm32l4xx_hal_spi.c ****   hspi->State       = HAL_SPI_STATE_BUSY_TX;
 850:Drivers/STM32L4xx_HAL_Driver/Src/stm32l4xx_hal_spi.c ****   hspi->ErrorCode   = HAL_SPI_ERROR_NONE;
 851:Drivers/STM32L4xx_HAL_Driver/Src/stm32l4xx_hal_spi.c ****   hspi->pTxBuffPtr  = (const uint8_t *)pData;
 852:Drivers/STM32L4xx_HAL_Driver/Src/stm32l4xx_hal_spi.c ****   hspi->TxXferSize  = Size;
 853:Drivers/STM32L4xx_HAL_Driver/Src/stm32l4xx_hal_spi.c ****   hspi->TxXferCount = Size;
 854:Drivers/STM32L4xx_HAL_Driver/Src/stm32l4xx_hal_spi.c **** 
 855:Drivers/STM32L4xx_HAL_Driver/Src/stm32l4xx_hal_spi.c ****   /*Init field not used in handle to zero */
 856:Drivers/STM32L4xx_HAL_Driver/Src/stm32l4xx_hal_spi.c ****   hspi->pRxBuffPtr  = (uint8_t *)NULL;
 857:Drivers/STM32L4xx_HAL_Driver/Src/stm32l4xx_hal_spi.c ****   hspi->RxXferSize  = 0U;
 858:Drivers/STM32L4xx_HAL_Driver/Src/stm32l4xx_hal_spi.c ****   hspi->RxXferCount = 0U;
 859:Drivers/STM32L4xx_HAL_Driver/Src/stm32l4xx_hal_spi.c ****   hspi->TxISR       = NULL;
 860:Drivers/STM32L4xx_HAL_Driver/Src/stm32l4xx_hal_spi.c ****   hspi->RxISR       = NULL;
 861:Drivers/STM32L4xx_HAL_Driver/Src/stm32l4xx_hal_spi.c **** 
 862:Drivers/STM32L4xx_HAL_Driver/Src/stm32l4xx_hal_spi.c ****   /* Configure communication direction : 1Line */
 863:Drivers/STM32L4xx_HAL_Driver/Src/stm32l4xx_hal_spi.c ****   if (hspi->Init.Direction == SPI_DIRECTION_1LINE)
 864:Drivers/STM32L4xx_HAL_Driver/Src/stm32l4xx_hal_spi.c ****   {
 865:Drivers/STM32L4xx_HAL_Driver/Src/stm32l4xx_hal_spi.c ****     /* Disable SPI Peripheral before set 1Line direction (BIDIOE bit) */
 866:Drivers/STM32L4xx_HAL_Driver/Src/stm32l4xx_hal_spi.c ****     __HAL_SPI_DISABLE(hspi);
 867:Drivers/STM32L4xx_HAL_Driver/Src/stm32l4xx_hal_spi.c ****     SPI_1LINE_TX(hspi);
 868:Drivers/STM32L4xx_HAL_Driver/Src/stm32l4xx_hal_spi.c ****   }
 869:Drivers/STM32L4xx_HAL_Driver/Src/stm32l4xx_hal_spi.c **** 
 870:Drivers/STM32L4xx_HAL_Driver/Src/stm32l4xx_hal_spi.c **** #if (USE_SPI_CRC != 0U)
 871:Drivers/STM32L4xx_HAL_Driver/Src/stm32l4xx_hal_spi.c ****   /* Reset CRC Calculation */
 872:Drivers/STM32L4xx_HAL_Driver/Src/stm32l4xx_hal_spi.c ****   if (hspi->Init.CRCCalculation == SPI_CRCCALCULATION_ENABLE)
 873:Drivers/STM32L4xx_HAL_Driver/Src/stm32l4xx_hal_spi.c ****   {
 874:Drivers/STM32L4xx_HAL_Driver/Src/stm32l4xx_hal_spi.c ****     SPI_RESET_CRC(hspi);
 875:Drivers/STM32L4xx_HAL_Driver/Src/stm32l4xx_hal_spi.c ****   }
 876:Drivers/STM32L4xx_HAL_Driver/Src/stm32l4xx_hal_spi.c **** #endif /* USE_SPI_CRC */
 877:Drivers/STM32L4xx_HAL_Driver/Src/stm32l4xx_hal_spi.c **** 
 878:Drivers/STM32L4xx_HAL_Driver/Src/stm32l4xx_hal_spi.c ****   /* Check if the SPI is already enabled */
 879:Drivers/STM32L4xx_HAL_Driver/Src/stm32l4xx_hal_spi.c ****   if ((hspi->Instance->CR1 & SPI_CR1_SPE) != SPI_CR1_SPE)
 880:Drivers/STM32L4xx_HAL_Driver/Src/stm32l4xx_hal_spi.c ****   {
 881:Drivers/STM32L4xx_HAL_Driver/Src/stm32l4xx_hal_spi.c ****     /* Enable SPI peripheral */
 882:Drivers/STM32L4xx_HAL_Driver/Src/stm32l4xx_hal_spi.c ****     __HAL_SPI_ENABLE(hspi);
 883:Drivers/STM32L4xx_HAL_Driver/Src/stm32l4xx_hal_spi.c ****   }
 884:Drivers/STM32L4xx_HAL_Driver/Src/stm32l4xx_hal_spi.c **** 
 885:Drivers/STM32L4xx_HAL_Driver/Src/stm32l4xx_hal_spi.c ****   /* Transmit data in 16 Bit mode */
ARM GAS  /tmp/ccl8yU0j.s 			page 17


 886:Drivers/STM32L4xx_HAL_Driver/Src/stm32l4xx_hal_spi.c ****   if (hspi->Init.DataSize > SPI_DATASIZE_8BIT)
 887:Drivers/STM32L4xx_HAL_Driver/Src/stm32l4xx_hal_spi.c ****   {
 888:Drivers/STM32L4xx_HAL_Driver/Src/stm32l4xx_hal_spi.c ****     if ((hspi->Init.Mode == SPI_MODE_SLAVE) || (initial_TxXferCount == 0x01U))
 889:Drivers/STM32L4xx_HAL_Driver/Src/stm32l4xx_hal_spi.c ****     {
 890:Drivers/STM32L4xx_HAL_Driver/Src/stm32l4xx_hal_spi.c ****       hspi->Instance->DR = *((const uint16_t *)hspi->pTxBuffPtr);
 891:Drivers/STM32L4xx_HAL_Driver/Src/stm32l4xx_hal_spi.c ****       hspi->pTxBuffPtr += sizeof(uint16_t);
 892:Drivers/STM32L4xx_HAL_Driver/Src/stm32l4xx_hal_spi.c ****       hspi->TxXferCount--;
 893:Drivers/STM32L4xx_HAL_Driver/Src/stm32l4xx_hal_spi.c ****     }
 894:Drivers/STM32L4xx_HAL_Driver/Src/stm32l4xx_hal_spi.c ****     /* Transmit data in 16 Bit mode */
 895:Drivers/STM32L4xx_HAL_Driver/Src/stm32l4xx_hal_spi.c ****     while (hspi->TxXferCount > 0U)
 896:Drivers/STM32L4xx_HAL_Driver/Src/stm32l4xx_hal_spi.c ****     {
 897:Drivers/STM32L4xx_HAL_Driver/Src/stm32l4xx_hal_spi.c ****       /* Wait until TXE flag is set to send data */
 898:Drivers/STM32L4xx_HAL_Driver/Src/stm32l4xx_hal_spi.c ****       if (__HAL_SPI_GET_FLAG(hspi, SPI_FLAG_TXE))
 899:Drivers/STM32L4xx_HAL_Driver/Src/stm32l4xx_hal_spi.c ****       {
 900:Drivers/STM32L4xx_HAL_Driver/Src/stm32l4xx_hal_spi.c ****         hspi->Instance->DR = *((const uint16_t *)hspi->pTxBuffPtr);
 901:Drivers/STM32L4xx_HAL_Driver/Src/stm32l4xx_hal_spi.c ****         hspi->pTxBuffPtr += sizeof(uint16_t);
 902:Drivers/STM32L4xx_HAL_Driver/Src/stm32l4xx_hal_spi.c ****         hspi->TxXferCount--;
 903:Drivers/STM32L4xx_HAL_Driver/Src/stm32l4xx_hal_spi.c ****       }
 904:Drivers/STM32L4xx_HAL_Driver/Src/stm32l4xx_hal_spi.c ****       else
 905:Drivers/STM32L4xx_HAL_Driver/Src/stm32l4xx_hal_spi.c ****       {
 906:Drivers/STM32L4xx_HAL_Driver/Src/stm32l4xx_hal_spi.c ****         /* Timeout management */
 907:Drivers/STM32L4xx_HAL_Driver/Src/stm32l4xx_hal_spi.c ****         if ((((HAL_GetTick() - tickstart) >=  Timeout) && (Timeout != HAL_MAX_DELAY)) || (Timeout =
 908:Drivers/STM32L4xx_HAL_Driver/Src/stm32l4xx_hal_spi.c ****         {
 909:Drivers/STM32L4xx_HAL_Driver/Src/stm32l4xx_hal_spi.c ****           hspi->State = HAL_SPI_STATE_READY;
 910:Drivers/STM32L4xx_HAL_Driver/Src/stm32l4xx_hal_spi.c ****           __HAL_UNLOCK(hspi);
 911:Drivers/STM32L4xx_HAL_Driver/Src/stm32l4xx_hal_spi.c ****           return HAL_TIMEOUT;
 912:Drivers/STM32L4xx_HAL_Driver/Src/stm32l4xx_hal_spi.c ****         }
 913:Drivers/STM32L4xx_HAL_Driver/Src/stm32l4xx_hal_spi.c ****       }
 914:Drivers/STM32L4xx_HAL_Driver/Src/stm32l4xx_hal_spi.c ****     }
 915:Drivers/STM32L4xx_HAL_Driver/Src/stm32l4xx_hal_spi.c ****   }
 916:Drivers/STM32L4xx_HAL_Driver/Src/stm32l4xx_hal_spi.c ****   /* Transmit data in 8 Bit mode */
 917:Drivers/STM32L4xx_HAL_Driver/Src/stm32l4xx_hal_spi.c ****   else
 918:Drivers/STM32L4xx_HAL_Driver/Src/stm32l4xx_hal_spi.c ****   {
 919:Drivers/STM32L4xx_HAL_Driver/Src/stm32l4xx_hal_spi.c ****     if ((hspi->Init.Mode == SPI_MODE_SLAVE) || (initial_TxXferCount == 0x01U))
 920:Drivers/STM32L4xx_HAL_Driver/Src/stm32l4xx_hal_spi.c ****     {
 921:Drivers/STM32L4xx_HAL_Driver/Src/stm32l4xx_hal_spi.c ****       if (hspi->TxXferCount > 1U)
 922:Drivers/STM32L4xx_HAL_Driver/Src/stm32l4xx_hal_spi.c ****       {
 923:Drivers/STM32L4xx_HAL_Driver/Src/stm32l4xx_hal_spi.c ****         /* write on the data register in packing mode */
 924:Drivers/STM32L4xx_HAL_Driver/Src/stm32l4xx_hal_spi.c ****         hspi->Instance->DR = *((const uint16_t *)hspi->pTxBuffPtr);
 925:Drivers/STM32L4xx_HAL_Driver/Src/stm32l4xx_hal_spi.c ****         hspi->pTxBuffPtr += sizeof(uint16_t);
 926:Drivers/STM32L4xx_HAL_Driver/Src/stm32l4xx_hal_spi.c ****         hspi->TxXferCount -= 2U;
 927:Drivers/STM32L4xx_HAL_Driver/Src/stm32l4xx_hal_spi.c ****       }
 928:Drivers/STM32L4xx_HAL_Driver/Src/stm32l4xx_hal_spi.c ****       else
 929:Drivers/STM32L4xx_HAL_Driver/Src/stm32l4xx_hal_spi.c ****       {
 930:Drivers/STM32L4xx_HAL_Driver/Src/stm32l4xx_hal_spi.c ****         *((__IO uint8_t *)&hspi->Instance->DR) = *((const uint8_t *)hspi->pTxBuffPtr);
 931:Drivers/STM32L4xx_HAL_Driver/Src/stm32l4xx_hal_spi.c ****         hspi->pTxBuffPtr ++;
 932:Drivers/STM32L4xx_HAL_Driver/Src/stm32l4xx_hal_spi.c ****         hspi->TxXferCount--;
 933:Drivers/STM32L4xx_HAL_Driver/Src/stm32l4xx_hal_spi.c ****       }
 934:Drivers/STM32L4xx_HAL_Driver/Src/stm32l4xx_hal_spi.c ****     }
 935:Drivers/STM32L4xx_HAL_Driver/Src/stm32l4xx_hal_spi.c ****     while (hspi->TxXferCount > 0U)
 936:Drivers/STM32L4xx_HAL_Driver/Src/stm32l4xx_hal_spi.c ****     {
 937:Drivers/STM32L4xx_HAL_Driver/Src/stm32l4xx_hal_spi.c ****       /* Wait until TXE flag is set to send data */
 938:Drivers/STM32L4xx_HAL_Driver/Src/stm32l4xx_hal_spi.c ****       if (__HAL_SPI_GET_FLAG(hspi, SPI_FLAG_TXE))
 939:Drivers/STM32L4xx_HAL_Driver/Src/stm32l4xx_hal_spi.c ****       {
 940:Drivers/STM32L4xx_HAL_Driver/Src/stm32l4xx_hal_spi.c ****         if (hspi->TxXferCount > 1U)
 941:Drivers/STM32L4xx_HAL_Driver/Src/stm32l4xx_hal_spi.c ****         {
 942:Drivers/STM32L4xx_HAL_Driver/Src/stm32l4xx_hal_spi.c ****           /* write on the data register in packing mode */
ARM GAS  /tmp/ccl8yU0j.s 			page 18


 943:Drivers/STM32L4xx_HAL_Driver/Src/stm32l4xx_hal_spi.c ****           hspi->Instance->DR = *((const uint16_t *)hspi->pTxBuffPtr);
 944:Drivers/STM32L4xx_HAL_Driver/Src/stm32l4xx_hal_spi.c ****           hspi->pTxBuffPtr += sizeof(uint16_t);
 945:Drivers/STM32L4xx_HAL_Driver/Src/stm32l4xx_hal_spi.c ****           hspi->TxXferCount -= 2U;
 946:Drivers/STM32L4xx_HAL_Driver/Src/stm32l4xx_hal_spi.c ****         }
 947:Drivers/STM32L4xx_HAL_Driver/Src/stm32l4xx_hal_spi.c ****         else
 948:Drivers/STM32L4xx_HAL_Driver/Src/stm32l4xx_hal_spi.c ****         {
 949:Drivers/STM32L4xx_HAL_Driver/Src/stm32l4xx_hal_spi.c ****           *((__IO uint8_t *)&hspi->Instance->DR) = *((const uint8_t *)hspi->pTxBuffPtr);
 950:Drivers/STM32L4xx_HAL_Driver/Src/stm32l4xx_hal_spi.c ****           hspi->pTxBuffPtr++;
 951:Drivers/STM32L4xx_HAL_Driver/Src/stm32l4xx_hal_spi.c ****           hspi->TxXferCount--;
 952:Drivers/STM32L4xx_HAL_Driver/Src/stm32l4xx_hal_spi.c ****         }
 953:Drivers/STM32L4xx_HAL_Driver/Src/stm32l4xx_hal_spi.c ****       }
 954:Drivers/STM32L4xx_HAL_Driver/Src/stm32l4xx_hal_spi.c ****       else
 955:Drivers/STM32L4xx_HAL_Driver/Src/stm32l4xx_hal_spi.c ****       {
 956:Drivers/STM32L4xx_HAL_Driver/Src/stm32l4xx_hal_spi.c ****         /* Timeout management */
 957:Drivers/STM32L4xx_HAL_Driver/Src/stm32l4xx_hal_spi.c ****         if ((((HAL_GetTick() - tickstart) >=  Timeout) && (Timeout != HAL_MAX_DELAY)) || (Timeout =
 958:Drivers/STM32L4xx_HAL_Driver/Src/stm32l4xx_hal_spi.c ****         {
 959:Drivers/STM32L4xx_HAL_Driver/Src/stm32l4xx_hal_spi.c ****           hspi->State = HAL_SPI_STATE_READY;
 960:Drivers/STM32L4xx_HAL_Driver/Src/stm32l4xx_hal_spi.c ****           __HAL_UNLOCK(hspi);
 961:Drivers/STM32L4xx_HAL_Driver/Src/stm32l4xx_hal_spi.c ****           return HAL_TIMEOUT;
 962:Drivers/STM32L4xx_HAL_Driver/Src/stm32l4xx_hal_spi.c ****         }
 963:Drivers/STM32L4xx_HAL_Driver/Src/stm32l4xx_hal_spi.c ****       }
 964:Drivers/STM32L4xx_HAL_Driver/Src/stm32l4xx_hal_spi.c ****     }
 965:Drivers/STM32L4xx_HAL_Driver/Src/stm32l4xx_hal_spi.c ****   }
 966:Drivers/STM32L4xx_HAL_Driver/Src/stm32l4xx_hal_spi.c **** #if (USE_SPI_CRC != 0U)
 967:Drivers/STM32L4xx_HAL_Driver/Src/stm32l4xx_hal_spi.c ****   /* Enable CRC Transmission */
 968:Drivers/STM32L4xx_HAL_Driver/Src/stm32l4xx_hal_spi.c ****   if (hspi->Init.CRCCalculation == SPI_CRCCALCULATION_ENABLE)
 969:Drivers/STM32L4xx_HAL_Driver/Src/stm32l4xx_hal_spi.c ****   {
 970:Drivers/STM32L4xx_HAL_Driver/Src/stm32l4xx_hal_spi.c ****     SET_BIT(hspi->Instance->CR1, SPI_CR1_CRCNEXT);
 971:Drivers/STM32L4xx_HAL_Driver/Src/stm32l4xx_hal_spi.c ****   }
 972:Drivers/STM32L4xx_HAL_Driver/Src/stm32l4xx_hal_spi.c **** #endif /* USE_SPI_CRC */
 973:Drivers/STM32L4xx_HAL_Driver/Src/stm32l4xx_hal_spi.c **** 
 974:Drivers/STM32L4xx_HAL_Driver/Src/stm32l4xx_hal_spi.c ****   /* Check the end of the transaction */
 975:Drivers/STM32L4xx_HAL_Driver/Src/stm32l4xx_hal_spi.c ****   if (SPI_EndRxTxTransaction(hspi, Timeout, tickstart) != HAL_OK)
 976:Drivers/STM32L4xx_HAL_Driver/Src/stm32l4xx_hal_spi.c ****   {
 977:Drivers/STM32L4xx_HAL_Driver/Src/stm32l4xx_hal_spi.c ****     hspi->ErrorCode = HAL_SPI_ERROR_FLAG;
 978:Drivers/STM32L4xx_HAL_Driver/Src/stm32l4xx_hal_spi.c ****   }
 979:Drivers/STM32L4xx_HAL_Driver/Src/stm32l4xx_hal_spi.c **** 
 980:Drivers/STM32L4xx_HAL_Driver/Src/stm32l4xx_hal_spi.c ****   /* Clear overrun flag in 2 Lines communication mode because received is not read */
 981:Drivers/STM32L4xx_HAL_Driver/Src/stm32l4xx_hal_spi.c ****   if (hspi->Init.Direction == SPI_DIRECTION_2LINES)
 982:Drivers/STM32L4xx_HAL_Driver/Src/stm32l4xx_hal_spi.c ****   {
 983:Drivers/STM32L4xx_HAL_Driver/Src/stm32l4xx_hal_spi.c ****     __HAL_SPI_CLEAR_OVRFLAG(hspi);
 984:Drivers/STM32L4xx_HAL_Driver/Src/stm32l4xx_hal_spi.c ****   }
 985:Drivers/STM32L4xx_HAL_Driver/Src/stm32l4xx_hal_spi.c **** 
 986:Drivers/STM32L4xx_HAL_Driver/Src/stm32l4xx_hal_spi.c ****   hspi->State = HAL_SPI_STATE_READY;
 987:Drivers/STM32L4xx_HAL_Driver/Src/stm32l4xx_hal_spi.c ****   /* Process Unlocked */
 988:Drivers/STM32L4xx_HAL_Driver/Src/stm32l4xx_hal_spi.c ****   __HAL_UNLOCK(hspi);
 989:Drivers/STM32L4xx_HAL_Driver/Src/stm32l4xx_hal_spi.c **** 
 990:Drivers/STM32L4xx_HAL_Driver/Src/stm32l4xx_hal_spi.c ****   if (hspi->ErrorCode != HAL_SPI_ERROR_NONE)
 991:Drivers/STM32L4xx_HAL_Driver/Src/stm32l4xx_hal_spi.c ****   {
 992:Drivers/STM32L4xx_HAL_Driver/Src/stm32l4xx_hal_spi.c ****     return HAL_ERROR;
 993:Drivers/STM32L4xx_HAL_Driver/Src/stm32l4xx_hal_spi.c ****   }
 994:Drivers/STM32L4xx_HAL_Driver/Src/stm32l4xx_hal_spi.c ****   else
 995:Drivers/STM32L4xx_HAL_Driver/Src/stm32l4xx_hal_spi.c ****   {
 996:Drivers/STM32L4xx_HAL_Driver/Src/stm32l4xx_hal_spi.c ****     return HAL_OK;
 997:Drivers/STM32L4xx_HAL_Driver/Src/stm32l4xx_hal_spi.c ****   }
 998:Drivers/STM32L4xx_HAL_Driver/Src/stm32l4xx_hal_spi.c **** }
 999:Drivers/STM32L4xx_HAL_Driver/Src/stm32l4xx_hal_spi.c **** 
ARM GAS  /tmp/ccl8yU0j.s 			page 19


1000:Drivers/STM32L4xx_HAL_Driver/Src/stm32l4xx_hal_spi.c **** /**
1001:Drivers/STM32L4xx_HAL_Driver/Src/stm32l4xx_hal_spi.c ****   * @brief  Receive an amount of data in blocking mode.
1002:Drivers/STM32L4xx_HAL_Driver/Src/stm32l4xx_hal_spi.c ****   * @param  hspi pointer to a SPI_HandleTypeDef structure that contains
1003:Drivers/STM32L4xx_HAL_Driver/Src/stm32l4xx_hal_spi.c ****   *               the configuration information for SPI module.
1004:Drivers/STM32L4xx_HAL_Driver/Src/stm32l4xx_hal_spi.c ****   * @param  pData pointer to data buffer
1005:Drivers/STM32L4xx_HAL_Driver/Src/stm32l4xx_hal_spi.c ****   * @param  Size amount of data to be received
1006:Drivers/STM32L4xx_HAL_Driver/Src/stm32l4xx_hal_spi.c ****   * @param  Timeout Timeout duration
1007:Drivers/STM32L4xx_HAL_Driver/Src/stm32l4xx_hal_spi.c ****   * @retval HAL status
1008:Drivers/STM32L4xx_HAL_Driver/Src/stm32l4xx_hal_spi.c ****   */
1009:Drivers/STM32L4xx_HAL_Driver/Src/stm32l4xx_hal_spi.c **** HAL_StatusTypeDef HAL_SPI_Receive(SPI_HandleTypeDef *hspi, uint8_t *pData, uint16_t Size, uint32_t 
1010:Drivers/STM32L4xx_HAL_Driver/Src/stm32l4xx_hal_spi.c **** {
1011:Drivers/STM32L4xx_HAL_Driver/Src/stm32l4xx_hal_spi.c **** #if (USE_SPI_CRC != 0U)
1012:Drivers/STM32L4xx_HAL_Driver/Src/stm32l4xx_hal_spi.c ****   __IO uint32_t tmpreg = 0U;
1013:Drivers/STM32L4xx_HAL_Driver/Src/stm32l4xx_hal_spi.c ****   __IO uint8_t  *ptmpreg8;
1014:Drivers/STM32L4xx_HAL_Driver/Src/stm32l4xx_hal_spi.c ****   __IO uint8_t  tmpreg8 = 0;
1015:Drivers/STM32L4xx_HAL_Driver/Src/stm32l4xx_hal_spi.c **** #endif /* USE_SPI_CRC */
1016:Drivers/STM32L4xx_HAL_Driver/Src/stm32l4xx_hal_spi.c ****   uint32_t tickstart;
1017:Drivers/STM32L4xx_HAL_Driver/Src/stm32l4xx_hal_spi.c **** 
1018:Drivers/STM32L4xx_HAL_Driver/Src/stm32l4xx_hal_spi.c ****   if (hspi->State != HAL_SPI_STATE_READY)
1019:Drivers/STM32L4xx_HAL_Driver/Src/stm32l4xx_hal_spi.c ****   {
1020:Drivers/STM32L4xx_HAL_Driver/Src/stm32l4xx_hal_spi.c ****     return HAL_BUSY;
1021:Drivers/STM32L4xx_HAL_Driver/Src/stm32l4xx_hal_spi.c ****   }
1022:Drivers/STM32L4xx_HAL_Driver/Src/stm32l4xx_hal_spi.c **** 
1023:Drivers/STM32L4xx_HAL_Driver/Src/stm32l4xx_hal_spi.c ****   if ((hspi->Init.Mode == SPI_MODE_MASTER) && (hspi->Init.Direction == SPI_DIRECTION_2LINES))
1024:Drivers/STM32L4xx_HAL_Driver/Src/stm32l4xx_hal_spi.c ****   {
1025:Drivers/STM32L4xx_HAL_Driver/Src/stm32l4xx_hal_spi.c ****     hspi->State = HAL_SPI_STATE_BUSY_RX;
1026:Drivers/STM32L4xx_HAL_Driver/Src/stm32l4xx_hal_spi.c ****     /* Call transmit-receive function to send Dummy data on Tx line and generate clock on CLK line 
1027:Drivers/STM32L4xx_HAL_Driver/Src/stm32l4xx_hal_spi.c ****     return HAL_SPI_TransmitReceive(hspi, pData, pData, Size, Timeout);
1028:Drivers/STM32L4xx_HAL_Driver/Src/stm32l4xx_hal_spi.c ****   }
1029:Drivers/STM32L4xx_HAL_Driver/Src/stm32l4xx_hal_spi.c **** 
1030:Drivers/STM32L4xx_HAL_Driver/Src/stm32l4xx_hal_spi.c ****   /* Init tickstart for timeout management*/
1031:Drivers/STM32L4xx_HAL_Driver/Src/stm32l4xx_hal_spi.c ****   tickstart = HAL_GetTick();
1032:Drivers/STM32L4xx_HAL_Driver/Src/stm32l4xx_hal_spi.c **** 
1033:Drivers/STM32L4xx_HAL_Driver/Src/stm32l4xx_hal_spi.c ****   if ((pData == NULL) || (Size == 0U))
1034:Drivers/STM32L4xx_HAL_Driver/Src/stm32l4xx_hal_spi.c ****   {
1035:Drivers/STM32L4xx_HAL_Driver/Src/stm32l4xx_hal_spi.c ****     return HAL_ERROR;
1036:Drivers/STM32L4xx_HAL_Driver/Src/stm32l4xx_hal_spi.c ****   }
1037:Drivers/STM32L4xx_HAL_Driver/Src/stm32l4xx_hal_spi.c **** 
1038:Drivers/STM32L4xx_HAL_Driver/Src/stm32l4xx_hal_spi.c ****   /* Process Locked */
1039:Drivers/STM32L4xx_HAL_Driver/Src/stm32l4xx_hal_spi.c ****   __HAL_LOCK(hspi);
1040:Drivers/STM32L4xx_HAL_Driver/Src/stm32l4xx_hal_spi.c **** 
1041:Drivers/STM32L4xx_HAL_Driver/Src/stm32l4xx_hal_spi.c ****   /* Set the transaction information */
1042:Drivers/STM32L4xx_HAL_Driver/Src/stm32l4xx_hal_spi.c ****   hspi->State       = HAL_SPI_STATE_BUSY_RX;
1043:Drivers/STM32L4xx_HAL_Driver/Src/stm32l4xx_hal_spi.c ****   hspi->ErrorCode   = HAL_SPI_ERROR_NONE;
1044:Drivers/STM32L4xx_HAL_Driver/Src/stm32l4xx_hal_spi.c ****   hspi->pRxBuffPtr  = (uint8_t *)pData;
1045:Drivers/STM32L4xx_HAL_Driver/Src/stm32l4xx_hal_spi.c ****   hspi->RxXferSize  = Size;
1046:Drivers/STM32L4xx_HAL_Driver/Src/stm32l4xx_hal_spi.c ****   hspi->RxXferCount = Size;
1047:Drivers/STM32L4xx_HAL_Driver/Src/stm32l4xx_hal_spi.c **** 
1048:Drivers/STM32L4xx_HAL_Driver/Src/stm32l4xx_hal_spi.c ****   /*Init field not used in handle to zero */
1049:Drivers/STM32L4xx_HAL_Driver/Src/stm32l4xx_hal_spi.c ****   hspi->pTxBuffPtr  = (uint8_t *)NULL;
1050:Drivers/STM32L4xx_HAL_Driver/Src/stm32l4xx_hal_spi.c ****   hspi->TxXferSize  = 0U;
1051:Drivers/STM32L4xx_HAL_Driver/Src/stm32l4xx_hal_spi.c ****   hspi->TxXferCount = 0U;
1052:Drivers/STM32L4xx_HAL_Driver/Src/stm32l4xx_hal_spi.c ****   hspi->RxISR       = NULL;
1053:Drivers/STM32L4xx_HAL_Driver/Src/stm32l4xx_hal_spi.c ****   hspi->TxISR       = NULL;
1054:Drivers/STM32L4xx_HAL_Driver/Src/stm32l4xx_hal_spi.c **** 
1055:Drivers/STM32L4xx_HAL_Driver/Src/stm32l4xx_hal_spi.c **** #if (USE_SPI_CRC != 0U)
1056:Drivers/STM32L4xx_HAL_Driver/Src/stm32l4xx_hal_spi.c ****   /* Reset CRC Calculation */
ARM GAS  /tmp/ccl8yU0j.s 			page 20


1057:Drivers/STM32L4xx_HAL_Driver/Src/stm32l4xx_hal_spi.c ****   if (hspi->Init.CRCCalculation == SPI_CRCCALCULATION_ENABLE)
1058:Drivers/STM32L4xx_HAL_Driver/Src/stm32l4xx_hal_spi.c ****   {
1059:Drivers/STM32L4xx_HAL_Driver/Src/stm32l4xx_hal_spi.c ****     SPI_RESET_CRC(hspi);
1060:Drivers/STM32L4xx_HAL_Driver/Src/stm32l4xx_hal_spi.c ****     /* this is done to handle the CRCNEXT before the latest data */
1061:Drivers/STM32L4xx_HAL_Driver/Src/stm32l4xx_hal_spi.c ****     hspi->RxXferCount--;
1062:Drivers/STM32L4xx_HAL_Driver/Src/stm32l4xx_hal_spi.c ****   }
1063:Drivers/STM32L4xx_HAL_Driver/Src/stm32l4xx_hal_spi.c **** #endif /* USE_SPI_CRC */
1064:Drivers/STM32L4xx_HAL_Driver/Src/stm32l4xx_hal_spi.c **** 
1065:Drivers/STM32L4xx_HAL_Driver/Src/stm32l4xx_hal_spi.c ****   /* Set the Rx Fifo threshold */
1066:Drivers/STM32L4xx_HAL_Driver/Src/stm32l4xx_hal_spi.c ****   if (hspi->Init.DataSize > SPI_DATASIZE_8BIT)
1067:Drivers/STM32L4xx_HAL_Driver/Src/stm32l4xx_hal_spi.c ****   {
1068:Drivers/STM32L4xx_HAL_Driver/Src/stm32l4xx_hal_spi.c ****     /* Set RX Fifo threshold according the reception data length: 16bit */
1069:Drivers/STM32L4xx_HAL_Driver/Src/stm32l4xx_hal_spi.c ****     CLEAR_BIT(hspi->Instance->CR2, SPI_RXFIFO_THRESHOLD);
1070:Drivers/STM32L4xx_HAL_Driver/Src/stm32l4xx_hal_spi.c ****   }
1071:Drivers/STM32L4xx_HAL_Driver/Src/stm32l4xx_hal_spi.c ****   else
1072:Drivers/STM32L4xx_HAL_Driver/Src/stm32l4xx_hal_spi.c ****   {
1073:Drivers/STM32L4xx_HAL_Driver/Src/stm32l4xx_hal_spi.c ****     /* Set RX Fifo threshold according the reception data length: 8bit */
1074:Drivers/STM32L4xx_HAL_Driver/Src/stm32l4xx_hal_spi.c ****     SET_BIT(hspi->Instance->CR2, SPI_RXFIFO_THRESHOLD);
1075:Drivers/STM32L4xx_HAL_Driver/Src/stm32l4xx_hal_spi.c ****   }
1076:Drivers/STM32L4xx_HAL_Driver/Src/stm32l4xx_hal_spi.c **** 
1077:Drivers/STM32L4xx_HAL_Driver/Src/stm32l4xx_hal_spi.c ****   /* Configure communication direction: 1Line */
1078:Drivers/STM32L4xx_HAL_Driver/Src/stm32l4xx_hal_spi.c ****   if (hspi->Init.Direction == SPI_DIRECTION_1LINE)
1079:Drivers/STM32L4xx_HAL_Driver/Src/stm32l4xx_hal_spi.c ****   {
1080:Drivers/STM32L4xx_HAL_Driver/Src/stm32l4xx_hal_spi.c ****     /* Disable SPI Peripheral before set 1Line direction (BIDIOE bit) */
1081:Drivers/STM32L4xx_HAL_Driver/Src/stm32l4xx_hal_spi.c ****     __HAL_SPI_DISABLE(hspi);
1082:Drivers/STM32L4xx_HAL_Driver/Src/stm32l4xx_hal_spi.c ****     SPI_1LINE_RX(hspi);
1083:Drivers/STM32L4xx_HAL_Driver/Src/stm32l4xx_hal_spi.c ****   }
1084:Drivers/STM32L4xx_HAL_Driver/Src/stm32l4xx_hal_spi.c **** 
1085:Drivers/STM32L4xx_HAL_Driver/Src/stm32l4xx_hal_spi.c ****   /* Check if the SPI is already enabled */
1086:Drivers/STM32L4xx_HAL_Driver/Src/stm32l4xx_hal_spi.c ****   if ((hspi->Instance->CR1 & SPI_CR1_SPE) != SPI_CR1_SPE)
1087:Drivers/STM32L4xx_HAL_Driver/Src/stm32l4xx_hal_spi.c ****   {
1088:Drivers/STM32L4xx_HAL_Driver/Src/stm32l4xx_hal_spi.c ****     /* Enable SPI peripheral */
1089:Drivers/STM32L4xx_HAL_Driver/Src/stm32l4xx_hal_spi.c ****     __HAL_SPI_ENABLE(hspi);
1090:Drivers/STM32L4xx_HAL_Driver/Src/stm32l4xx_hal_spi.c ****   }
1091:Drivers/STM32L4xx_HAL_Driver/Src/stm32l4xx_hal_spi.c **** 
1092:Drivers/STM32L4xx_HAL_Driver/Src/stm32l4xx_hal_spi.c ****   /* Receive data in 8 Bit mode */
1093:Drivers/STM32L4xx_HAL_Driver/Src/stm32l4xx_hal_spi.c ****   if (hspi->Init.DataSize <= SPI_DATASIZE_8BIT)
1094:Drivers/STM32L4xx_HAL_Driver/Src/stm32l4xx_hal_spi.c ****   {
1095:Drivers/STM32L4xx_HAL_Driver/Src/stm32l4xx_hal_spi.c ****     /* Transfer loop */
1096:Drivers/STM32L4xx_HAL_Driver/Src/stm32l4xx_hal_spi.c ****     while (hspi->RxXferCount > 0U)
1097:Drivers/STM32L4xx_HAL_Driver/Src/stm32l4xx_hal_spi.c ****     {
1098:Drivers/STM32L4xx_HAL_Driver/Src/stm32l4xx_hal_spi.c ****       /* Check the RXNE flag */
1099:Drivers/STM32L4xx_HAL_Driver/Src/stm32l4xx_hal_spi.c ****       if (__HAL_SPI_GET_FLAG(hspi, SPI_FLAG_RXNE))
1100:Drivers/STM32L4xx_HAL_Driver/Src/stm32l4xx_hal_spi.c ****       {
1101:Drivers/STM32L4xx_HAL_Driver/Src/stm32l4xx_hal_spi.c ****         /* read the received data */
1102:Drivers/STM32L4xx_HAL_Driver/Src/stm32l4xx_hal_spi.c ****         (* (uint8_t *)hspi->pRxBuffPtr) = *(__IO uint8_t *)&hspi->Instance->DR;
1103:Drivers/STM32L4xx_HAL_Driver/Src/stm32l4xx_hal_spi.c ****         hspi->pRxBuffPtr += sizeof(uint8_t);
1104:Drivers/STM32L4xx_HAL_Driver/Src/stm32l4xx_hal_spi.c ****         hspi->RxXferCount--;
1105:Drivers/STM32L4xx_HAL_Driver/Src/stm32l4xx_hal_spi.c ****       }
1106:Drivers/STM32L4xx_HAL_Driver/Src/stm32l4xx_hal_spi.c ****       else
1107:Drivers/STM32L4xx_HAL_Driver/Src/stm32l4xx_hal_spi.c ****       {
1108:Drivers/STM32L4xx_HAL_Driver/Src/stm32l4xx_hal_spi.c ****         /* Timeout management */
1109:Drivers/STM32L4xx_HAL_Driver/Src/stm32l4xx_hal_spi.c ****         if ((((HAL_GetTick() - tickstart) >=  Timeout) && (Timeout != HAL_MAX_DELAY)) || (Timeout =
1110:Drivers/STM32L4xx_HAL_Driver/Src/stm32l4xx_hal_spi.c ****         {
1111:Drivers/STM32L4xx_HAL_Driver/Src/stm32l4xx_hal_spi.c ****           hspi->State = HAL_SPI_STATE_READY;
1112:Drivers/STM32L4xx_HAL_Driver/Src/stm32l4xx_hal_spi.c ****           __HAL_UNLOCK(hspi);
1113:Drivers/STM32L4xx_HAL_Driver/Src/stm32l4xx_hal_spi.c ****           return HAL_TIMEOUT;
ARM GAS  /tmp/ccl8yU0j.s 			page 21


1114:Drivers/STM32L4xx_HAL_Driver/Src/stm32l4xx_hal_spi.c ****         }
1115:Drivers/STM32L4xx_HAL_Driver/Src/stm32l4xx_hal_spi.c ****       }
1116:Drivers/STM32L4xx_HAL_Driver/Src/stm32l4xx_hal_spi.c ****     }
1117:Drivers/STM32L4xx_HAL_Driver/Src/stm32l4xx_hal_spi.c ****   }
1118:Drivers/STM32L4xx_HAL_Driver/Src/stm32l4xx_hal_spi.c ****   else
1119:Drivers/STM32L4xx_HAL_Driver/Src/stm32l4xx_hal_spi.c ****   {
1120:Drivers/STM32L4xx_HAL_Driver/Src/stm32l4xx_hal_spi.c ****     /* Transfer loop */
1121:Drivers/STM32L4xx_HAL_Driver/Src/stm32l4xx_hal_spi.c ****     while (hspi->RxXferCount > 0U)
1122:Drivers/STM32L4xx_HAL_Driver/Src/stm32l4xx_hal_spi.c ****     {
1123:Drivers/STM32L4xx_HAL_Driver/Src/stm32l4xx_hal_spi.c ****       /* Check the RXNE flag */
1124:Drivers/STM32L4xx_HAL_Driver/Src/stm32l4xx_hal_spi.c ****       if (__HAL_SPI_GET_FLAG(hspi, SPI_FLAG_RXNE))
1125:Drivers/STM32L4xx_HAL_Driver/Src/stm32l4xx_hal_spi.c ****       {
1126:Drivers/STM32L4xx_HAL_Driver/Src/stm32l4xx_hal_spi.c ****         *((uint16_t *)hspi->pRxBuffPtr) = (uint16_t)hspi->Instance->DR;
1127:Drivers/STM32L4xx_HAL_Driver/Src/stm32l4xx_hal_spi.c ****         hspi->pRxBuffPtr += sizeof(uint16_t);
1128:Drivers/STM32L4xx_HAL_Driver/Src/stm32l4xx_hal_spi.c ****         hspi->RxXferCount--;
1129:Drivers/STM32L4xx_HAL_Driver/Src/stm32l4xx_hal_spi.c ****       }
1130:Drivers/STM32L4xx_HAL_Driver/Src/stm32l4xx_hal_spi.c ****       else
1131:Drivers/STM32L4xx_HAL_Driver/Src/stm32l4xx_hal_spi.c ****       {
1132:Drivers/STM32L4xx_HAL_Driver/Src/stm32l4xx_hal_spi.c ****         /* Timeout management */
1133:Drivers/STM32L4xx_HAL_Driver/Src/stm32l4xx_hal_spi.c ****         if ((((HAL_GetTick() - tickstart) >=  Timeout) && (Timeout != HAL_MAX_DELAY)) || (Timeout =
1134:Drivers/STM32L4xx_HAL_Driver/Src/stm32l4xx_hal_spi.c ****         {
1135:Drivers/STM32L4xx_HAL_Driver/Src/stm32l4xx_hal_spi.c ****           hspi->State = HAL_SPI_STATE_READY;
1136:Drivers/STM32L4xx_HAL_Driver/Src/stm32l4xx_hal_spi.c ****           __HAL_UNLOCK(hspi);
1137:Drivers/STM32L4xx_HAL_Driver/Src/stm32l4xx_hal_spi.c ****           return HAL_TIMEOUT;
1138:Drivers/STM32L4xx_HAL_Driver/Src/stm32l4xx_hal_spi.c ****         }
1139:Drivers/STM32L4xx_HAL_Driver/Src/stm32l4xx_hal_spi.c ****       }
1140:Drivers/STM32L4xx_HAL_Driver/Src/stm32l4xx_hal_spi.c ****     }
1141:Drivers/STM32L4xx_HAL_Driver/Src/stm32l4xx_hal_spi.c ****   }
1142:Drivers/STM32L4xx_HAL_Driver/Src/stm32l4xx_hal_spi.c **** 
1143:Drivers/STM32L4xx_HAL_Driver/Src/stm32l4xx_hal_spi.c **** #if (USE_SPI_CRC != 0U)
1144:Drivers/STM32L4xx_HAL_Driver/Src/stm32l4xx_hal_spi.c ****   /* Handle the CRC Transmission */
1145:Drivers/STM32L4xx_HAL_Driver/Src/stm32l4xx_hal_spi.c ****   if (hspi->Init.CRCCalculation == SPI_CRCCALCULATION_ENABLE)
1146:Drivers/STM32L4xx_HAL_Driver/Src/stm32l4xx_hal_spi.c ****   {
1147:Drivers/STM32L4xx_HAL_Driver/Src/stm32l4xx_hal_spi.c ****     /* freeze the CRC before the latest data */
1148:Drivers/STM32L4xx_HAL_Driver/Src/stm32l4xx_hal_spi.c ****     SET_BIT(hspi->Instance->CR1, SPI_CR1_CRCNEXT);
1149:Drivers/STM32L4xx_HAL_Driver/Src/stm32l4xx_hal_spi.c **** 
1150:Drivers/STM32L4xx_HAL_Driver/Src/stm32l4xx_hal_spi.c ****     /* Read the latest data */
1151:Drivers/STM32L4xx_HAL_Driver/Src/stm32l4xx_hal_spi.c ****     if (SPI_WaitFlagStateUntilTimeout(hspi, SPI_FLAG_RXNE, SET, Timeout, tickstart) != HAL_OK)
1152:Drivers/STM32L4xx_HAL_Driver/Src/stm32l4xx_hal_spi.c ****     {
1153:Drivers/STM32L4xx_HAL_Driver/Src/stm32l4xx_hal_spi.c ****       /* the latest data has not been received */
1154:Drivers/STM32L4xx_HAL_Driver/Src/stm32l4xx_hal_spi.c ****       __HAL_UNLOCK(hspi);
1155:Drivers/STM32L4xx_HAL_Driver/Src/stm32l4xx_hal_spi.c ****       return HAL_TIMEOUT;
1156:Drivers/STM32L4xx_HAL_Driver/Src/stm32l4xx_hal_spi.c ****     }
1157:Drivers/STM32L4xx_HAL_Driver/Src/stm32l4xx_hal_spi.c **** 
1158:Drivers/STM32L4xx_HAL_Driver/Src/stm32l4xx_hal_spi.c ****     /* Receive last data in 16 Bit mode */
1159:Drivers/STM32L4xx_HAL_Driver/Src/stm32l4xx_hal_spi.c ****     if (hspi->Init.DataSize > SPI_DATASIZE_8BIT)
1160:Drivers/STM32L4xx_HAL_Driver/Src/stm32l4xx_hal_spi.c ****     {
1161:Drivers/STM32L4xx_HAL_Driver/Src/stm32l4xx_hal_spi.c ****       *((uint16_t *)hspi->pRxBuffPtr) = (uint16_t)hspi->Instance->DR;
1162:Drivers/STM32L4xx_HAL_Driver/Src/stm32l4xx_hal_spi.c ****     }
1163:Drivers/STM32L4xx_HAL_Driver/Src/stm32l4xx_hal_spi.c ****     /* Receive last data in 8 Bit mode */
1164:Drivers/STM32L4xx_HAL_Driver/Src/stm32l4xx_hal_spi.c ****     else
1165:Drivers/STM32L4xx_HAL_Driver/Src/stm32l4xx_hal_spi.c ****     {
1166:Drivers/STM32L4xx_HAL_Driver/Src/stm32l4xx_hal_spi.c ****       (*(uint8_t *)hspi->pRxBuffPtr) = *(__IO uint8_t *)&hspi->Instance->DR;
1167:Drivers/STM32L4xx_HAL_Driver/Src/stm32l4xx_hal_spi.c ****     }
1168:Drivers/STM32L4xx_HAL_Driver/Src/stm32l4xx_hal_spi.c **** 
1169:Drivers/STM32L4xx_HAL_Driver/Src/stm32l4xx_hal_spi.c ****     /* Wait the CRC data */
1170:Drivers/STM32L4xx_HAL_Driver/Src/stm32l4xx_hal_spi.c ****     if (SPI_WaitFlagStateUntilTimeout(hspi, SPI_FLAG_RXNE, SET, Timeout, tickstart) != HAL_OK)
ARM GAS  /tmp/ccl8yU0j.s 			page 22


1171:Drivers/STM32L4xx_HAL_Driver/Src/stm32l4xx_hal_spi.c ****     {
1172:Drivers/STM32L4xx_HAL_Driver/Src/stm32l4xx_hal_spi.c ****       SET_BIT(hspi->ErrorCode, HAL_SPI_ERROR_CRC);
1173:Drivers/STM32L4xx_HAL_Driver/Src/stm32l4xx_hal_spi.c ****       hspi->State = HAL_SPI_STATE_READY;
1174:Drivers/STM32L4xx_HAL_Driver/Src/stm32l4xx_hal_spi.c ****       __HAL_UNLOCK(hspi);
1175:Drivers/STM32L4xx_HAL_Driver/Src/stm32l4xx_hal_spi.c ****       return HAL_TIMEOUT;
1176:Drivers/STM32L4xx_HAL_Driver/Src/stm32l4xx_hal_spi.c ****     }
1177:Drivers/STM32L4xx_HAL_Driver/Src/stm32l4xx_hal_spi.c **** 
1178:Drivers/STM32L4xx_HAL_Driver/Src/stm32l4xx_hal_spi.c ****     /* Read CRC to Flush DR and RXNE flag */
1179:Drivers/STM32L4xx_HAL_Driver/Src/stm32l4xx_hal_spi.c ****     if (hspi->Init.DataSize == SPI_DATASIZE_16BIT)
1180:Drivers/STM32L4xx_HAL_Driver/Src/stm32l4xx_hal_spi.c ****     {
1181:Drivers/STM32L4xx_HAL_Driver/Src/stm32l4xx_hal_spi.c ****       /* Read 16bit CRC */
1182:Drivers/STM32L4xx_HAL_Driver/Src/stm32l4xx_hal_spi.c ****       tmpreg = READ_REG(hspi->Instance->DR);
1183:Drivers/STM32L4xx_HAL_Driver/Src/stm32l4xx_hal_spi.c ****       /* To avoid GCC warning */
1184:Drivers/STM32L4xx_HAL_Driver/Src/stm32l4xx_hal_spi.c ****       UNUSED(tmpreg);
1185:Drivers/STM32L4xx_HAL_Driver/Src/stm32l4xx_hal_spi.c ****     }
1186:Drivers/STM32L4xx_HAL_Driver/Src/stm32l4xx_hal_spi.c ****     else
1187:Drivers/STM32L4xx_HAL_Driver/Src/stm32l4xx_hal_spi.c ****     {
1188:Drivers/STM32L4xx_HAL_Driver/Src/stm32l4xx_hal_spi.c ****       /* Initialize the 8bit temporary pointer */
1189:Drivers/STM32L4xx_HAL_Driver/Src/stm32l4xx_hal_spi.c ****       ptmpreg8 = (__IO uint8_t *)&hspi->Instance->DR;
1190:Drivers/STM32L4xx_HAL_Driver/Src/stm32l4xx_hal_spi.c ****       /* Read 8bit CRC */
1191:Drivers/STM32L4xx_HAL_Driver/Src/stm32l4xx_hal_spi.c ****       tmpreg8 = *ptmpreg8;
1192:Drivers/STM32L4xx_HAL_Driver/Src/stm32l4xx_hal_spi.c ****       /* To avoid GCC warning */
1193:Drivers/STM32L4xx_HAL_Driver/Src/stm32l4xx_hal_spi.c ****       UNUSED(tmpreg8);
1194:Drivers/STM32L4xx_HAL_Driver/Src/stm32l4xx_hal_spi.c **** 
1195:Drivers/STM32L4xx_HAL_Driver/Src/stm32l4xx_hal_spi.c ****       if ((hspi->Init.DataSize == SPI_DATASIZE_8BIT) && (hspi->Init.CRCLength == SPI_CRC_LENGTH_16B
1196:Drivers/STM32L4xx_HAL_Driver/Src/stm32l4xx_hal_spi.c ****       {
1197:Drivers/STM32L4xx_HAL_Driver/Src/stm32l4xx_hal_spi.c ****         if (SPI_WaitFlagStateUntilTimeout(hspi, SPI_FLAG_RXNE, SET, Timeout, tickstart) != HAL_OK)
1198:Drivers/STM32L4xx_HAL_Driver/Src/stm32l4xx_hal_spi.c ****         {
1199:Drivers/STM32L4xx_HAL_Driver/Src/stm32l4xx_hal_spi.c ****           /* Error on the CRC reception */
1200:Drivers/STM32L4xx_HAL_Driver/Src/stm32l4xx_hal_spi.c ****           SET_BIT(hspi->ErrorCode, HAL_SPI_ERROR_CRC);
1201:Drivers/STM32L4xx_HAL_Driver/Src/stm32l4xx_hal_spi.c ****           hspi->State = HAL_SPI_STATE_READY;
1202:Drivers/STM32L4xx_HAL_Driver/Src/stm32l4xx_hal_spi.c ****           __HAL_UNLOCK(hspi);
1203:Drivers/STM32L4xx_HAL_Driver/Src/stm32l4xx_hal_spi.c ****           return HAL_TIMEOUT;
1204:Drivers/STM32L4xx_HAL_Driver/Src/stm32l4xx_hal_spi.c ****         }
1205:Drivers/STM32L4xx_HAL_Driver/Src/stm32l4xx_hal_spi.c ****         /* Read 8bit CRC again in case of 16bit CRC in 8bit Data mode */
1206:Drivers/STM32L4xx_HAL_Driver/Src/stm32l4xx_hal_spi.c ****         tmpreg8 = *ptmpreg8;
1207:Drivers/STM32L4xx_HAL_Driver/Src/stm32l4xx_hal_spi.c ****         /* To avoid GCC warning */
1208:Drivers/STM32L4xx_HAL_Driver/Src/stm32l4xx_hal_spi.c ****         UNUSED(tmpreg8);
1209:Drivers/STM32L4xx_HAL_Driver/Src/stm32l4xx_hal_spi.c ****       }
1210:Drivers/STM32L4xx_HAL_Driver/Src/stm32l4xx_hal_spi.c ****     }
1211:Drivers/STM32L4xx_HAL_Driver/Src/stm32l4xx_hal_spi.c ****   }
1212:Drivers/STM32L4xx_HAL_Driver/Src/stm32l4xx_hal_spi.c **** #endif /* USE_SPI_CRC */
1213:Drivers/STM32L4xx_HAL_Driver/Src/stm32l4xx_hal_spi.c **** 
1214:Drivers/STM32L4xx_HAL_Driver/Src/stm32l4xx_hal_spi.c ****   /* Check the end of the transaction */
1215:Drivers/STM32L4xx_HAL_Driver/Src/stm32l4xx_hal_spi.c ****   if (SPI_EndRxTransaction(hspi, Timeout, tickstart) != HAL_OK)
1216:Drivers/STM32L4xx_HAL_Driver/Src/stm32l4xx_hal_spi.c ****   {
1217:Drivers/STM32L4xx_HAL_Driver/Src/stm32l4xx_hal_spi.c ****     hspi->ErrorCode = HAL_SPI_ERROR_FLAG;
1218:Drivers/STM32L4xx_HAL_Driver/Src/stm32l4xx_hal_spi.c ****   }
1219:Drivers/STM32L4xx_HAL_Driver/Src/stm32l4xx_hal_spi.c **** 
1220:Drivers/STM32L4xx_HAL_Driver/Src/stm32l4xx_hal_spi.c **** #if (USE_SPI_CRC != 0U)
1221:Drivers/STM32L4xx_HAL_Driver/Src/stm32l4xx_hal_spi.c ****   /* Check if CRC error occurred */
1222:Drivers/STM32L4xx_HAL_Driver/Src/stm32l4xx_hal_spi.c ****   if (__HAL_SPI_GET_FLAG(hspi, SPI_FLAG_CRCERR))
1223:Drivers/STM32L4xx_HAL_Driver/Src/stm32l4xx_hal_spi.c ****   {
1224:Drivers/STM32L4xx_HAL_Driver/Src/stm32l4xx_hal_spi.c ****     SET_BIT(hspi->ErrorCode, HAL_SPI_ERROR_CRC);
1225:Drivers/STM32L4xx_HAL_Driver/Src/stm32l4xx_hal_spi.c ****     __HAL_SPI_CLEAR_CRCERRFLAG(hspi);
1226:Drivers/STM32L4xx_HAL_Driver/Src/stm32l4xx_hal_spi.c ****   }
1227:Drivers/STM32L4xx_HAL_Driver/Src/stm32l4xx_hal_spi.c **** #endif /* USE_SPI_CRC */
ARM GAS  /tmp/ccl8yU0j.s 			page 23


1228:Drivers/STM32L4xx_HAL_Driver/Src/stm32l4xx_hal_spi.c **** 
1229:Drivers/STM32L4xx_HAL_Driver/Src/stm32l4xx_hal_spi.c ****   hspi->State = HAL_SPI_STATE_READY;
1230:Drivers/STM32L4xx_HAL_Driver/Src/stm32l4xx_hal_spi.c ****   /* Unlock the process */
1231:Drivers/STM32L4xx_HAL_Driver/Src/stm32l4xx_hal_spi.c ****   __HAL_UNLOCK(hspi);
1232:Drivers/STM32L4xx_HAL_Driver/Src/stm32l4xx_hal_spi.c ****   if (hspi->ErrorCode != HAL_SPI_ERROR_NONE)
1233:Drivers/STM32L4xx_HAL_Driver/Src/stm32l4xx_hal_spi.c ****   {
1234:Drivers/STM32L4xx_HAL_Driver/Src/stm32l4xx_hal_spi.c ****     return HAL_ERROR;
1235:Drivers/STM32L4xx_HAL_Driver/Src/stm32l4xx_hal_spi.c ****   }
1236:Drivers/STM32L4xx_HAL_Driver/Src/stm32l4xx_hal_spi.c ****   else
1237:Drivers/STM32L4xx_HAL_Driver/Src/stm32l4xx_hal_spi.c ****   {
1238:Drivers/STM32L4xx_HAL_Driver/Src/stm32l4xx_hal_spi.c ****     return HAL_OK;
1239:Drivers/STM32L4xx_HAL_Driver/Src/stm32l4xx_hal_spi.c ****   }
1240:Drivers/STM32L4xx_HAL_Driver/Src/stm32l4xx_hal_spi.c **** }
1241:Drivers/STM32L4xx_HAL_Driver/Src/stm32l4xx_hal_spi.c **** 
1242:Drivers/STM32L4xx_HAL_Driver/Src/stm32l4xx_hal_spi.c **** /**
1243:Drivers/STM32L4xx_HAL_Driver/Src/stm32l4xx_hal_spi.c ****   * @brief  Transmit and Receive an amount of data in blocking mode.
1244:Drivers/STM32L4xx_HAL_Driver/Src/stm32l4xx_hal_spi.c ****   * @param  hspi pointer to a SPI_HandleTypeDef structure that contains
1245:Drivers/STM32L4xx_HAL_Driver/Src/stm32l4xx_hal_spi.c ****   *               the configuration information for SPI module.
1246:Drivers/STM32L4xx_HAL_Driver/Src/stm32l4xx_hal_spi.c ****   * @param  pTxData pointer to transmission data buffer
1247:Drivers/STM32L4xx_HAL_Driver/Src/stm32l4xx_hal_spi.c ****   * @param  pRxData pointer to reception data buffer
1248:Drivers/STM32L4xx_HAL_Driver/Src/stm32l4xx_hal_spi.c ****   * @param  Size amount of data to be sent and received
1249:Drivers/STM32L4xx_HAL_Driver/Src/stm32l4xx_hal_spi.c ****   * @param  Timeout Timeout duration
1250:Drivers/STM32L4xx_HAL_Driver/Src/stm32l4xx_hal_spi.c ****   * @retval HAL status
1251:Drivers/STM32L4xx_HAL_Driver/Src/stm32l4xx_hal_spi.c ****   */
1252:Drivers/STM32L4xx_HAL_Driver/Src/stm32l4xx_hal_spi.c **** HAL_StatusTypeDef HAL_SPI_TransmitReceive(SPI_HandleTypeDef *hspi, const uint8_t *pTxData, uint8_t 
1253:Drivers/STM32L4xx_HAL_Driver/Src/stm32l4xx_hal_spi.c ****                                           uint16_t Size, uint32_t Timeout)
1254:Drivers/STM32L4xx_HAL_Driver/Src/stm32l4xx_hal_spi.c **** {
1255:Drivers/STM32L4xx_HAL_Driver/Src/stm32l4xx_hal_spi.c ****   uint16_t             initial_TxXferCount;
1256:Drivers/STM32L4xx_HAL_Driver/Src/stm32l4xx_hal_spi.c ****   uint16_t             initial_RxXferCount;
1257:Drivers/STM32L4xx_HAL_Driver/Src/stm32l4xx_hal_spi.c ****   uint32_t             tmp_mode;
1258:Drivers/STM32L4xx_HAL_Driver/Src/stm32l4xx_hal_spi.c ****   HAL_SPI_StateTypeDef tmp_state;
1259:Drivers/STM32L4xx_HAL_Driver/Src/stm32l4xx_hal_spi.c ****   uint32_t             tickstart;
1260:Drivers/STM32L4xx_HAL_Driver/Src/stm32l4xx_hal_spi.c **** #if (USE_SPI_CRC != 0U)
1261:Drivers/STM32L4xx_HAL_Driver/Src/stm32l4xx_hal_spi.c ****   __IO uint32_t tmpreg = 0U;
1262:Drivers/STM32L4xx_HAL_Driver/Src/stm32l4xx_hal_spi.c ****   uint32_t             spi_cr1;
1263:Drivers/STM32L4xx_HAL_Driver/Src/stm32l4xx_hal_spi.c ****   uint32_t             spi_cr2;
1264:Drivers/STM32L4xx_HAL_Driver/Src/stm32l4xx_hal_spi.c ****   __IO uint8_t  *ptmpreg8;
1265:Drivers/STM32L4xx_HAL_Driver/Src/stm32l4xx_hal_spi.c ****   __IO uint8_t  tmpreg8 = 0;
1266:Drivers/STM32L4xx_HAL_Driver/Src/stm32l4xx_hal_spi.c **** #endif /* USE_SPI_CRC */
1267:Drivers/STM32L4xx_HAL_Driver/Src/stm32l4xx_hal_spi.c **** 
1268:Drivers/STM32L4xx_HAL_Driver/Src/stm32l4xx_hal_spi.c ****   /* Variable used to alternate Rx and Tx during transfer */
1269:Drivers/STM32L4xx_HAL_Driver/Src/stm32l4xx_hal_spi.c ****   uint32_t             txallowed = 1U;
1270:Drivers/STM32L4xx_HAL_Driver/Src/stm32l4xx_hal_spi.c **** 
1271:Drivers/STM32L4xx_HAL_Driver/Src/stm32l4xx_hal_spi.c ****   /* Check Direction parameter */
1272:Drivers/STM32L4xx_HAL_Driver/Src/stm32l4xx_hal_spi.c ****   assert_param(IS_SPI_DIRECTION_2LINES(hspi->Init.Direction));
1273:Drivers/STM32L4xx_HAL_Driver/Src/stm32l4xx_hal_spi.c **** 
1274:Drivers/STM32L4xx_HAL_Driver/Src/stm32l4xx_hal_spi.c ****   /* Init tickstart for timeout management*/
1275:Drivers/STM32L4xx_HAL_Driver/Src/stm32l4xx_hal_spi.c ****   tickstart = HAL_GetTick();
1276:Drivers/STM32L4xx_HAL_Driver/Src/stm32l4xx_hal_spi.c **** 
1277:Drivers/STM32L4xx_HAL_Driver/Src/stm32l4xx_hal_spi.c ****   /* Init temporary variables */
1278:Drivers/STM32L4xx_HAL_Driver/Src/stm32l4xx_hal_spi.c ****   tmp_state           = hspi->State;
1279:Drivers/STM32L4xx_HAL_Driver/Src/stm32l4xx_hal_spi.c ****   tmp_mode            = hspi->Init.Mode;
1280:Drivers/STM32L4xx_HAL_Driver/Src/stm32l4xx_hal_spi.c ****   initial_TxXferCount = Size;
1281:Drivers/STM32L4xx_HAL_Driver/Src/stm32l4xx_hal_spi.c ****   initial_RxXferCount = Size;
1282:Drivers/STM32L4xx_HAL_Driver/Src/stm32l4xx_hal_spi.c **** #if (USE_SPI_CRC != 0U)
1283:Drivers/STM32L4xx_HAL_Driver/Src/stm32l4xx_hal_spi.c ****   spi_cr1             = READ_REG(hspi->Instance->CR1);
1284:Drivers/STM32L4xx_HAL_Driver/Src/stm32l4xx_hal_spi.c ****   spi_cr2             = READ_REG(hspi->Instance->CR2);
ARM GAS  /tmp/ccl8yU0j.s 			page 24


1285:Drivers/STM32L4xx_HAL_Driver/Src/stm32l4xx_hal_spi.c **** #endif /* USE_SPI_CRC */
1286:Drivers/STM32L4xx_HAL_Driver/Src/stm32l4xx_hal_spi.c **** 
1287:Drivers/STM32L4xx_HAL_Driver/Src/stm32l4xx_hal_spi.c ****   if (!((tmp_state == HAL_SPI_STATE_READY) || \
1288:Drivers/STM32L4xx_HAL_Driver/Src/stm32l4xx_hal_spi.c ****         ((tmp_mode == SPI_MODE_MASTER) && (hspi->Init.Direction == SPI_DIRECTION_2LINES) &&
1289:Drivers/STM32L4xx_HAL_Driver/Src/stm32l4xx_hal_spi.c ****          (tmp_state == HAL_SPI_STATE_BUSY_RX))))
1290:Drivers/STM32L4xx_HAL_Driver/Src/stm32l4xx_hal_spi.c ****   {
1291:Drivers/STM32L4xx_HAL_Driver/Src/stm32l4xx_hal_spi.c ****     return HAL_BUSY;
1292:Drivers/STM32L4xx_HAL_Driver/Src/stm32l4xx_hal_spi.c ****   }
1293:Drivers/STM32L4xx_HAL_Driver/Src/stm32l4xx_hal_spi.c **** 
1294:Drivers/STM32L4xx_HAL_Driver/Src/stm32l4xx_hal_spi.c ****   if ((pTxData == NULL) || (pRxData == NULL) || (Size == 0U))
1295:Drivers/STM32L4xx_HAL_Driver/Src/stm32l4xx_hal_spi.c ****   {
1296:Drivers/STM32L4xx_HAL_Driver/Src/stm32l4xx_hal_spi.c ****     return HAL_ERROR;
1297:Drivers/STM32L4xx_HAL_Driver/Src/stm32l4xx_hal_spi.c ****   }
1298:Drivers/STM32L4xx_HAL_Driver/Src/stm32l4xx_hal_spi.c **** 
1299:Drivers/STM32L4xx_HAL_Driver/Src/stm32l4xx_hal_spi.c ****   /* Process Locked */
1300:Drivers/STM32L4xx_HAL_Driver/Src/stm32l4xx_hal_spi.c ****   __HAL_LOCK(hspi);
1301:Drivers/STM32L4xx_HAL_Driver/Src/stm32l4xx_hal_spi.c **** 
1302:Drivers/STM32L4xx_HAL_Driver/Src/stm32l4xx_hal_spi.c ****   /* Don't overwrite in case of HAL_SPI_STATE_BUSY_RX */
1303:Drivers/STM32L4xx_HAL_Driver/Src/stm32l4xx_hal_spi.c ****   if (hspi->State != HAL_SPI_STATE_BUSY_RX)
1304:Drivers/STM32L4xx_HAL_Driver/Src/stm32l4xx_hal_spi.c ****   {
1305:Drivers/STM32L4xx_HAL_Driver/Src/stm32l4xx_hal_spi.c ****     hspi->State = HAL_SPI_STATE_BUSY_TX_RX;
1306:Drivers/STM32L4xx_HAL_Driver/Src/stm32l4xx_hal_spi.c ****   }
1307:Drivers/STM32L4xx_HAL_Driver/Src/stm32l4xx_hal_spi.c **** 
1308:Drivers/STM32L4xx_HAL_Driver/Src/stm32l4xx_hal_spi.c ****   /* Set the transaction information */
1309:Drivers/STM32L4xx_HAL_Driver/Src/stm32l4xx_hal_spi.c ****   hspi->ErrorCode   = HAL_SPI_ERROR_NONE;
1310:Drivers/STM32L4xx_HAL_Driver/Src/stm32l4xx_hal_spi.c ****   hspi->pRxBuffPtr  = (uint8_t *)pRxData;
1311:Drivers/STM32L4xx_HAL_Driver/Src/stm32l4xx_hal_spi.c ****   hspi->RxXferCount = Size;
1312:Drivers/STM32L4xx_HAL_Driver/Src/stm32l4xx_hal_spi.c ****   hspi->RxXferSize  = Size;
1313:Drivers/STM32L4xx_HAL_Driver/Src/stm32l4xx_hal_spi.c ****   hspi->pTxBuffPtr  = (const uint8_t *)pTxData;
1314:Drivers/STM32L4xx_HAL_Driver/Src/stm32l4xx_hal_spi.c ****   hspi->TxXferCount = Size;
1315:Drivers/STM32L4xx_HAL_Driver/Src/stm32l4xx_hal_spi.c ****   hspi->TxXferSize  = Size;
1316:Drivers/STM32L4xx_HAL_Driver/Src/stm32l4xx_hal_spi.c **** 
1317:Drivers/STM32L4xx_HAL_Driver/Src/stm32l4xx_hal_spi.c ****   /*Init field not used in handle to zero */
1318:Drivers/STM32L4xx_HAL_Driver/Src/stm32l4xx_hal_spi.c ****   hspi->RxISR       = NULL;
1319:Drivers/STM32L4xx_HAL_Driver/Src/stm32l4xx_hal_spi.c ****   hspi->TxISR       = NULL;
1320:Drivers/STM32L4xx_HAL_Driver/Src/stm32l4xx_hal_spi.c **** 
1321:Drivers/STM32L4xx_HAL_Driver/Src/stm32l4xx_hal_spi.c **** #if (USE_SPI_CRC != 0U)
1322:Drivers/STM32L4xx_HAL_Driver/Src/stm32l4xx_hal_spi.c ****   /* Reset CRC Calculation */
1323:Drivers/STM32L4xx_HAL_Driver/Src/stm32l4xx_hal_spi.c ****   if (hspi->Init.CRCCalculation == SPI_CRCCALCULATION_ENABLE)
1324:Drivers/STM32L4xx_HAL_Driver/Src/stm32l4xx_hal_spi.c ****   {
1325:Drivers/STM32L4xx_HAL_Driver/Src/stm32l4xx_hal_spi.c ****     SPI_RESET_CRC(hspi);
1326:Drivers/STM32L4xx_HAL_Driver/Src/stm32l4xx_hal_spi.c ****   }
1327:Drivers/STM32L4xx_HAL_Driver/Src/stm32l4xx_hal_spi.c **** #endif /* USE_SPI_CRC */
1328:Drivers/STM32L4xx_HAL_Driver/Src/stm32l4xx_hal_spi.c **** 
1329:Drivers/STM32L4xx_HAL_Driver/Src/stm32l4xx_hal_spi.c ****   /* Set the Rx Fifo threshold */
1330:Drivers/STM32L4xx_HAL_Driver/Src/stm32l4xx_hal_spi.c ****   if ((hspi->Init.DataSize > SPI_DATASIZE_8BIT) || (initial_RxXferCount > 1U))
1331:Drivers/STM32L4xx_HAL_Driver/Src/stm32l4xx_hal_spi.c ****   {
1332:Drivers/STM32L4xx_HAL_Driver/Src/stm32l4xx_hal_spi.c ****     /* Set fiforxthreshold according the reception data length: 16bit */
1333:Drivers/STM32L4xx_HAL_Driver/Src/stm32l4xx_hal_spi.c ****     CLEAR_BIT(hspi->Instance->CR2, SPI_RXFIFO_THRESHOLD);
1334:Drivers/STM32L4xx_HAL_Driver/Src/stm32l4xx_hal_spi.c ****   }
1335:Drivers/STM32L4xx_HAL_Driver/Src/stm32l4xx_hal_spi.c ****   else
1336:Drivers/STM32L4xx_HAL_Driver/Src/stm32l4xx_hal_spi.c ****   {
1337:Drivers/STM32L4xx_HAL_Driver/Src/stm32l4xx_hal_spi.c ****     /* Set fiforxthreshold according the reception data length: 8bit */
1338:Drivers/STM32L4xx_HAL_Driver/Src/stm32l4xx_hal_spi.c ****     SET_BIT(hspi->Instance->CR2, SPI_RXFIFO_THRESHOLD);
1339:Drivers/STM32L4xx_HAL_Driver/Src/stm32l4xx_hal_spi.c ****   }
1340:Drivers/STM32L4xx_HAL_Driver/Src/stm32l4xx_hal_spi.c **** 
1341:Drivers/STM32L4xx_HAL_Driver/Src/stm32l4xx_hal_spi.c ****   /* Check if the SPI is already enabled */
ARM GAS  /tmp/ccl8yU0j.s 			page 25


1342:Drivers/STM32L4xx_HAL_Driver/Src/stm32l4xx_hal_spi.c ****   if ((hspi->Instance->CR1 & SPI_CR1_SPE) != SPI_CR1_SPE)
1343:Drivers/STM32L4xx_HAL_Driver/Src/stm32l4xx_hal_spi.c ****   {
1344:Drivers/STM32L4xx_HAL_Driver/Src/stm32l4xx_hal_spi.c ****     /* Enable SPI peripheral */
1345:Drivers/STM32L4xx_HAL_Driver/Src/stm32l4xx_hal_spi.c ****     __HAL_SPI_ENABLE(hspi);
1346:Drivers/STM32L4xx_HAL_Driver/Src/stm32l4xx_hal_spi.c ****   }
1347:Drivers/STM32L4xx_HAL_Driver/Src/stm32l4xx_hal_spi.c **** 
1348:Drivers/STM32L4xx_HAL_Driver/Src/stm32l4xx_hal_spi.c ****   /* Transmit and Receive data in 16 Bit mode */
1349:Drivers/STM32L4xx_HAL_Driver/Src/stm32l4xx_hal_spi.c ****   if (hspi->Init.DataSize > SPI_DATASIZE_8BIT)
1350:Drivers/STM32L4xx_HAL_Driver/Src/stm32l4xx_hal_spi.c ****   {
1351:Drivers/STM32L4xx_HAL_Driver/Src/stm32l4xx_hal_spi.c ****     if ((hspi->Init.Mode == SPI_MODE_SLAVE) || (initial_TxXferCount == 0x01U))
1352:Drivers/STM32L4xx_HAL_Driver/Src/stm32l4xx_hal_spi.c ****     {
1353:Drivers/STM32L4xx_HAL_Driver/Src/stm32l4xx_hal_spi.c ****       hspi->Instance->DR = *((const uint16_t *)hspi->pTxBuffPtr);
1354:Drivers/STM32L4xx_HAL_Driver/Src/stm32l4xx_hal_spi.c ****       hspi->pTxBuffPtr += sizeof(uint16_t);
1355:Drivers/STM32L4xx_HAL_Driver/Src/stm32l4xx_hal_spi.c ****       hspi->TxXferCount--;
1356:Drivers/STM32L4xx_HAL_Driver/Src/stm32l4xx_hal_spi.c **** 
1357:Drivers/STM32L4xx_HAL_Driver/Src/stm32l4xx_hal_spi.c **** #if (USE_SPI_CRC != 0U)
1358:Drivers/STM32L4xx_HAL_Driver/Src/stm32l4xx_hal_spi.c ****       /* Enable CRC Transmission */
1359:Drivers/STM32L4xx_HAL_Driver/Src/stm32l4xx_hal_spi.c ****       if ((hspi->TxXferCount == 0U) && (hspi->Init.CRCCalculation == SPI_CRCCALCULATION_ENABLE))
1360:Drivers/STM32L4xx_HAL_Driver/Src/stm32l4xx_hal_spi.c ****       {
1361:Drivers/STM32L4xx_HAL_Driver/Src/stm32l4xx_hal_spi.c ****         /* Set NSS Soft to received correctly the CRC on slave mode with NSS pulse activated */
1362:Drivers/STM32L4xx_HAL_Driver/Src/stm32l4xx_hal_spi.c ****         if ((READ_BIT(spi_cr1, SPI_CR1_MSTR) == 0U) && (READ_BIT(spi_cr2, SPI_CR2_NSSP) == SPI_CR2_
1363:Drivers/STM32L4xx_HAL_Driver/Src/stm32l4xx_hal_spi.c ****         {
1364:Drivers/STM32L4xx_HAL_Driver/Src/stm32l4xx_hal_spi.c ****           SET_BIT(hspi->Instance->CR1, SPI_CR1_SSM);
1365:Drivers/STM32L4xx_HAL_Driver/Src/stm32l4xx_hal_spi.c ****         }
1366:Drivers/STM32L4xx_HAL_Driver/Src/stm32l4xx_hal_spi.c ****         SET_BIT(hspi->Instance->CR1, SPI_CR1_CRCNEXT);
1367:Drivers/STM32L4xx_HAL_Driver/Src/stm32l4xx_hal_spi.c ****       }
1368:Drivers/STM32L4xx_HAL_Driver/Src/stm32l4xx_hal_spi.c **** #endif /* USE_SPI_CRC */
1369:Drivers/STM32L4xx_HAL_Driver/Src/stm32l4xx_hal_spi.c **** 
1370:Drivers/STM32L4xx_HAL_Driver/Src/stm32l4xx_hal_spi.c ****     }
1371:Drivers/STM32L4xx_HAL_Driver/Src/stm32l4xx_hal_spi.c ****     while ((hspi->TxXferCount > 0U) || (hspi->RxXferCount > 0U))
1372:Drivers/STM32L4xx_HAL_Driver/Src/stm32l4xx_hal_spi.c ****     {
1373:Drivers/STM32L4xx_HAL_Driver/Src/stm32l4xx_hal_spi.c ****       /* Check TXE flag */
1374:Drivers/STM32L4xx_HAL_Driver/Src/stm32l4xx_hal_spi.c ****       if ((__HAL_SPI_GET_FLAG(hspi, SPI_FLAG_TXE)) && (hspi->TxXferCount > 0U) && (txallowed == 1U)
1375:Drivers/STM32L4xx_HAL_Driver/Src/stm32l4xx_hal_spi.c ****       {
1376:Drivers/STM32L4xx_HAL_Driver/Src/stm32l4xx_hal_spi.c ****         hspi->Instance->DR = *((const uint16_t *)hspi->pTxBuffPtr);
1377:Drivers/STM32L4xx_HAL_Driver/Src/stm32l4xx_hal_spi.c ****         hspi->pTxBuffPtr += sizeof(uint16_t);
1378:Drivers/STM32L4xx_HAL_Driver/Src/stm32l4xx_hal_spi.c ****         hspi->TxXferCount--;
1379:Drivers/STM32L4xx_HAL_Driver/Src/stm32l4xx_hal_spi.c ****         /* Next Data is a reception (Rx). Tx not allowed */
1380:Drivers/STM32L4xx_HAL_Driver/Src/stm32l4xx_hal_spi.c ****         txallowed = 0U;
1381:Drivers/STM32L4xx_HAL_Driver/Src/stm32l4xx_hal_spi.c **** 
1382:Drivers/STM32L4xx_HAL_Driver/Src/stm32l4xx_hal_spi.c **** #if (USE_SPI_CRC != 0U)
1383:Drivers/STM32L4xx_HAL_Driver/Src/stm32l4xx_hal_spi.c ****         /* Enable CRC Transmission */
1384:Drivers/STM32L4xx_HAL_Driver/Src/stm32l4xx_hal_spi.c ****         if ((hspi->TxXferCount == 0U) && (hspi->Init.CRCCalculation == SPI_CRCCALCULATION_ENABLE))
1385:Drivers/STM32L4xx_HAL_Driver/Src/stm32l4xx_hal_spi.c ****         {
1386:Drivers/STM32L4xx_HAL_Driver/Src/stm32l4xx_hal_spi.c ****           /* Set NSS Soft to received correctly the CRC on slave mode with NSS pulse activated */
1387:Drivers/STM32L4xx_HAL_Driver/Src/stm32l4xx_hal_spi.c ****           if ((READ_BIT(spi_cr1, SPI_CR1_MSTR) == 0U) && (READ_BIT(spi_cr2, SPI_CR2_NSSP) == SPI_CR
1388:Drivers/STM32L4xx_HAL_Driver/Src/stm32l4xx_hal_spi.c ****           {
1389:Drivers/STM32L4xx_HAL_Driver/Src/stm32l4xx_hal_spi.c ****             SET_BIT(hspi->Instance->CR1, SPI_CR1_SSM);
1390:Drivers/STM32L4xx_HAL_Driver/Src/stm32l4xx_hal_spi.c ****           }
1391:Drivers/STM32L4xx_HAL_Driver/Src/stm32l4xx_hal_spi.c ****           SET_BIT(hspi->Instance->CR1, SPI_CR1_CRCNEXT);
1392:Drivers/STM32L4xx_HAL_Driver/Src/stm32l4xx_hal_spi.c ****         }
1393:Drivers/STM32L4xx_HAL_Driver/Src/stm32l4xx_hal_spi.c **** #endif /* USE_SPI_CRC */
1394:Drivers/STM32L4xx_HAL_Driver/Src/stm32l4xx_hal_spi.c ****       }
1395:Drivers/STM32L4xx_HAL_Driver/Src/stm32l4xx_hal_spi.c **** 
1396:Drivers/STM32L4xx_HAL_Driver/Src/stm32l4xx_hal_spi.c ****       /* Check RXNE flag */
1397:Drivers/STM32L4xx_HAL_Driver/Src/stm32l4xx_hal_spi.c ****       if ((__HAL_SPI_GET_FLAG(hspi, SPI_FLAG_RXNE)) && (hspi->RxXferCount > 0U))
1398:Drivers/STM32L4xx_HAL_Driver/Src/stm32l4xx_hal_spi.c ****       {
ARM GAS  /tmp/ccl8yU0j.s 			page 26


1399:Drivers/STM32L4xx_HAL_Driver/Src/stm32l4xx_hal_spi.c ****         *((uint16_t *)hspi->pRxBuffPtr) = (uint16_t)hspi->Instance->DR;
1400:Drivers/STM32L4xx_HAL_Driver/Src/stm32l4xx_hal_spi.c ****         hspi->pRxBuffPtr += sizeof(uint16_t);
1401:Drivers/STM32L4xx_HAL_Driver/Src/stm32l4xx_hal_spi.c ****         hspi->RxXferCount--;
1402:Drivers/STM32L4xx_HAL_Driver/Src/stm32l4xx_hal_spi.c ****         /* Next Data is a Transmission (Tx). Tx is allowed */
1403:Drivers/STM32L4xx_HAL_Driver/Src/stm32l4xx_hal_spi.c ****         txallowed = 1U;
1404:Drivers/STM32L4xx_HAL_Driver/Src/stm32l4xx_hal_spi.c ****       }
1405:Drivers/STM32L4xx_HAL_Driver/Src/stm32l4xx_hal_spi.c ****       if (((HAL_GetTick() - tickstart) >=  Timeout) && (Timeout != HAL_MAX_DELAY))
1406:Drivers/STM32L4xx_HAL_Driver/Src/stm32l4xx_hal_spi.c ****       {
1407:Drivers/STM32L4xx_HAL_Driver/Src/stm32l4xx_hal_spi.c ****         hspi->State = HAL_SPI_STATE_READY;
1408:Drivers/STM32L4xx_HAL_Driver/Src/stm32l4xx_hal_spi.c ****         __HAL_UNLOCK(hspi);
1409:Drivers/STM32L4xx_HAL_Driver/Src/stm32l4xx_hal_spi.c ****         return HAL_TIMEOUT;
1410:Drivers/STM32L4xx_HAL_Driver/Src/stm32l4xx_hal_spi.c ****       }
1411:Drivers/STM32L4xx_HAL_Driver/Src/stm32l4xx_hal_spi.c ****     }
1412:Drivers/STM32L4xx_HAL_Driver/Src/stm32l4xx_hal_spi.c ****   }
1413:Drivers/STM32L4xx_HAL_Driver/Src/stm32l4xx_hal_spi.c ****   /* Transmit and Receive data in 8 Bit mode */
1414:Drivers/STM32L4xx_HAL_Driver/Src/stm32l4xx_hal_spi.c ****   else
1415:Drivers/STM32L4xx_HAL_Driver/Src/stm32l4xx_hal_spi.c ****   {
1416:Drivers/STM32L4xx_HAL_Driver/Src/stm32l4xx_hal_spi.c ****     if ((hspi->Init.Mode == SPI_MODE_SLAVE) || (initial_TxXferCount == 0x01U))
1417:Drivers/STM32L4xx_HAL_Driver/Src/stm32l4xx_hal_spi.c ****     {
1418:Drivers/STM32L4xx_HAL_Driver/Src/stm32l4xx_hal_spi.c ****       if (hspi->TxXferCount > 1U)
1419:Drivers/STM32L4xx_HAL_Driver/Src/stm32l4xx_hal_spi.c ****       {
1420:Drivers/STM32L4xx_HAL_Driver/Src/stm32l4xx_hal_spi.c ****         hspi->Instance->DR = *((const uint16_t *)hspi->pTxBuffPtr);
1421:Drivers/STM32L4xx_HAL_Driver/Src/stm32l4xx_hal_spi.c ****         hspi->pTxBuffPtr += sizeof(uint16_t);
1422:Drivers/STM32L4xx_HAL_Driver/Src/stm32l4xx_hal_spi.c ****         hspi->TxXferCount -= 2U;
1423:Drivers/STM32L4xx_HAL_Driver/Src/stm32l4xx_hal_spi.c ****       }
1424:Drivers/STM32L4xx_HAL_Driver/Src/stm32l4xx_hal_spi.c ****       else
1425:Drivers/STM32L4xx_HAL_Driver/Src/stm32l4xx_hal_spi.c ****       {
1426:Drivers/STM32L4xx_HAL_Driver/Src/stm32l4xx_hal_spi.c ****         *(__IO uint8_t *)&hspi->Instance->DR = *((const uint8_t *)hspi->pTxBuffPtr);
1427:Drivers/STM32L4xx_HAL_Driver/Src/stm32l4xx_hal_spi.c ****         hspi->pTxBuffPtr++;
1428:Drivers/STM32L4xx_HAL_Driver/Src/stm32l4xx_hal_spi.c ****         hspi->TxXferCount--;
1429:Drivers/STM32L4xx_HAL_Driver/Src/stm32l4xx_hal_spi.c **** 
1430:Drivers/STM32L4xx_HAL_Driver/Src/stm32l4xx_hal_spi.c **** #if (USE_SPI_CRC != 0U)
1431:Drivers/STM32L4xx_HAL_Driver/Src/stm32l4xx_hal_spi.c ****         /* Enable CRC Transmission */
1432:Drivers/STM32L4xx_HAL_Driver/Src/stm32l4xx_hal_spi.c ****         if ((hspi->TxXferCount == 0U) && (hspi->Init.CRCCalculation == SPI_CRCCALCULATION_ENABLE))
1433:Drivers/STM32L4xx_HAL_Driver/Src/stm32l4xx_hal_spi.c ****         {
1434:Drivers/STM32L4xx_HAL_Driver/Src/stm32l4xx_hal_spi.c ****           /* Set NSS Soft to received correctly the CRC on slave mode with NSS pulse activated */
1435:Drivers/STM32L4xx_HAL_Driver/Src/stm32l4xx_hal_spi.c ****           if ((READ_BIT(spi_cr1, SPI_CR1_MSTR) == 0U) && (READ_BIT(spi_cr2, SPI_CR2_NSSP) == SPI_CR
1436:Drivers/STM32L4xx_HAL_Driver/Src/stm32l4xx_hal_spi.c ****           {
1437:Drivers/STM32L4xx_HAL_Driver/Src/stm32l4xx_hal_spi.c ****             SET_BIT(hspi->Instance->CR1, SPI_CR1_SSM);
1438:Drivers/STM32L4xx_HAL_Driver/Src/stm32l4xx_hal_spi.c ****           }
1439:Drivers/STM32L4xx_HAL_Driver/Src/stm32l4xx_hal_spi.c ****           SET_BIT(hspi->Instance->CR1, SPI_CR1_CRCNEXT);
1440:Drivers/STM32L4xx_HAL_Driver/Src/stm32l4xx_hal_spi.c ****         }
1441:Drivers/STM32L4xx_HAL_Driver/Src/stm32l4xx_hal_spi.c **** #endif /* USE_SPI_CRC */
1442:Drivers/STM32L4xx_HAL_Driver/Src/stm32l4xx_hal_spi.c ****       }
1443:Drivers/STM32L4xx_HAL_Driver/Src/stm32l4xx_hal_spi.c ****     }
1444:Drivers/STM32L4xx_HAL_Driver/Src/stm32l4xx_hal_spi.c ****     while ((hspi->TxXferCount > 0U) || (hspi->RxXferCount > 0U))
1445:Drivers/STM32L4xx_HAL_Driver/Src/stm32l4xx_hal_spi.c ****     {
1446:Drivers/STM32L4xx_HAL_Driver/Src/stm32l4xx_hal_spi.c ****       /* Check TXE flag */
1447:Drivers/STM32L4xx_HAL_Driver/Src/stm32l4xx_hal_spi.c ****       if ((__HAL_SPI_GET_FLAG(hspi, SPI_FLAG_TXE)) && (hspi->TxXferCount > 0U) && (txallowed == 1U)
1448:Drivers/STM32L4xx_HAL_Driver/Src/stm32l4xx_hal_spi.c ****       {
1449:Drivers/STM32L4xx_HAL_Driver/Src/stm32l4xx_hal_spi.c ****         if (hspi->TxXferCount > 1U)
1450:Drivers/STM32L4xx_HAL_Driver/Src/stm32l4xx_hal_spi.c ****         {
1451:Drivers/STM32L4xx_HAL_Driver/Src/stm32l4xx_hal_spi.c ****           hspi->Instance->DR = *((const uint16_t *)hspi->pTxBuffPtr);
1452:Drivers/STM32L4xx_HAL_Driver/Src/stm32l4xx_hal_spi.c ****           hspi->pTxBuffPtr += sizeof(uint16_t);
1453:Drivers/STM32L4xx_HAL_Driver/Src/stm32l4xx_hal_spi.c ****           hspi->TxXferCount -= 2U;
1454:Drivers/STM32L4xx_HAL_Driver/Src/stm32l4xx_hal_spi.c ****         }
1455:Drivers/STM32L4xx_HAL_Driver/Src/stm32l4xx_hal_spi.c ****         else
ARM GAS  /tmp/ccl8yU0j.s 			page 27


1456:Drivers/STM32L4xx_HAL_Driver/Src/stm32l4xx_hal_spi.c ****         {
1457:Drivers/STM32L4xx_HAL_Driver/Src/stm32l4xx_hal_spi.c ****           *(__IO uint8_t *)&hspi->Instance->DR = *((const uint8_t *)hspi->pTxBuffPtr);
1458:Drivers/STM32L4xx_HAL_Driver/Src/stm32l4xx_hal_spi.c ****           hspi->pTxBuffPtr++;
1459:Drivers/STM32L4xx_HAL_Driver/Src/stm32l4xx_hal_spi.c ****           hspi->TxXferCount--;
1460:Drivers/STM32L4xx_HAL_Driver/Src/stm32l4xx_hal_spi.c ****         }
1461:Drivers/STM32L4xx_HAL_Driver/Src/stm32l4xx_hal_spi.c ****         /* Next Data is a reception (Rx). Tx not allowed */
1462:Drivers/STM32L4xx_HAL_Driver/Src/stm32l4xx_hal_spi.c ****         txallowed = 0U;
1463:Drivers/STM32L4xx_HAL_Driver/Src/stm32l4xx_hal_spi.c **** 
1464:Drivers/STM32L4xx_HAL_Driver/Src/stm32l4xx_hal_spi.c **** #if (USE_SPI_CRC != 0U)
1465:Drivers/STM32L4xx_HAL_Driver/Src/stm32l4xx_hal_spi.c ****         /* Enable CRC Transmission */
1466:Drivers/STM32L4xx_HAL_Driver/Src/stm32l4xx_hal_spi.c ****         if ((hspi->TxXferCount == 0U) && (hspi->Init.CRCCalculation == SPI_CRCCALCULATION_ENABLE))
1467:Drivers/STM32L4xx_HAL_Driver/Src/stm32l4xx_hal_spi.c ****         {
1468:Drivers/STM32L4xx_HAL_Driver/Src/stm32l4xx_hal_spi.c ****           /* Set NSS Soft to received correctly the CRC on slave mode with NSS pulse activated */
1469:Drivers/STM32L4xx_HAL_Driver/Src/stm32l4xx_hal_spi.c ****           if ((READ_BIT(spi_cr1, SPI_CR1_MSTR) == 0U) && (READ_BIT(spi_cr2, SPI_CR2_NSSP) == SPI_CR
1470:Drivers/STM32L4xx_HAL_Driver/Src/stm32l4xx_hal_spi.c ****           {
1471:Drivers/STM32L4xx_HAL_Driver/Src/stm32l4xx_hal_spi.c ****             SET_BIT(hspi->Instance->CR1, SPI_CR1_SSM);
1472:Drivers/STM32L4xx_HAL_Driver/Src/stm32l4xx_hal_spi.c ****           }
1473:Drivers/STM32L4xx_HAL_Driver/Src/stm32l4xx_hal_spi.c ****           SET_BIT(hspi->Instance->CR1, SPI_CR1_CRCNEXT);
1474:Drivers/STM32L4xx_HAL_Driver/Src/stm32l4xx_hal_spi.c ****         }
1475:Drivers/STM32L4xx_HAL_Driver/Src/stm32l4xx_hal_spi.c **** #endif /* USE_SPI_CRC */
1476:Drivers/STM32L4xx_HAL_Driver/Src/stm32l4xx_hal_spi.c ****       }
1477:Drivers/STM32L4xx_HAL_Driver/Src/stm32l4xx_hal_spi.c **** 
1478:Drivers/STM32L4xx_HAL_Driver/Src/stm32l4xx_hal_spi.c ****       /* Wait until RXNE flag is reset */
1479:Drivers/STM32L4xx_HAL_Driver/Src/stm32l4xx_hal_spi.c ****       if ((__HAL_SPI_GET_FLAG(hspi, SPI_FLAG_RXNE)) && (hspi->RxXferCount > 0U))
1480:Drivers/STM32L4xx_HAL_Driver/Src/stm32l4xx_hal_spi.c ****       {
1481:Drivers/STM32L4xx_HAL_Driver/Src/stm32l4xx_hal_spi.c ****         if (hspi->RxXferCount > 1U)
1482:Drivers/STM32L4xx_HAL_Driver/Src/stm32l4xx_hal_spi.c ****         {
1483:Drivers/STM32L4xx_HAL_Driver/Src/stm32l4xx_hal_spi.c ****           *((uint16_t *)hspi->pRxBuffPtr) = (uint16_t)hspi->Instance->DR;
1484:Drivers/STM32L4xx_HAL_Driver/Src/stm32l4xx_hal_spi.c ****           hspi->pRxBuffPtr += sizeof(uint16_t);
1485:Drivers/STM32L4xx_HAL_Driver/Src/stm32l4xx_hal_spi.c ****           hspi->RxXferCount -= 2U;
1486:Drivers/STM32L4xx_HAL_Driver/Src/stm32l4xx_hal_spi.c ****           if (hspi->RxXferCount <= 1U)
1487:Drivers/STM32L4xx_HAL_Driver/Src/stm32l4xx_hal_spi.c ****           {
1488:Drivers/STM32L4xx_HAL_Driver/Src/stm32l4xx_hal_spi.c ****             /* Set RX Fifo threshold before to switch on 8 bit data size */
1489:Drivers/STM32L4xx_HAL_Driver/Src/stm32l4xx_hal_spi.c ****             SET_BIT(hspi->Instance->CR2, SPI_RXFIFO_THRESHOLD);
1490:Drivers/STM32L4xx_HAL_Driver/Src/stm32l4xx_hal_spi.c ****           }
1491:Drivers/STM32L4xx_HAL_Driver/Src/stm32l4xx_hal_spi.c ****         }
1492:Drivers/STM32L4xx_HAL_Driver/Src/stm32l4xx_hal_spi.c ****         else
1493:Drivers/STM32L4xx_HAL_Driver/Src/stm32l4xx_hal_spi.c ****         {
1494:Drivers/STM32L4xx_HAL_Driver/Src/stm32l4xx_hal_spi.c ****           (*(uint8_t *)hspi->pRxBuffPtr) = *(__IO uint8_t *)&hspi->Instance->DR;
1495:Drivers/STM32L4xx_HAL_Driver/Src/stm32l4xx_hal_spi.c ****           hspi->pRxBuffPtr++;
1496:Drivers/STM32L4xx_HAL_Driver/Src/stm32l4xx_hal_spi.c ****           hspi->RxXferCount--;
1497:Drivers/STM32L4xx_HAL_Driver/Src/stm32l4xx_hal_spi.c ****         }
1498:Drivers/STM32L4xx_HAL_Driver/Src/stm32l4xx_hal_spi.c ****         /* Next Data is a Transmission (Tx). Tx is allowed */
1499:Drivers/STM32L4xx_HAL_Driver/Src/stm32l4xx_hal_spi.c ****         txallowed = 1U;
1500:Drivers/STM32L4xx_HAL_Driver/Src/stm32l4xx_hal_spi.c ****       }
1501:Drivers/STM32L4xx_HAL_Driver/Src/stm32l4xx_hal_spi.c ****       if ((((HAL_GetTick() - tickstart) >=  Timeout) && ((Timeout != HAL_MAX_DELAY))) || (Timeout =
1502:Drivers/STM32L4xx_HAL_Driver/Src/stm32l4xx_hal_spi.c ****       {
1503:Drivers/STM32L4xx_HAL_Driver/Src/stm32l4xx_hal_spi.c ****         hspi->State = HAL_SPI_STATE_READY;
1504:Drivers/STM32L4xx_HAL_Driver/Src/stm32l4xx_hal_spi.c ****         __HAL_UNLOCK(hspi);
1505:Drivers/STM32L4xx_HAL_Driver/Src/stm32l4xx_hal_spi.c ****         return HAL_TIMEOUT;
1506:Drivers/STM32L4xx_HAL_Driver/Src/stm32l4xx_hal_spi.c ****       }
1507:Drivers/STM32L4xx_HAL_Driver/Src/stm32l4xx_hal_spi.c ****     }
1508:Drivers/STM32L4xx_HAL_Driver/Src/stm32l4xx_hal_spi.c ****   }
1509:Drivers/STM32L4xx_HAL_Driver/Src/stm32l4xx_hal_spi.c **** 
1510:Drivers/STM32L4xx_HAL_Driver/Src/stm32l4xx_hal_spi.c **** #if (USE_SPI_CRC != 0U)
1511:Drivers/STM32L4xx_HAL_Driver/Src/stm32l4xx_hal_spi.c ****   /* Read CRC from DR to close CRC calculation process */
1512:Drivers/STM32L4xx_HAL_Driver/Src/stm32l4xx_hal_spi.c ****   if (hspi->Init.CRCCalculation == SPI_CRCCALCULATION_ENABLE)
ARM GAS  /tmp/ccl8yU0j.s 			page 28


1513:Drivers/STM32L4xx_HAL_Driver/Src/stm32l4xx_hal_spi.c ****   {
1514:Drivers/STM32L4xx_HAL_Driver/Src/stm32l4xx_hal_spi.c ****     /* Wait until TXE flag */
1515:Drivers/STM32L4xx_HAL_Driver/Src/stm32l4xx_hal_spi.c ****     if (SPI_WaitFlagStateUntilTimeout(hspi, SPI_FLAG_RXNE, SET, Timeout, tickstart) != HAL_OK)
1516:Drivers/STM32L4xx_HAL_Driver/Src/stm32l4xx_hal_spi.c ****     {
1517:Drivers/STM32L4xx_HAL_Driver/Src/stm32l4xx_hal_spi.c ****       /* Error on the CRC reception */
1518:Drivers/STM32L4xx_HAL_Driver/Src/stm32l4xx_hal_spi.c ****       SET_BIT(hspi->ErrorCode, HAL_SPI_ERROR_CRC);
1519:Drivers/STM32L4xx_HAL_Driver/Src/stm32l4xx_hal_spi.c ****       hspi->State = HAL_SPI_STATE_READY;
1520:Drivers/STM32L4xx_HAL_Driver/Src/stm32l4xx_hal_spi.c ****       __HAL_UNLOCK(hspi);
1521:Drivers/STM32L4xx_HAL_Driver/Src/stm32l4xx_hal_spi.c ****       return HAL_TIMEOUT;
1522:Drivers/STM32L4xx_HAL_Driver/Src/stm32l4xx_hal_spi.c ****     }
1523:Drivers/STM32L4xx_HAL_Driver/Src/stm32l4xx_hal_spi.c ****     /* Read CRC */
1524:Drivers/STM32L4xx_HAL_Driver/Src/stm32l4xx_hal_spi.c ****     if (hspi->Init.DataSize == SPI_DATASIZE_16BIT)
1525:Drivers/STM32L4xx_HAL_Driver/Src/stm32l4xx_hal_spi.c ****     {
1526:Drivers/STM32L4xx_HAL_Driver/Src/stm32l4xx_hal_spi.c ****       /* Read 16bit CRC */
1527:Drivers/STM32L4xx_HAL_Driver/Src/stm32l4xx_hal_spi.c ****       tmpreg = READ_REG(hspi->Instance->DR);
1528:Drivers/STM32L4xx_HAL_Driver/Src/stm32l4xx_hal_spi.c ****       /* To avoid GCC warning */
1529:Drivers/STM32L4xx_HAL_Driver/Src/stm32l4xx_hal_spi.c ****       UNUSED(tmpreg);
1530:Drivers/STM32L4xx_HAL_Driver/Src/stm32l4xx_hal_spi.c ****     }
1531:Drivers/STM32L4xx_HAL_Driver/Src/stm32l4xx_hal_spi.c ****     else
1532:Drivers/STM32L4xx_HAL_Driver/Src/stm32l4xx_hal_spi.c ****     {
1533:Drivers/STM32L4xx_HAL_Driver/Src/stm32l4xx_hal_spi.c ****       /* Initialize the 8bit temporary pointer */
1534:Drivers/STM32L4xx_HAL_Driver/Src/stm32l4xx_hal_spi.c ****       ptmpreg8 = (__IO uint8_t *)&hspi->Instance->DR;
1535:Drivers/STM32L4xx_HAL_Driver/Src/stm32l4xx_hal_spi.c ****       /* Read 8bit CRC */
1536:Drivers/STM32L4xx_HAL_Driver/Src/stm32l4xx_hal_spi.c ****       tmpreg8 = *ptmpreg8;
1537:Drivers/STM32L4xx_HAL_Driver/Src/stm32l4xx_hal_spi.c ****       /* To avoid GCC warning */
1538:Drivers/STM32L4xx_HAL_Driver/Src/stm32l4xx_hal_spi.c ****       UNUSED(tmpreg8);
1539:Drivers/STM32L4xx_HAL_Driver/Src/stm32l4xx_hal_spi.c **** 
1540:Drivers/STM32L4xx_HAL_Driver/Src/stm32l4xx_hal_spi.c ****       if (hspi->Init.CRCLength == SPI_CRC_LENGTH_16BIT)
1541:Drivers/STM32L4xx_HAL_Driver/Src/stm32l4xx_hal_spi.c ****       {
1542:Drivers/STM32L4xx_HAL_Driver/Src/stm32l4xx_hal_spi.c ****         if (SPI_WaitFlagStateUntilTimeout(hspi, SPI_FLAG_RXNE, SET, Timeout, tickstart) != HAL_OK)
1543:Drivers/STM32L4xx_HAL_Driver/Src/stm32l4xx_hal_spi.c ****         {
1544:Drivers/STM32L4xx_HAL_Driver/Src/stm32l4xx_hal_spi.c ****           /* Error on the CRC reception */
1545:Drivers/STM32L4xx_HAL_Driver/Src/stm32l4xx_hal_spi.c ****           SET_BIT(hspi->ErrorCode, HAL_SPI_ERROR_CRC);
1546:Drivers/STM32L4xx_HAL_Driver/Src/stm32l4xx_hal_spi.c ****           hspi->State = HAL_SPI_STATE_READY;
1547:Drivers/STM32L4xx_HAL_Driver/Src/stm32l4xx_hal_spi.c ****           __HAL_UNLOCK(hspi);
1548:Drivers/STM32L4xx_HAL_Driver/Src/stm32l4xx_hal_spi.c ****           return HAL_TIMEOUT;
1549:Drivers/STM32L4xx_HAL_Driver/Src/stm32l4xx_hal_spi.c ****         }
1550:Drivers/STM32L4xx_HAL_Driver/Src/stm32l4xx_hal_spi.c ****         /* Read 8bit CRC again in case of 16bit CRC in 8bit Data mode */
1551:Drivers/STM32L4xx_HAL_Driver/Src/stm32l4xx_hal_spi.c ****         tmpreg8 = *ptmpreg8;
1552:Drivers/STM32L4xx_HAL_Driver/Src/stm32l4xx_hal_spi.c ****         /* To avoid GCC warning */
1553:Drivers/STM32L4xx_HAL_Driver/Src/stm32l4xx_hal_spi.c ****         UNUSED(tmpreg8);
1554:Drivers/STM32L4xx_HAL_Driver/Src/stm32l4xx_hal_spi.c ****       }
1555:Drivers/STM32L4xx_HAL_Driver/Src/stm32l4xx_hal_spi.c ****     }
1556:Drivers/STM32L4xx_HAL_Driver/Src/stm32l4xx_hal_spi.c ****   }
1557:Drivers/STM32L4xx_HAL_Driver/Src/stm32l4xx_hal_spi.c **** 
1558:Drivers/STM32L4xx_HAL_Driver/Src/stm32l4xx_hal_spi.c ****   /* Check if CRC error occurred */
1559:Drivers/STM32L4xx_HAL_Driver/Src/stm32l4xx_hal_spi.c ****   if (__HAL_SPI_GET_FLAG(hspi, SPI_FLAG_CRCERR))
1560:Drivers/STM32L4xx_HAL_Driver/Src/stm32l4xx_hal_spi.c ****   {
1561:Drivers/STM32L4xx_HAL_Driver/Src/stm32l4xx_hal_spi.c ****     SET_BIT(hspi->ErrorCode, HAL_SPI_ERROR_CRC);
1562:Drivers/STM32L4xx_HAL_Driver/Src/stm32l4xx_hal_spi.c ****     /* Clear CRC Flag */
1563:Drivers/STM32L4xx_HAL_Driver/Src/stm32l4xx_hal_spi.c ****     __HAL_SPI_CLEAR_CRCERRFLAG(hspi);
1564:Drivers/STM32L4xx_HAL_Driver/Src/stm32l4xx_hal_spi.c ****     __HAL_UNLOCK(hspi);
1565:Drivers/STM32L4xx_HAL_Driver/Src/stm32l4xx_hal_spi.c ****     return HAL_ERROR;
1566:Drivers/STM32L4xx_HAL_Driver/Src/stm32l4xx_hal_spi.c ****   }
1567:Drivers/STM32L4xx_HAL_Driver/Src/stm32l4xx_hal_spi.c **** #endif /* USE_SPI_CRC */
1568:Drivers/STM32L4xx_HAL_Driver/Src/stm32l4xx_hal_spi.c **** 
1569:Drivers/STM32L4xx_HAL_Driver/Src/stm32l4xx_hal_spi.c ****   /* Check the end of the transaction */
ARM GAS  /tmp/ccl8yU0j.s 			page 29


1570:Drivers/STM32L4xx_HAL_Driver/Src/stm32l4xx_hal_spi.c ****   if (SPI_EndRxTxTransaction(hspi, Timeout, tickstart) != HAL_OK)
1571:Drivers/STM32L4xx_HAL_Driver/Src/stm32l4xx_hal_spi.c ****   {
1572:Drivers/STM32L4xx_HAL_Driver/Src/stm32l4xx_hal_spi.c ****     hspi->ErrorCode = HAL_SPI_ERROR_FLAG;
1573:Drivers/STM32L4xx_HAL_Driver/Src/stm32l4xx_hal_spi.c ****     __HAL_UNLOCK(hspi);
1574:Drivers/STM32L4xx_HAL_Driver/Src/stm32l4xx_hal_spi.c ****     return HAL_ERROR;
1575:Drivers/STM32L4xx_HAL_Driver/Src/stm32l4xx_hal_spi.c ****   }
1576:Drivers/STM32L4xx_HAL_Driver/Src/stm32l4xx_hal_spi.c **** 
1577:Drivers/STM32L4xx_HAL_Driver/Src/stm32l4xx_hal_spi.c **** 
1578:Drivers/STM32L4xx_HAL_Driver/Src/stm32l4xx_hal_spi.c ****   hspi->State = HAL_SPI_STATE_READY;
1579:Drivers/STM32L4xx_HAL_Driver/Src/stm32l4xx_hal_spi.c ****   /* Unlock the process */
1580:Drivers/STM32L4xx_HAL_Driver/Src/stm32l4xx_hal_spi.c ****   __HAL_UNLOCK(hspi);
1581:Drivers/STM32L4xx_HAL_Driver/Src/stm32l4xx_hal_spi.c **** 
1582:Drivers/STM32L4xx_HAL_Driver/Src/stm32l4xx_hal_spi.c ****   if (hspi->ErrorCode != HAL_SPI_ERROR_NONE)
1583:Drivers/STM32L4xx_HAL_Driver/Src/stm32l4xx_hal_spi.c ****   {
1584:Drivers/STM32L4xx_HAL_Driver/Src/stm32l4xx_hal_spi.c ****     return HAL_ERROR;
1585:Drivers/STM32L4xx_HAL_Driver/Src/stm32l4xx_hal_spi.c ****   }
1586:Drivers/STM32L4xx_HAL_Driver/Src/stm32l4xx_hal_spi.c ****   else
1587:Drivers/STM32L4xx_HAL_Driver/Src/stm32l4xx_hal_spi.c ****   {
1588:Drivers/STM32L4xx_HAL_Driver/Src/stm32l4xx_hal_spi.c ****     return HAL_OK;
1589:Drivers/STM32L4xx_HAL_Driver/Src/stm32l4xx_hal_spi.c ****   }
1590:Drivers/STM32L4xx_HAL_Driver/Src/stm32l4xx_hal_spi.c **** }
1591:Drivers/STM32L4xx_HAL_Driver/Src/stm32l4xx_hal_spi.c **** 
1592:Drivers/STM32L4xx_HAL_Driver/Src/stm32l4xx_hal_spi.c **** /**
1593:Drivers/STM32L4xx_HAL_Driver/Src/stm32l4xx_hal_spi.c ****   * @brief  Transmit an amount of data in non-blocking mode with Interrupt.
1594:Drivers/STM32L4xx_HAL_Driver/Src/stm32l4xx_hal_spi.c ****   * @param  hspi pointer to a SPI_HandleTypeDef structure that contains
1595:Drivers/STM32L4xx_HAL_Driver/Src/stm32l4xx_hal_spi.c ****   *               the configuration information for SPI module.
1596:Drivers/STM32L4xx_HAL_Driver/Src/stm32l4xx_hal_spi.c ****   * @param  pData pointer to data buffer
1597:Drivers/STM32L4xx_HAL_Driver/Src/stm32l4xx_hal_spi.c ****   * @param  Size amount of data to be sent
1598:Drivers/STM32L4xx_HAL_Driver/Src/stm32l4xx_hal_spi.c ****   * @retval HAL status
1599:Drivers/STM32L4xx_HAL_Driver/Src/stm32l4xx_hal_spi.c ****   */
1600:Drivers/STM32L4xx_HAL_Driver/Src/stm32l4xx_hal_spi.c **** HAL_StatusTypeDef HAL_SPI_Transmit_IT(SPI_HandleTypeDef *hspi, const uint8_t *pData, uint16_t Size)
1601:Drivers/STM32L4xx_HAL_Driver/Src/stm32l4xx_hal_spi.c **** {
1602:Drivers/STM32L4xx_HAL_Driver/Src/stm32l4xx_hal_spi.c **** 
1603:Drivers/STM32L4xx_HAL_Driver/Src/stm32l4xx_hal_spi.c ****   /* Check Direction parameter */
1604:Drivers/STM32L4xx_HAL_Driver/Src/stm32l4xx_hal_spi.c ****   assert_param(IS_SPI_DIRECTION_2LINES_OR_1LINE(hspi->Init.Direction));
1605:Drivers/STM32L4xx_HAL_Driver/Src/stm32l4xx_hal_spi.c **** 
1606:Drivers/STM32L4xx_HAL_Driver/Src/stm32l4xx_hal_spi.c **** 
1607:Drivers/STM32L4xx_HAL_Driver/Src/stm32l4xx_hal_spi.c ****   if ((pData == NULL) || (Size == 0U))
1608:Drivers/STM32L4xx_HAL_Driver/Src/stm32l4xx_hal_spi.c ****   {
1609:Drivers/STM32L4xx_HAL_Driver/Src/stm32l4xx_hal_spi.c ****     return HAL_ERROR;
1610:Drivers/STM32L4xx_HAL_Driver/Src/stm32l4xx_hal_spi.c ****   }
1611:Drivers/STM32L4xx_HAL_Driver/Src/stm32l4xx_hal_spi.c **** 
1612:Drivers/STM32L4xx_HAL_Driver/Src/stm32l4xx_hal_spi.c ****   if (hspi->State != HAL_SPI_STATE_READY)
1613:Drivers/STM32L4xx_HAL_Driver/Src/stm32l4xx_hal_spi.c ****   {
1614:Drivers/STM32L4xx_HAL_Driver/Src/stm32l4xx_hal_spi.c ****     return HAL_BUSY;
1615:Drivers/STM32L4xx_HAL_Driver/Src/stm32l4xx_hal_spi.c ****   }
1616:Drivers/STM32L4xx_HAL_Driver/Src/stm32l4xx_hal_spi.c **** 
1617:Drivers/STM32L4xx_HAL_Driver/Src/stm32l4xx_hal_spi.c ****   /* Process Locked */
1618:Drivers/STM32L4xx_HAL_Driver/Src/stm32l4xx_hal_spi.c ****   __HAL_LOCK(hspi);
1619:Drivers/STM32L4xx_HAL_Driver/Src/stm32l4xx_hal_spi.c **** 
1620:Drivers/STM32L4xx_HAL_Driver/Src/stm32l4xx_hal_spi.c ****   /* Set the transaction information */
1621:Drivers/STM32L4xx_HAL_Driver/Src/stm32l4xx_hal_spi.c ****   hspi->State       = HAL_SPI_STATE_BUSY_TX;
1622:Drivers/STM32L4xx_HAL_Driver/Src/stm32l4xx_hal_spi.c ****   hspi->ErrorCode   = HAL_SPI_ERROR_NONE;
1623:Drivers/STM32L4xx_HAL_Driver/Src/stm32l4xx_hal_spi.c ****   hspi->pTxBuffPtr  = (const uint8_t *)pData;
1624:Drivers/STM32L4xx_HAL_Driver/Src/stm32l4xx_hal_spi.c ****   hspi->TxXferSize  = Size;
1625:Drivers/STM32L4xx_HAL_Driver/Src/stm32l4xx_hal_spi.c ****   hspi->TxXferCount = Size;
1626:Drivers/STM32L4xx_HAL_Driver/Src/stm32l4xx_hal_spi.c **** 
ARM GAS  /tmp/ccl8yU0j.s 			page 30


1627:Drivers/STM32L4xx_HAL_Driver/Src/stm32l4xx_hal_spi.c ****   /* Init field not used in handle to zero */
1628:Drivers/STM32L4xx_HAL_Driver/Src/stm32l4xx_hal_spi.c ****   hspi->pRxBuffPtr  = (uint8_t *)NULL;
1629:Drivers/STM32L4xx_HAL_Driver/Src/stm32l4xx_hal_spi.c ****   hspi->RxXferSize  = 0U;
1630:Drivers/STM32L4xx_HAL_Driver/Src/stm32l4xx_hal_spi.c ****   hspi->RxXferCount = 0U;
1631:Drivers/STM32L4xx_HAL_Driver/Src/stm32l4xx_hal_spi.c ****   hspi->RxISR       = NULL;
1632:Drivers/STM32L4xx_HAL_Driver/Src/stm32l4xx_hal_spi.c **** 
1633:Drivers/STM32L4xx_HAL_Driver/Src/stm32l4xx_hal_spi.c ****   /* Set the function for IT treatment */
1634:Drivers/STM32L4xx_HAL_Driver/Src/stm32l4xx_hal_spi.c ****   if (hspi->Init.DataSize > SPI_DATASIZE_8BIT)
1635:Drivers/STM32L4xx_HAL_Driver/Src/stm32l4xx_hal_spi.c ****   {
1636:Drivers/STM32L4xx_HAL_Driver/Src/stm32l4xx_hal_spi.c ****     hspi->TxISR = SPI_TxISR_16BIT;
1637:Drivers/STM32L4xx_HAL_Driver/Src/stm32l4xx_hal_spi.c ****   }
1638:Drivers/STM32L4xx_HAL_Driver/Src/stm32l4xx_hal_spi.c ****   else
1639:Drivers/STM32L4xx_HAL_Driver/Src/stm32l4xx_hal_spi.c ****   {
1640:Drivers/STM32L4xx_HAL_Driver/Src/stm32l4xx_hal_spi.c ****     hspi->TxISR = SPI_TxISR_8BIT;
1641:Drivers/STM32L4xx_HAL_Driver/Src/stm32l4xx_hal_spi.c ****   }
1642:Drivers/STM32L4xx_HAL_Driver/Src/stm32l4xx_hal_spi.c **** 
1643:Drivers/STM32L4xx_HAL_Driver/Src/stm32l4xx_hal_spi.c ****   /* Configure communication direction : 1Line */
1644:Drivers/STM32L4xx_HAL_Driver/Src/stm32l4xx_hal_spi.c ****   if (hspi->Init.Direction == SPI_DIRECTION_1LINE)
1645:Drivers/STM32L4xx_HAL_Driver/Src/stm32l4xx_hal_spi.c ****   {
1646:Drivers/STM32L4xx_HAL_Driver/Src/stm32l4xx_hal_spi.c ****     /* Disable SPI Peripheral before set 1Line direction (BIDIOE bit) */
1647:Drivers/STM32L4xx_HAL_Driver/Src/stm32l4xx_hal_spi.c ****     __HAL_SPI_DISABLE(hspi);
1648:Drivers/STM32L4xx_HAL_Driver/Src/stm32l4xx_hal_spi.c ****     SPI_1LINE_TX(hspi);
1649:Drivers/STM32L4xx_HAL_Driver/Src/stm32l4xx_hal_spi.c ****   }
1650:Drivers/STM32L4xx_HAL_Driver/Src/stm32l4xx_hal_spi.c **** 
1651:Drivers/STM32L4xx_HAL_Driver/Src/stm32l4xx_hal_spi.c **** #if (USE_SPI_CRC != 0U)
1652:Drivers/STM32L4xx_HAL_Driver/Src/stm32l4xx_hal_spi.c ****   /* Reset CRC Calculation */
1653:Drivers/STM32L4xx_HAL_Driver/Src/stm32l4xx_hal_spi.c ****   if (hspi->Init.CRCCalculation == SPI_CRCCALCULATION_ENABLE)
1654:Drivers/STM32L4xx_HAL_Driver/Src/stm32l4xx_hal_spi.c ****   {
1655:Drivers/STM32L4xx_HAL_Driver/Src/stm32l4xx_hal_spi.c ****     SPI_RESET_CRC(hspi);
1656:Drivers/STM32L4xx_HAL_Driver/Src/stm32l4xx_hal_spi.c ****   }
1657:Drivers/STM32L4xx_HAL_Driver/Src/stm32l4xx_hal_spi.c **** #endif /* USE_SPI_CRC */
1658:Drivers/STM32L4xx_HAL_Driver/Src/stm32l4xx_hal_spi.c **** 
1659:Drivers/STM32L4xx_HAL_Driver/Src/stm32l4xx_hal_spi.c ****   /* Check if the SPI is already enabled */
1660:Drivers/STM32L4xx_HAL_Driver/Src/stm32l4xx_hal_spi.c ****   if ((hspi->Instance->CR1 & SPI_CR1_SPE) != SPI_CR1_SPE)
1661:Drivers/STM32L4xx_HAL_Driver/Src/stm32l4xx_hal_spi.c ****   {
1662:Drivers/STM32L4xx_HAL_Driver/Src/stm32l4xx_hal_spi.c ****     /* Enable SPI peripheral */
1663:Drivers/STM32L4xx_HAL_Driver/Src/stm32l4xx_hal_spi.c ****     __HAL_SPI_ENABLE(hspi);
1664:Drivers/STM32L4xx_HAL_Driver/Src/stm32l4xx_hal_spi.c ****   }
1665:Drivers/STM32L4xx_HAL_Driver/Src/stm32l4xx_hal_spi.c **** 
1666:Drivers/STM32L4xx_HAL_Driver/Src/stm32l4xx_hal_spi.c ****   /* Process Unlocked */
1667:Drivers/STM32L4xx_HAL_Driver/Src/stm32l4xx_hal_spi.c ****   __HAL_UNLOCK(hspi);
1668:Drivers/STM32L4xx_HAL_Driver/Src/stm32l4xx_hal_spi.c ****   /* Enable TXE and ERR interrupt */
1669:Drivers/STM32L4xx_HAL_Driver/Src/stm32l4xx_hal_spi.c ****   __HAL_SPI_ENABLE_IT(hspi, (SPI_IT_TXE | SPI_IT_ERR));
1670:Drivers/STM32L4xx_HAL_Driver/Src/stm32l4xx_hal_spi.c **** 
1671:Drivers/STM32L4xx_HAL_Driver/Src/stm32l4xx_hal_spi.c ****   return HAL_OK;
1672:Drivers/STM32L4xx_HAL_Driver/Src/stm32l4xx_hal_spi.c **** }
1673:Drivers/STM32L4xx_HAL_Driver/Src/stm32l4xx_hal_spi.c **** 
1674:Drivers/STM32L4xx_HAL_Driver/Src/stm32l4xx_hal_spi.c **** /**
1675:Drivers/STM32L4xx_HAL_Driver/Src/stm32l4xx_hal_spi.c ****   * @brief  Receive an amount of data in non-blocking mode with Interrupt.
1676:Drivers/STM32L4xx_HAL_Driver/Src/stm32l4xx_hal_spi.c ****   * @param  hspi pointer to a SPI_HandleTypeDef structure that contains
1677:Drivers/STM32L4xx_HAL_Driver/Src/stm32l4xx_hal_spi.c ****   *               the configuration information for SPI module.
1678:Drivers/STM32L4xx_HAL_Driver/Src/stm32l4xx_hal_spi.c ****   * @param  pData pointer to data buffer
1679:Drivers/STM32L4xx_HAL_Driver/Src/stm32l4xx_hal_spi.c ****   * @param  Size amount of data to be sent
1680:Drivers/STM32L4xx_HAL_Driver/Src/stm32l4xx_hal_spi.c ****   * @retval HAL status
1681:Drivers/STM32L4xx_HAL_Driver/Src/stm32l4xx_hal_spi.c ****   */
1682:Drivers/STM32L4xx_HAL_Driver/Src/stm32l4xx_hal_spi.c **** HAL_StatusTypeDef HAL_SPI_Receive_IT(SPI_HandleTypeDef *hspi, uint8_t *pData, uint16_t Size)
1683:Drivers/STM32L4xx_HAL_Driver/Src/stm32l4xx_hal_spi.c **** {
ARM GAS  /tmp/ccl8yU0j.s 			page 31


1684:Drivers/STM32L4xx_HAL_Driver/Src/stm32l4xx_hal_spi.c **** 
1685:Drivers/STM32L4xx_HAL_Driver/Src/stm32l4xx_hal_spi.c ****   if (hspi->State != HAL_SPI_STATE_READY)
1686:Drivers/STM32L4xx_HAL_Driver/Src/stm32l4xx_hal_spi.c ****   {
1687:Drivers/STM32L4xx_HAL_Driver/Src/stm32l4xx_hal_spi.c ****     return HAL_BUSY;
1688:Drivers/STM32L4xx_HAL_Driver/Src/stm32l4xx_hal_spi.c ****   }
1689:Drivers/STM32L4xx_HAL_Driver/Src/stm32l4xx_hal_spi.c **** 
1690:Drivers/STM32L4xx_HAL_Driver/Src/stm32l4xx_hal_spi.c ****   if ((hspi->Init.Direction == SPI_DIRECTION_2LINES) && (hspi->Init.Mode == SPI_MODE_MASTER))
1691:Drivers/STM32L4xx_HAL_Driver/Src/stm32l4xx_hal_spi.c ****   {
1692:Drivers/STM32L4xx_HAL_Driver/Src/stm32l4xx_hal_spi.c ****     hspi->State = HAL_SPI_STATE_BUSY_RX;
1693:Drivers/STM32L4xx_HAL_Driver/Src/stm32l4xx_hal_spi.c ****     /* Call transmit-receive function to send Dummy data on Tx line and generate clock on CLK line 
1694:Drivers/STM32L4xx_HAL_Driver/Src/stm32l4xx_hal_spi.c ****     return HAL_SPI_TransmitReceive_IT(hspi, pData, pData, Size);
1695:Drivers/STM32L4xx_HAL_Driver/Src/stm32l4xx_hal_spi.c ****   }
1696:Drivers/STM32L4xx_HAL_Driver/Src/stm32l4xx_hal_spi.c **** 
1697:Drivers/STM32L4xx_HAL_Driver/Src/stm32l4xx_hal_spi.c **** 
1698:Drivers/STM32L4xx_HAL_Driver/Src/stm32l4xx_hal_spi.c ****   if ((pData == NULL) || (Size == 0U))
1699:Drivers/STM32L4xx_HAL_Driver/Src/stm32l4xx_hal_spi.c ****   {
1700:Drivers/STM32L4xx_HAL_Driver/Src/stm32l4xx_hal_spi.c ****     return HAL_ERROR;
1701:Drivers/STM32L4xx_HAL_Driver/Src/stm32l4xx_hal_spi.c ****   }
1702:Drivers/STM32L4xx_HAL_Driver/Src/stm32l4xx_hal_spi.c **** 
1703:Drivers/STM32L4xx_HAL_Driver/Src/stm32l4xx_hal_spi.c ****   /* Process Locked */
1704:Drivers/STM32L4xx_HAL_Driver/Src/stm32l4xx_hal_spi.c ****   __HAL_LOCK(hspi);
1705:Drivers/STM32L4xx_HAL_Driver/Src/stm32l4xx_hal_spi.c **** 
1706:Drivers/STM32L4xx_HAL_Driver/Src/stm32l4xx_hal_spi.c ****   /* Set the transaction information */
1707:Drivers/STM32L4xx_HAL_Driver/Src/stm32l4xx_hal_spi.c ****   hspi->State       = HAL_SPI_STATE_BUSY_RX;
1708:Drivers/STM32L4xx_HAL_Driver/Src/stm32l4xx_hal_spi.c ****   hspi->ErrorCode   = HAL_SPI_ERROR_NONE;
1709:Drivers/STM32L4xx_HAL_Driver/Src/stm32l4xx_hal_spi.c ****   hspi->pRxBuffPtr  = (uint8_t *)pData;
1710:Drivers/STM32L4xx_HAL_Driver/Src/stm32l4xx_hal_spi.c ****   hspi->RxXferSize  = Size;
1711:Drivers/STM32L4xx_HAL_Driver/Src/stm32l4xx_hal_spi.c ****   hspi->RxXferCount = Size;
1712:Drivers/STM32L4xx_HAL_Driver/Src/stm32l4xx_hal_spi.c **** 
1713:Drivers/STM32L4xx_HAL_Driver/Src/stm32l4xx_hal_spi.c ****   /* Init field not used in handle to zero */
1714:Drivers/STM32L4xx_HAL_Driver/Src/stm32l4xx_hal_spi.c ****   hspi->pTxBuffPtr  = (uint8_t *)NULL;
1715:Drivers/STM32L4xx_HAL_Driver/Src/stm32l4xx_hal_spi.c ****   hspi->TxXferSize  = 0U;
1716:Drivers/STM32L4xx_HAL_Driver/Src/stm32l4xx_hal_spi.c ****   hspi->TxXferCount = 0U;
1717:Drivers/STM32L4xx_HAL_Driver/Src/stm32l4xx_hal_spi.c ****   hspi->TxISR       = NULL;
1718:Drivers/STM32L4xx_HAL_Driver/Src/stm32l4xx_hal_spi.c **** 
1719:Drivers/STM32L4xx_HAL_Driver/Src/stm32l4xx_hal_spi.c ****   /* Check the data size to adapt Rx threshold and the set the function for IT treatment */
1720:Drivers/STM32L4xx_HAL_Driver/Src/stm32l4xx_hal_spi.c ****   if (hspi->Init.DataSize > SPI_DATASIZE_8BIT)
1721:Drivers/STM32L4xx_HAL_Driver/Src/stm32l4xx_hal_spi.c ****   {
1722:Drivers/STM32L4xx_HAL_Driver/Src/stm32l4xx_hal_spi.c ****     /* Set RX Fifo threshold according the reception data length: 16 bit */
1723:Drivers/STM32L4xx_HAL_Driver/Src/stm32l4xx_hal_spi.c ****     CLEAR_BIT(hspi->Instance->CR2, SPI_RXFIFO_THRESHOLD);
1724:Drivers/STM32L4xx_HAL_Driver/Src/stm32l4xx_hal_spi.c ****     hspi->RxISR = SPI_RxISR_16BIT;
1725:Drivers/STM32L4xx_HAL_Driver/Src/stm32l4xx_hal_spi.c ****   }
1726:Drivers/STM32L4xx_HAL_Driver/Src/stm32l4xx_hal_spi.c ****   else
1727:Drivers/STM32L4xx_HAL_Driver/Src/stm32l4xx_hal_spi.c ****   {
1728:Drivers/STM32L4xx_HAL_Driver/Src/stm32l4xx_hal_spi.c ****     /* Set RX Fifo threshold according the reception data length: 8 bit */
1729:Drivers/STM32L4xx_HAL_Driver/Src/stm32l4xx_hal_spi.c ****     SET_BIT(hspi->Instance->CR2, SPI_RXFIFO_THRESHOLD);
1730:Drivers/STM32L4xx_HAL_Driver/Src/stm32l4xx_hal_spi.c ****     hspi->RxISR = SPI_RxISR_8BIT;
1731:Drivers/STM32L4xx_HAL_Driver/Src/stm32l4xx_hal_spi.c ****   }
1732:Drivers/STM32L4xx_HAL_Driver/Src/stm32l4xx_hal_spi.c **** 
1733:Drivers/STM32L4xx_HAL_Driver/Src/stm32l4xx_hal_spi.c ****   /* Configure communication direction : 1Line */
1734:Drivers/STM32L4xx_HAL_Driver/Src/stm32l4xx_hal_spi.c ****   if (hspi->Init.Direction == SPI_DIRECTION_1LINE)
1735:Drivers/STM32L4xx_HAL_Driver/Src/stm32l4xx_hal_spi.c ****   {
1736:Drivers/STM32L4xx_HAL_Driver/Src/stm32l4xx_hal_spi.c ****     /* Disable SPI Peripheral before set 1Line direction (BIDIOE bit) */
1737:Drivers/STM32L4xx_HAL_Driver/Src/stm32l4xx_hal_spi.c ****     __HAL_SPI_DISABLE(hspi);
1738:Drivers/STM32L4xx_HAL_Driver/Src/stm32l4xx_hal_spi.c ****     SPI_1LINE_RX(hspi);
1739:Drivers/STM32L4xx_HAL_Driver/Src/stm32l4xx_hal_spi.c ****   }
1740:Drivers/STM32L4xx_HAL_Driver/Src/stm32l4xx_hal_spi.c **** 
ARM GAS  /tmp/ccl8yU0j.s 			page 32


1741:Drivers/STM32L4xx_HAL_Driver/Src/stm32l4xx_hal_spi.c **** #if (USE_SPI_CRC != 0U)
1742:Drivers/STM32L4xx_HAL_Driver/Src/stm32l4xx_hal_spi.c ****   /* Reset CRC Calculation */
1743:Drivers/STM32L4xx_HAL_Driver/Src/stm32l4xx_hal_spi.c ****   if (hspi->Init.CRCCalculation == SPI_CRCCALCULATION_ENABLE)
1744:Drivers/STM32L4xx_HAL_Driver/Src/stm32l4xx_hal_spi.c ****   {
1745:Drivers/STM32L4xx_HAL_Driver/Src/stm32l4xx_hal_spi.c ****     hspi->CRCSize = 1U;
1746:Drivers/STM32L4xx_HAL_Driver/Src/stm32l4xx_hal_spi.c ****     if ((hspi->Init.DataSize <= SPI_DATASIZE_8BIT) && (hspi->Init.CRCLength == SPI_CRC_LENGTH_16BIT
1747:Drivers/STM32L4xx_HAL_Driver/Src/stm32l4xx_hal_spi.c ****     {
1748:Drivers/STM32L4xx_HAL_Driver/Src/stm32l4xx_hal_spi.c ****       hspi->CRCSize = 2U;
1749:Drivers/STM32L4xx_HAL_Driver/Src/stm32l4xx_hal_spi.c ****     }
1750:Drivers/STM32L4xx_HAL_Driver/Src/stm32l4xx_hal_spi.c ****     SPI_RESET_CRC(hspi);
1751:Drivers/STM32L4xx_HAL_Driver/Src/stm32l4xx_hal_spi.c ****   }
1752:Drivers/STM32L4xx_HAL_Driver/Src/stm32l4xx_hal_spi.c ****   else
1753:Drivers/STM32L4xx_HAL_Driver/Src/stm32l4xx_hal_spi.c ****   {
1754:Drivers/STM32L4xx_HAL_Driver/Src/stm32l4xx_hal_spi.c ****     hspi->CRCSize = 0U;
1755:Drivers/STM32L4xx_HAL_Driver/Src/stm32l4xx_hal_spi.c ****   }
1756:Drivers/STM32L4xx_HAL_Driver/Src/stm32l4xx_hal_spi.c **** #endif /* USE_SPI_CRC */
1757:Drivers/STM32L4xx_HAL_Driver/Src/stm32l4xx_hal_spi.c **** 
1758:Drivers/STM32L4xx_HAL_Driver/Src/stm32l4xx_hal_spi.c ****   /* Note : The SPI must be enabled after unlocking current process
1759:Drivers/STM32L4xx_HAL_Driver/Src/stm32l4xx_hal_spi.c ****             to avoid the risk of SPI interrupt handle execution before current
1760:Drivers/STM32L4xx_HAL_Driver/Src/stm32l4xx_hal_spi.c ****             process unlock */
1761:Drivers/STM32L4xx_HAL_Driver/Src/stm32l4xx_hal_spi.c **** 
1762:Drivers/STM32L4xx_HAL_Driver/Src/stm32l4xx_hal_spi.c ****   /* Check if the SPI is already enabled */
1763:Drivers/STM32L4xx_HAL_Driver/Src/stm32l4xx_hal_spi.c ****   if ((hspi->Instance->CR1 & SPI_CR1_SPE) != SPI_CR1_SPE)
1764:Drivers/STM32L4xx_HAL_Driver/Src/stm32l4xx_hal_spi.c ****   {
1765:Drivers/STM32L4xx_HAL_Driver/Src/stm32l4xx_hal_spi.c ****     /* Enable SPI peripheral */
1766:Drivers/STM32L4xx_HAL_Driver/Src/stm32l4xx_hal_spi.c ****     __HAL_SPI_ENABLE(hspi);
1767:Drivers/STM32L4xx_HAL_Driver/Src/stm32l4xx_hal_spi.c ****   }
1768:Drivers/STM32L4xx_HAL_Driver/Src/stm32l4xx_hal_spi.c **** 
1769:Drivers/STM32L4xx_HAL_Driver/Src/stm32l4xx_hal_spi.c ****   /* Process Unlocked */
1770:Drivers/STM32L4xx_HAL_Driver/Src/stm32l4xx_hal_spi.c ****   __HAL_UNLOCK(hspi);
1771:Drivers/STM32L4xx_HAL_Driver/Src/stm32l4xx_hal_spi.c ****   /* Enable RXNE and ERR interrupt */
1772:Drivers/STM32L4xx_HAL_Driver/Src/stm32l4xx_hal_spi.c ****   __HAL_SPI_ENABLE_IT(hspi, (SPI_IT_RXNE | SPI_IT_ERR));
1773:Drivers/STM32L4xx_HAL_Driver/Src/stm32l4xx_hal_spi.c **** 
1774:Drivers/STM32L4xx_HAL_Driver/Src/stm32l4xx_hal_spi.c ****   return HAL_OK;
1775:Drivers/STM32L4xx_HAL_Driver/Src/stm32l4xx_hal_spi.c **** }
1776:Drivers/STM32L4xx_HAL_Driver/Src/stm32l4xx_hal_spi.c **** 
1777:Drivers/STM32L4xx_HAL_Driver/Src/stm32l4xx_hal_spi.c **** /**
1778:Drivers/STM32L4xx_HAL_Driver/Src/stm32l4xx_hal_spi.c ****   * @brief  Transmit and Receive an amount of data in non-blocking mode with Interrupt.
1779:Drivers/STM32L4xx_HAL_Driver/Src/stm32l4xx_hal_spi.c ****   * @param  hspi pointer to a SPI_HandleTypeDef structure that contains
1780:Drivers/STM32L4xx_HAL_Driver/Src/stm32l4xx_hal_spi.c ****   *               the configuration information for SPI module.
1781:Drivers/STM32L4xx_HAL_Driver/Src/stm32l4xx_hal_spi.c ****   * @param  pTxData pointer to transmission data buffer
1782:Drivers/STM32L4xx_HAL_Driver/Src/stm32l4xx_hal_spi.c ****   * @param  pRxData pointer to reception data buffer
1783:Drivers/STM32L4xx_HAL_Driver/Src/stm32l4xx_hal_spi.c ****   * @param  Size amount of data to be sent and received
1784:Drivers/STM32L4xx_HAL_Driver/Src/stm32l4xx_hal_spi.c ****   * @retval HAL status
1785:Drivers/STM32L4xx_HAL_Driver/Src/stm32l4xx_hal_spi.c ****   */
1786:Drivers/STM32L4xx_HAL_Driver/Src/stm32l4xx_hal_spi.c **** HAL_StatusTypeDef HAL_SPI_TransmitReceive_IT(SPI_HandleTypeDef *hspi, const uint8_t *pTxData, uint8
1787:Drivers/STM32L4xx_HAL_Driver/Src/stm32l4xx_hal_spi.c ****                                              uint16_t Size)
1788:Drivers/STM32L4xx_HAL_Driver/Src/stm32l4xx_hal_spi.c **** {
1789:Drivers/STM32L4xx_HAL_Driver/Src/stm32l4xx_hal_spi.c ****   uint32_t             tmp_mode;
1790:Drivers/STM32L4xx_HAL_Driver/Src/stm32l4xx_hal_spi.c ****   HAL_SPI_StateTypeDef tmp_state;
1791:Drivers/STM32L4xx_HAL_Driver/Src/stm32l4xx_hal_spi.c **** 
1792:Drivers/STM32L4xx_HAL_Driver/Src/stm32l4xx_hal_spi.c ****   /* Check Direction parameter */
1793:Drivers/STM32L4xx_HAL_Driver/Src/stm32l4xx_hal_spi.c ****   assert_param(IS_SPI_DIRECTION_2LINES(hspi->Init.Direction));
1794:Drivers/STM32L4xx_HAL_Driver/Src/stm32l4xx_hal_spi.c **** 
1795:Drivers/STM32L4xx_HAL_Driver/Src/stm32l4xx_hal_spi.c ****   /* Init temporary variables */
1796:Drivers/STM32L4xx_HAL_Driver/Src/stm32l4xx_hal_spi.c ****   tmp_state           = hspi->State;
1797:Drivers/STM32L4xx_HAL_Driver/Src/stm32l4xx_hal_spi.c ****   tmp_mode            = hspi->Init.Mode;
ARM GAS  /tmp/ccl8yU0j.s 			page 33


1798:Drivers/STM32L4xx_HAL_Driver/Src/stm32l4xx_hal_spi.c **** 
1799:Drivers/STM32L4xx_HAL_Driver/Src/stm32l4xx_hal_spi.c ****   if (!((tmp_state == HAL_SPI_STATE_READY) || \
1800:Drivers/STM32L4xx_HAL_Driver/Src/stm32l4xx_hal_spi.c ****         ((tmp_mode == SPI_MODE_MASTER) && (hspi->Init.Direction == SPI_DIRECTION_2LINES) &&
1801:Drivers/STM32L4xx_HAL_Driver/Src/stm32l4xx_hal_spi.c ****          (tmp_state == HAL_SPI_STATE_BUSY_RX))))
1802:Drivers/STM32L4xx_HAL_Driver/Src/stm32l4xx_hal_spi.c ****   {
1803:Drivers/STM32L4xx_HAL_Driver/Src/stm32l4xx_hal_spi.c ****     return HAL_BUSY;
1804:Drivers/STM32L4xx_HAL_Driver/Src/stm32l4xx_hal_spi.c ****   }
1805:Drivers/STM32L4xx_HAL_Driver/Src/stm32l4xx_hal_spi.c **** 
1806:Drivers/STM32L4xx_HAL_Driver/Src/stm32l4xx_hal_spi.c ****   if ((pTxData == NULL) || (pRxData == NULL) || (Size == 0U))
1807:Drivers/STM32L4xx_HAL_Driver/Src/stm32l4xx_hal_spi.c ****   {
1808:Drivers/STM32L4xx_HAL_Driver/Src/stm32l4xx_hal_spi.c ****     return HAL_ERROR;
1809:Drivers/STM32L4xx_HAL_Driver/Src/stm32l4xx_hal_spi.c ****   }
1810:Drivers/STM32L4xx_HAL_Driver/Src/stm32l4xx_hal_spi.c **** 
1811:Drivers/STM32L4xx_HAL_Driver/Src/stm32l4xx_hal_spi.c ****   /* Process locked */
1812:Drivers/STM32L4xx_HAL_Driver/Src/stm32l4xx_hal_spi.c ****   __HAL_LOCK(hspi);
1813:Drivers/STM32L4xx_HAL_Driver/Src/stm32l4xx_hal_spi.c **** 
1814:Drivers/STM32L4xx_HAL_Driver/Src/stm32l4xx_hal_spi.c ****   /* Don't overwrite in case of HAL_SPI_STATE_BUSY_RX */
1815:Drivers/STM32L4xx_HAL_Driver/Src/stm32l4xx_hal_spi.c ****   if (hspi->State != HAL_SPI_STATE_BUSY_RX)
1816:Drivers/STM32L4xx_HAL_Driver/Src/stm32l4xx_hal_spi.c ****   {
1817:Drivers/STM32L4xx_HAL_Driver/Src/stm32l4xx_hal_spi.c ****     hspi->State = HAL_SPI_STATE_BUSY_TX_RX;
1818:Drivers/STM32L4xx_HAL_Driver/Src/stm32l4xx_hal_spi.c ****   }
1819:Drivers/STM32L4xx_HAL_Driver/Src/stm32l4xx_hal_spi.c **** 
1820:Drivers/STM32L4xx_HAL_Driver/Src/stm32l4xx_hal_spi.c ****   /* Set the transaction information */
1821:Drivers/STM32L4xx_HAL_Driver/Src/stm32l4xx_hal_spi.c ****   hspi->ErrorCode   = HAL_SPI_ERROR_NONE;
1822:Drivers/STM32L4xx_HAL_Driver/Src/stm32l4xx_hal_spi.c ****   hspi->pTxBuffPtr  = (const uint8_t *)pTxData;
1823:Drivers/STM32L4xx_HAL_Driver/Src/stm32l4xx_hal_spi.c ****   hspi->TxXferSize  = Size;
1824:Drivers/STM32L4xx_HAL_Driver/Src/stm32l4xx_hal_spi.c ****   hspi->TxXferCount = Size;
1825:Drivers/STM32L4xx_HAL_Driver/Src/stm32l4xx_hal_spi.c ****   hspi->pRxBuffPtr  = (uint8_t *)pRxData;
1826:Drivers/STM32L4xx_HAL_Driver/Src/stm32l4xx_hal_spi.c ****   hspi->RxXferSize  = Size;
1827:Drivers/STM32L4xx_HAL_Driver/Src/stm32l4xx_hal_spi.c ****   hspi->RxXferCount = Size;
1828:Drivers/STM32L4xx_HAL_Driver/Src/stm32l4xx_hal_spi.c **** 
1829:Drivers/STM32L4xx_HAL_Driver/Src/stm32l4xx_hal_spi.c ****   /* Set the function for IT treatment */
1830:Drivers/STM32L4xx_HAL_Driver/Src/stm32l4xx_hal_spi.c ****   if (hspi->Init.DataSize > SPI_DATASIZE_8BIT)
1831:Drivers/STM32L4xx_HAL_Driver/Src/stm32l4xx_hal_spi.c ****   {
1832:Drivers/STM32L4xx_HAL_Driver/Src/stm32l4xx_hal_spi.c ****     hspi->RxISR     = SPI_2linesRxISR_16BIT;
1833:Drivers/STM32L4xx_HAL_Driver/Src/stm32l4xx_hal_spi.c ****     hspi->TxISR     = SPI_2linesTxISR_16BIT;
1834:Drivers/STM32L4xx_HAL_Driver/Src/stm32l4xx_hal_spi.c ****   }
1835:Drivers/STM32L4xx_HAL_Driver/Src/stm32l4xx_hal_spi.c ****   else
1836:Drivers/STM32L4xx_HAL_Driver/Src/stm32l4xx_hal_spi.c ****   {
1837:Drivers/STM32L4xx_HAL_Driver/Src/stm32l4xx_hal_spi.c ****     hspi->RxISR     = SPI_2linesRxISR_8BIT;
1838:Drivers/STM32L4xx_HAL_Driver/Src/stm32l4xx_hal_spi.c ****     hspi->TxISR     = SPI_2linesTxISR_8BIT;
1839:Drivers/STM32L4xx_HAL_Driver/Src/stm32l4xx_hal_spi.c ****   }
1840:Drivers/STM32L4xx_HAL_Driver/Src/stm32l4xx_hal_spi.c **** 
1841:Drivers/STM32L4xx_HAL_Driver/Src/stm32l4xx_hal_spi.c **** #if (USE_SPI_CRC != 0U)
1842:Drivers/STM32L4xx_HAL_Driver/Src/stm32l4xx_hal_spi.c ****   /* Reset CRC Calculation */
1843:Drivers/STM32L4xx_HAL_Driver/Src/stm32l4xx_hal_spi.c ****   if (hspi->Init.CRCCalculation == SPI_CRCCALCULATION_ENABLE)
1844:Drivers/STM32L4xx_HAL_Driver/Src/stm32l4xx_hal_spi.c ****   {
1845:Drivers/STM32L4xx_HAL_Driver/Src/stm32l4xx_hal_spi.c ****     hspi->CRCSize = 1U;
1846:Drivers/STM32L4xx_HAL_Driver/Src/stm32l4xx_hal_spi.c ****     if ((hspi->Init.DataSize <= SPI_DATASIZE_8BIT) && (hspi->Init.CRCLength == SPI_CRC_LENGTH_16BIT
1847:Drivers/STM32L4xx_HAL_Driver/Src/stm32l4xx_hal_spi.c ****     {
1848:Drivers/STM32L4xx_HAL_Driver/Src/stm32l4xx_hal_spi.c ****       hspi->CRCSize = 2U;
1849:Drivers/STM32L4xx_HAL_Driver/Src/stm32l4xx_hal_spi.c ****     }
1850:Drivers/STM32L4xx_HAL_Driver/Src/stm32l4xx_hal_spi.c ****     SPI_RESET_CRC(hspi);
1851:Drivers/STM32L4xx_HAL_Driver/Src/stm32l4xx_hal_spi.c ****   }
1852:Drivers/STM32L4xx_HAL_Driver/Src/stm32l4xx_hal_spi.c ****   else
1853:Drivers/STM32L4xx_HAL_Driver/Src/stm32l4xx_hal_spi.c ****   {
1854:Drivers/STM32L4xx_HAL_Driver/Src/stm32l4xx_hal_spi.c ****     hspi->CRCSize = 0U;
ARM GAS  /tmp/ccl8yU0j.s 			page 34


1855:Drivers/STM32L4xx_HAL_Driver/Src/stm32l4xx_hal_spi.c ****   }
1856:Drivers/STM32L4xx_HAL_Driver/Src/stm32l4xx_hal_spi.c **** #endif /* USE_SPI_CRC */
1857:Drivers/STM32L4xx_HAL_Driver/Src/stm32l4xx_hal_spi.c **** 
1858:Drivers/STM32L4xx_HAL_Driver/Src/stm32l4xx_hal_spi.c ****   /* Check if packing mode is enabled and if there is more than 2 data to receive */
1859:Drivers/STM32L4xx_HAL_Driver/Src/stm32l4xx_hal_spi.c ****   if ((hspi->Init.DataSize > SPI_DATASIZE_8BIT) || (Size >= 2U))
1860:Drivers/STM32L4xx_HAL_Driver/Src/stm32l4xx_hal_spi.c ****   {
1861:Drivers/STM32L4xx_HAL_Driver/Src/stm32l4xx_hal_spi.c ****     /* Set RX Fifo threshold according the reception data length: 16 bit */
1862:Drivers/STM32L4xx_HAL_Driver/Src/stm32l4xx_hal_spi.c ****     CLEAR_BIT(hspi->Instance->CR2, SPI_RXFIFO_THRESHOLD);
1863:Drivers/STM32L4xx_HAL_Driver/Src/stm32l4xx_hal_spi.c ****   }
1864:Drivers/STM32L4xx_HAL_Driver/Src/stm32l4xx_hal_spi.c ****   else
1865:Drivers/STM32L4xx_HAL_Driver/Src/stm32l4xx_hal_spi.c ****   {
1866:Drivers/STM32L4xx_HAL_Driver/Src/stm32l4xx_hal_spi.c ****     /* Set RX Fifo threshold according the reception data length: 8 bit */
1867:Drivers/STM32L4xx_HAL_Driver/Src/stm32l4xx_hal_spi.c ****     SET_BIT(hspi->Instance->CR2, SPI_RXFIFO_THRESHOLD);
1868:Drivers/STM32L4xx_HAL_Driver/Src/stm32l4xx_hal_spi.c ****   }
1869:Drivers/STM32L4xx_HAL_Driver/Src/stm32l4xx_hal_spi.c **** 
1870:Drivers/STM32L4xx_HAL_Driver/Src/stm32l4xx_hal_spi.c **** 
1871:Drivers/STM32L4xx_HAL_Driver/Src/stm32l4xx_hal_spi.c ****   /* Check if the SPI is already enabled */
1872:Drivers/STM32L4xx_HAL_Driver/Src/stm32l4xx_hal_spi.c ****   if ((hspi->Instance->CR1 & SPI_CR1_SPE) != SPI_CR1_SPE)
1873:Drivers/STM32L4xx_HAL_Driver/Src/stm32l4xx_hal_spi.c ****   {
1874:Drivers/STM32L4xx_HAL_Driver/Src/stm32l4xx_hal_spi.c ****     /* Enable SPI peripheral */
1875:Drivers/STM32L4xx_HAL_Driver/Src/stm32l4xx_hal_spi.c ****     __HAL_SPI_ENABLE(hspi);
1876:Drivers/STM32L4xx_HAL_Driver/Src/stm32l4xx_hal_spi.c ****   }
1877:Drivers/STM32L4xx_HAL_Driver/Src/stm32l4xx_hal_spi.c **** 
1878:Drivers/STM32L4xx_HAL_Driver/Src/stm32l4xx_hal_spi.c ****   /* Process Unlocked */
1879:Drivers/STM32L4xx_HAL_Driver/Src/stm32l4xx_hal_spi.c ****   __HAL_UNLOCK(hspi);
1880:Drivers/STM32L4xx_HAL_Driver/Src/stm32l4xx_hal_spi.c ****   /* Enable TXE, RXNE and ERR interrupt */
1881:Drivers/STM32L4xx_HAL_Driver/Src/stm32l4xx_hal_spi.c ****   __HAL_SPI_ENABLE_IT(hspi, (SPI_IT_TXE | SPI_IT_RXNE | SPI_IT_ERR));
1882:Drivers/STM32L4xx_HAL_Driver/Src/stm32l4xx_hal_spi.c **** 
1883:Drivers/STM32L4xx_HAL_Driver/Src/stm32l4xx_hal_spi.c ****   return HAL_OK;
1884:Drivers/STM32L4xx_HAL_Driver/Src/stm32l4xx_hal_spi.c **** }
1885:Drivers/STM32L4xx_HAL_Driver/Src/stm32l4xx_hal_spi.c **** 
1886:Drivers/STM32L4xx_HAL_Driver/Src/stm32l4xx_hal_spi.c **** /**
1887:Drivers/STM32L4xx_HAL_Driver/Src/stm32l4xx_hal_spi.c ****   * @brief  Transmit an amount of data in non-blocking mode with DMA.
1888:Drivers/STM32L4xx_HAL_Driver/Src/stm32l4xx_hal_spi.c ****   * @param  hspi pointer to a SPI_HandleTypeDef structure that contains
1889:Drivers/STM32L4xx_HAL_Driver/Src/stm32l4xx_hal_spi.c ****   *               the configuration information for SPI module.
1890:Drivers/STM32L4xx_HAL_Driver/Src/stm32l4xx_hal_spi.c ****   * @param  pData pointer to data buffer
1891:Drivers/STM32L4xx_HAL_Driver/Src/stm32l4xx_hal_spi.c ****   * @param  Size amount of data to be sent
1892:Drivers/STM32L4xx_HAL_Driver/Src/stm32l4xx_hal_spi.c ****   * @retval HAL status
1893:Drivers/STM32L4xx_HAL_Driver/Src/stm32l4xx_hal_spi.c ****   */
1894:Drivers/STM32L4xx_HAL_Driver/Src/stm32l4xx_hal_spi.c **** HAL_StatusTypeDef HAL_SPI_Transmit_DMA(SPI_HandleTypeDef *hspi, const uint8_t *pData, uint16_t Size
1895:Drivers/STM32L4xx_HAL_Driver/Src/stm32l4xx_hal_spi.c **** {
1896:Drivers/STM32L4xx_HAL_Driver/Src/stm32l4xx_hal_spi.c **** 
1897:Drivers/STM32L4xx_HAL_Driver/Src/stm32l4xx_hal_spi.c ****   /* Check tx dma handle */
1898:Drivers/STM32L4xx_HAL_Driver/Src/stm32l4xx_hal_spi.c ****   assert_param(IS_SPI_DMA_HANDLE(hspi->hdmatx));
1899:Drivers/STM32L4xx_HAL_Driver/Src/stm32l4xx_hal_spi.c **** 
1900:Drivers/STM32L4xx_HAL_Driver/Src/stm32l4xx_hal_spi.c ****   /* Check Direction parameter */
1901:Drivers/STM32L4xx_HAL_Driver/Src/stm32l4xx_hal_spi.c ****   assert_param(IS_SPI_DIRECTION_2LINES_OR_1LINE(hspi->Init.Direction));
1902:Drivers/STM32L4xx_HAL_Driver/Src/stm32l4xx_hal_spi.c **** 
1903:Drivers/STM32L4xx_HAL_Driver/Src/stm32l4xx_hal_spi.c ****   if (hspi->State != HAL_SPI_STATE_READY)
1904:Drivers/STM32L4xx_HAL_Driver/Src/stm32l4xx_hal_spi.c ****   {
1905:Drivers/STM32L4xx_HAL_Driver/Src/stm32l4xx_hal_spi.c ****     return HAL_BUSY;
1906:Drivers/STM32L4xx_HAL_Driver/Src/stm32l4xx_hal_spi.c ****   }
1907:Drivers/STM32L4xx_HAL_Driver/Src/stm32l4xx_hal_spi.c **** 
1908:Drivers/STM32L4xx_HAL_Driver/Src/stm32l4xx_hal_spi.c ****   if ((pData == NULL) || (Size == 0U))
1909:Drivers/STM32L4xx_HAL_Driver/Src/stm32l4xx_hal_spi.c ****   {
1910:Drivers/STM32L4xx_HAL_Driver/Src/stm32l4xx_hal_spi.c ****     return HAL_ERROR;
1911:Drivers/STM32L4xx_HAL_Driver/Src/stm32l4xx_hal_spi.c ****   }
ARM GAS  /tmp/ccl8yU0j.s 			page 35


1912:Drivers/STM32L4xx_HAL_Driver/Src/stm32l4xx_hal_spi.c **** 
1913:Drivers/STM32L4xx_HAL_Driver/Src/stm32l4xx_hal_spi.c ****   /* Process Locked */
1914:Drivers/STM32L4xx_HAL_Driver/Src/stm32l4xx_hal_spi.c ****   __HAL_LOCK(hspi);
1915:Drivers/STM32L4xx_HAL_Driver/Src/stm32l4xx_hal_spi.c **** 
1916:Drivers/STM32L4xx_HAL_Driver/Src/stm32l4xx_hal_spi.c ****   /* Set the transaction information */
1917:Drivers/STM32L4xx_HAL_Driver/Src/stm32l4xx_hal_spi.c ****   hspi->State       = HAL_SPI_STATE_BUSY_TX;
1918:Drivers/STM32L4xx_HAL_Driver/Src/stm32l4xx_hal_spi.c ****   hspi->ErrorCode   = HAL_SPI_ERROR_NONE;
1919:Drivers/STM32L4xx_HAL_Driver/Src/stm32l4xx_hal_spi.c ****   hspi->pTxBuffPtr  = (const uint8_t *)pData;
1920:Drivers/STM32L4xx_HAL_Driver/Src/stm32l4xx_hal_spi.c ****   hspi->TxXferSize  = Size;
1921:Drivers/STM32L4xx_HAL_Driver/Src/stm32l4xx_hal_spi.c ****   hspi->TxXferCount = Size;
1922:Drivers/STM32L4xx_HAL_Driver/Src/stm32l4xx_hal_spi.c **** 
1923:Drivers/STM32L4xx_HAL_Driver/Src/stm32l4xx_hal_spi.c ****   /* Init field not used in handle to zero */
1924:Drivers/STM32L4xx_HAL_Driver/Src/stm32l4xx_hal_spi.c ****   hspi->pRxBuffPtr  = (uint8_t *)NULL;
1925:Drivers/STM32L4xx_HAL_Driver/Src/stm32l4xx_hal_spi.c ****   hspi->TxISR       = NULL;
1926:Drivers/STM32L4xx_HAL_Driver/Src/stm32l4xx_hal_spi.c ****   hspi->RxISR       = NULL;
1927:Drivers/STM32L4xx_HAL_Driver/Src/stm32l4xx_hal_spi.c ****   hspi->RxXferSize  = 0U;
1928:Drivers/STM32L4xx_HAL_Driver/Src/stm32l4xx_hal_spi.c ****   hspi->RxXferCount = 0U;
1929:Drivers/STM32L4xx_HAL_Driver/Src/stm32l4xx_hal_spi.c **** 
1930:Drivers/STM32L4xx_HAL_Driver/Src/stm32l4xx_hal_spi.c ****   /* Configure communication direction : 1Line */
1931:Drivers/STM32L4xx_HAL_Driver/Src/stm32l4xx_hal_spi.c ****   if (hspi->Init.Direction == SPI_DIRECTION_1LINE)
1932:Drivers/STM32L4xx_HAL_Driver/Src/stm32l4xx_hal_spi.c ****   {
1933:Drivers/STM32L4xx_HAL_Driver/Src/stm32l4xx_hal_spi.c ****     /* Disable SPI Peripheral before set 1Line direction (BIDIOE bit) */
1934:Drivers/STM32L4xx_HAL_Driver/Src/stm32l4xx_hal_spi.c ****     __HAL_SPI_DISABLE(hspi);
1935:Drivers/STM32L4xx_HAL_Driver/Src/stm32l4xx_hal_spi.c ****     SPI_1LINE_TX(hspi);
1936:Drivers/STM32L4xx_HAL_Driver/Src/stm32l4xx_hal_spi.c ****   }
1937:Drivers/STM32L4xx_HAL_Driver/Src/stm32l4xx_hal_spi.c **** 
1938:Drivers/STM32L4xx_HAL_Driver/Src/stm32l4xx_hal_spi.c **** #if (USE_SPI_CRC != 0U)
1939:Drivers/STM32L4xx_HAL_Driver/Src/stm32l4xx_hal_spi.c ****   /* Reset CRC Calculation */
1940:Drivers/STM32L4xx_HAL_Driver/Src/stm32l4xx_hal_spi.c ****   if (hspi->Init.CRCCalculation == SPI_CRCCALCULATION_ENABLE)
1941:Drivers/STM32L4xx_HAL_Driver/Src/stm32l4xx_hal_spi.c ****   {
1942:Drivers/STM32L4xx_HAL_Driver/Src/stm32l4xx_hal_spi.c ****     SPI_RESET_CRC(hspi);
1943:Drivers/STM32L4xx_HAL_Driver/Src/stm32l4xx_hal_spi.c ****   }
1944:Drivers/STM32L4xx_HAL_Driver/Src/stm32l4xx_hal_spi.c **** #endif /* USE_SPI_CRC */
1945:Drivers/STM32L4xx_HAL_Driver/Src/stm32l4xx_hal_spi.c **** 
1946:Drivers/STM32L4xx_HAL_Driver/Src/stm32l4xx_hal_spi.c ****   /* Set the SPI TxDMA Half transfer complete callback */
1947:Drivers/STM32L4xx_HAL_Driver/Src/stm32l4xx_hal_spi.c ****   hspi->hdmatx->XferHalfCpltCallback = SPI_DMAHalfTransmitCplt;
1948:Drivers/STM32L4xx_HAL_Driver/Src/stm32l4xx_hal_spi.c **** 
1949:Drivers/STM32L4xx_HAL_Driver/Src/stm32l4xx_hal_spi.c ****   /* Set the SPI TxDMA transfer complete callback */
1950:Drivers/STM32L4xx_HAL_Driver/Src/stm32l4xx_hal_spi.c ****   hspi->hdmatx->XferCpltCallback = SPI_DMATransmitCplt;
1951:Drivers/STM32L4xx_HAL_Driver/Src/stm32l4xx_hal_spi.c **** 
1952:Drivers/STM32L4xx_HAL_Driver/Src/stm32l4xx_hal_spi.c ****   /* Set the DMA error callback */
1953:Drivers/STM32L4xx_HAL_Driver/Src/stm32l4xx_hal_spi.c ****   hspi->hdmatx->XferErrorCallback = SPI_DMAError;
1954:Drivers/STM32L4xx_HAL_Driver/Src/stm32l4xx_hal_spi.c **** 
1955:Drivers/STM32L4xx_HAL_Driver/Src/stm32l4xx_hal_spi.c ****   /* Set the DMA AbortCpltCallback */
1956:Drivers/STM32L4xx_HAL_Driver/Src/stm32l4xx_hal_spi.c ****   hspi->hdmatx->XferAbortCallback = NULL;
1957:Drivers/STM32L4xx_HAL_Driver/Src/stm32l4xx_hal_spi.c **** 
1958:Drivers/STM32L4xx_HAL_Driver/Src/stm32l4xx_hal_spi.c ****   CLEAR_BIT(hspi->Instance->CR2, SPI_CR2_LDMATX);
1959:Drivers/STM32L4xx_HAL_Driver/Src/stm32l4xx_hal_spi.c ****   /* Packing mode is enabled only if the DMA setting is HALWORD */
1960:Drivers/STM32L4xx_HAL_Driver/Src/stm32l4xx_hal_spi.c ****   if ((hspi->Init.DataSize <= SPI_DATASIZE_8BIT) && (hspi->hdmatx->Init.MemDataAlignment == DMA_MDA
1961:Drivers/STM32L4xx_HAL_Driver/Src/stm32l4xx_hal_spi.c ****   {
1962:Drivers/STM32L4xx_HAL_Driver/Src/stm32l4xx_hal_spi.c ****     /* Check the even/odd of the data size + crc if enabled */
1963:Drivers/STM32L4xx_HAL_Driver/Src/stm32l4xx_hal_spi.c ****     if ((hspi->TxXferCount & 0x1U) == 0U)
1964:Drivers/STM32L4xx_HAL_Driver/Src/stm32l4xx_hal_spi.c ****     {
1965:Drivers/STM32L4xx_HAL_Driver/Src/stm32l4xx_hal_spi.c ****       CLEAR_BIT(hspi->Instance->CR2, SPI_CR2_LDMATX);
1966:Drivers/STM32L4xx_HAL_Driver/Src/stm32l4xx_hal_spi.c ****       hspi->TxXferCount = (hspi->TxXferCount >> 1U);
1967:Drivers/STM32L4xx_HAL_Driver/Src/stm32l4xx_hal_spi.c ****     }
1968:Drivers/STM32L4xx_HAL_Driver/Src/stm32l4xx_hal_spi.c ****     else
ARM GAS  /tmp/ccl8yU0j.s 			page 36


1969:Drivers/STM32L4xx_HAL_Driver/Src/stm32l4xx_hal_spi.c ****     {
1970:Drivers/STM32L4xx_HAL_Driver/Src/stm32l4xx_hal_spi.c ****       SET_BIT(hspi->Instance->CR2, SPI_CR2_LDMATX);
1971:Drivers/STM32L4xx_HAL_Driver/Src/stm32l4xx_hal_spi.c ****       hspi->TxXferCount = (hspi->TxXferCount >> 1U) + 1U;
1972:Drivers/STM32L4xx_HAL_Driver/Src/stm32l4xx_hal_spi.c ****     }
1973:Drivers/STM32L4xx_HAL_Driver/Src/stm32l4xx_hal_spi.c ****   }
1974:Drivers/STM32L4xx_HAL_Driver/Src/stm32l4xx_hal_spi.c **** 
1975:Drivers/STM32L4xx_HAL_Driver/Src/stm32l4xx_hal_spi.c ****   /* Enable the Tx DMA Stream/Channel */
1976:Drivers/STM32L4xx_HAL_Driver/Src/stm32l4xx_hal_spi.c ****   if (HAL_OK != HAL_DMA_Start_IT(hspi->hdmatx, (uint32_t)hspi->pTxBuffPtr, (uint32_t)&hspi->Instanc
1977:Drivers/STM32L4xx_HAL_Driver/Src/stm32l4xx_hal_spi.c ****                                  hspi->TxXferCount))
1978:Drivers/STM32L4xx_HAL_Driver/Src/stm32l4xx_hal_spi.c ****   {
1979:Drivers/STM32L4xx_HAL_Driver/Src/stm32l4xx_hal_spi.c ****     /* Update SPI error code */
1980:Drivers/STM32L4xx_HAL_Driver/Src/stm32l4xx_hal_spi.c ****     SET_BIT(hspi->ErrorCode, HAL_SPI_ERROR_DMA);
1981:Drivers/STM32L4xx_HAL_Driver/Src/stm32l4xx_hal_spi.c ****     /* Process Unlocked */
1982:Drivers/STM32L4xx_HAL_Driver/Src/stm32l4xx_hal_spi.c ****     __HAL_UNLOCK(hspi);
1983:Drivers/STM32L4xx_HAL_Driver/Src/stm32l4xx_hal_spi.c ****     return HAL_ERROR;
1984:Drivers/STM32L4xx_HAL_Driver/Src/stm32l4xx_hal_spi.c ****   }
1985:Drivers/STM32L4xx_HAL_Driver/Src/stm32l4xx_hal_spi.c **** 
1986:Drivers/STM32L4xx_HAL_Driver/Src/stm32l4xx_hal_spi.c ****   /* Check if the SPI is already enabled */
1987:Drivers/STM32L4xx_HAL_Driver/Src/stm32l4xx_hal_spi.c ****   if ((hspi->Instance->CR1 & SPI_CR1_SPE) != SPI_CR1_SPE)
1988:Drivers/STM32L4xx_HAL_Driver/Src/stm32l4xx_hal_spi.c ****   {
1989:Drivers/STM32L4xx_HAL_Driver/Src/stm32l4xx_hal_spi.c ****     /* Enable SPI peripheral */
1990:Drivers/STM32L4xx_HAL_Driver/Src/stm32l4xx_hal_spi.c ****     __HAL_SPI_ENABLE(hspi);
1991:Drivers/STM32L4xx_HAL_Driver/Src/stm32l4xx_hal_spi.c ****   }
1992:Drivers/STM32L4xx_HAL_Driver/Src/stm32l4xx_hal_spi.c **** 
1993:Drivers/STM32L4xx_HAL_Driver/Src/stm32l4xx_hal_spi.c ****   /* Process Unlocked */
1994:Drivers/STM32L4xx_HAL_Driver/Src/stm32l4xx_hal_spi.c ****   __HAL_UNLOCK(hspi);
1995:Drivers/STM32L4xx_HAL_Driver/Src/stm32l4xx_hal_spi.c **** 
1996:Drivers/STM32L4xx_HAL_Driver/Src/stm32l4xx_hal_spi.c ****   /* Enable the SPI Error Interrupt Bit */
1997:Drivers/STM32L4xx_HAL_Driver/Src/stm32l4xx_hal_spi.c ****   __HAL_SPI_ENABLE_IT(hspi, (SPI_IT_ERR));
1998:Drivers/STM32L4xx_HAL_Driver/Src/stm32l4xx_hal_spi.c **** 
1999:Drivers/STM32L4xx_HAL_Driver/Src/stm32l4xx_hal_spi.c ****   /* Enable Tx DMA Request */
2000:Drivers/STM32L4xx_HAL_Driver/Src/stm32l4xx_hal_spi.c ****   SET_BIT(hspi->Instance->CR2, SPI_CR2_TXDMAEN);
2001:Drivers/STM32L4xx_HAL_Driver/Src/stm32l4xx_hal_spi.c **** 
2002:Drivers/STM32L4xx_HAL_Driver/Src/stm32l4xx_hal_spi.c ****   return HAL_OK;
2003:Drivers/STM32L4xx_HAL_Driver/Src/stm32l4xx_hal_spi.c **** }
2004:Drivers/STM32L4xx_HAL_Driver/Src/stm32l4xx_hal_spi.c **** 
2005:Drivers/STM32L4xx_HAL_Driver/Src/stm32l4xx_hal_spi.c **** /**
2006:Drivers/STM32L4xx_HAL_Driver/Src/stm32l4xx_hal_spi.c ****   * @brief  Receive an amount of data in non-blocking mode with DMA.
2007:Drivers/STM32L4xx_HAL_Driver/Src/stm32l4xx_hal_spi.c ****   * @note   In case of MASTER mode and SPI_DIRECTION_2LINES direction, hdmatx shall be defined.
2008:Drivers/STM32L4xx_HAL_Driver/Src/stm32l4xx_hal_spi.c ****   * @param  hspi pointer to a SPI_HandleTypeDef structure that contains
2009:Drivers/STM32L4xx_HAL_Driver/Src/stm32l4xx_hal_spi.c ****   *               the configuration information for SPI module.
2010:Drivers/STM32L4xx_HAL_Driver/Src/stm32l4xx_hal_spi.c ****   * @param  pData pointer to data buffer
2011:Drivers/STM32L4xx_HAL_Driver/Src/stm32l4xx_hal_spi.c ****   * @note   When the CRC feature is enabled the pData Length must be Size + 1.
2012:Drivers/STM32L4xx_HAL_Driver/Src/stm32l4xx_hal_spi.c ****   * @param  Size amount of data to be sent
2013:Drivers/STM32L4xx_HAL_Driver/Src/stm32l4xx_hal_spi.c ****   * @retval HAL status
2014:Drivers/STM32L4xx_HAL_Driver/Src/stm32l4xx_hal_spi.c ****   */
2015:Drivers/STM32L4xx_HAL_Driver/Src/stm32l4xx_hal_spi.c **** HAL_StatusTypeDef HAL_SPI_Receive_DMA(SPI_HandleTypeDef *hspi, uint8_t *pData, uint16_t Size)
2016:Drivers/STM32L4xx_HAL_Driver/Src/stm32l4xx_hal_spi.c **** {
2017:Drivers/STM32L4xx_HAL_Driver/Src/stm32l4xx_hal_spi.c ****   /* Check rx dma handle */
2018:Drivers/STM32L4xx_HAL_Driver/Src/stm32l4xx_hal_spi.c ****   assert_param(IS_SPI_DMA_HANDLE(hspi->hdmarx));
2019:Drivers/STM32L4xx_HAL_Driver/Src/stm32l4xx_hal_spi.c **** 
2020:Drivers/STM32L4xx_HAL_Driver/Src/stm32l4xx_hal_spi.c ****   if (hspi->State != HAL_SPI_STATE_READY)
2021:Drivers/STM32L4xx_HAL_Driver/Src/stm32l4xx_hal_spi.c ****   {
2022:Drivers/STM32L4xx_HAL_Driver/Src/stm32l4xx_hal_spi.c ****     return HAL_BUSY;
2023:Drivers/STM32L4xx_HAL_Driver/Src/stm32l4xx_hal_spi.c ****   }
2024:Drivers/STM32L4xx_HAL_Driver/Src/stm32l4xx_hal_spi.c **** 
2025:Drivers/STM32L4xx_HAL_Driver/Src/stm32l4xx_hal_spi.c ****   if ((hspi->Init.Direction == SPI_DIRECTION_2LINES) && (hspi->Init.Mode == SPI_MODE_MASTER))
ARM GAS  /tmp/ccl8yU0j.s 			page 37


2026:Drivers/STM32L4xx_HAL_Driver/Src/stm32l4xx_hal_spi.c ****   {
2027:Drivers/STM32L4xx_HAL_Driver/Src/stm32l4xx_hal_spi.c ****     hspi->State = HAL_SPI_STATE_BUSY_RX;
2028:Drivers/STM32L4xx_HAL_Driver/Src/stm32l4xx_hal_spi.c **** 
2029:Drivers/STM32L4xx_HAL_Driver/Src/stm32l4xx_hal_spi.c ****     /* Check tx dma handle */
2030:Drivers/STM32L4xx_HAL_Driver/Src/stm32l4xx_hal_spi.c ****     assert_param(IS_SPI_DMA_HANDLE(hspi->hdmatx));
2031:Drivers/STM32L4xx_HAL_Driver/Src/stm32l4xx_hal_spi.c **** 
2032:Drivers/STM32L4xx_HAL_Driver/Src/stm32l4xx_hal_spi.c ****     /* Call transmit-receive function to send Dummy data on Tx line and generate clock on CLK line 
2033:Drivers/STM32L4xx_HAL_Driver/Src/stm32l4xx_hal_spi.c ****     return HAL_SPI_TransmitReceive_DMA(hspi, pData, pData, Size);
2034:Drivers/STM32L4xx_HAL_Driver/Src/stm32l4xx_hal_spi.c ****   }
2035:Drivers/STM32L4xx_HAL_Driver/Src/stm32l4xx_hal_spi.c **** 
2036:Drivers/STM32L4xx_HAL_Driver/Src/stm32l4xx_hal_spi.c ****   if ((pData == NULL) || (Size == 0U))
2037:Drivers/STM32L4xx_HAL_Driver/Src/stm32l4xx_hal_spi.c ****   {
2038:Drivers/STM32L4xx_HAL_Driver/Src/stm32l4xx_hal_spi.c ****     return HAL_ERROR;
2039:Drivers/STM32L4xx_HAL_Driver/Src/stm32l4xx_hal_spi.c ****   }
2040:Drivers/STM32L4xx_HAL_Driver/Src/stm32l4xx_hal_spi.c **** 
2041:Drivers/STM32L4xx_HAL_Driver/Src/stm32l4xx_hal_spi.c ****   /* Process Locked */
2042:Drivers/STM32L4xx_HAL_Driver/Src/stm32l4xx_hal_spi.c ****   __HAL_LOCK(hspi);
2043:Drivers/STM32L4xx_HAL_Driver/Src/stm32l4xx_hal_spi.c **** 
2044:Drivers/STM32L4xx_HAL_Driver/Src/stm32l4xx_hal_spi.c ****   /* Set the transaction information */
2045:Drivers/STM32L4xx_HAL_Driver/Src/stm32l4xx_hal_spi.c ****   hspi->State       = HAL_SPI_STATE_BUSY_RX;
2046:Drivers/STM32L4xx_HAL_Driver/Src/stm32l4xx_hal_spi.c ****   hspi->ErrorCode   = HAL_SPI_ERROR_NONE;
2047:Drivers/STM32L4xx_HAL_Driver/Src/stm32l4xx_hal_spi.c ****   hspi->pRxBuffPtr  = (uint8_t *)pData;
2048:Drivers/STM32L4xx_HAL_Driver/Src/stm32l4xx_hal_spi.c ****   hspi->RxXferSize  = Size;
2049:Drivers/STM32L4xx_HAL_Driver/Src/stm32l4xx_hal_spi.c ****   hspi->RxXferCount = Size;
2050:Drivers/STM32L4xx_HAL_Driver/Src/stm32l4xx_hal_spi.c **** 
2051:Drivers/STM32L4xx_HAL_Driver/Src/stm32l4xx_hal_spi.c ****   /*Init field not used in handle to zero */
2052:Drivers/STM32L4xx_HAL_Driver/Src/stm32l4xx_hal_spi.c ****   hspi->RxISR       = NULL;
2053:Drivers/STM32L4xx_HAL_Driver/Src/stm32l4xx_hal_spi.c ****   hspi->TxISR       = NULL;
2054:Drivers/STM32L4xx_HAL_Driver/Src/stm32l4xx_hal_spi.c ****   hspi->TxXferSize  = 0U;
2055:Drivers/STM32L4xx_HAL_Driver/Src/stm32l4xx_hal_spi.c ****   hspi->TxXferCount = 0U;
2056:Drivers/STM32L4xx_HAL_Driver/Src/stm32l4xx_hal_spi.c **** 
2057:Drivers/STM32L4xx_HAL_Driver/Src/stm32l4xx_hal_spi.c ****   /* Configure communication direction : 1Line */
2058:Drivers/STM32L4xx_HAL_Driver/Src/stm32l4xx_hal_spi.c ****   if (hspi->Init.Direction == SPI_DIRECTION_1LINE)
2059:Drivers/STM32L4xx_HAL_Driver/Src/stm32l4xx_hal_spi.c ****   {
2060:Drivers/STM32L4xx_HAL_Driver/Src/stm32l4xx_hal_spi.c ****     /* Disable SPI Peripheral before set 1Line direction (BIDIOE bit) */
2061:Drivers/STM32L4xx_HAL_Driver/Src/stm32l4xx_hal_spi.c ****     __HAL_SPI_DISABLE(hspi);
2062:Drivers/STM32L4xx_HAL_Driver/Src/stm32l4xx_hal_spi.c ****     SPI_1LINE_RX(hspi);
2063:Drivers/STM32L4xx_HAL_Driver/Src/stm32l4xx_hal_spi.c ****   }
2064:Drivers/STM32L4xx_HAL_Driver/Src/stm32l4xx_hal_spi.c **** 
2065:Drivers/STM32L4xx_HAL_Driver/Src/stm32l4xx_hal_spi.c **** #if (USE_SPI_CRC != 0U)
2066:Drivers/STM32L4xx_HAL_Driver/Src/stm32l4xx_hal_spi.c ****   /* Reset CRC Calculation */
2067:Drivers/STM32L4xx_HAL_Driver/Src/stm32l4xx_hal_spi.c ****   if (hspi->Init.CRCCalculation == SPI_CRCCALCULATION_ENABLE)
2068:Drivers/STM32L4xx_HAL_Driver/Src/stm32l4xx_hal_spi.c ****   {
2069:Drivers/STM32L4xx_HAL_Driver/Src/stm32l4xx_hal_spi.c ****     SPI_RESET_CRC(hspi);
2070:Drivers/STM32L4xx_HAL_Driver/Src/stm32l4xx_hal_spi.c ****   }
2071:Drivers/STM32L4xx_HAL_Driver/Src/stm32l4xx_hal_spi.c **** #endif /* USE_SPI_CRC */
2072:Drivers/STM32L4xx_HAL_Driver/Src/stm32l4xx_hal_spi.c **** 
2073:Drivers/STM32L4xx_HAL_Driver/Src/stm32l4xx_hal_spi.c **** 
2074:Drivers/STM32L4xx_HAL_Driver/Src/stm32l4xx_hal_spi.c ****   CLEAR_BIT(hspi->Instance->CR2, SPI_CR2_LDMARX);
2075:Drivers/STM32L4xx_HAL_Driver/Src/stm32l4xx_hal_spi.c ****   if (hspi->Init.DataSize > SPI_DATASIZE_8BIT)
2076:Drivers/STM32L4xx_HAL_Driver/Src/stm32l4xx_hal_spi.c ****   {
2077:Drivers/STM32L4xx_HAL_Driver/Src/stm32l4xx_hal_spi.c ****     /* Set RX Fifo threshold according the reception data length: 16bit */
2078:Drivers/STM32L4xx_HAL_Driver/Src/stm32l4xx_hal_spi.c ****     CLEAR_BIT(hspi->Instance->CR2, SPI_RXFIFO_THRESHOLD);
2079:Drivers/STM32L4xx_HAL_Driver/Src/stm32l4xx_hal_spi.c ****   }
2080:Drivers/STM32L4xx_HAL_Driver/Src/stm32l4xx_hal_spi.c ****   else
2081:Drivers/STM32L4xx_HAL_Driver/Src/stm32l4xx_hal_spi.c ****   {
2082:Drivers/STM32L4xx_HAL_Driver/Src/stm32l4xx_hal_spi.c ****     /* Set RX Fifo threshold according the reception data length: 8bit */
ARM GAS  /tmp/ccl8yU0j.s 			page 38


2083:Drivers/STM32L4xx_HAL_Driver/Src/stm32l4xx_hal_spi.c ****     SET_BIT(hspi->Instance->CR2, SPI_RXFIFO_THRESHOLD);
2084:Drivers/STM32L4xx_HAL_Driver/Src/stm32l4xx_hal_spi.c **** 
2085:Drivers/STM32L4xx_HAL_Driver/Src/stm32l4xx_hal_spi.c ****     if (hspi->hdmarx->Init.MemDataAlignment == DMA_MDATAALIGN_HALFWORD)
2086:Drivers/STM32L4xx_HAL_Driver/Src/stm32l4xx_hal_spi.c ****     {
2087:Drivers/STM32L4xx_HAL_Driver/Src/stm32l4xx_hal_spi.c ****       /* Set RX Fifo threshold according the reception data length: 16bit */
2088:Drivers/STM32L4xx_HAL_Driver/Src/stm32l4xx_hal_spi.c ****       CLEAR_BIT(hspi->Instance->CR2, SPI_RXFIFO_THRESHOLD);
2089:Drivers/STM32L4xx_HAL_Driver/Src/stm32l4xx_hal_spi.c **** 
2090:Drivers/STM32L4xx_HAL_Driver/Src/stm32l4xx_hal_spi.c ****       if ((hspi->RxXferCount & 0x1U) == 0x0U)
2091:Drivers/STM32L4xx_HAL_Driver/Src/stm32l4xx_hal_spi.c ****       {
2092:Drivers/STM32L4xx_HAL_Driver/Src/stm32l4xx_hal_spi.c ****         CLEAR_BIT(hspi->Instance->CR2, SPI_CR2_LDMARX);
2093:Drivers/STM32L4xx_HAL_Driver/Src/stm32l4xx_hal_spi.c ****         hspi->RxXferCount = hspi->RxXferCount >> 1U;
2094:Drivers/STM32L4xx_HAL_Driver/Src/stm32l4xx_hal_spi.c ****       }
2095:Drivers/STM32L4xx_HAL_Driver/Src/stm32l4xx_hal_spi.c ****       else
2096:Drivers/STM32L4xx_HAL_Driver/Src/stm32l4xx_hal_spi.c ****       {
2097:Drivers/STM32L4xx_HAL_Driver/Src/stm32l4xx_hal_spi.c ****         SET_BIT(hspi->Instance->CR2, SPI_CR2_LDMARX);
2098:Drivers/STM32L4xx_HAL_Driver/Src/stm32l4xx_hal_spi.c ****         hspi->RxXferCount = (hspi->RxXferCount >> 1U) + 1U;
2099:Drivers/STM32L4xx_HAL_Driver/Src/stm32l4xx_hal_spi.c ****       }
2100:Drivers/STM32L4xx_HAL_Driver/Src/stm32l4xx_hal_spi.c ****     }
2101:Drivers/STM32L4xx_HAL_Driver/Src/stm32l4xx_hal_spi.c ****   }
2102:Drivers/STM32L4xx_HAL_Driver/Src/stm32l4xx_hal_spi.c **** 
2103:Drivers/STM32L4xx_HAL_Driver/Src/stm32l4xx_hal_spi.c ****   /* Set the SPI RxDMA Half transfer complete callback */
2104:Drivers/STM32L4xx_HAL_Driver/Src/stm32l4xx_hal_spi.c ****   hspi->hdmarx->XferHalfCpltCallback = SPI_DMAHalfReceiveCplt;
2105:Drivers/STM32L4xx_HAL_Driver/Src/stm32l4xx_hal_spi.c **** 
2106:Drivers/STM32L4xx_HAL_Driver/Src/stm32l4xx_hal_spi.c ****   /* Set the SPI Rx DMA transfer complete callback */
2107:Drivers/STM32L4xx_HAL_Driver/Src/stm32l4xx_hal_spi.c ****   hspi->hdmarx->XferCpltCallback = SPI_DMAReceiveCplt;
2108:Drivers/STM32L4xx_HAL_Driver/Src/stm32l4xx_hal_spi.c **** 
2109:Drivers/STM32L4xx_HAL_Driver/Src/stm32l4xx_hal_spi.c ****   /* Set the DMA error callback */
2110:Drivers/STM32L4xx_HAL_Driver/Src/stm32l4xx_hal_spi.c ****   hspi->hdmarx->XferErrorCallback = SPI_DMAError;
2111:Drivers/STM32L4xx_HAL_Driver/Src/stm32l4xx_hal_spi.c **** 
2112:Drivers/STM32L4xx_HAL_Driver/Src/stm32l4xx_hal_spi.c ****   /* Set the DMA AbortCpltCallback */
2113:Drivers/STM32L4xx_HAL_Driver/Src/stm32l4xx_hal_spi.c ****   hspi->hdmarx->XferAbortCallback = NULL;
2114:Drivers/STM32L4xx_HAL_Driver/Src/stm32l4xx_hal_spi.c **** 
2115:Drivers/STM32L4xx_HAL_Driver/Src/stm32l4xx_hal_spi.c ****   /* Enable the Rx DMA Stream/Channel  */
2116:Drivers/STM32L4xx_HAL_Driver/Src/stm32l4xx_hal_spi.c ****   if (HAL_OK != HAL_DMA_Start_IT(hspi->hdmarx, (uint32_t)&hspi->Instance->DR, (uint32_t)hspi->pRxBu
2117:Drivers/STM32L4xx_HAL_Driver/Src/stm32l4xx_hal_spi.c ****                                  hspi->RxXferCount))
2118:Drivers/STM32L4xx_HAL_Driver/Src/stm32l4xx_hal_spi.c ****   {
2119:Drivers/STM32L4xx_HAL_Driver/Src/stm32l4xx_hal_spi.c ****     /* Update SPI error code */
2120:Drivers/STM32L4xx_HAL_Driver/Src/stm32l4xx_hal_spi.c ****     SET_BIT(hspi->ErrorCode, HAL_SPI_ERROR_DMA);
2121:Drivers/STM32L4xx_HAL_Driver/Src/stm32l4xx_hal_spi.c ****     /* Process Unlocked */
2122:Drivers/STM32L4xx_HAL_Driver/Src/stm32l4xx_hal_spi.c ****     __HAL_UNLOCK(hspi);
2123:Drivers/STM32L4xx_HAL_Driver/Src/stm32l4xx_hal_spi.c ****     return HAL_ERROR;
2124:Drivers/STM32L4xx_HAL_Driver/Src/stm32l4xx_hal_spi.c ****   }
2125:Drivers/STM32L4xx_HAL_Driver/Src/stm32l4xx_hal_spi.c **** 
2126:Drivers/STM32L4xx_HAL_Driver/Src/stm32l4xx_hal_spi.c ****   /* Check if the SPI is already enabled */
2127:Drivers/STM32L4xx_HAL_Driver/Src/stm32l4xx_hal_spi.c ****   if ((hspi->Instance->CR1 & SPI_CR1_SPE) != SPI_CR1_SPE)
2128:Drivers/STM32L4xx_HAL_Driver/Src/stm32l4xx_hal_spi.c ****   {
2129:Drivers/STM32L4xx_HAL_Driver/Src/stm32l4xx_hal_spi.c ****     /* Enable SPI peripheral */
2130:Drivers/STM32L4xx_HAL_Driver/Src/stm32l4xx_hal_spi.c ****     __HAL_SPI_ENABLE(hspi);
2131:Drivers/STM32L4xx_HAL_Driver/Src/stm32l4xx_hal_spi.c ****   }
2132:Drivers/STM32L4xx_HAL_Driver/Src/stm32l4xx_hal_spi.c **** 
2133:Drivers/STM32L4xx_HAL_Driver/Src/stm32l4xx_hal_spi.c ****   /* Process Unlocked */
2134:Drivers/STM32L4xx_HAL_Driver/Src/stm32l4xx_hal_spi.c ****   __HAL_UNLOCK(hspi);
2135:Drivers/STM32L4xx_HAL_Driver/Src/stm32l4xx_hal_spi.c **** 
2136:Drivers/STM32L4xx_HAL_Driver/Src/stm32l4xx_hal_spi.c ****   /* Enable the SPI Error Interrupt Bit */
2137:Drivers/STM32L4xx_HAL_Driver/Src/stm32l4xx_hal_spi.c ****   __HAL_SPI_ENABLE_IT(hspi, (SPI_IT_ERR));
2138:Drivers/STM32L4xx_HAL_Driver/Src/stm32l4xx_hal_spi.c **** 
2139:Drivers/STM32L4xx_HAL_Driver/Src/stm32l4xx_hal_spi.c ****   /* Enable Rx DMA Request */
ARM GAS  /tmp/ccl8yU0j.s 			page 39


2140:Drivers/STM32L4xx_HAL_Driver/Src/stm32l4xx_hal_spi.c ****   SET_BIT(hspi->Instance->CR2, SPI_CR2_RXDMAEN);
2141:Drivers/STM32L4xx_HAL_Driver/Src/stm32l4xx_hal_spi.c **** 
2142:Drivers/STM32L4xx_HAL_Driver/Src/stm32l4xx_hal_spi.c ****   return HAL_OK;
2143:Drivers/STM32L4xx_HAL_Driver/Src/stm32l4xx_hal_spi.c **** }
2144:Drivers/STM32L4xx_HAL_Driver/Src/stm32l4xx_hal_spi.c **** 
2145:Drivers/STM32L4xx_HAL_Driver/Src/stm32l4xx_hal_spi.c **** /**
2146:Drivers/STM32L4xx_HAL_Driver/Src/stm32l4xx_hal_spi.c ****   * @brief  Transmit and Receive an amount of data in non-blocking mode with DMA.
2147:Drivers/STM32L4xx_HAL_Driver/Src/stm32l4xx_hal_spi.c ****   * @param  hspi pointer to a SPI_HandleTypeDef structure that contains
2148:Drivers/STM32L4xx_HAL_Driver/Src/stm32l4xx_hal_spi.c ****   *               the configuration information for SPI module.
2149:Drivers/STM32L4xx_HAL_Driver/Src/stm32l4xx_hal_spi.c ****   * @param  pTxData pointer to transmission data buffer
2150:Drivers/STM32L4xx_HAL_Driver/Src/stm32l4xx_hal_spi.c ****   * @param  pRxData pointer to reception data buffer
2151:Drivers/STM32L4xx_HAL_Driver/Src/stm32l4xx_hal_spi.c ****   * @note   When the CRC feature is enabled the pRxData Length must be Size + 1
2152:Drivers/STM32L4xx_HAL_Driver/Src/stm32l4xx_hal_spi.c ****   * @param  Size amount of data to be sent
2153:Drivers/STM32L4xx_HAL_Driver/Src/stm32l4xx_hal_spi.c ****   * @retval HAL status
2154:Drivers/STM32L4xx_HAL_Driver/Src/stm32l4xx_hal_spi.c ****   */
2155:Drivers/STM32L4xx_HAL_Driver/Src/stm32l4xx_hal_spi.c **** HAL_StatusTypeDef HAL_SPI_TransmitReceive_DMA(SPI_HandleTypeDef *hspi, const uint8_t *pTxData, uint
2156:Drivers/STM32L4xx_HAL_Driver/Src/stm32l4xx_hal_spi.c ****                                               uint16_t Size)
2157:Drivers/STM32L4xx_HAL_Driver/Src/stm32l4xx_hal_spi.c **** {
2158:Drivers/STM32L4xx_HAL_Driver/Src/stm32l4xx_hal_spi.c ****   uint32_t             tmp_mode;
2159:Drivers/STM32L4xx_HAL_Driver/Src/stm32l4xx_hal_spi.c ****   HAL_SPI_StateTypeDef tmp_state;
2160:Drivers/STM32L4xx_HAL_Driver/Src/stm32l4xx_hal_spi.c **** 
2161:Drivers/STM32L4xx_HAL_Driver/Src/stm32l4xx_hal_spi.c ****   /* Check rx & tx dma handles */
2162:Drivers/STM32L4xx_HAL_Driver/Src/stm32l4xx_hal_spi.c ****   assert_param(IS_SPI_DMA_HANDLE(hspi->hdmarx));
2163:Drivers/STM32L4xx_HAL_Driver/Src/stm32l4xx_hal_spi.c ****   assert_param(IS_SPI_DMA_HANDLE(hspi->hdmatx));
2164:Drivers/STM32L4xx_HAL_Driver/Src/stm32l4xx_hal_spi.c **** 
2165:Drivers/STM32L4xx_HAL_Driver/Src/stm32l4xx_hal_spi.c ****   /* Check Direction parameter */
2166:Drivers/STM32L4xx_HAL_Driver/Src/stm32l4xx_hal_spi.c ****   assert_param(IS_SPI_DIRECTION_2LINES(hspi->Init.Direction));
2167:Drivers/STM32L4xx_HAL_Driver/Src/stm32l4xx_hal_spi.c **** 
2168:Drivers/STM32L4xx_HAL_Driver/Src/stm32l4xx_hal_spi.c ****   /* Init temporary variables */
2169:Drivers/STM32L4xx_HAL_Driver/Src/stm32l4xx_hal_spi.c ****   tmp_state           = hspi->State;
2170:Drivers/STM32L4xx_HAL_Driver/Src/stm32l4xx_hal_spi.c ****   tmp_mode            = hspi->Init.Mode;
2171:Drivers/STM32L4xx_HAL_Driver/Src/stm32l4xx_hal_spi.c **** 
2172:Drivers/STM32L4xx_HAL_Driver/Src/stm32l4xx_hal_spi.c ****   if (!((tmp_state == HAL_SPI_STATE_READY) ||
2173:Drivers/STM32L4xx_HAL_Driver/Src/stm32l4xx_hal_spi.c ****         ((tmp_mode == SPI_MODE_MASTER) && (hspi->Init.Direction == SPI_DIRECTION_2LINES) &&
2174:Drivers/STM32L4xx_HAL_Driver/Src/stm32l4xx_hal_spi.c ****          (tmp_state == HAL_SPI_STATE_BUSY_RX))))
2175:Drivers/STM32L4xx_HAL_Driver/Src/stm32l4xx_hal_spi.c ****   {
2176:Drivers/STM32L4xx_HAL_Driver/Src/stm32l4xx_hal_spi.c ****     return HAL_BUSY;
2177:Drivers/STM32L4xx_HAL_Driver/Src/stm32l4xx_hal_spi.c ****   }
2178:Drivers/STM32L4xx_HAL_Driver/Src/stm32l4xx_hal_spi.c **** 
2179:Drivers/STM32L4xx_HAL_Driver/Src/stm32l4xx_hal_spi.c ****   if ((pTxData == NULL) || (pRxData == NULL) || (Size == 0U))
2180:Drivers/STM32L4xx_HAL_Driver/Src/stm32l4xx_hal_spi.c ****   {
2181:Drivers/STM32L4xx_HAL_Driver/Src/stm32l4xx_hal_spi.c ****     return HAL_ERROR;
2182:Drivers/STM32L4xx_HAL_Driver/Src/stm32l4xx_hal_spi.c ****   }
2183:Drivers/STM32L4xx_HAL_Driver/Src/stm32l4xx_hal_spi.c **** 
2184:Drivers/STM32L4xx_HAL_Driver/Src/stm32l4xx_hal_spi.c ****   /* Process locked */
2185:Drivers/STM32L4xx_HAL_Driver/Src/stm32l4xx_hal_spi.c ****   __HAL_LOCK(hspi);
2186:Drivers/STM32L4xx_HAL_Driver/Src/stm32l4xx_hal_spi.c **** 
2187:Drivers/STM32L4xx_HAL_Driver/Src/stm32l4xx_hal_spi.c ****   /* Don't overwrite in case of HAL_SPI_STATE_BUSY_RX */
2188:Drivers/STM32L4xx_HAL_Driver/Src/stm32l4xx_hal_spi.c ****   if (hspi->State != HAL_SPI_STATE_BUSY_RX)
2189:Drivers/STM32L4xx_HAL_Driver/Src/stm32l4xx_hal_spi.c ****   {
2190:Drivers/STM32L4xx_HAL_Driver/Src/stm32l4xx_hal_spi.c ****     hspi->State = HAL_SPI_STATE_BUSY_TX_RX;
2191:Drivers/STM32L4xx_HAL_Driver/Src/stm32l4xx_hal_spi.c ****   }
2192:Drivers/STM32L4xx_HAL_Driver/Src/stm32l4xx_hal_spi.c **** 
2193:Drivers/STM32L4xx_HAL_Driver/Src/stm32l4xx_hal_spi.c ****   /* Set the transaction information */
2194:Drivers/STM32L4xx_HAL_Driver/Src/stm32l4xx_hal_spi.c ****   hspi->ErrorCode   = HAL_SPI_ERROR_NONE;
2195:Drivers/STM32L4xx_HAL_Driver/Src/stm32l4xx_hal_spi.c ****   hspi->pTxBuffPtr  = (const uint8_t *)pTxData;
2196:Drivers/STM32L4xx_HAL_Driver/Src/stm32l4xx_hal_spi.c ****   hspi->TxXferSize  = Size;
ARM GAS  /tmp/ccl8yU0j.s 			page 40


2197:Drivers/STM32L4xx_HAL_Driver/Src/stm32l4xx_hal_spi.c ****   hspi->TxXferCount = Size;
2198:Drivers/STM32L4xx_HAL_Driver/Src/stm32l4xx_hal_spi.c ****   hspi->pRxBuffPtr  = (uint8_t *)pRxData;
2199:Drivers/STM32L4xx_HAL_Driver/Src/stm32l4xx_hal_spi.c ****   hspi->RxXferSize  = Size;
2200:Drivers/STM32L4xx_HAL_Driver/Src/stm32l4xx_hal_spi.c ****   hspi->RxXferCount = Size;
2201:Drivers/STM32L4xx_HAL_Driver/Src/stm32l4xx_hal_spi.c **** 
2202:Drivers/STM32L4xx_HAL_Driver/Src/stm32l4xx_hal_spi.c ****   /* Init field not used in handle to zero */
2203:Drivers/STM32L4xx_HAL_Driver/Src/stm32l4xx_hal_spi.c ****   hspi->RxISR       = NULL;
2204:Drivers/STM32L4xx_HAL_Driver/Src/stm32l4xx_hal_spi.c ****   hspi->TxISR       = NULL;
2205:Drivers/STM32L4xx_HAL_Driver/Src/stm32l4xx_hal_spi.c **** 
2206:Drivers/STM32L4xx_HAL_Driver/Src/stm32l4xx_hal_spi.c **** #if (USE_SPI_CRC != 0U)
2207:Drivers/STM32L4xx_HAL_Driver/Src/stm32l4xx_hal_spi.c ****   /* Reset CRC Calculation */
2208:Drivers/STM32L4xx_HAL_Driver/Src/stm32l4xx_hal_spi.c ****   if (hspi->Init.CRCCalculation == SPI_CRCCALCULATION_ENABLE)
2209:Drivers/STM32L4xx_HAL_Driver/Src/stm32l4xx_hal_spi.c ****   {
2210:Drivers/STM32L4xx_HAL_Driver/Src/stm32l4xx_hal_spi.c ****     SPI_RESET_CRC(hspi);
2211:Drivers/STM32L4xx_HAL_Driver/Src/stm32l4xx_hal_spi.c ****   }
2212:Drivers/STM32L4xx_HAL_Driver/Src/stm32l4xx_hal_spi.c **** #endif /* USE_SPI_CRC */
2213:Drivers/STM32L4xx_HAL_Driver/Src/stm32l4xx_hal_spi.c **** 
2214:Drivers/STM32L4xx_HAL_Driver/Src/stm32l4xx_hal_spi.c ****   /* Reset the threshold bit */
2215:Drivers/STM32L4xx_HAL_Driver/Src/stm32l4xx_hal_spi.c ****   CLEAR_BIT(hspi->Instance->CR2, SPI_CR2_LDMATX | SPI_CR2_LDMARX);
2216:Drivers/STM32L4xx_HAL_Driver/Src/stm32l4xx_hal_spi.c **** 
2217:Drivers/STM32L4xx_HAL_Driver/Src/stm32l4xx_hal_spi.c ****   /* The packing mode management is enabled by the DMA settings according the spi data size */
2218:Drivers/STM32L4xx_HAL_Driver/Src/stm32l4xx_hal_spi.c ****   if (hspi->Init.DataSize > SPI_DATASIZE_8BIT)
2219:Drivers/STM32L4xx_HAL_Driver/Src/stm32l4xx_hal_spi.c ****   {
2220:Drivers/STM32L4xx_HAL_Driver/Src/stm32l4xx_hal_spi.c ****     /* Set fiforxthreshold according the reception data length: 16bit */
2221:Drivers/STM32L4xx_HAL_Driver/Src/stm32l4xx_hal_spi.c ****     CLEAR_BIT(hspi->Instance->CR2, SPI_RXFIFO_THRESHOLD);
2222:Drivers/STM32L4xx_HAL_Driver/Src/stm32l4xx_hal_spi.c ****   }
2223:Drivers/STM32L4xx_HAL_Driver/Src/stm32l4xx_hal_spi.c ****   else
2224:Drivers/STM32L4xx_HAL_Driver/Src/stm32l4xx_hal_spi.c ****   {
2225:Drivers/STM32L4xx_HAL_Driver/Src/stm32l4xx_hal_spi.c ****     /* Set RX Fifo threshold according the reception data length: 8bit */
2226:Drivers/STM32L4xx_HAL_Driver/Src/stm32l4xx_hal_spi.c ****     SET_BIT(hspi->Instance->CR2, SPI_RXFIFO_THRESHOLD);
2227:Drivers/STM32L4xx_HAL_Driver/Src/stm32l4xx_hal_spi.c **** 
2228:Drivers/STM32L4xx_HAL_Driver/Src/stm32l4xx_hal_spi.c ****     if (hspi->hdmatx->Init.MemDataAlignment == DMA_MDATAALIGN_HALFWORD)
2229:Drivers/STM32L4xx_HAL_Driver/Src/stm32l4xx_hal_spi.c ****     {
2230:Drivers/STM32L4xx_HAL_Driver/Src/stm32l4xx_hal_spi.c ****       if ((hspi->TxXferSize & 0x1U) == 0x0U)
2231:Drivers/STM32L4xx_HAL_Driver/Src/stm32l4xx_hal_spi.c ****       {
2232:Drivers/STM32L4xx_HAL_Driver/Src/stm32l4xx_hal_spi.c ****         CLEAR_BIT(hspi->Instance->CR2, SPI_CR2_LDMATX);
2233:Drivers/STM32L4xx_HAL_Driver/Src/stm32l4xx_hal_spi.c ****         hspi->TxXferCount = hspi->TxXferCount >> 1U;
2234:Drivers/STM32L4xx_HAL_Driver/Src/stm32l4xx_hal_spi.c ****       }
2235:Drivers/STM32L4xx_HAL_Driver/Src/stm32l4xx_hal_spi.c ****       else
2236:Drivers/STM32L4xx_HAL_Driver/Src/stm32l4xx_hal_spi.c ****       {
2237:Drivers/STM32L4xx_HAL_Driver/Src/stm32l4xx_hal_spi.c ****         SET_BIT(hspi->Instance->CR2, SPI_CR2_LDMATX);
2238:Drivers/STM32L4xx_HAL_Driver/Src/stm32l4xx_hal_spi.c ****         hspi->TxXferCount = (hspi->TxXferCount >> 1U) + 1U;
2239:Drivers/STM32L4xx_HAL_Driver/Src/stm32l4xx_hal_spi.c ****       }
2240:Drivers/STM32L4xx_HAL_Driver/Src/stm32l4xx_hal_spi.c ****     }
2241:Drivers/STM32L4xx_HAL_Driver/Src/stm32l4xx_hal_spi.c **** 
2242:Drivers/STM32L4xx_HAL_Driver/Src/stm32l4xx_hal_spi.c ****     if (hspi->hdmarx->Init.MemDataAlignment == DMA_MDATAALIGN_HALFWORD)
2243:Drivers/STM32L4xx_HAL_Driver/Src/stm32l4xx_hal_spi.c ****     {
2244:Drivers/STM32L4xx_HAL_Driver/Src/stm32l4xx_hal_spi.c ****       /* Set RX Fifo threshold according the reception data length: 16bit */
2245:Drivers/STM32L4xx_HAL_Driver/Src/stm32l4xx_hal_spi.c ****       CLEAR_BIT(hspi->Instance->CR2, SPI_RXFIFO_THRESHOLD);
2246:Drivers/STM32L4xx_HAL_Driver/Src/stm32l4xx_hal_spi.c **** 
2247:Drivers/STM32L4xx_HAL_Driver/Src/stm32l4xx_hal_spi.c ****       if ((hspi->RxXferCount & 0x1U) == 0x0U)
2248:Drivers/STM32L4xx_HAL_Driver/Src/stm32l4xx_hal_spi.c ****       {
2249:Drivers/STM32L4xx_HAL_Driver/Src/stm32l4xx_hal_spi.c ****         CLEAR_BIT(hspi->Instance->CR2, SPI_CR2_LDMARX);
2250:Drivers/STM32L4xx_HAL_Driver/Src/stm32l4xx_hal_spi.c ****         hspi->RxXferCount = hspi->RxXferCount >> 1U;
2251:Drivers/STM32L4xx_HAL_Driver/Src/stm32l4xx_hal_spi.c ****       }
2252:Drivers/STM32L4xx_HAL_Driver/Src/stm32l4xx_hal_spi.c ****       else
2253:Drivers/STM32L4xx_HAL_Driver/Src/stm32l4xx_hal_spi.c ****       {
ARM GAS  /tmp/ccl8yU0j.s 			page 41


2254:Drivers/STM32L4xx_HAL_Driver/Src/stm32l4xx_hal_spi.c ****         SET_BIT(hspi->Instance->CR2, SPI_CR2_LDMARX);
2255:Drivers/STM32L4xx_HAL_Driver/Src/stm32l4xx_hal_spi.c ****         hspi->RxXferCount = (hspi->RxXferCount >> 1U) + 1U;
2256:Drivers/STM32L4xx_HAL_Driver/Src/stm32l4xx_hal_spi.c ****       }
2257:Drivers/STM32L4xx_HAL_Driver/Src/stm32l4xx_hal_spi.c ****     }
2258:Drivers/STM32L4xx_HAL_Driver/Src/stm32l4xx_hal_spi.c ****   }
2259:Drivers/STM32L4xx_HAL_Driver/Src/stm32l4xx_hal_spi.c **** 
2260:Drivers/STM32L4xx_HAL_Driver/Src/stm32l4xx_hal_spi.c ****   /* Check if we are in Rx only or in Rx/Tx Mode and configure the DMA transfer complete callback *
2261:Drivers/STM32L4xx_HAL_Driver/Src/stm32l4xx_hal_spi.c ****   if (hspi->State == HAL_SPI_STATE_BUSY_RX)
2262:Drivers/STM32L4xx_HAL_Driver/Src/stm32l4xx_hal_spi.c ****   {
2263:Drivers/STM32L4xx_HAL_Driver/Src/stm32l4xx_hal_spi.c ****     /* Set the SPI Rx DMA Half transfer complete callback */
2264:Drivers/STM32L4xx_HAL_Driver/Src/stm32l4xx_hal_spi.c ****     hspi->hdmarx->XferHalfCpltCallback = SPI_DMAHalfReceiveCplt;
2265:Drivers/STM32L4xx_HAL_Driver/Src/stm32l4xx_hal_spi.c ****     hspi->hdmarx->XferCpltCallback     = SPI_DMAReceiveCplt;
2266:Drivers/STM32L4xx_HAL_Driver/Src/stm32l4xx_hal_spi.c ****   }
2267:Drivers/STM32L4xx_HAL_Driver/Src/stm32l4xx_hal_spi.c ****   else
2268:Drivers/STM32L4xx_HAL_Driver/Src/stm32l4xx_hal_spi.c ****   {
2269:Drivers/STM32L4xx_HAL_Driver/Src/stm32l4xx_hal_spi.c ****     /* Set the SPI Tx/Rx DMA Half transfer complete callback */
2270:Drivers/STM32L4xx_HAL_Driver/Src/stm32l4xx_hal_spi.c ****     hspi->hdmarx->XferHalfCpltCallback = SPI_DMAHalfTransmitReceiveCplt;
2271:Drivers/STM32L4xx_HAL_Driver/Src/stm32l4xx_hal_spi.c ****     hspi->hdmarx->XferCpltCallback     = SPI_DMATransmitReceiveCplt;
2272:Drivers/STM32L4xx_HAL_Driver/Src/stm32l4xx_hal_spi.c ****   }
2273:Drivers/STM32L4xx_HAL_Driver/Src/stm32l4xx_hal_spi.c **** 
2274:Drivers/STM32L4xx_HAL_Driver/Src/stm32l4xx_hal_spi.c ****   /* Set the DMA error callback */
2275:Drivers/STM32L4xx_HAL_Driver/Src/stm32l4xx_hal_spi.c ****   hspi->hdmarx->XferErrorCallback = SPI_DMAError;
2276:Drivers/STM32L4xx_HAL_Driver/Src/stm32l4xx_hal_spi.c **** 
2277:Drivers/STM32L4xx_HAL_Driver/Src/stm32l4xx_hal_spi.c ****   /* Set the DMA AbortCpltCallback */
2278:Drivers/STM32L4xx_HAL_Driver/Src/stm32l4xx_hal_spi.c ****   hspi->hdmarx->XferAbortCallback = NULL;
2279:Drivers/STM32L4xx_HAL_Driver/Src/stm32l4xx_hal_spi.c **** 
2280:Drivers/STM32L4xx_HAL_Driver/Src/stm32l4xx_hal_spi.c ****   /* Enable the Rx DMA Stream/Channel  */
2281:Drivers/STM32L4xx_HAL_Driver/Src/stm32l4xx_hal_spi.c ****   if (HAL_OK != HAL_DMA_Start_IT(hspi->hdmarx, (uint32_t)&hspi->Instance->DR, (uint32_t)hspi->pRxBu
2282:Drivers/STM32L4xx_HAL_Driver/Src/stm32l4xx_hal_spi.c ****                                  hspi->RxXferCount))
2283:Drivers/STM32L4xx_HAL_Driver/Src/stm32l4xx_hal_spi.c ****   {
2284:Drivers/STM32L4xx_HAL_Driver/Src/stm32l4xx_hal_spi.c ****     /* Update SPI error code */
2285:Drivers/STM32L4xx_HAL_Driver/Src/stm32l4xx_hal_spi.c ****     SET_BIT(hspi->ErrorCode, HAL_SPI_ERROR_DMA);
2286:Drivers/STM32L4xx_HAL_Driver/Src/stm32l4xx_hal_spi.c ****     /* Process Unlocked */
2287:Drivers/STM32L4xx_HAL_Driver/Src/stm32l4xx_hal_spi.c ****     __HAL_UNLOCK(hspi);
2288:Drivers/STM32L4xx_HAL_Driver/Src/stm32l4xx_hal_spi.c ****     return HAL_ERROR;
2289:Drivers/STM32L4xx_HAL_Driver/Src/stm32l4xx_hal_spi.c ****   }
2290:Drivers/STM32L4xx_HAL_Driver/Src/stm32l4xx_hal_spi.c **** 
2291:Drivers/STM32L4xx_HAL_Driver/Src/stm32l4xx_hal_spi.c ****   /* Enable Rx DMA Request */
2292:Drivers/STM32L4xx_HAL_Driver/Src/stm32l4xx_hal_spi.c ****   SET_BIT(hspi->Instance->CR2, SPI_CR2_RXDMAEN);
2293:Drivers/STM32L4xx_HAL_Driver/Src/stm32l4xx_hal_spi.c **** 
2294:Drivers/STM32L4xx_HAL_Driver/Src/stm32l4xx_hal_spi.c ****   /* Set the SPI Tx DMA transfer complete callback as NULL because the communication closing
2295:Drivers/STM32L4xx_HAL_Driver/Src/stm32l4xx_hal_spi.c ****   is performed in DMA reception complete callback  */
2296:Drivers/STM32L4xx_HAL_Driver/Src/stm32l4xx_hal_spi.c ****   hspi->hdmatx->XferHalfCpltCallback = NULL;
2297:Drivers/STM32L4xx_HAL_Driver/Src/stm32l4xx_hal_spi.c ****   hspi->hdmatx->XferCpltCallback     = NULL;
2298:Drivers/STM32L4xx_HAL_Driver/Src/stm32l4xx_hal_spi.c ****   hspi->hdmatx->XferErrorCallback    = NULL;
2299:Drivers/STM32L4xx_HAL_Driver/Src/stm32l4xx_hal_spi.c ****   hspi->hdmatx->XferAbortCallback    = NULL;
2300:Drivers/STM32L4xx_HAL_Driver/Src/stm32l4xx_hal_spi.c **** 
2301:Drivers/STM32L4xx_HAL_Driver/Src/stm32l4xx_hal_spi.c ****   /* Enable the Tx DMA Stream/Channel  */
2302:Drivers/STM32L4xx_HAL_Driver/Src/stm32l4xx_hal_spi.c ****   if (HAL_OK != HAL_DMA_Start_IT(hspi->hdmatx, (uint32_t)hspi->pTxBuffPtr, (uint32_t)&hspi->Instanc
2303:Drivers/STM32L4xx_HAL_Driver/Src/stm32l4xx_hal_spi.c ****                                  hspi->TxXferCount))
2304:Drivers/STM32L4xx_HAL_Driver/Src/stm32l4xx_hal_spi.c ****   {
2305:Drivers/STM32L4xx_HAL_Driver/Src/stm32l4xx_hal_spi.c ****     /* Update SPI error code */
2306:Drivers/STM32L4xx_HAL_Driver/Src/stm32l4xx_hal_spi.c ****     SET_BIT(hspi->ErrorCode, HAL_SPI_ERROR_DMA);
2307:Drivers/STM32L4xx_HAL_Driver/Src/stm32l4xx_hal_spi.c ****     /* Process Unlocked */
2308:Drivers/STM32L4xx_HAL_Driver/Src/stm32l4xx_hal_spi.c ****     __HAL_UNLOCK(hspi);
2309:Drivers/STM32L4xx_HAL_Driver/Src/stm32l4xx_hal_spi.c ****     return HAL_ERROR;
2310:Drivers/STM32L4xx_HAL_Driver/Src/stm32l4xx_hal_spi.c ****   }
ARM GAS  /tmp/ccl8yU0j.s 			page 42


2311:Drivers/STM32L4xx_HAL_Driver/Src/stm32l4xx_hal_spi.c **** 
2312:Drivers/STM32L4xx_HAL_Driver/Src/stm32l4xx_hal_spi.c ****   /* Check if the SPI is already enabled */
2313:Drivers/STM32L4xx_HAL_Driver/Src/stm32l4xx_hal_spi.c ****   if ((hspi->Instance->CR1 & SPI_CR1_SPE) != SPI_CR1_SPE)
2314:Drivers/STM32L4xx_HAL_Driver/Src/stm32l4xx_hal_spi.c ****   {
2315:Drivers/STM32L4xx_HAL_Driver/Src/stm32l4xx_hal_spi.c ****     /* Enable SPI peripheral */
2316:Drivers/STM32L4xx_HAL_Driver/Src/stm32l4xx_hal_spi.c ****     __HAL_SPI_ENABLE(hspi);
2317:Drivers/STM32L4xx_HAL_Driver/Src/stm32l4xx_hal_spi.c ****   }
2318:Drivers/STM32L4xx_HAL_Driver/Src/stm32l4xx_hal_spi.c **** 
2319:Drivers/STM32L4xx_HAL_Driver/Src/stm32l4xx_hal_spi.c ****   /* Process Unlocked */
2320:Drivers/STM32L4xx_HAL_Driver/Src/stm32l4xx_hal_spi.c ****   __HAL_UNLOCK(hspi);
2321:Drivers/STM32L4xx_HAL_Driver/Src/stm32l4xx_hal_spi.c **** 
2322:Drivers/STM32L4xx_HAL_Driver/Src/stm32l4xx_hal_spi.c ****   /* Enable the SPI Error Interrupt Bit */
2323:Drivers/STM32L4xx_HAL_Driver/Src/stm32l4xx_hal_spi.c ****   __HAL_SPI_ENABLE_IT(hspi, (SPI_IT_ERR));
2324:Drivers/STM32L4xx_HAL_Driver/Src/stm32l4xx_hal_spi.c **** 
2325:Drivers/STM32L4xx_HAL_Driver/Src/stm32l4xx_hal_spi.c ****   /* Enable Tx DMA Request */
2326:Drivers/STM32L4xx_HAL_Driver/Src/stm32l4xx_hal_spi.c ****   SET_BIT(hspi->Instance->CR2, SPI_CR2_TXDMAEN);
2327:Drivers/STM32L4xx_HAL_Driver/Src/stm32l4xx_hal_spi.c **** 
2328:Drivers/STM32L4xx_HAL_Driver/Src/stm32l4xx_hal_spi.c ****   return HAL_OK;
2329:Drivers/STM32L4xx_HAL_Driver/Src/stm32l4xx_hal_spi.c **** }
2330:Drivers/STM32L4xx_HAL_Driver/Src/stm32l4xx_hal_spi.c **** 
2331:Drivers/STM32L4xx_HAL_Driver/Src/stm32l4xx_hal_spi.c **** /**
2332:Drivers/STM32L4xx_HAL_Driver/Src/stm32l4xx_hal_spi.c ****   * @brief  Abort ongoing transfer (blocking mode).
2333:Drivers/STM32L4xx_HAL_Driver/Src/stm32l4xx_hal_spi.c ****   * @param  hspi SPI handle.
2334:Drivers/STM32L4xx_HAL_Driver/Src/stm32l4xx_hal_spi.c ****   * @note   This procedure could be used for aborting any ongoing transfer (Tx and Rx),
2335:Drivers/STM32L4xx_HAL_Driver/Src/stm32l4xx_hal_spi.c ****   *         started in Interrupt or DMA mode.
2336:Drivers/STM32L4xx_HAL_Driver/Src/stm32l4xx_hal_spi.c ****   *         This procedure performs following operations :
2337:Drivers/STM32L4xx_HAL_Driver/Src/stm32l4xx_hal_spi.c ****   *           - Disable SPI Interrupts (depending of transfer direction)
2338:Drivers/STM32L4xx_HAL_Driver/Src/stm32l4xx_hal_spi.c ****   *           - Disable the DMA transfer in the peripheral register (if enabled)
2339:Drivers/STM32L4xx_HAL_Driver/Src/stm32l4xx_hal_spi.c ****   *           - Abort DMA transfer by calling HAL_DMA_Abort (in case of transfer in DMA mode)
2340:Drivers/STM32L4xx_HAL_Driver/Src/stm32l4xx_hal_spi.c ****   *           - Set handle State to READY
2341:Drivers/STM32L4xx_HAL_Driver/Src/stm32l4xx_hal_spi.c ****   * @note   This procedure is executed in blocking mode : when exiting function, Abort is considere
2342:Drivers/STM32L4xx_HAL_Driver/Src/stm32l4xx_hal_spi.c ****   * @retval HAL status
2343:Drivers/STM32L4xx_HAL_Driver/Src/stm32l4xx_hal_spi.c ****   */
2344:Drivers/STM32L4xx_HAL_Driver/Src/stm32l4xx_hal_spi.c **** HAL_StatusTypeDef HAL_SPI_Abort(SPI_HandleTypeDef *hspi)
2345:Drivers/STM32L4xx_HAL_Driver/Src/stm32l4xx_hal_spi.c **** {
2346:Drivers/STM32L4xx_HAL_Driver/Src/stm32l4xx_hal_spi.c ****   HAL_StatusTypeDef errorcode;
2347:Drivers/STM32L4xx_HAL_Driver/Src/stm32l4xx_hal_spi.c ****   __IO uint32_t count;
2348:Drivers/STM32L4xx_HAL_Driver/Src/stm32l4xx_hal_spi.c ****   __IO uint32_t resetcount;
2349:Drivers/STM32L4xx_HAL_Driver/Src/stm32l4xx_hal_spi.c **** 
2350:Drivers/STM32L4xx_HAL_Driver/Src/stm32l4xx_hal_spi.c ****   /* Initialized local variable  */
2351:Drivers/STM32L4xx_HAL_Driver/Src/stm32l4xx_hal_spi.c ****   errorcode = HAL_OK;
2352:Drivers/STM32L4xx_HAL_Driver/Src/stm32l4xx_hal_spi.c ****   resetcount = SPI_DEFAULT_TIMEOUT * (SystemCoreClock / 24U / 1000U);
2353:Drivers/STM32L4xx_HAL_Driver/Src/stm32l4xx_hal_spi.c ****   count = resetcount;
2354:Drivers/STM32L4xx_HAL_Driver/Src/stm32l4xx_hal_spi.c **** 
2355:Drivers/STM32L4xx_HAL_Driver/Src/stm32l4xx_hal_spi.c ****   /* Clear ERRIE interrupt to avoid error interrupts generation during Abort procedure */
2356:Drivers/STM32L4xx_HAL_Driver/Src/stm32l4xx_hal_spi.c ****   CLEAR_BIT(hspi->Instance->CR2, SPI_CR2_ERRIE);
2357:Drivers/STM32L4xx_HAL_Driver/Src/stm32l4xx_hal_spi.c **** 
2358:Drivers/STM32L4xx_HAL_Driver/Src/stm32l4xx_hal_spi.c ****   /* Disable TXEIE, RXNEIE and ERRIE(mode fault event, overrun error, TI frame error) interrupts */
2359:Drivers/STM32L4xx_HAL_Driver/Src/stm32l4xx_hal_spi.c ****   if (HAL_IS_BIT_SET(hspi->Instance->CR2, SPI_CR2_TXEIE))
2360:Drivers/STM32L4xx_HAL_Driver/Src/stm32l4xx_hal_spi.c ****   {
2361:Drivers/STM32L4xx_HAL_Driver/Src/stm32l4xx_hal_spi.c ****     hspi->TxISR = SPI_AbortTx_ISR;
2362:Drivers/STM32L4xx_HAL_Driver/Src/stm32l4xx_hal_spi.c ****     /* Wait HAL_SPI_STATE_ABORT state */
2363:Drivers/STM32L4xx_HAL_Driver/Src/stm32l4xx_hal_spi.c ****     do
2364:Drivers/STM32L4xx_HAL_Driver/Src/stm32l4xx_hal_spi.c ****     {
2365:Drivers/STM32L4xx_HAL_Driver/Src/stm32l4xx_hal_spi.c ****       if (count == 0U)
2366:Drivers/STM32L4xx_HAL_Driver/Src/stm32l4xx_hal_spi.c ****       {
2367:Drivers/STM32L4xx_HAL_Driver/Src/stm32l4xx_hal_spi.c ****         SET_BIT(hspi->ErrorCode, HAL_SPI_ERROR_ABORT);
ARM GAS  /tmp/ccl8yU0j.s 			page 43


2368:Drivers/STM32L4xx_HAL_Driver/Src/stm32l4xx_hal_spi.c ****         break;
2369:Drivers/STM32L4xx_HAL_Driver/Src/stm32l4xx_hal_spi.c ****       }
2370:Drivers/STM32L4xx_HAL_Driver/Src/stm32l4xx_hal_spi.c ****       count--;
2371:Drivers/STM32L4xx_HAL_Driver/Src/stm32l4xx_hal_spi.c ****     } while (hspi->State != HAL_SPI_STATE_ABORT);
2372:Drivers/STM32L4xx_HAL_Driver/Src/stm32l4xx_hal_spi.c ****     /* Reset Timeout Counter */
2373:Drivers/STM32L4xx_HAL_Driver/Src/stm32l4xx_hal_spi.c ****     count = resetcount;
2374:Drivers/STM32L4xx_HAL_Driver/Src/stm32l4xx_hal_spi.c ****   }
2375:Drivers/STM32L4xx_HAL_Driver/Src/stm32l4xx_hal_spi.c **** 
2376:Drivers/STM32L4xx_HAL_Driver/Src/stm32l4xx_hal_spi.c ****   if (HAL_IS_BIT_SET(hspi->Instance->CR2, SPI_CR2_RXNEIE))
2377:Drivers/STM32L4xx_HAL_Driver/Src/stm32l4xx_hal_spi.c ****   {
2378:Drivers/STM32L4xx_HAL_Driver/Src/stm32l4xx_hal_spi.c ****     hspi->RxISR = SPI_AbortRx_ISR;
2379:Drivers/STM32L4xx_HAL_Driver/Src/stm32l4xx_hal_spi.c ****     /* Wait HAL_SPI_STATE_ABORT state */
2380:Drivers/STM32L4xx_HAL_Driver/Src/stm32l4xx_hal_spi.c ****     do
2381:Drivers/STM32L4xx_HAL_Driver/Src/stm32l4xx_hal_spi.c ****     {
2382:Drivers/STM32L4xx_HAL_Driver/Src/stm32l4xx_hal_spi.c ****       if (count == 0U)
2383:Drivers/STM32L4xx_HAL_Driver/Src/stm32l4xx_hal_spi.c ****       {
2384:Drivers/STM32L4xx_HAL_Driver/Src/stm32l4xx_hal_spi.c ****         SET_BIT(hspi->ErrorCode, HAL_SPI_ERROR_ABORT);
2385:Drivers/STM32L4xx_HAL_Driver/Src/stm32l4xx_hal_spi.c ****         break;
2386:Drivers/STM32L4xx_HAL_Driver/Src/stm32l4xx_hal_spi.c ****       }
2387:Drivers/STM32L4xx_HAL_Driver/Src/stm32l4xx_hal_spi.c ****       count--;
2388:Drivers/STM32L4xx_HAL_Driver/Src/stm32l4xx_hal_spi.c ****     } while (hspi->State != HAL_SPI_STATE_ABORT);
2389:Drivers/STM32L4xx_HAL_Driver/Src/stm32l4xx_hal_spi.c ****     /* Reset Timeout Counter */
2390:Drivers/STM32L4xx_HAL_Driver/Src/stm32l4xx_hal_spi.c ****     count = resetcount;
2391:Drivers/STM32L4xx_HAL_Driver/Src/stm32l4xx_hal_spi.c ****   }
2392:Drivers/STM32L4xx_HAL_Driver/Src/stm32l4xx_hal_spi.c **** 
2393:Drivers/STM32L4xx_HAL_Driver/Src/stm32l4xx_hal_spi.c ****   /* Disable the SPI DMA Tx request if enabled */
2394:Drivers/STM32L4xx_HAL_Driver/Src/stm32l4xx_hal_spi.c ****   if (HAL_IS_BIT_SET(hspi->Instance->CR2, SPI_CR2_TXDMAEN))
2395:Drivers/STM32L4xx_HAL_Driver/Src/stm32l4xx_hal_spi.c ****   {
2396:Drivers/STM32L4xx_HAL_Driver/Src/stm32l4xx_hal_spi.c ****     /* Abort the SPI DMA Tx Stream/Channel : use blocking DMA Abort API (no callback) */
2397:Drivers/STM32L4xx_HAL_Driver/Src/stm32l4xx_hal_spi.c ****     if (hspi->hdmatx != NULL)
2398:Drivers/STM32L4xx_HAL_Driver/Src/stm32l4xx_hal_spi.c ****     {
2399:Drivers/STM32L4xx_HAL_Driver/Src/stm32l4xx_hal_spi.c ****       /* Set the SPI DMA Abort callback :
2400:Drivers/STM32L4xx_HAL_Driver/Src/stm32l4xx_hal_spi.c ****       will lead to call HAL_SPI_AbortCpltCallback() at end of DMA abort procedure */
2401:Drivers/STM32L4xx_HAL_Driver/Src/stm32l4xx_hal_spi.c ****       hspi->hdmatx->XferAbortCallback = NULL;
2402:Drivers/STM32L4xx_HAL_Driver/Src/stm32l4xx_hal_spi.c **** 
2403:Drivers/STM32L4xx_HAL_Driver/Src/stm32l4xx_hal_spi.c ****       /* Abort DMA Tx Handle linked to SPI Peripheral */
2404:Drivers/STM32L4xx_HAL_Driver/Src/stm32l4xx_hal_spi.c ****       if (HAL_DMA_Abort(hspi->hdmatx) != HAL_OK)
2405:Drivers/STM32L4xx_HAL_Driver/Src/stm32l4xx_hal_spi.c ****       {
2406:Drivers/STM32L4xx_HAL_Driver/Src/stm32l4xx_hal_spi.c ****         hspi->ErrorCode = HAL_SPI_ERROR_ABORT;
2407:Drivers/STM32L4xx_HAL_Driver/Src/stm32l4xx_hal_spi.c ****       }
2408:Drivers/STM32L4xx_HAL_Driver/Src/stm32l4xx_hal_spi.c **** 
2409:Drivers/STM32L4xx_HAL_Driver/Src/stm32l4xx_hal_spi.c ****       /* Disable Tx DMA Request */
2410:Drivers/STM32L4xx_HAL_Driver/Src/stm32l4xx_hal_spi.c ****       CLEAR_BIT(hspi->Instance->CR2, (SPI_CR2_TXDMAEN));
2411:Drivers/STM32L4xx_HAL_Driver/Src/stm32l4xx_hal_spi.c **** 
2412:Drivers/STM32L4xx_HAL_Driver/Src/stm32l4xx_hal_spi.c ****       if (SPI_EndRxTxTransaction(hspi, SPI_DEFAULT_TIMEOUT, HAL_GetTick()) != HAL_OK)
2413:Drivers/STM32L4xx_HAL_Driver/Src/stm32l4xx_hal_spi.c ****       {
2414:Drivers/STM32L4xx_HAL_Driver/Src/stm32l4xx_hal_spi.c ****         hspi->ErrorCode = HAL_SPI_ERROR_ABORT;
2415:Drivers/STM32L4xx_HAL_Driver/Src/stm32l4xx_hal_spi.c ****       }
2416:Drivers/STM32L4xx_HAL_Driver/Src/stm32l4xx_hal_spi.c **** 
2417:Drivers/STM32L4xx_HAL_Driver/Src/stm32l4xx_hal_spi.c ****       /* Disable SPI Peripheral */
2418:Drivers/STM32L4xx_HAL_Driver/Src/stm32l4xx_hal_spi.c ****       __HAL_SPI_DISABLE(hspi);
2419:Drivers/STM32L4xx_HAL_Driver/Src/stm32l4xx_hal_spi.c **** 
2420:Drivers/STM32L4xx_HAL_Driver/Src/stm32l4xx_hal_spi.c ****       /* Empty the FRLVL fifo */
2421:Drivers/STM32L4xx_HAL_Driver/Src/stm32l4xx_hal_spi.c ****       if (SPI_WaitFifoStateUntilTimeout(hspi, SPI_FLAG_FRLVL, SPI_FRLVL_EMPTY, SPI_DEFAULT_TIMEOUT,
2422:Drivers/STM32L4xx_HAL_Driver/Src/stm32l4xx_hal_spi.c ****                                         HAL_GetTick()) != HAL_OK)
2423:Drivers/STM32L4xx_HAL_Driver/Src/stm32l4xx_hal_spi.c ****       {
2424:Drivers/STM32L4xx_HAL_Driver/Src/stm32l4xx_hal_spi.c ****         hspi->ErrorCode = HAL_SPI_ERROR_ABORT;
ARM GAS  /tmp/ccl8yU0j.s 			page 44


2425:Drivers/STM32L4xx_HAL_Driver/Src/stm32l4xx_hal_spi.c ****       }
2426:Drivers/STM32L4xx_HAL_Driver/Src/stm32l4xx_hal_spi.c ****     }
2427:Drivers/STM32L4xx_HAL_Driver/Src/stm32l4xx_hal_spi.c ****   }
2428:Drivers/STM32L4xx_HAL_Driver/Src/stm32l4xx_hal_spi.c **** 
2429:Drivers/STM32L4xx_HAL_Driver/Src/stm32l4xx_hal_spi.c ****   /* Disable the SPI DMA Rx request if enabled */
2430:Drivers/STM32L4xx_HAL_Driver/Src/stm32l4xx_hal_spi.c ****   if (HAL_IS_BIT_SET(hspi->Instance->CR2, SPI_CR2_RXDMAEN))
2431:Drivers/STM32L4xx_HAL_Driver/Src/stm32l4xx_hal_spi.c ****   {
2432:Drivers/STM32L4xx_HAL_Driver/Src/stm32l4xx_hal_spi.c ****     /* Abort the SPI DMA Rx Stream/Channel : use blocking DMA Abort API (no callback) */
2433:Drivers/STM32L4xx_HAL_Driver/Src/stm32l4xx_hal_spi.c ****     if (hspi->hdmarx != NULL)
2434:Drivers/STM32L4xx_HAL_Driver/Src/stm32l4xx_hal_spi.c ****     {
2435:Drivers/STM32L4xx_HAL_Driver/Src/stm32l4xx_hal_spi.c ****       /* Set the SPI DMA Abort callback :
2436:Drivers/STM32L4xx_HAL_Driver/Src/stm32l4xx_hal_spi.c ****       will lead to call HAL_SPI_AbortCpltCallback() at end of DMA abort procedure */
2437:Drivers/STM32L4xx_HAL_Driver/Src/stm32l4xx_hal_spi.c ****       hspi->hdmarx->XferAbortCallback = NULL;
2438:Drivers/STM32L4xx_HAL_Driver/Src/stm32l4xx_hal_spi.c **** 
2439:Drivers/STM32L4xx_HAL_Driver/Src/stm32l4xx_hal_spi.c ****       /* Abort DMA Rx Handle linked to SPI Peripheral */
2440:Drivers/STM32L4xx_HAL_Driver/Src/stm32l4xx_hal_spi.c ****       if (HAL_DMA_Abort(hspi->hdmarx) != HAL_OK)
2441:Drivers/STM32L4xx_HAL_Driver/Src/stm32l4xx_hal_spi.c ****       {
2442:Drivers/STM32L4xx_HAL_Driver/Src/stm32l4xx_hal_spi.c ****         hspi->ErrorCode = HAL_SPI_ERROR_ABORT;
2443:Drivers/STM32L4xx_HAL_Driver/Src/stm32l4xx_hal_spi.c ****       }
2444:Drivers/STM32L4xx_HAL_Driver/Src/stm32l4xx_hal_spi.c **** 
2445:Drivers/STM32L4xx_HAL_Driver/Src/stm32l4xx_hal_spi.c ****       /* Disable peripheral */
2446:Drivers/STM32L4xx_HAL_Driver/Src/stm32l4xx_hal_spi.c ****       __HAL_SPI_DISABLE(hspi);
2447:Drivers/STM32L4xx_HAL_Driver/Src/stm32l4xx_hal_spi.c **** 
2448:Drivers/STM32L4xx_HAL_Driver/Src/stm32l4xx_hal_spi.c ****       /* Control the BSY flag */
2449:Drivers/STM32L4xx_HAL_Driver/Src/stm32l4xx_hal_spi.c ****       if (SPI_WaitFlagStateUntilTimeout(hspi, SPI_FLAG_BSY, RESET, SPI_DEFAULT_TIMEOUT, HAL_GetTick
2450:Drivers/STM32L4xx_HAL_Driver/Src/stm32l4xx_hal_spi.c ****       {
2451:Drivers/STM32L4xx_HAL_Driver/Src/stm32l4xx_hal_spi.c ****         hspi->ErrorCode = HAL_SPI_ERROR_ABORT;
2452:Drivers/STM32L4xx_HAL_Driver/Src/stm32l4xx_hal_spi.c ****       }
2453:Drivers/STM32L4xx_HAL_Driver/Src/stm32l4xx_hal_spi.c **** 
2454:Drivers/STM32L4xx_HAL_Driver/Src/stm32l4xx_hal_spi.c ****       /* Empty the FRLVL fifo */
2455:Drivers/STM32L4xx_HAL_Driver/Src/stm32l4xx_hal_spi.c ****       if (SPI_WaitFifoStateUntilTimeout(hspi, SPI_FLAG_FRLVL, SPI_FRLVL_EMPTY, SPI_DEFAULT_TIMEOUT,
2456:Drivers/STM32L4xx_HAL_Driver/Src/stm32l4xx_hal_spi.c ****                                         HAL_GetTick()) != HAL_OK)
2457:Drivers/STM32L4xx_HAL_Driver/Src/stm32l4xx_hal_spi.c ****       {
2458:Drivers/STM32L4xx_HAL_Driver/Src/stm32l4xx_hal_spi.c ****         hspi->ErrorCode = HAL_SPI_ERROR_ABORT;
2459:Drivers/STM32L4xx_HAL_Driver/Src/stm32l4xx_hal_spi.c ****       }
2460:Drivers/STM32L4xx_HAL_Driver/Src/stm32l4xx_hal_spi.c **** 
2461:Drivers/STM32L4xx_HAL_Driver/Src/stm32l4xx_hal_spi.c ****       /* Disable Rx DMA Request */
2462:Drivers/STM32L4xx_HAL_Driver/Src/stm32l4xx_hal_spi.c ****       CLEAR_BIT(hspi->Instance->CR2, (SPI_CR2_RXDMAEN));
2463:Drivers/STM32L4xx_HAL_Driver/Src/stm32l4xx_hal_spi.c ****     }
2464:Drivers/STM32L4xx_HAL_Driver/Src/stm32l4xx_hal_spi.c ****   }
2465:Drivers/STM32L4xx_HAL_Driver/Src/stm32l4xx_hal_spi.c ****   /* Reset Tx and Rx transfer counters */
2466:Drivers/STM32L4xx_HAL_Driver/Src/stm32l4xx_hal_spi.c ****   hspi->RxXferCount = 0U;
2467:Drivers/STM32L4xx_HAL_Driver/Src/stm32l4xx_hal_spi.c ****   hspi->TxXferCount = 0U;
2468:Drivers/STM32L4xx_HAL_Driver/Src/stm32l4xx_hal_spi.c **** 
2469:Drivers/STM32L4xx_HAL_Driver/Src/stm32l4xx_hal_spi.c ****   /* Check error during Abort procedure */
2470:Drivers/STM32L4xx_HAL_Driver/Src/stm32l4xx_hal_spi.c ****   if (hspi->ErrorCode == HAL_SPI_ERROR_ABORT)
2471:Drivers/STM32L4xx_HAL_Driver/Src/stm32l4xx_hal_spi.c ****   {
2472:Drivers/STM32L4xx_HAL_Driver/Src/stm32l4xx_hal_spi.c ****     /* return HAL_Error in case of error during Abort procedure */
2473:Drivers/STM32L4xx_HAL_Driver/Src/stm32l4xx_hal_spi.c ****     errorcode = HAL_ERROR;
2474:Drivers/STM32L4xx_HAL_Driver/Src/stm32l4xx_hal_spi.c ****   }
2475:Drivers/STM32L4xx_HAL_Driver/Src/stm32l4xx_hal_spi.c ****   else
2476:Drivers/STM32L4xx_HAL_Driver/Src/stm32l4xx_hal_spi.c ****   {
2477:Drivers/STM32L4xx_HAL_Driver/Src/stm32l4xx_hal_spi.c ****     /* Reset errorCode */
2478:Drivers/STM32L4xx_HAL_Driver/Src/stm32l4xx_hal_spi.c ****     hspi->ErrorCode = HAL_SPI_ERROR_NONE;
2479:Drivers/STM32L4xx_HAL_Driver/Src/stm32l4xx_hal_spi.c ****   }
2480:Drivers/STM32L4xx_HAL_Driver/Src/stm32l4xx_hal_spi.c **** 
2481:Drivers/STM32L4xx_HAL_Driver/Src/stm32l4xx_hal_spi.c ****   /* Clear the Error flags in the SR register */
ARM GAS  /tmp/ccl8yU0j.s 			page 45


2482:Drivers/STM32L4xx_HAL_Driver/Src/stm32l4xx_hal_spi.c ****   __HAL_SPI_CLEAR_OVRFLAG(hspi);
2483:Drivers/STM32L4xx_HAL_Driver/Src/stm32l4xx_hal_spi.c ****   __HAL_SPI_CLEAR_FREFLAG(hspi);
2484:Drivers/STM32L4xx_HAL_Driver/Src/stm32l4xx_hal_spi.c **** 
2485:Drivers/STM32L4xx_HAL_Driver/Src/stm32l4xx_hal_spi.c ****   /* Restore hspi->state to ready */
2486:Drivers/STM32L4xx_HAL_Driver/Src/stm32l4xx_hal_spi.c ****   hspi->State = HAL_SPI_STATE_READY;
2487:Drivers/STM32L4xx_HAL_Driver/Src/stm32l4xx_hal_spi.c **** 
2488:Drivers/STM32L4xx_HAL_Driver/Src/stm32l4xx_hal_spi.c ****   return errorcode;
2489:Drivers/STM32L4xx_HAL_Driver/Src/stm32l4xx_hal_spi.c **** }
2490:Drivers/STM32L4xx_HAL_Driver/Src/stm32l4xx_hal_spi.c **** 
2491:Drivers/STM32L4xx_HAL_Driver/Src/stm32l4xx_hal_spi.c **** /**
2492:Drivers/STM32L4xx_HAL_Driver/Src/stm32l4xx_hal_spi.c ****   * @brief  Abort ongoing transfer (Interrupt mode).
2493:Drivers/STM32L4xx_HAL_Driver/Src/stm32l4xx_hal_spi.c ****   * @param  hspi SPI handle.
2494:Drivers/STM32L4xx_HAL_Driver/Src/stm32l4xx_hal_spi.c ****   * @note   This procedure could be used for aborting any ongoing transfer (Tx and Rx),
2495:Drivers/STM32L4xx_HAL_Driver/Src/stm32l4xx_hal_spi.c ****   *         started in Interrupt or DMA mode.
2496:Drivers/STM32L4xx_HAL_Driver/Src/stm32l4xx_hal_spi.c ****   *         This procedure performs following operations :
2497:Drivers/STM32L4xx_HAL_Driver/Src/stm32l4xx_hal_spi.c ****   *           - Disable SPI Interrupts (depending of transfer direction)
2498:Drivers/STM32L4xx_HAL_Driver/Src/stm32l4xx_hal_spi.c ****   *           - Disable the DMA transfer in the peripheral register (if enabled)
2499:Drivers/STM32L4xx_HAL_Driver/Src/stm32l4xx_hal_spi.c ****   *           - Abort DMA transfer by calling HAL_DMA_Abort_IT (in case of transfer in DMA mode)
2500:Drivers/STM32L4xx_HAL_Driver/Src/stm32l4xx_hal_spi.c ****   *           - Set handle State to READY
2501:Drivers/STM32L4xx_HAL_Driver/Src/stm32l4xx_hal_spi.c ****   *           - At abort completion, call user abort complete callback
2502:Drivers/STM32L4xx_HAL_Driver/Src/stm32l4xx_hal_spi.c ****   * @note   This procedure is executed in Interrupt mode, meaning that abort procedure could be
2503:Drivers/STM32L4xx_HAL_Driver/Src/stm32l4xx_hal_spi.c ****   *         considered as completed only when user abort complete callback is executed (not when ex
2504:Drivers/STM32L4xx_HAL_Driver/Src/stm32l4xx_hal_spi.c ****   * @retval HAL status
2505:Drivers/STM32L4xx_HAL_Driver/Src/stm32l4xx_hal_spi.c ****   */
2506:Drivers/STM32L4xx_HAL_Driver/Src/stm32l4xx_hal_spi.c **** HAL_StatusTypeDef HAL_SPI_Abort_IT(SPI_HandleTypeDef *hspi)
2507:Drivers/STM32L4xx_HAL_Driver/Src/stm32l4xx_hal_spi.c **** {
2508:Drivers/STM32L4xx_HAL_Driver/Src/stm32l4xx_hal_spi.c ****   HAL_StatusTypeDef errorcode;
2509:Drivers/STM32L4xx_HAL_Driver/Src/stm32l4xx_hal_spi.c ****   uint32_t abortcplt ;
2510:Drivers/STM32L4xx_HAL_Driver/Src/stm32l4xx_hal_spi.c ****   __IO uint32_t count;
2511:Drivers/STM32L4xx_HAL_Driver/Src/stm32l4xx_hal_spi.c ****   __IO uint32_t resetcount;
2512:Drivers/STM32L4xx_HAL_Driver/Src/stm32l4xx_hal_spi.c **** 
2513:Drivers/STM32L4xx_HAL_Driver/Src/stm32l4xx_hal_spi.c ****   /* Initialized local variable  */
2514:Drivers/STM32L4xx_HAL_Driver/Src/stm32l4xx_hal_spi.c ****   errorcode = HAL_OK;
2515:Drivers/STM32L4xx_HAL_Driver/Src/stm32l4xx_hal_spi.c ****   abortcplt = 1U;
2516:Drivers/STM32L4xx_HAL_Driver/Src/stm32l4xx_hal_spi.c ****   resetcount = SPI_DEFAULT_TIMEOUT * (SystemCoreClock / 24U / 1000U);
2517:Drivers/STM32L4xx_HAL_Driver/Src/stm32l4xx_hal_spi.c ****   count = resetcount;
2518:Drivers/STM32L4xx_HAL_Driver/Src/stm32l4xx_hal_spi.c **** 
2519:Drivers/STM32L4xx_HAL_Driver/Src/stm32l4xx_hal_spi.c ****   /* Clear ERRIE interrupt to avoid error interrupts generation during Abort procedure */
2520:Drivers/STM32L4xx_HAL_Driver/Src/stm32l4xx_hal_spi.c ****   CLEAR_BIT(hspi->Instance->CR2, SPI_CR2_ERRIE);
2521:Drivers/STM32L4xx_HAL_Driver/Src/stm32l4xx_hal_spi.c **** 
2522:Drivers/STM32L4xx_HAL_Driver/Src/stm32l4xx_hal_spi.c ****   /* Change Rx and Tx Irq Handler to Disable TXEIE, RXNEIE and ERRIE interrupts */
2523:Drivers/STM32L4xx_HAL_Driver/Src/stm32l4xx_hal_spi.c ****   if (HAL_IS_BIT_SET(hspi->Instance->CR2, SPI_CR2_TXEIE))
2524:Drivers/STM32L4xx_HAL_Driver/Src/stm32l4xx_hal_spi.c ****   {
2525:Drivers/STM32L4xx_HAL_Driver/Src/stm32l4xx_hal_spi.c ****     hspi->TxISR = SPI_AbortTx_ISR;
2526:Drivers/STM32L4xx_HAL_Driver/Src/stm32l4xx_hal_spi.c ****     /* Wait HAL_SPI_STATE_ABORT state */
2527:Drivers/STM32L4xx_HAL_Driver/Src/stm32l4xx_hal_spi.c ****     do
2528:Drivers/STM32L4xx_HAL_Driver/Src/stm32l4xx_hal_spi.c ****     {
2529:Drivers/STM32L4xx_HAL_Driver/Src/stm32l4xx_hal_spi.c ****       if (count == 0U)
2530:Drivers/STM32L4xx_HAL_Driver/Src/stm32l4xx_hal_spi.c ****       {
2531:Drivers/STM32L4xx_HAL_Driver/Src/stm32l4xx_hal_spi.c ****         SET_BIT(hspi->ErrorCode, HAL_SPI_ERROR_ABORT);
2532:Drivers/STM32L4xx_HAL_Driver/Src/stm32l4xx_hal_spi.c ****         break;
2533:Drivers/STM32L4xx_HAL_Driver/Src/stm32l4xx_hal_spi.c ****       }
2534:Drivers/STM32L4xx_HAL_Driver/Src/stm32l4xx_hal_spi.c ****       count--;
2535:Drivers/STM32L4xx_HAL_Driver/Src/stm32l4xx_hal_spi.c ****     } while (hspi->State != HAL_SPI_STATE_ABORT);
2536:Drivers/STM32L4xx_HAL_Driver/Src/stm32l4xx_hal_spi.c ****     /* Reset Timeout Counter */
2537:Drivers/STM32L4xx_HAL_Driver/Src/stm32l4xx_hal_spi.c ****     count = resetcount;
2538:Drivers/STM32L4xx_HAL_Driver/Src/stm32l4xx_hal_spi.c ****   }
ARM GAS  /tmp/ccl8yU0j.s 			page 46


2539:Drivers/STM32L4xx_HAL_Driver/Src/stm32l4xx_hal_spi.c **** 
2540:Drivers/STM32L4xx_HAL_Driver/Src/stm32l4xx_hal_spi.c ****   if (HAL_IS_BIT_SET(hspi->Instance->CR2, SPI_CR2_RXNEIE))
2541:Drivers/STM32L4xx_HAL_Driver/Src/stm32l4xx_hal_spi.c ****   {
2542:Drivers/STM32L4xx_HAL_Driver/Src/stm32l4xx_hal_spi.c ****     hspi->RxISR = SPI_AbortRx_ISR;
2543:Drivers/STM32L4xx_HAL_Driver/Src/stm32l4xx_hal_spi.c ****     /* Wait HAL_SPI_STATE_ABORT state */
2544:Drivers/STM32L4xx_HAL_Driver/Src/stm32l4xx_hal_spi.c ****     do
2545:Drivers/STM32L4xx_HAL_Driver/Src/stm32l4xx_hal_spi.c ****     {
2546:Drivers/STM32L4xx_HAL_Driver/Src/stm32l4xx_hal_spi.c ****       if (count == 0U)
2547:Drivers/STM32L4xx_HAL_Driver/Src/stm32l4xx_hal_spi.c ****       {
2548:Drivers/STM32L4xx_HAL_Driver/Src/stm32l4xx_hal_spi.c ****         SET_BIT(hspi->ErrorCode, HAL_SPI_ERROR_ABORT);
2549:Drivers/STM32L4xx_HAL_Driver/Src/stm32l4xx_hal_spi.c ****         break;
2550:Drivers/STM32L4xx_HAL_Driver/Src/stm32l4xx_hal_spi.c ****       }
2551:Drivers/STM32L4xx_HAL_Driver/Src/stm32l4xx_hal_spi.c ****       count--;
2552:Drivers/STM32L4xx_HAL_Driver/Src/stm32l4xx_hal_spi.c ****     } while (hspi->State != HAL_SPI_STATE_ABORT);
2553:Drivers/STM32L4xx_HAL_Driver/Src/stm32l4xx_hal_spi.c ****     /* Reset Timeout Counter */
2554:Drivers/STM32L4xx_HAL_Driver/Src/stm32l4xx_hal_spi.c ****     count = resetcount;
2555:Drivers/STM32L4xx_HAL_Driver/Src/stm32l4xx_hal_spi.c ****   }
2556:Drivers/STM32L4xx_HAL_Driver/Src/stm32l4xx_hal_spi.c **** 
2557:Drivers/STM32L4xx_HAL_Driver/Src/stm32l4xx_hal_spi.c ****   /* If DMA Tx and/or DMA Rx Handles are associated to SPI Handle, DMA Abort complete callbacks sho
2558:Drivers/STM32L4xx_HAL_Driver/Src/stm32l4xx_hal_spi.c ****      before any call to DMA Abort functions */
2559:Drivers/STM32L4xx_HAL_Driver/Src/stm32l4xx_hal_spi.c ****   /* DMA Tx Handle is valid */
2560:Drivers/STM32L4xx_HAL_Driver/Src/stm32l4xx_hal_spi.c ****   if (hspi->hdmatx != NULL)
2561:Drivers/STM32L4xx_HAL_Driver/Src/stm32l4xx_hal_spi.c ****   {
2562:Drivers/STM32L4xx_HAL_Driver/Src/stm32l4xx_hal_spi.c ****     /* Set DMA Abort Complete callback if UART DMA Tx request if enabled.
2563:Drivers/STM32L4xx_HAL_Driver/Src/stm32l4xx_hal_spi.c ****        Otherwise, set it to NULL */
2564:Drivers/STM32L4xx_HAL_Driver/Src/stm32l4xx_hal_spi.c ****     if (HAL_IS_BIT_SET(hspi->Instance->CR2, SPI_CR2_TXDMAEN))
2565:Drivers/STM32L4xx_HAL_Driver/Src/stm32l4xx_hal_spi.c ****     {
2566:Drivers/STM32L4xx_HAL_Driver/Src/stm32l4xx_hal_spi.c ****       hspi->hdmatx->XferAbortCallback = SPI_DMATxAbortCallback;
2567:Drivers/STM32L4xx_HAL_Driver/Src/stm32l4xx_hal_spi.c ****     }
2568:Drivers/STM32L4xx_HAL_Driver/Src/stm32l4xx_hal_spi.c ****     else
2569:Drivers/STM32L4xx_HAL_Driver/Src/stm32l4xx_hal_spi.c ****     {
2570:Drivers/STM32L4xx_HAL_Driver/Src/stm32l4xx_hal_spi.c ****       hspi->hdmatx->XferAbortCallback = NULL;
2571:Drivers/STM32L4xx_HAL_Driver/Src/stm32l4xx_hal_spi.c ****     }
2572:Drivers/STM32L4xx_HAL_Driver/Src/stm32l4xx_hal_spi.c ****   }
2573:Drivers/STM32L4xx_HAL_Driver/Src/stm32l4xx_hal_spi.c ****   /* DMA Rx Handle is valid */
2574:Drivers/STM32L4xx_HAL_Driver/Src/stm32l4xx_hal_spi.c ****   if (hspi->hdmarx != NULL)
2575:Drivers/STM32L4xx_HAL_Driver/Src/stm32l4xx_hal_spi.c ****   {
2576:Drivers/STM32L4xx_HAL_Driver/Src/stm32l4xx_hal_spi.c ****     /* Set DMA Abort Complete callback if UART DMA Rx request if enabled.
2577:Drivers/STM32L4xx_HAL_Driver/Src/stm32l4xx_hal_spi.c ****        Otherwise, set it to NULL */
2578:Drivers/STM32L4xx_HAL_Driver/Src/stm32l4xx_hal_spi.c ****     if (HAL_IS_BIT_SET(hspi->Instance->CR2, SPI_CR2_RXDMAEN))
2579:Drivers/STM32L4xx_HAL_Driver/Src/stm32l4xx_hal_spi.c ****     {
2580:Drivers/STM32L4xx_HAL_Driver/Src/stm32l4xx_hal_spi.c ****       hspi->hdmarx->XferAbortCallback = SPI_DMARxAbortCallback;
2581:Drivers/STM32L4xx_HAL_Driver/Src/stm32l4xx_hal_spi.c ****     }
2582:Drivers/STM32L4xx_HAL_Driver/Src/stm32l4xx_hal_spi.c ****     else
2583:Drivers/STM32L4xx_HAL_Driver/Src/stm32l4xx_hal_spi.c ****     {
2584:Drivers/STM32L4xx_HAL_Driver/Src/stm32l4xx_hal_spi.c ****       hspi->hdmarx->XferAbortCallback = NULL;
2585:Drivers/STM32L4xx_HAL_Driver/Src/stm32l4xx_hal_spi.c ****     }
2586:Drivers/STM32L4xx_HAL_Driver/Src/stm32l4xx_hal_spi.c ****   }
2587:Drivers/STM32L4xx_HAL_Driver/Src/stm32l4xx_hal_spi.c **** 
2588:Drivers/STM32L4xx_HAL_Driver/Src/stm32l4xx_hal_spi.c ****   /* Disable the SPI DMA Tx request if enabled */
2589:Drivers/STM32L4xx_HAL_Driver/Src/stm32l4xx_hal_spi.c ****   if (HAL_IS_BIT_SET(hspi->Instance->CR2, SPI_CR2_TXDMAEN))
2590:Drivers/STM32L4xx_HAL_Driver/Src/stm32l4xx_hal_spi.c ****   {
2591:Drivers/STM32L4xx_HAL_Driver/Src/stm32l4xx_hal_spi.c ****     /* Abort the SPI DMA Tx Stream/Channel */
2592:Drivers/STM32L4xx_HAL_Driver/Src/stm32l4xx_hal_spi.c ****     if (hspi->hdmatx != NULL)
2593:Drivers/STM32L4xx_HAL_Driver/Src/stm32l4xx_hal_spi.c ****     {
2594:Drivers/STM32L4xx_HAL_Driver/Src/stm32l4xx_hal_spi.c ****       /* Abort DMA Tx Handle linked to SPI Peripheral */
2595:Drivers/STM32L4xx_HAL_Driver/Src/stm32l4xx_hal_spi.c ****       if (HAL_DMA_Abort_IT(hspi->hdmatx) != HAL_OK)
ARM GAS  /tmp/ccl8yU0j.s 			page 47


2596:Drivers/STM32L4xx_HAL_Driver/Src/stm32l4xx_hal_spi.c ****       {
2597:Drivers/STM32L4xx_HAL_Driver/Src/stm32l4xx_hal_spi.c ****         hspi->hdmatx->XferAbortCallback = NULL;
2598:Drivers/STM32L4xx_HAL_Driver/Src/stm32l4xx_hal_spi.c ****         hspi->ErrorCode = HAL_SPI_ERROR_ABORT;
2599:Drivers/STM32L4xx_HAL_Driver/Src/stm32l4xx_hal_spi.c ****       }
2600:Drivers/STM32L4xx_HAL_Driver/Src/stm32l4xx_hal_spi.c ****       else
2601:Drivers/STM32L4xx_HAL_Driver/Src/stm32l4xx_hal_spi.c ****       {
2602:Drivers/STM32L4xx_HAL_Driver/Src/stm32l4xx_hal_spi.c ****         abortcplt = 0U;
2603:Drivers/STM32L4xx_HAL_Driver/Src/stm32l4xx_hal_spi.c ****       }
2604:Drivers/STM32L4xx_HAL_Driver/Src/stm32l4xx_hal_spi.c ****     }
2605:Drivers/STM32L4xx_HAL_Driver/Src/stm32l4xx_hal_spi.c ****   }
2606:Drivers/STM32L4xx_HAL_Driver/Src/stm32l4xx_hal_spi.c ****   /* Disable the SPI DMA Rx request if enabled */
2607:Drivers/STM32L4xx_HAL_Driver/Src/stm32l4xx_hal_spi.c ****   if (HAL_IS_BIT_SET(hspi->Instance->CR2, SPI_CR2_RXDMAEN))
2608:Drivers/STM32L4xx_HAL_Driver/Src/stm32l4xx_hal_spi.c ****   {
2609:Drivers/STM32L4xx_HAL_Driver/Src/stm32l4xx_hal_spi.c ****     /* Abort the SPI DMA Rx Stream/Channel */
2610:Drivers/STM32L4xx_HAL_Driver/Src/stm32l4xx_hal_spi.c ****     if (hspi->hdmarx != NULL)
2611:Drivers/STM32L4xx_HAL_Driver/Src/stm32l4xx_hal_spi.c ****     {
2612:Drivers/STM32L4xx_HAL_Driver/Src/stm32l4xx_hal_spi.c ****       /* Abort DMA Rx Handle linked to SPI Peripheral */
2613:Drivers/STM32L4xx_HAL_Driver/Src/stm32l4xx_hal_spi.c ****       if (HAL_DMA_Abort_IT(hspi->hdmarx) !=  HAL_OK)
2614:Drivers/STM32L4xx_HAL_Driver/Src/stm32l4xx_hal_spi.c ****       {
2615:Drivers/STM32L4xx_HAL_Driver/Src/stm32l4xx_hal_spi.c ****         hspi->hdmarx->XferAbortCallback = NULL;
2616:Drivers/STM32L4xx_HAL_Driver/Src/stm32l4xx_hal_spi.c ****         hspi->ErrorCode = HAL_SPI_ERROR_ABORT;
2617:Drivers/STM32L4xx_HAL_Driver/Src/stm32l4xx_hal_spi.c ****       }
2618:Drivers/STM32L4xx_HAL_Driver/Src/stm32l4xx_hal_spi.c ****       else
2619:Drivers/STM32L4xx_HAL_Driver/Src/stm32l4xx_hal_spi.c ****       {
2620:Drivers/STM32L4xx_HAL_Driver/Src/stm32l4xx_hal_spi.c ****         abortcplt = 0U;
2621:Drivers/STM32L4xx_HAL_Driver/Src/stm32l4xx_hal_spi.c ****       }
2622:Drivers/STM32L4xx_HAL_Driver/Src/stm32l4xx_hal_spi.c ****     }
2623:Drivers/STM32L4xx_HAL_Driver/Src/stm32l4xx_hal_spi.c ****   }
2624:Drivers/STM32L4xx_HAL_Driver/Src/stm32l4xx_hal_spi.c **** 
2625:Drivers/STM32L4xx_HAL_Driver/Src/stm32l4xx_hal_spi.c ****   if (abortcplt == 1U)
2626:Drivers/STM32L4xx_HAL_Driver/Src/stm32l4xx_hal_spi.c ****   {
2627:Drivers/STM32L4xx_HAL_Driver/Src/stm32l4xx_hal_spi.c ****     /* Reset Tx and Rx transfer counters */
2628:Drivers/STM32L4xx_HAL_Driver/Src/stm32l4xx_hal_spi.c ****     hspi->RxXferCount = 0U;
2629:Drivers/STM32L4xx_HAL_Driver/Src/stm32l4xx_hal_spi.c ****     hspi->TxXferCount = 0U;
2630:Drivers/STM32L4xx_HAL_Driver/Src/stm32l4xx_hal_spi.c **** 
2631:Drivers/STM32L4xx_HAL_Driver/Src/stm32l4xx_hal_spi.c ****     /* Check error during Abort procedure */
2632:Drivers/STM32L4xx_HAL_Driver/Src/stm32l4xx_hal_spi.c ****     if (hspi->ErrorCode == HAL_SPI_ERROR_ABORT)
2633:Drivers/STM32L4xx_HAL_Driver/Src/stm32l4xx_hal_spi.c ****     {
2634:Drivers/STM32L4xx_HAL_Driver/Src/stm32l4xx_hal_spi.c ****       /* return HAL_Error in case of error during Abort procedure */
2635:Drivers/STM32L4xx_HAL_Driver/Src/stm32l4xx_hal_spi.c ****       errorcode = HAL_ERROR;
2636:Drivers/STM32L4xx_HAL_Driver/Src/stm32l4xx_hal_spi.c ****     }
2637:Drivers/STM32L4xx_HAL_Driver/Src/stm32l4xx_hal_spi.c ****     else
2638:Drivers/STM32L4xx_HAL_Driver/Src/stm32l4xx_hal_spi.c ****     {
2639:Drivers/STM32L4xx_HAL_Driver/Src/stm32l4xx_hal_spi.c ****       /* Reset errorCode */
2640:Drivers/STM32L4xx_HAL_Driver/Src/stm32l4xx_hal_spi.c ****       hspi->ErrorCode = HAL_SPI_ERROR_NONE;
2641:Drivers/STM32L4xx_HAL_Driver/Src/stm32l4xx_hal_spi.c ****     }
2642:Drivers/STM32L4xx_HAL_Driver/Src/stm32l4xx_hal_spi.c **** 
2643:Drivers/STM32L4xx_HAL_Driver/Src/stm32l4xx_hal_spi.c ****     /* Clear the Error flags in the SR register */
2644:Drivers/STM32L4xx_HAL_Driver/Src/stm32l4xx_hal_spi.c ****     __HAL_SPI_CLEAR_OVRFLAG(hspi);
2645:Drivers/STM32L4xx_HAL_Driver/Src/stm32l4xx_hal_spi.c ****     __HAL_SPI_CLEAR_FREFLAG(hspi);
2646:Drivers/STM32L4xx_HAL_Driver/Src/stm32l4xx_hal_spi.c **** 
2647:Drivers/STM32L4xx_HAL_Driver/Src/stm32l4xx_hal_spi.c ****     /* Restore hspi->State to Ready */
2648:Drivers/STM32L4xx_HAL_Driver/Src/stm32l4xx_hal_spi.c ****     hspi->State = HAL_SPI_STATE_READY;
2649:Drivers/STM32L4xx_HAL_Driver/Src/stm32l4xx_hal_spi.c **** 
2650:Drivers/STM32L4xx_HAL_Driver/Src/stm32l4xx_hal_spi.c ****     /* As no DMA to be aborted, call directly user Abort complete callback */
2651:Drivers/STM32L4xx_HAL_Driver/Src/stm32l4xx_hal_spi.c **** #if (USE_HAL_SPI_REGISTER_CALLBACKS == 1U)
2652:Drivers/STM32L4xx_HAL_Driver/Src/stm32l4xx_hal_spi.c ****     hspi->AbortCpltCallback(hspi);
ARM GAS  /tmp/ccl8yU0j.s 			page 48


2653:Drivers/STM32L4xx_HAL_Driver/Src/stm32l4xx_hal_spi.c **** #else
2654:Drivers/STM32L4xx_HAL_Driver/Src/stm32l4xx_hal_spi.c ****     HAL_SPI_AbortCpltCallback(hspi);
2655:Drivers/STM32L4xx_HAL_Driver/Src/stm32l4xx_hal_spi.c **** #endif /* USE_HAL_SPI_REGISTER_CALLBACKS */
2656:Drivers/STM32L4xx_HAL_Driver/Src/stm32l4xx_hal_spi.c ****   }
2657:Drivers/STM32L4xx_HAL_Driver/Src/stm32l4xx_hal_spi.c **** 
2658:Drivers/STM32L4xx_HAL_Driver/Src/stm32l4xx_hal_spi.c ****   return errorcode;
2659:Drivers/STM32L4xx_HAL_Driver/Src/stm32l4xx_hal_spi.c **** }
2660:Drivers/STM32L4xx_HAL_Driver/Src/stm32l4xx_hal_spi.c **** 
2661:Drivers/STM32L4xx_HAL_Driver/Src/stm32l4xx_hal_spi.c **** /**
2662:Drivers/STM32L4xx_HAL_Driver/Src/stm32l4xx_hal_spi.c ****   * @brief  Pause the DMA Transfer.
2663:Drivers/STM32L4xx_HAL_Driver/Src/stm32l4xx_hal_spi.c ****   * @param  hspi pointer to a SPI_HandleTypeDef structure that contains
2664:Drivers/STM32L4xx_HAL_Driver/Src/stm32l4xx_hal_spi.c ****   *               the configuration information for the specified SPI module.
2665:Drivers/STM32L4xx_HAL_Driver/Src/stm32l4xx_hal_spi.c ****   * @retval HAL status
2666:Drivers/STM32L4xx_HAL_Driver/Src/stm32l4xx_hal_spi.c ****   */
2667:Drivers/STM32L4xx_HAL_Driver/Src/stm32l4xx_hal_spi.c **** HAL_StatusTypeDef HAL_SPI_DMAPause(SPI_HandleTypeDef *hspi)
2668:Drivers/STM32L4xx_HAL_Driver/Src/stm32l4xx_hal_spi.c **** {
2669:Drivers/STM32L4xx_HAL_Driver/Src/stm32l4xx_hal_spi.c ****   /* Process Locked */
2670:Drivers/STM32L4xx_HAL_Driver/Src/stm32l4xx_hal_spi.c ****   __HAL_LOCK(hspi);
2671:Drivers/STM32L4xx_HAL_Driver/Src/stm32l4xx_hal_spi.c **** 
2672:Drivers/STM32L4xx_HAL_Driver/Src/stm32l4xx_hal_spi.c ****   /* Disable the SPI DMA Tx & Rx requests */
2673:Drivers/STM32L4xx_HAL_Driver/Src/stm32l4xx_hal_spi.c ****   CLEAR_BIT(hspi->Instance->CR2, SPI_CR2_TXDMAEN | SPI_CR2_RXDMAEN);
2674:Drivers/STM32L4xx_HAL_Driver/Src/stm32l4xx_hal_spi.c **** 
2675:Drivers/STM32L4xx_HAL_Driver/Src/stm32l4xx_hal_spi.c ****   /* Process Unlocked */
2676:Drivers/STM32L4xx_HAL_Driver/Src/stm32l4xx_hal_spi.c ****   __HAL_UNLOCK(hspi);
2677:Drivers/STM32L4xx_HAL_Driver/Src/stm32l4xx_hal_spi.c **** 
2678:Drivers/STM32L4xx_HAL_Driver/Src/stm32l4xx_hal_spi.c ****   return HAL_OK;
2679:Drivers/STM32L4xx_HAL_Driver/Src/stm32l4xx_hal_spi.c **** }
2680:Drivers/STM32L4xx_HAL_Driver/Src/stm32l4xx_hal_spi.c **** 
2681:Drivers/STM32L4xx_HAL_Driver/Src/stm32l4xx_hal_spi.c **** /**
2682:Drivers/STM32L4xx_HAL_Driver/Src/stm32l4xx_hal_spi.c ****   * @brief  Resume the DMA Transfer.
2683:Drivers/STM32L4xx_HAL_Driver/Src/stm32l4xx_hal_spi.c ****   * @param  hspi pointer to a SPI_HandleTypeDef structure that contains
2684:Drivers/STM32L4xx_HAL_Driver/Src/stm32l4xx_hal_spi.c ****   *               the configuration information for the specified SPI module.
2685:Drivers/STM32L4xx_HAL_Driver/Src/stm32l4xx_hal_spi.c ****   * @retval HAL status
2686:Drivers/STM32L4xx_HAL_Driver/Src/stm32l4xx_hal_spi.c ****   */
2687:Drivers/STM32L4xx_HAL_Driver/Src/stm32l4xx_hal_spi.c **** HAL_StatusTypeDef HAL_SPI_DMAResume(SPI_HandleTypeDef *hspi)
2688:Drivers/STM32L4xx_HAL_Driver/Src/stm32l4xx_hal_spi.c **** {
2689:Drivers/STM32L4xx_HAL_Driver/Src/stm32l4xx_hal_spi.c ****   /* Process Locked */
2690:Drivers/STM32L4xx_HAL_Driver/Src/stm32l4xx_hal_spi.c ****   __HAL_LOCK(hspi);
2691:Drivers/STM32L4xx_HAL_Driver/Src/stm32l4xx_hal_spi.c **** 
2692:Drivers/STM32L4xx_HAL_Driver/Src/stm32l4xx_hal_spi.c ****   /* Enable the SPI DMA Tx & Rx requests */
2693:Drivers/STM32L4xx_HAL_Driver/Src/stm32l4xx_hal_spi.c ****   SET_BIT(hspi->Instance->CR2, SPI_CR2_TXDMAEN | SPI_CR2_RXDMAEN);
2694:Drivers/STM32L4xx_HAL_Driver/Src/stm32l4xx_hal_spi.c **** 
2695:Drivers/STM32L4xx_HAL_Driver/Src/stm32l4xx_hal_spi.c ****   /* Process Unlocked */
2696:Drivers/STM32L4xx_HAL_Driver/Src/stm32l4xx_hal_spi.c ****   __HAL_UNLOCK(hspi);
2697:Drivers/STM32L4xx_HAL_Driver/Src/stm32l4xx_hal_spi.c **** 
2698:Drivers/STM32L4xx_HAL_Driver/Src/stm32l4xx_hal_spi.c ****   return HAL_OK;
2699:Drivers/STM32L4xx_HAL_Driver/Src/stm32l4xx_hal_spi.c **** }
2700:Drivers/STM32L4xx_HAL_Driver/Src/stm32l4xx_hal_spi.c **** 
2701:Drivers/STM32L4xx_HAL_Driver/Src/stm32l4xx_hal_spi.c **** /**
2702:Drivers/STM32L4xx_HAL_Driver/Src/stm32l4xx_hal_spi.c ****   * @brief  Stop the DMA Transfer.
2703:Drivers/STM32L4xx_HAL_Driver/Src/stm32l4xx_hal_spi.c ****   * @param  hspi pointer to a SPI_HandleTypeDef structure that contains
2704:Drivers/STM32L4xx_HAL_Driver/Src/stm32l4xx_hal_spi.c ****   *               the configuration information for the specified SPI module.
2705:Drivers/STM32L4xx_HAL_Driver/Src/stm32l4xx_hal_spi.c ****   * @retval HAL status
2706:Drivers/STM32L4xx_HAL_Driver/Src/stm32l4xx_hal_spi.c ****   */
2707:Drivers/STM32L4xx_HAL_Driver/Src/stm32l4xx_hal_spi.c **** HAL_StatusTypeDef HAL_SPI_DMAStop(SPI_HandleTypeDef *hspi)
2708:Drivers/STM32L4xx_HAL_Driver/Src/stm32l4xx_hal_spi.c **** {
2709:Drivers/STM32L4xx_HAL_Driver/Src/stm32l4xx_hal_spi.c ****   HAL_StatusTypeDef errorcode = HAL_OK;
ARM GAS  /tmp/ccl8yU0j.s 			page 49


2710:Drivers/STM32L4xx_HAL_Driver/Src/stm32l4xx_hal_spi.c ****   /* The Lock is not implemented on this API to allow the user application
2711:Drivers/STM32L4xx_HAL_Driver/Src/stm32l4xx_hal_spi.c ****      to call the HAL SPI API under callbacks HAL_SPI_TxCpltCallback() or HAL_SPI_RxCpltCallback() o
2712:Drivers/STM32L4xx_HAL_Driver/Src/stm32l4xx_hal_spi.c ****      HAL_SPI_TxRxCpltCallback():
2713:Drivers/STM32L4xx_HAL_Driver/Src/stm32l4xx_hal_spi.c ****      when calling HAL_DMA_Abort() API the DMA TX/RX Transfer complete interrupt is generated
2714:Drivers/STM32L4xx_HAL_Driver/Src/stm32l4xx_hal_spi.c ****      and the correspond call back is executed HAL_SPI_TxCpltCallback() or HAL_SPI_RxCpltCallback() 
2715:Drivers/STM32L4xx_HAL_Driver/Src/stm32l4xx_hal_spi.c ****      HAL_SPI_TxRxCpltCallback()
2716:Drivers/STM32L4xx_HAL_Driver/Src/stm32l4xx_hal_spi.c ****      */
2717:Drivers/STM32L4xx_HAL_Driver/Src/stm32l4xx_hal_spi.c **** 
2718:Drivers/STM32L4xx_HAL_Driver/Src/stm32l4xx_hal_spi.c ****   /* Abort the SPI DMA tx Stream/Channel  */
2719:Drivers/STM32L4xx_HAL_Driver/Src/stm32l4xx_hal_spi.c ****   if (hspi->hdmatx != NULL)
2720:Drivers/STM32L4xx_HAL_Driver/Src/stm32l4xx_hal_spi.c ****   {
2721:Drivers/STM32L4xx_HAL_Driver/Src/stm32l4xx_hal_spi.c ****     if (HAL_OK != HAL_DMA_Abort(hspi->hdmatx))
2722:Drivers/STM32L4xx_HAL_Driver/Src/stm32l4xx_hal_spi.c ****     {
2723:Drivers/STM32L4xx_HAL_Driver/Src/stm32l4xx_hal_spi.c ****       SET_BIT(hspi->ErrorCode, HAL_SPI_ERROR_DMA);
2724:Drivers/STM32L4xx_HAL_Driver/Src/stm32l4xx_hal_spi.c ****       errorcode = HAL_ERROR;
2725:Drivers/STM32L4xx_HAL_Driver/Src/stm32l4xx_hal_spi.c ****     }
2726:Drivers/STM32L4xx_HAL_Driver/Src/stm32l4xx_hal_spi.c ****   }
2727:Drivers/STM32L4xx_HAL_Driver/Src/stm32l4xx_hal_spi.c ****   /* Abort the SPI DMA rx Stream/Channel  */
2728:Drivers/STM32L4xx_HAL_Driver/Src/stm32l4xx_hal_spi.c ****   if (hspi->hdmarx != NULL)
2729:Drivers/STM32L4xx_HAL_Driver/Src/stm32l4xx_hal_spi.c ****   {
2730:Drivers/STM32L4xx_HAL_Driver/Src/stm32l4xx_hal_spi.c ****     if (HAL_OK != HAL_DMA_Abort(hspi->hdmarx))
2731:Drivers/STM32L4xx_HAL_Driver/Src/stm32l4xx_hal_spi.c ****     {
2732:Drivers/STM32L4xx_HAL_Driver/Src/stm32l4xx_hal_spi.c ****       SET_BIT(hspi->ErrorCode, HAL_SPI_ERROR_DMA);
2733:Drivers/STM32L4xx_HAL_Driver/Src/stm32l4xx_hal_spi.c ****       errorcode = HAL_ERROR;
2734:Drivers/STM32L4xx_HAL_Driver/Src/stm32l4xx_hal_spi.c ****     }
2735:Drivers/STM32L4xx_HAL_Driver/Src/stm32l4xx_hal_spi.c ****   }
2736:Drivers/STM32L4xx_HAL_Driver/Src/stm32l4xx_hal_spi.c **** 
2737:Drivers/STM32L4xx_HAL_Driver/Src/stm32l4xx_hal_spi.c ****   /* Disable the SPI DMA Tx & Rx requests */
2738:Drivers/STM32L4xx_HAL_Driver/Src/stm32l4xx_hal_spi.c ****   CLEAR_BIT(hspi->Instance->CR2, SPI_CR2_TXDMAEN | SPI_CR2_RXDMAEN);
2739:Drivers/STM32L4xx_HAL_Driver/Src/stm32l4xx_hal_spi.c ****   hspi->State = HAL_SPI_STATE_READY;
2740:Drivers/STM32L4xx_HAL_Driver/Src/stm32l4xx_hal_spi.c ****   return errorcode;
2741:Drivers/STM32L4xx_HAL_Driver/Src/stm32l4xx_hal_spi.c **** }
2742:Drivers/STM32L4xx_HAL_Driver/Src/stm32l4xx_hal_spi.c **** 
2743:Drivers/STM32L4xx_HAL_Driver/Src/stm32l4xx_hal_spi.c **** /**
2744:Drivers/STM32L4xx_HAL_Driver/Src/stm32l4xx_hal_spi.c ****   * @brief  Handle SPI interrupt request.
2745:Drivers/STM32L4xx_HAL_Driver/Src/stm32l4xx_hal_spi.c ****   * @param  hspi pointer to a SPI_HandleTypeDef structure that contains
2746:Drivers/STM32L4xx_HAL_Driver/Src/stm32l4xx_hal_spi.c ****   *               the configuration information for the specified SPI module.
2747:Drivers/STM32L4xx_HAL_Driver/Src/stm32l4xx_hal_spi.c ****   * @retval None
2748:Drivers/STM32L4xx_HAL_Driver/Src/stm32l4xx_hal_spi.c ****   */
2749:Drivers/STM32L4xx_HAL_Driver/Src/stm32l4xx_hal_spi.c **** void HAL_SPI_IRQHandler(SPI_HandleTypeDef *hspi)
2750:Drivers/STM32L4xx_HAL_Driver/Src/stm32l4xx_hal_spi.c **** {
2751:Drivers/STM32L4xx_HAL_Driver/Src/stm32l4xx_hal_spi.c ****   uint32_t itsource = hspi->Instance->CR2;
2752:Drivers/STM32L4xx_HAL_Driver/Src/stm32l4xx_hal_spi.c ****   uint32_t itflag   = hspi->Instance->SR;
2753:Drivers/STM32L4xx_HAL_Driver/Src/stm32l4xx_hal_spi.c **** 
2754:Drivers/STM32L4xx_HAL_Driver/Src/stm32l4xx_hal_spi.c ****   /* SPI in mode Receiver ----------------------------------------------------*/
2755:Drivers/STM32L4xx_HAL_Driver/Src/stm32l4xx_hal_spi.c ****   if ((SPI_CHECK_FLAG(itflag, SPI_FLAG_OVR) == RESET) &&
2756:Drivers/STM32L4xx_HAL_Driver/Src/stm32l4xx_hal_spi.c ****       (SPI_CHECK_FLAG(itflag, SPI_FLAG_RXNE) != RESET) && (SPI_CHECK_IT_SOURCE(itsource, SPI_IT_RXN
2757:Drivers/STM32L4xx_HAL_Driver/Src/stm32l4xx_hal_spi.c ****   {
2758:Drivers/STM32L4xx_HAL_Driver/Src/stm32l4xx_hal_spi.c ****     hspi->RxISR(hspi);
2759:Drivers/STM32L4xx_HAL_Driver/Src/stm32l4xx_hal_spi.c ****     return;
2760:Drivers/STM32L4xx_HAL_Driver/Src/stm32l4xx_hal_spi.c ****   }
2761:Drivers/STM32L4xx_HAL_Driver/Src/stm32l4xx_hal_spi.c **** 
2762:Drivers/STM32L4xx_HAL_Driver/Src/stm32l4xx_hal_spi.c ****   /* SPI in mode Transmitter -------------------------------------------------*/
2763:Drivers/STM32L4xx_HAL_Driver/Src/stm32l4xx_hal_spi.c ****   if ((SPI_CHECK_FLAG(itflag, SPI_FLAG_TXE) != RESET) && (SPI_CHECK_IT_SOURCE(itsource, SPI_IT_TXE)
2764:Drivers/STM32L4xx_HAL_Driver/Src/stm32l4xx_hal_spi.c ****   {
2765:Drivers/STM32L4xx_HAL_Driver/Src/stm32l4xx_hal_spi.c ****     hspi->TxISR(hspi);
2766:Drivers/STM32L4xx_HAL_Driver/Src/stm32l4xx_hal_spi.c ****     return;
ARM GAS  /tmp/ccl8yU0j.s 			page 50


2767:Drivers/STM32L4xx_HAL_Driver/Src/stm32l4xx_hal_spi.c ****   }
2768:Drivers/STM32L4xx_HAL_Driver/Src/stm32l4xx_hal_spi.c **** 
2769:Drivers/STM32L4xx_HAL_Driver/Src/stm32l4xx_hal_spi.c ****   /* SPI in Error Treatment --------------------------------------------------*/
2770:Drivers/STM32L4xx_HAL_Driver/Src/stm32l4xx_hal_spi.c ****   if (((SPI_CHECK_FLAG(itflag, SPI_FLAG_MODF) != RESET) || (SPI_CHECK_FLAG(itflag, SPI_FLAG_OVR) !=
2771:Drivers/STM32L4xx_HAL_Driver/Src/stm32l4xx_hal_spi.c ****        || (SPI_CHECK_FLAG(itflag, SPI_FLAG_FRE) != RESET)) && (SPI_CHECK_IT_SOURCE(itsource, SPI_IT
2772:Drivers/STM32L4xx_HAL_Driver/Src/stm32l4xx_hal_spi.c ****   {
2773:Drivers/STM32L4xx_HAL_Driver/Src/stm32l4xx_hal_spi.c ****     /* SPI Overrun error interrupt occurred ----------------------------------*/
2774:Drivers/STM32L4xx_HAL_Driver/Src/stm32l4xx_hal_spi.c ****     if (SPI_CHECK_FLAG(itflag, SPI_FLAG_OVR) != RESET)
2775:Drivers/STM32L4xx_HAL_Driver/Src/stm32l4xx_hal_spi.c ****     {
2776:Drivers/STM32L4xx_HAL_Driver/Src/stm32l4xx_hal_spi.c ****       if (hspi->State != HAL_SPI_STATE_BUSY_TX)
2777:Drivers/STM32L4xx_HAL_Driver/Src/stm32l4xx_hal_spi.c ****       {
2778:Drivers/STM32L4xx_HAL_Driver/Src/stm32l4xx_hal_spi.c ****         SET_BIT(hspi->ErrorCode, HAL_SPI_ERROR_OVR);
2779:Drivers/STM32L4xx_HAL_Driver/Src/stm32l4xx_hal_spi.c ****         __HAL_SPI_CLEAR_OVRFLAG(hspi);
2780:Drivers/STM32L4xx_HAL_Driver/Src/stm32l4xx_hal_spi.c ****       }
2781:Drivers/STM32L4xx_HAL_Driver/Src/stm32l4xx_hal_spi.c ****       else
2782:Drivers/STM32L4xx_HAL_Driver/Src/stm32l4xx_hal_spi.c ****       {
2783:Drivers/STM32L4xx_HAL_Driver/Src/stm32l4xx_hal_spi.c ****         __HAL_SPI_CLEAR_OVRFLAG(hspi);
2784:Drivers/STM32L4xx_HAL_Driver/Src/stm32l4xx_hal_spi.c ****         return;
2785:Drivers/STM32L4xx_HAL_Driver/Src/stm32l4xx_hal_spi.c ****       }
2786:Drivers/STM32L4xx_HAL_Driver/Src/stm32l4xx_hal_spi.c ****     }
2787:Drivers/STM32L4xx_HAL_Driver/Src/stm32l4xx_hal_spi.c **** 
2788:Drivers/STM32L4xx_HAL_Driver/Src/stm32l4xx_hal_spi.c ****     /* SPI Mode Fault error interrupt occurred -------------------------------*/
2789:Drivers/STM32L4xx_HAL_Driver/Src/stm32l4xx_hal_spi.c ****     if (SPI_CHECK_FLAG(itflag, SPI_FLAG_MODF) != RESET)
2790:Drivers/STM32L4xx_HAL_Driver/Src/stm32l4xx_hal_spi.c ****     {
2791:Drivers/STM32L4xx_HAL_Driver/Src/stm32l4xx_hal_spi.c ****       SET_BIT(hspi->ErrorCode, HAL_SPI_ERROR_MODF);
2792:Drivers/STM32L4xx_HAL_Driver/Src/stm32l4xx_hal_spi.c ****       __HAL_SPI_CLEAR_MODFFLAG(hspi);
2793:Drivers/STM32L4xx_HAL_Driver/Src/stm32l4xx_hal_spi.c ****     }
2794:Drivers/STM32L4xx_HAL_Driver/Src/stm32l4xx_hal_spi.c **** 
2795:Drivers/STM32L4xx_HAL_Driver/Src/stm32l4xx_hal_spi.c ****     /* SPI Frame error interrupt occurred ------------------------------------*/
2796:Drivers/STM32L4xx_HAL_Driver/Src/stm32l4xx_hal_spi.c ****     if (SPI_CHECK_FLAG(itflag, SPI_FLAG_FRE) != RESET)
2797:Drivers/STM32L4xx_HAL_Driver/Src/stm32l4xx_hal_spi.c ****     {
2798:Drivers/STM32L4xx_HAL_Driver/Src/stm32l4xx_hal_spi.c ****       SET_BIT(hspi->ErrorCode, HAL_SPI_ERROR_FRE);
2799:Drivers/STM32L4xx_HAL_Driver/Src/stm32l4xx_hal_spi.c ****       __HAL_SPI_CLEAR_FREFLAG(hspi);
2800:Drivers/STM32L4xx_HAL_Driver/Src/stm32l4xx_hal_spi.c ****     }
2801:Drivers/STM32L4xx_HAL_Driver/Src/stm32l4xx_hal_spi.c **** 
2802:Drivers/STM32L4xx_HAL_Driver/Src/stm32l4xx_hal_spi.c ****     if (hspi->ErrorCode != HAL_SPI_ERROR_NONE)
2803:Drivers/STM32L4xx_HAL_Driver/Src/stm32l4xx_hal_spi.c ****     {
2804:Drivers/STM32L4xx_HAL_Driver/Src/stm32l4xx_hal_spi.c ****       /* Disable all interrupts */
2805:Drivers/STM32L4xx_HAL_Driver/Src/stm32l4xx_hal_spi.c ****       __HAL_SPI_DISABLE_IT(hspi, SPI_IT_RXNE | SPI_IT_TXE | SPI_IT_ERR);
2806:Drivers/STM32L4xx_HAL_Driver/Src/stm32l4xx_hal_spi.c **** 
2807:Drivers/STM32L4xx_HAL_Driver/Src/stm32l4xx_hal_spi.c ****       hspi->State = HAL_SPI_STATE_READY;
2808:Drivers/STM32L4xx_HAL_Driver/Src/stm32l4xx_hal_spi.c ****       /* Disable the SPI DMA requests if enabled */
2809:Drivers/STM32L4xx_HAL_Driver/Src/stm32l4xx_hal_spi.c ****       if ((HAL_IS_BIT_SET(itsource, SPI_CR2_TXDMAEN)) || (HAL_IS_BIT_SET(itsource, SPI_CR2_RXDMAEN)
2810:Drivers/STM32L4xx_HAL_Driver/Src/stm32l4xx_hal_spi.c ****       {
2811:Drivers/STM32L4xx_HAL_Driver/Src/stm32l4xx_hal_spi.c ****         CLEAR_BIT(hspi->Instance->CR2, (SPI_CR2_TXDMAEN | SPI_CR2_RXDMAEN));
2812:Drivers/STM32L4xx_HAL_Driver/Src/stm32l4xx_hal_spi.c **** 
2813:Drivers/STM32L4xx_HAL_Driver/Src/stm32l4xx_hal_spi.c ****         /* Abort the SPI DMA Rx channel */
2814:Drivers/STM32L4xx_HAL_Driver/Src/stm32l4xx_hal_spi.c ****         if (hspi->hdmarx != NULL)
2815:Drivers/STM32L4xx_HAL_Driver/Src/stm32l4xx_hal_spi.c ****         {
2816:Drivers/STM32L4xx_HAL_Driver/Src/stm32l4xx_hal_spi.c ****           /* Set the SPI DMA Abort callback :
2817:Drivers/STM32L4xx_HAL_Driver/Src/stm32l4xx_hal_spi.c ****           will lead to call HAL_SPI_ErrorCallback() at end of DMA abort procedure */
2818:Drivers/STM32L4xx_HAL_Driver/Src/stm32l4xx_hal_spi.c ****           hspi->hdmarx->XferAbortCallback = SPI_DMAAbortOnError;
2819:Drivers/STM32L4xx_HAL_Driver/Src/stm32l4xx_hal_spi.c ****           if (HAL_OK != HAL_DMA_Abort_IT(hspi->hdmarx))
2820:Drivers/STM32L4xx_HAL_Driver/Src/stm32l4xx_hal_spi.c ****           {
2821:Drivers/STM32L4xx_HAL_Driver/Src/stm32l4xx_hal_spi.c ****             SET_BIT(hspi->ErrorCode, HAL_SPI_ERROR_ABORT);
2822:Drivers/STM32L4xx_HAL_Driver/Src/stm32l4xx_hal_spi.c ****           }
2823:Drivers/STM32L4xx_HAL_Driver/Src/stm32l4xx_hal_spi.c ****         }
ARM GAS  /tmp/ccl8yU0j.s 			page 51


2824:Drivers/STM32L4xx_HAL_Driver/Src/stm32l4xx_hal_spi.c ****         /* Abort the SPI DMA Tx channel */
2825:Drivers/STM32L4xx_HAL_Driver/Src/stm32l4xx_hal_spi.c ****         if (hspi->hdmatx != NULL)
2826:Drivers/STM32L4xx_HAL_Driver/Src/stm32l4xx_hal_spi.c ****         {
2827:Drivers/STM32L4xx_HAL_Driver/Src/stm32l4xx_hal_spi.c ****           /* Set the SPI DMA Abort callback :
2828:Drivers/STM32L4xx_HAL_Driver/Src/stm32l4xx_hal_spi.c ****           will lead to call HAL_SPI_ErrorCallback() at end of DMA abort procedure */
2829:Drivers/STM32L4xx_HAL_Driver/Src/stm32l4xx_hal_spi.c ****           hspi->hdmatx->XferAbortCallback = SPI_DMAAbortOnError;
2830:Drivers/STM32L4xx_HAL_Driver/Src/stm32l4xx_hal_spi.c ****           if (HAL_OK != HAL_DMA_Abort_IT(hspi->hdmatx))
2831:Drivers/STM32L4xx_HAL_Driver/Src/stm32l4xx_hal_spi.c ****           {
2832:Drivers/STM32L4xx_HAL_Driver/Src/stm32l4xx_hal_spi.c ****             SET_BIT(hspi->ErrorCode, HAL_SPI_ERROR_ABORT);
2833:Drivers/STM32L4xx_HAL_Driver/Src/stm32l4xx_hal_spi.c ****           }
2834:Drivers/STM32L4xx_HAL_Driver/Src/stm32l4xx_hal_spi.c ****         }
2835:Drivers/STM32L4xx_HAL_Driver/Src/stm32l4xx_hal_spi.c ****       }
2836:Drivers/STM32L4xx_HAL_Driver/Src/stm32l4xx_hal_spi.c ****       else
2837:Drivers/STM32L4xx_HAL_Driver/Src/stm32l4xx_hal_spi.c ****       {
2838:Drivers/STM32L4xx_HAL_Driver/Src/stm32l4xx_hal_spi.c ****         /* Call user error callback */
2839:Drivers/STM32L4xx_HAL_Driver/Src/stm32l4xx_hal_spi.c **** #if (USE_HAL_SPI_REGISTER_CALLBACKS == 1U)
2840:Drivers/STM32L4xx_HAL_Driver/Src/stm32l4xx_hal_spi.c ****         hspi->ErrorCallback(hspi);
2841:Drivers/STM32L4xx_HAL_Driver/Src/stm32l4xx_hal_spi.c **** #else
2842:Drivers/STM32L4xx_HAL_Driver/Src/stm32l4xx_hal_spi.c ****         HAL_SPI_ErrorCallback(hspi);
2843:Drivers/STM32L4xx_HAL_Driver/Src/stm32l4xx_hal_spi.c **** #endif /* USE_HAL_SPI_REGISTER_CALLBACKS */
2844:Drivers/STM32L4xx_HAL_Driver/Src/stm32l4xx_hal_spi.c ****       }
2845:Drivers/STM32L4xx_HAL_Driver/Src/stm32l4xx_hal_spi.c ****     }
2846:Drivers/STM32L4xx_HAL_Driver/Src/stm32l4xx_hal_spi.c ****     return;
2847:Drivers/STM32L4xx_HAL_Driver/Src/stm32l4xx_hal_spi.c ****   }
2848:Drivers/STM32L4xx_HAL_Driver/Src/stm32l4xx_hal_spi.c **** }
2849:Drivers/STM32L4xx_HAL_Driver/Src/stm32l4xx_hal_spi.c **** 
2850:Drivers/STM32L4xx_HAL_Driver/Src/stm32l4xx_hal_spi.c **** /**
2851:Drivers/STM32L4xx_HAL_Driver/Src/stm32l4xx_hal_spi.c ****   * @brief  Tx Transfer completed callback.
2852:Drivers/STM32L4xx_HAL_Driver/Src/stm32l4xx_hal_spi.c ****   * @param  hspi pointer to a SPI_HandleTypeDef structure that contains
2853:Drivers/STM32L4xx_HAL_Driver/Src/stm32l4xx_hal_spi.c ****   *               the configuration information for SPI module.
2854:Drivers/STM32L4xx_HAL_Driver/Src/stm32l4xx_hal_spi.c ****   * @retval None
2855:Drivers/STM32L4xx_HAL_Driver/Src/stm32l4xx_hal_spi.c ****   */
2856:Drivers/STM32L4xx_HAL_Driver/Src/stm32l4xx_hal_spi.c **** __weak void HAL_SPI_TxCpltCallback(SPI_HandleTypeDef *hspi)
2857:Drivers/STM32L4xx_HAL_Driver/Src/stm32l4xx_hal_spi.c **** {
2858:Drivers/STM32L4xx_HAL_Driver/Src/stm32l4xx_hal_spi.c ****   /* Prevent unused argument(s) compilation warning */
2859:Drivers/STM32L4xx_HAL_Driver/Src/stm32l4xx_hal_spi.c ****   UNUSED(hspi);
2860:Drivers/STM32L4xx_HAL_Driver/Src/stm32l4xx_hal_spi.c **** 
2861:Drivers/STM32L4xx_HAL_Driver/Src/stm32l4xx_hal_spi.c ****   /* NOTE : This function should not be modified, when the callback is needed,
2862:Drivers/STM32L4xx_HAL_Driver/Src/stm32l4xx_hal_spi.c ****             the HAL_SPI_TxCpltCallback should be implemented in the user file
2863:Drivers/STM32L4xx_HAL_Driver/Src/stm32l4xx_hal_spi.c ****    */
2864:Drivers/STM32L4xx_HAL_Driver/Src/stm32l4xx_hal_spi.c **** }
2865:Drivers/STM32L4xx_HAL_Driver/Src/stm32l4xx_hal_spi.c **** 
2866:Drivers/STM32L4xx_HAL_Driver/Src/stm32l4xx_hal_spi.c **** /**
2867:Drivers/STM32L4xx_HAL_Driver/Src/stm32l4xx_hal_spi.c ****   * @brief  Rx Transfer completed callback.
2868:Drivers/STM32L4xx_HAL_Driver/Src/stm32l4xx_hal_spi.c ****   * @param  hspi pointer to a SPI_HandleTypeDef structure that contains
2869:Drivers/STM32L4xx_HAL_Driver/Src/stm32l4xx_hal_spi.c ****   *               the configuration information for SPI module.
2870:Drivers/STM32L4xx_HAL_Driver/Src/stm32l4xx_hal_spi.c ****   * @retval None
2871:Drivers/STM32L4xx_HAL_Driver/Src/stm32l4xx_hal_spi.c ****   */
2872:Drivers/STM32L4xx_HAL_Driver/Src/stm32l4xx_hal_spi.c **** __weak void HAL_SPI_RxCpltCallback(SPI_HandleTypeDef *hspi)
2873:Drivers/STM32L4xx_HAL_Driver/Src/stm32l4xx_hal_spi.c **** {
2874:Drivers/STM32L4xx_HAL_Driver/Src/stm32l4xx_hal_spi.c ****   /* Prevent unused argument(s) compilation warning */
2875:Drivers/STM32L4xx_HAL_Driver/Src/stm32l4xx_hal_spi.c ****   UNUSED(hspi);
2876:Drivers/STM32L4xx_HAL_Driver/Src/stm32l4xx_hal_spi.c **** 
2877:Drivers/STM32L4xx_HAL_Driver/Src/stm32l4xx_hal_spi.c ****   /* NOTE : This function should not be modified, when the callback is needed,
2878:Drivers/STM32L4xx_HAL_Driver/Src/stm32l4xx_hal_spi.c ****             the HAL_SPI_RxCpltCallback should be implemented in the user file
2879:Drivers/STM32L4xx_HAL_Driver/Src/stm32l4xx_hal_spi.c ****    */
2880:Drivers/STM32L4xx_HAL_Driver/Src/stm32l4xx_hal_spi.c **** }
ARM GAS  /tmp/ccl8yU0j.s 			page 52


2881:Drivers/STM32L4xx_HAL_Driver/Src/stm32l4xx_hal_spi.c **** 
2882:Drivers/STM32L4xx_HAL_Driver/Src/stm32l4xx_hal_spi.c **** /**
2883:Drivers/STM32L4xx_HAL_Driver/Src/stm32l4xx_hal_spi.c ****   * @brief  Tx and Rx Transfer completed callback.
2884:Drivers/STM32L4xx_HAL_Driver/Src/stm32l4xx_hal_spi.c ****   * @param  hspi pointer to a SPI_HandleTypeDef structure that contains
2885:Drivers/STM32L4xx_HAL_Driver/Src/stm32l4xx_hal_spi.c ****   *               the configuration information for SPI module.
2886:Drivers/STM32L4xx_HAL_Driver/Src/stm32l4xx_hal_spi.c ****   * @retval None
2887:Drivers/STM32L4xx_HAL_Driver/Src/stm32l4xx_hal_spi.c ****   */
2888:Drivers/STM32L4xx_HAL_Driver/Src/stm32l4xx_hal_spi.c **** __weak void HAL_SPI_TxRxCpltCallback(SPI_HandleTypeDef *hspi)
2889:Drivers/STM32L4xx_HAL_Driver/Src/stm32l4xx_hal_spi.c **** {
2890:Drivers/STM32L4xx_HAL_Driver/Src/stm32l4xx_hal_spi.c ****   /* Prevent unused argument(s) compilation warning */
2891:Drivers/STM32L4xx_HAL_Driver/Src/stm32l4xx_hal_spi.c ****   UNUSED(hspi);
2892:Drivers/STM32L4xx_HAL_Driver/Src/stm32l4xx_hal_spi.c **** 
2893:Drivers/STM32L4xx_HAL_Driver/Src/stm32l4xx_hal_spi.c ****   /* NOTE : This function should not be modified, when the callback is needed,
2894:Drivers/STM32L4xx_HAL_Driver/Src/stm32l4xx_hal_spi.c ****             the HAL_SPI_TxRxCpltCallback should be implemented in the user file
2895:Drivers/STM32L4xx_HAL_Driver/Src/stm32l4xx_hal_spi.c ****    */
2896:Drivers/STM32L4xx_HAL_Driver/Src/stm32l4xx_hal_spi.c **** }
2897:Drivers/STM32L4xx_HAL_Driver/Src/stm32l4xx_hal_spi.c **** 
2898:Drivers/STM32L4xx_HAL_Driver/Src/stm32l4xx_hal_spi.c **** /**
2899:Drivers/STM32L4xx_HAL_Driver/Src/stm32l4xx_hal_spi.c ****   * @brief  Tx Half Transfer completed callback.
2900:Drivers/STM32L4xx_HAL_Driver/Src/stm32l4xx_hal_spi.c ****   * @param  hspi pointer to a SPI_HandleTypeDef structure that contains
2901:Drivers/STM32L4xx_HAL_Driver/Src/stm32l4xx_hal_spi.c ****   *               the configuration information for SPI module.
2902:Drivers/STM32L4xx_HAL_Driver/Src/stm32l4xx_hal_spi.c ****   * @retval None
2903:Drivers/STM32L4xx_HAL_Driver/Src/stm32l4xx_hal_spi.c ****   */
2904:Drivers/STM32L4xx_HAL_Driver/Src/stm32l4xx_hal_spi.c **** __weak void HAL_SPI_TxHalfCpltCallback(SPI_HandleTypeDef *hspi)
2905:Drivers/STM32L4xx_HAL_Driver/Src/stm32l4xx_hal_spi.c **** {
2906:Drivers/STM32L4xx_HAL_Driver/Src/stm32l4xx_hal_spi.c ****   /* Prevent unused argument(s) compilation warning */
2907:Drivers/STM32L4xx_HAL_Driver/Src/stm32l4xx_hal_spi.c ****   UNUSED(hspi);
2908:Drivers/STM32L4xx_HAL_Driver/Src/stm32l4xx_hal_spi.c **** 
2909:Drivers/STM32L4xx_HAL_Driver/Src/stm32l4xx_hal_spi.c ****   /* NOTE : This function should not be modified, when the callback is needed,
2910:Drivers/STM32L4xx_HAL_Driver/Src/stm32l4xx_hal_spi.c ****             the HAL_SPI_TxHalfCpltCallback should be implemented in the user file
2911:Drivers/STM32L4xx_HAL_Driver/Src/stm32l4xx_hal_spi.c ****    */
2912:Drivers/STM32L4xx_HAL_Driver/Src/stm32l4xx_hal_spi.c **** }
2913:Drivers/STM32L4xx_HAL_Driver/Src/stm32l4xx_hal_spi.c **** 
2914:Drivers/STM32L4xx_HAL_Driver/Src/stm32l4xx_hal_spi.c **** /**
2915:Drivers/STM32L4xx_HAL_Driver/Src/stm32l4xx_hal_spi.c ****   * @brief  Rx Half Transfer completed callback.
2916:Drivers/STM32L4xx_HAL_Driver/Src/stm32l4xx_hal_spi.c ****   * @param  hspi pointer to a SPI_HandleTypeDef structure that contains
2917:Drivers/STM32L4xx_HAL_Driver/Src/stm32l4xx_hal_spi.c ****   *               the configuration information for SPI module.
2918:Drivers/STM32L4xx_HAL_Driver/Src/stm32l4xx_hal_spi.c ****   * @retval None
2919:Drivers/STM32L4xx_HAL_Driver/Src/stm32l4xx_hal_spi.c ****   */
2920:Drivers/STM32L4xx_HAL_Driver/Src/stm32l4xx_hal_spi.c **** __weak void HAL_SPI_RxHalfCpltCallback(SPI_HandleTypeDef *hspi)
2921:Drivers/STM32L4xx_HAL_Driver/Src/stm32l4xx_hal_spi.c **** {
2922:Drivers/STM32L4xx_HAL_Driver/Src/stm32l4xx_hal_spi.c ****   /* Prevent unused argument(s) compilation warning */
2923:Drivers/STM32L4xx_HAL_Driver/Src/stm32l4xx_hal_spi.c ****   UNUSED(hspi);
2924:Drivers/STM32L4xx_HAL_Driver/Src/stm32l4xx_hal_spi.c **** 
2925:Drivers/STM32L4xx_HAL_Driver/Src/stm32l4xx_hal_spi.c ****   /* NOTE : This function should not be modified, when the callback is needed,
2926:Drivers/STM32L4xx_HAL_Driver/Src/stm32l4xx_hal_spi.c ****             the HAL_SPI_RxHalfCpltCallback() should be implemented in the user file
2927:Drivers/STM32L4xx_HAL_Driver/Src/stm32l4xx_hal_spi.c ****    */
2928:Drivers/STM32L4xx_HAL_Driver/Src/stm32l4xx_hal_spi.c **** }
2929:Drivers/STM32L4xx_HAL_Driver/Src/stm32l4xx_hal_spi.c **** 
2930:Drivers/STM32L4xx_HAL_Driver/Src/stm32l4xx_hal_spi.c **** /**
2931:Drivers/STM32L4xx_HAL_Driver/Src/stm32l4xx_hal_spi.c ****   * @brief  Tx and Rx Half Transfer callback.
2932:Drivers/STM32L4xx_HAL_Driver/Src/stm32l4xx_hal_spi.c ****   * @param  hspi pointer to a SPI_HandleTypeDef structure that contains
2933:Drivers/STM32L4xx_HAL_Driver/Src/stm32l4xx_hal_spi.c ****   *               the configuration information for SPI module.
2934:Drivers/STM32L4xx_HAL_Driver/Src/stm32l4xx_hal_spi.c ****   * @retval None
2935:Drivers/STM32L4xx_HAL_Driver/Src/stm32l4xx_hal_spi.c ****   */
2936:Drivers/STM32L4xx_HAL_Driver/Src/stm32l4xx_hal_spi.c **** __weak void HAL_SPI_TxRxHalfCpltCallback(SPI_HandleTypeDef *hspi)
2937:Drivers/STM32L4xx_HAL_Driver/Src/stm32l4xx_hal_spi.c **** {
ARM GAS  /tmp/ccl8yU0j.s 			page 53


2938:Drivers/STM32L4xx_HAL_Driver/Src/stm32l4xx_hal_spi.c ****   /* Prevent unused argument(s) compilation warning */
2939:Drivers/STM32L4xx_HAL_Driver/Src/stm32l4xx_hal_spi.c ****   UNUSED(hspi);
2940:Drivers/STM32L4xx_HAL_Driver/Src/stm32l4xx_hal_spi.c **** 
2941:Drivers/STM32L4xx_HAL_Driver/Src/stm32l4xx_hal_spi.c ****   /* NOTE : This function should not be modified, when the callback is needed,
2942:Drivers/STM32L4xx_HAL_Driver/Src/stm32l4xx_hal_spi.c ****             the HAL_SPI_TxRxHalfCpltCallback() should be implemented in the user file
2943:Drivers/STM32L4xx_HAL_Driver/Src/stm32l4xx_hal_spi.c ****    */
2944:Drivers/STM32L4xx_HAL_Driver/Src/stm32l4xx_hal_spi.c **** }
2945:Drivers/STM32L4xx_HAL_Driver/Src/stm32l4xx_hal_spi.c **** 
2946:Drivers/STM32L4xx_HAL_Driver/Src/stm32l4xx_hal_spi.c **** /**
2947:Drivers/STM32L4xx_HAL_Driver/Src/stm32l4xx_hal_spi.c ****   * @brief  SPI error callback.
2948:Drivers/STM32L4xx_HAL_Driver/Src/stm32l4xx_hal_spi.c ****   * @param  hspi pointer to a SPI_HandleTypeDef structure that contains
2949:Drivers/STM32L4xx_HAL_Driver/Src/stm32l4xx_hal_spi.c ****   *               the configuration information for SPI module.
2950:Drivers/STM32L4xx_HAL_Driver/Src/stm32l4xx_hal_spi.c ****   * @retval None
2951:Drivers/STM32L4xx_HAL_Driver/Src/stm32l4xx_hal_spi.c ****   */
2952:Drivers/STM32L4xx_HAL_Driver/Src/stm32l4xx_hal_spi.c **** __weak void HAL_SPI_ErrorCallback(SPI_HandleTypeDef *hspi)
2953:Drivers/STM32L4xx_HAL_Driver/Src/stm32l4xx_hal_spi.c **** {
2954:Drivers/STM32L4xx_HAL_Driver/Src/stm32l4xx_hal_spi.c ****   /* Prevent unused argument(s) compilation warning */
2955:Drivers/STM32L4xx_HAL_Driver/Src/stm32l4xx_hal_spi.c ****   UNUSED(hspi);
2956:Drivers/STM32L4xx_HAL_Driver/Src/stm32l4xx_hal_spi.c **** 
2957:Drivers/STM32L4xx_HAL_Driver/Src/stm32l4xx_hal_spi.c ****   /* NOTE : This function should not be modified, when the callback is needed,
2958:Drivers/STM32L4xx_HAL_Driver/Src/stm32l4xx_hal_spi.c ****             the HAL_SPI_ErrorCallback should be implemented in the user file
2959:Drivers/STM32L4xx_HAL_Driver/Src/stm32l4xx_hal_spi.c ****    */
2960:Drivers/STM32L4xx_HAL_Driver/Src/stm32l4xx_hal_spi.c ****   /* NOTE : The ErrorCode parameter in the hspi handle is updated by the SPI processes
2961:Drivers/STM32L4xx_HAL_Driver/Src/stm32l4xx_hal_spi.c ****             and user can use HAL_SPI_GetError() API to check the latest error occurred
2962:Drivers/STM32L4xx_HAL_Driver/Src/stm32l4xx_hal_spi.c ****    */
2963:Drivers/STM32L4xx_HAL_Driver/Src/stm32l4xx_hal_spi.c **** }
2964:Drivers/STM32L4xx_HAL_Driver/Src/stm32l4xx_hal_spi.c **** 
2965:Drivers/STM32L4xx_HAL_Driver/Src/stm32l4xx_hal_spi.c **** /**
2966:Drivers/STM32L4xx_HAL_Driver/Src/stm32l4xx_hal_spi.c ****   * @brief  SPI Abort Complete callback.
2967:Drivers/STM32L4xx_HAL_Driver/Src/stm32l4xx_hal_spi.c ****   * @param  hspi SPI handle.
2968:Drivers/STM32L4xx_HAL_Driver/Src/stm32l4xx_hal_spi.c ****   * @retval None
2969:Drivers/STM32L4xx_HAL_Driver/Src/stm32l4xx_hal_spi.c ****   */
2970:Drivers/STM32L4xx_HAL_Driver/Src/stm32l4xx_hal_spi.c **** __weak void HAL_SPI_AbortCpltCallback(SPI_HandleTypeDef *hspi)
2971:Drivers/STM32L4xx_HAL_Driver/Src/stm32l4xx_hal_spi.c **** {
2972:Drivers/STM32L4xx_HAL_Driver/Src/stm32l4xx_hal_spi.c ****   /* Prevent unused argument(s) compilation warning */
2973:Drivers/STM32L4xx_HAL_Driver/Src/stm32l4xx_hal_spi.c ****   UNUSED(hspi);
2974:Drivers/STM32L4xx_HAL_Driver/Src/stm32l4xx_hal_spi.c **** 
2975:Drivers/STM32L4xx_HAL_Driver/Src/stm32l4xx_hal_spi.c ****   /* NOTE : This function should not be modified, when the callback is needed,
2976:Drivers/STM32L4xx_HAL_Driver/Src/stm32l4xx_hal_spi.c ****             the HAL_SPI_AbortCpltCallback can be implemented in the user file.
2977:Drivers/STM32L4xx_HAL_Driver/Src/stm32l4xx_hal_spi.c ****    */
2978:Drivers/STM32L4xx_HAL_Driver/Src/stm32l4xx_hal_spi.c **** }
2979:Drivers/STM32L4xx_HAL_Driver/Src/stm32l4xx_hal_spi.c **** 
2980:Drivers/STM32L4xx_HAL_Driver/Src/stm32l4xx_hal_spi.c **** /**
2981:Drivers/STM32L4xx_HAL_Driver/Src/stm32l4xx_hal_spi.c ****   * @}
2982:Drivers/STM32L4xx_HAL_Driver/Src/stm32l4xx_hal_spi.c ****   */
2983:Drivers/STM32L4xx_HAL_Driver/Src/stm32l4xx_hal_spi.c **** 
2984:Drivers/STM32L4xx_HAL_Driver/Src/stm32l4xx_hal_spi.c **** /** @defgroup SPI_Exported_Functions_Group3 Peripheral State and Errors functions
2985:Drivers/STM32L4xx_HAL_Driver/Src/stm32l4xx_hal_spi.c ****   * @brief   SPI control functions
2986:Drivers/STM32L4xx_HAL_Driver/Src/stm32l4xx_hal_spi.c ****   *
2987:Drivers/STM32L4xx_HAL_Driver/Src/stm32l4xx_hal_spi.c **** @verbatim
2988:Drivers/STM32L4xx_HAL_Driver/Src/stm32l4xx_hal_spi.c ****  ===============================================================================
2989:Drivers/STM32L4xx_HAL_Driver/Src/stm32l4xx_hal_spi.c ****                       ##### Peripheral State and Errors functions #####
2990:Drivers/STM32L4xx_HAL_Driver/Src/stm32l4xx_hal_spi.c ****  ===============================================================================
2991:Drivers/STM32L4xx_HAL_Driver/Src/stm32l4xx_hal_spi.c ****     [..]
2992:Drivers/STM32L4xx_HAL_Driver/Src/stm32l4xx_hal_spi.c ****     This subsection provides a set of functions allowing to control the SPI.
2993:Drivers/STM32L4xx_HAL_Driver/Src/stm32l4xx_hal_spi.c ****      (+) HAL_SPI_GetState() API can be helpful to check in run-time the state of the SPI peripheral
2994:Drivers/STM32L4xx_HAL_Driver/Src/stm32l4xx_hal_spi.c ****      (+) HAL_SPI_GetError() check in run-time Errors occurring during communication
ARM GAS  /tmp/ccl8yU0j.s 			page 54


2995:Drivers/STM32L4xx_HAL_Driver/Src/stm32l4xx_hal_spi.c **** @endverbatim
2996:Drivers/STM32L4xx_HAL_Driver/Src/stm32l4xx_hal_spi.c ****   * @{
2997:Drivers/STM32L4xx_HAL_Driver/Src/stm32l4xx_hal_spi.c ****   */
2998:Drivers/STM32L4xx_HAL_Driver/Src/stm32l4xx_hal_spi.c **** 
2999:Drivers/STM32L4xx_HAL_Driver/Src/stm32l4xx_hal_spi.c **** /**
3000:Drivers/STM32L4xx_HAL_Driver/Src/stm32l4xx_hal_spi.c ****   * @brief  Return the SPI handle state.
3001:Drivers/STM32L4xx_HAL_Driver/Src/stm32l4xx_hal_spi.c ****   * @param  hspi pointer to a SPI_HandleTypeDef structure that contains
3002:Drivers/STM32L4xx_HAL_Driver/Src/stm32l4xx_hal_spi.c ****   *               the configuration information for SPI module.
3003:Drivers/STM32L4xx_HAL_Driver/Src/stm32l4xx_hal_spi.c ****   * @retval SPI state
3004:Drivers/STM32L4xx_HAL_Driver/Src/stm32l4xx_hal_spi.c ****   */
3005:Drivers/STM32L4xx_HAL_Driver/Src/stm32l4xx_hal_spi.c **** HAL_SPI_StateTypeDef HAL_SPI_GetState(const SPI_HandleTypeDef *hspi)
3006:Drivers/STM32L4xx_HAL_Driver/Src/stm32l4xx_hal_spi.c **** {
3007:Drivers/STM32L4xx_HAL_Driver/Src/stm32l4xx_hal_spi.c ****   /* Return SPI handle state */
3008:Drivers/STM32L4xx_HAL_Driver/Src/stm32l4xx_hal_spi.c ****   return hspi->State;
3009:Drivers/STM32L4xx_HAL_Driver/Src/stm32l4xx_hal_spi.c **** }
3010:Drivers/STM32L4xx_HAL_Driver/Src/stm32l4xx_hal_spi.c **** 
3011:Drivers/STM32L4xx_HAL_Driver/Src/stm32l4xx_hal_spi.c **** /**
3012:Drivers/STM32L4xx_HAL_Driver/Src/stm32l4xx_hal_spi.c ****   * @brief  Return the SPI error code.
3013:Drivers/STM32L4xx_HAL_Driver/Src/stm32l4xx_hal_spi.c ****   * @param  hspi pointer to a SPI_HandleTypeDef structure that contains
3014:Drivers/STM32L4xx_HAL_Driver/Src/stm32l4xx_hal_spi.c ****   *               the configuration information for SPI module.
3015:Drivers/STM32L4xx_HAL_Driver/Src/stm32l4xx_hal_spi.c ****   * @retval SPI error code in bitmap format
3016:Drivers/STM32L4xx_HAL_Driver/Src/stm32l4xx_hal_spi.c ****   */
3017:Drivers/STM32L4xx_HAL_Driver/Src/stm32l4xx_hal_spi.c **** uint32_t HAL_SPI_GetError(const SPI_HandleTypeDef *hspi)
3018:Drivers/STM32L4xx_HAL_Driver/Src/stm32l4xx_hal_spi.c **** {
3019:Drivers/STM32L4xx_HAL_Driver/Src/stm32l4xx_hal_spi.c ****   /* Return SPI ErrorCode */
3020:Drivers/STM32L4xx_HAL_Driver/Src/stm32l4xx_hal_spi.c ****   return hspi->ErrorCode;
3021:Drivers/STM32L4xx_HAL_Driver/Src/stm32l4xx_hal_spi.c **** }
3022:Drivers/STM32L4xx_HAL_Driver/Src/stm32l4xx_hal_spi.c **** 
3023:Drivers/STM32L4xx_HAL_Driver/Src/stm32l4xx_hal_spi.c **** /**
3024:Drivers/STM32L4xx_HAL_Driver/Src/stm32l4xx_hal_spi.c ****   * @}
3025:Drivers/STM32L4xx_HAL_Driver/Src/stm32l4xx_hal_spi.c ****   */
3026:Drivers/STM32L4xx_HAL_Driver/Src/stm32l4xx_hal_spi.c **** 
3027:Drivers/STM32L4xx_HAL_Driver/Src/stm32l4xx_hal_spi.c **** /**
3028:Drivers/STM32L4xx_HAL_Driver/Src/stm32l4xx_hal_spi.c ****   * @}
3029:Drivers/STM32L4xx_HAL_Driver/Src/stm32l4xx_hal_spi.c ****   */
3030:Drivers/STM32L4xx_HAL_Driver/Src/stm32l4xx_hal_spi.c **** 
3031:Drivers/STM32L4xx_HAL_Driver/Src/stm32l4xx_hal_spi.c **** /** @addtogroup SPI_Private_Functions
3032:Drivers/STM32L4xx_HAL_Driver/Src/stm32l4xx_hal_spi.c ****   * @brief   Private functions
3033:Drivers/STM32L4xx_HAL_Driver/Src/stm32l4xx_hal_spi.c ****   * @{
3034:Drivers/STM32L4xx_HAL_Driver/Src/stm32l4xx_hal_spi.c ****   */
3035:Drivers/STM32L4xx_HAL_Driver/Src/stm32l4xx_hal_spi.c **** 
3036:Drivers/STM32L4xx_HAL_Driver/Src/stm32l4xx_hal_spi.c **** /**
3037:Drivers/STM32L4xx_HAL_Driver/Src/stm32l4xx_hal_spi.c ****   * @brief  DMA SPI transmit process complete callback.
3038:Drivers/STM32L4xx_HAL_Driver/Src/stm32l4xx_hal_spi.c ****   * @param  hdma pointer to a DMA_HandleTypeDef structure that contains
3039:Drivers/STM32L4xx_HAL_Driver/Src/stm32l4xx_hal_spi.c ****   *               the configuration information for the specified DMA module.
3040:Drivers/STM32L4xx_HAL_Driver/Src/stm32l4xx_hal_spi.c ****   * @retval None
3041:Drivers/STM32L4xx_HAL_Driver/Src/stm32l4xx_hal_spi.c ****   */
3042:Drivers/STM32L4xx_HAL_Driver/Src/stm32l4xx_hal_spi.c **** static void SPI_DMATransmitCplt(DMA_HandleTypeDef *hdma)
3043:Drivers/STM32L4xx_HAL_Driver/Src/stm32l4xx_hal_spi.c **** {
3044:Drivers/STM32L4xx_HAL_Driver/Src/stm32l4xx_hal_spi.c ****   SPI_HandleTypeDef *hspi = (SPI_HandleTypeDef *)(((DMA_HandleTypeDef *)hdma)->Parent);
3045:Drivers/STM32L4xx_HAL_Driver/Src/stm32l4xx_hal_spi.c ****   uint32_t tickstart;
3046:Drivers/STM32L4xx_HAL_Driver/Src/stm32l4xx_hal_spi.c **** 
3047:Drivers/STM32L4xx_HAL_Driver/Src/stm32l4xx_hal_spi.c ****   /* Init tickstart for timeout management*/
3048:Drivers/STM32L4xx_HAL_Driver/Src/stm32l4xx_hal_spi.c ****   tickstart = HAL_GetTick();
3049:Drivers/STM32L4xx_HAL_Driver/Src/stm32l4xx_hal_spi.c **** 
3050:Drivers/STM32L4xx_HAL_Driver/Src/stm32l4xx_hal_spi.c ****   /* DMA Normal Mode */
3051:Drivers/STM32L4xx_HAL_Driver/Src/stm32l4xx_hal_spi.c ****   if ((hdma->Instance->CCR & DMA_CCR_CIRC) != DMA_CCR_CIRC)
ARM GAS  /tmp/ccl8yU0j.s 			page 55


3052:Drivers/STM32L4xx_HAL_Driver/Src/stm32l4xx_hal_spi.c ****   {
3053:Drivers/STM32L4xx_HAL_Driver/Src/stm32l4xx_hal_spi.c ****     /* Disable ERR interrupt */
3054:Drivers/STM32L4xx_HAL_Driver/Src/stm32l4xx_hal_spi.c ****     __HAL_SPI_DISABLE_IT(hspi, SPI_IT_ERR);
3055:Drivers/STM32L4xx_HAL_Driver/Src/stm32l4xx_hal_spi.c **** 
3056:Drivers/STM32L4xx_HAL_Driver/Src/stm32l4xx_hal_spi.c ****     /* Disable Tx DMA Request */
3057:Drivers/STM32L4xx_HAL_Driver/Src/stm32l4xx_hal_spi.c ****     CLEAR_BIT(hspi->Instance->CR2, SPI_CR2_TXDMAEN);
3058:Drivers/STM32L4xx_HAL_Driver/Src/stm32l4xx_hal_spi.c **** 
3059:Drivers/STM32L4xx_HAL_Driver/Src/stm32l4xx_hal_spi.c ****     /* Check the end of the transaction */
3060:Drivers/STM32L4xx_HAL_Driver/Src/stm32l4xx_hal_spi.c ****     if (SPI_EndRxTxTransaction(hspi, SPI_DEFAULT_TIMEOUT, tickstart) != HAL_OK)
3061:Drivers/STM32L4xx_HAL_Driver/Src/stm32l4xx_hal_spi.c ****     {
3062:Drivers/STM32L4xx_HAL_Driver/Src/stm32l4xx_hal_spi.c ****       SET_BIT(hspi->ErrorCode, HAL_SPI_ERROR_FLAG);
3063:Drivers/STM32L4xx_HAL_Driver/Src/stm32l4xx_hal_spi.c ****     }
3064:Drivers/STM32L4xx_HAL_Driver/Src/stm32l4xx_hal_spi.c **** 
3065:Drivers/STM32L4xx_HAL_Driver/Src/stm32l4xx_hal_spi.c ****     /* Clear overrun flag in 2 Lines communication mode because received data is not read */
3066:Drivers/STM32L4xx_HAL_Driver/Src/stm32l4xx_hal_spi.c ****     if (hspi->Init.Direction == SPI_DIRECTION_2LINES)
3067:Drivers/STM32L4xx_HAL_Driver/Src/stm32l4xx_hal_spi.c ****     {
3068:Drivers/STM32L4xx_HAL_Driver/Src/stm32l4xx_hal_spi.c ****       __HAL_SPI_CLEAR_OVRFLAG(hspi);
3069:Drivers/STM32L4xx_HAL_Driver/Src/stm32l4xx_hal_spi.c ****     }
3070:Drivers/STM32L4xx_HAL_Driver/Src/stm32l4xx_hal_spi.c **** 
3071:Drivers/STM32L4xx_HAL_Driver/Src/stm32l4xx_hal_spi.c ****     hspi->TxXferCount = 0U;
3072:Drivers/STM32L4xx_HAL_Driver/Src/stm32l4xx_hal_spi.c ****     hspi->State = HAL_SPI_STATE_READY;
3073:Drivers/STM32L4xx_HAL_Driver/Src/stm32l4xx_hal_spi.c **** 
3074:Drivers/STM32L4xx_HAL_Driver/Src/stm32l4xx_hal_spi.c ****     if (hspi->ErrorCode != HAL_SPI_ERROR_NONE)
3075:Drivers/STM32L4xx_HAL_Driver/Src/stm32l4xx_hal_spi.c ****     {
3076:Drivers/STM32L4xx_HAL_Driver/Src/stm32l4xx_hal_spi.c ****       /* Call user error callback */
3077:Drivers/STM32L4xx_HAL_Driver/Src/stm32l4xx_hal_spi.c **** #if (USE_HAL_SPI_REGISTER_CALLBACKS == 1U)
3078:Drivers/STM32L4xx_HAL_Driver/Src/stm32l4xx_hal_spi.c ****       hspi->ErrorCallback(hspi);
3079:Drivers/STM32L4xx_HAL_Driver/Src/stm32l4xx_hal_spi.c **** #else
3080:Drivers/STM32L4xx_HAL_Driver/Src/stm32l4xx_hal_spi.c ****       HAL_SPI_ErrorCallback(hspi);
3081:Drivers/STM32L4xx_HAL_Driver/Src/stm32l4xx_hal_spi.c **** #endif /* USE_HAL_SPI_REGISTER_CALLBACKS */
3082:Drivers/STM32L4xx_HAL_Driver/Src/stm32l4xx_hal_spi.c ****       return;
3083:Drivers/STM32L4xx_HAL_Driver/Src/stm32l4xx_hal_spi.c ****     }
3084:Drivers/STM32L4xx_HAL_Driver/Src/stm32l4xx_hal_spi.c ****   }
3085:Drivers/STM32L4xx_HAL_Driver/Src/stm32l4xx_hal_spi.c ****   /* Call user Tx complete callback */
3086:Drivers/STM32L4xx_HAL_Driver/Src/stm32l4xx_hal_spi.c **** #if (USE_HAL_SPI_REGISTER_CALLBACKS == 1U)
3087:Drivers/STM32L4xx_HAL_Driver/Src/stm32l4xx_hal_spi.c ****   hspi->TxCpltCallback(hspi);
3088:Drivers/STM32L4xx_HAL_Driver/Src/stm32l4xx_hal_spi.c **** #else
3089:Drivers/STM32L4xx_HAL_Driver/Src/stm32l4xx_hal_spi.c ****   HAL_SPI_TxCpltCallback(hspi);
3090:Drivers/STM32L4xx_HAL_Driver/Src/stm32l4xx_hal_spi.c **** #endif /* USE_HAL_SPI_REGISTER_CALLBACKS */
3091:Drivers/STM32L4xx_HAL_Driver/Src/stm32l4xx_hal_spi.c **** }
3092:Drivers/STM32L4xx_HAL_Driver/Src/stm32l4xx_hal_spi.c **** 
3093:Drivers/STM32L4xx_HAL_Driver/Src/stm32l4xx_hal_spi.c **** /**
3094:Drivers/STM32L4xx_HAL_Driver/Src/stm32l4xx_hal_spi.c ****   * @brief  DMA SPI receive process complete callback.
3095:Drivers/STM32L4xx_HAL_Driver/Src/stm32l4xx_hal_spi.c ****   * @param  hdma pointer to a DMA_HandleTypeDef structure that contains
3096:Drivers/STM32L4xx_HAL_Driver/Src/stm32l4xx_hal_spi.c ****   *               the configuration information for the specified DMA module.
3097:Drivers/STM32L4xx_HAL_Driver/Src/stm32l4xx_hal_spi.c ****   * @retval None
3098:Drivers/STM32L4xx_HAL_Driver/Src/stm32l4xx_hal_spi.c ****   */
3099:Drivers/STM32L4xx_HAL_Driver/Src/stm32l4xx_hal_spi.c **** static void SPI_DMAReceiveCplt(DMA_HandleTypeDef *hdma)
3100:Drivers/STM32L4xx_HAL_Driver/Src/stm32l4xx_hal_spi.c **** {
3101:Drivers/STM32L4xx_HAL_Driver/Src/stm32l4xx_hal_spi.c ****   SPI_HandleTypeDef *hspi = (SPI_HandleTypeDef *)(((DMA_HandleTypeDef *)hdma)->Parent);
3102:Drivers/STM32L4xx_HAL_Driver/Src/stm32l4xx_hal_spi.c ****   uint32_t tickstart;
3103:Drivers/STM32L4xx_HAL_Driver/Src/stm32l4xx_hal_spi.c **** #if (USE_SPI_CRC != 0U)
3104:Drivers/STM32L4xx_HAL_Driver/Src/stm32l4xx_hal_spi.c ****   __IO uint32_t tmpreg = 0U;
3105:Drivers/STM32L4xx_HAL_Driver/Src/stm32l4xx_hal_spi.c ****   __IO uint8_t  *ptmpreg8;
3106:Drivers/STM32L4xx_HAL_Driver/Src/stm32l4xx_hal_spi.c ****   __IO uint8_t  tmpreg8 = 0;
3107:Drivers/STM32L4xx_HAL_Driver/Src/stm32l4xx_hal_spi.c **** #endif /* USE_SPI_CRC */
3108:Drivers/STM32L4xx_HAL_Driver/Src/stm32l4xx_hal_spi.c **** 
ARM GAS  /tmp/ccl8yU0j.s 			page 56


3109:Drivers/STM32L4xx_HAL_Driver/Src/stm32l4xx_hal_spi.c ****   /* Init tickstart for timeout management*/
3110:Drivers/STM32L4xx_HAL_Driver/Src/stm32l4xx_hal_spi.c ****   tickstart = HAL_GetTick();
3111:Drivers/STM32L4xx_HAL_Driver/Src/stm32l4xx_hal_spi.c **** 
3112:Drivers/STM32L4xx_HAL_Driver/Src/stm32l4xx_hal_spi.c ****   /* DMA Normal Mode */
3113:Drivers/STM32L4xx_HAL_Driver/Src/stm32l4xx_hal_spi.c ****   if ((hdma->Instance->CCR & DMA_CCR_CIRC) != DMA_CCR_CIRC)
3114:Drivers/STM32L4xx_HAL_Driver/Src/stm32l4xx_hal_spi.c ****   {
3115:Drivers/STM32L4xx_HAL_Driver/Src/stm32l4xx_hal_spi.c ****     /* Disable ERR interrupt */
3116:Drivers/STM32L4xx_HAL_Driver/Src/stm32l4xx_hal_spi.c ****     __HAL_SPI_DISABLE_IT(hspi, SPI_IT_ERR);
3117:Drivers/STM32L4xx_HAL_Driver/Src/stm32l4xx_hal_spi.c **** 
3118:Drivers/STM32L4xx_HAL_Driver/Src/stm32l4xx_hal_spi.c **** #if (USE_SPI_CRC != 0U)
3119:Drivers/STM32L4xx_HAL_Driver/Src/stm32l4xx_hal_spi.c ****     /* CRC handling */
3120:Drivers/STM32L4xx_HAL_Driver/Src/stm32l4xx_hal_spi.c ****     if (hspi->Init.CRCCalculation == SPI_CRCCALCULATION_ENABLE)
3121:Drivers/STM32L4xx_HAL_Driver/Src/stm32l4xx_hal_spi.c ****     {
3122:Drivers/STM32L4xx_HAL_Driver/Src/stm32l4xx_hal_spi.c ****       /* Wait until RXNE flag */
3123:Drivers/STM32L4xx_HAL_Driver/Src/stm32l4xx_hal_spi.c ****       if (SPI_WaitFlagStateUntilTimeout(hspi, SPI_FLAG_RXNE, SET, SPI_DEFAULT_TIMEOUT, tickstart) !
3124:Drivers/STM32L4xx_HAL_Driver/Src/stm32l4xx_hal_spi.c ****       {
3125:Drivers/STM32L4xx_HAL_Driver/Src/stm32l4xx_hal_spi.c ****         /* Error on the CRC reception */
3126:Drivers/STM32L4xx_HAL_Driver/Src/stm32l4xx_hal_spi.c ****         SET_BIT(hspi->ErrorCode, HAL_SPI_ERROR_CRC);
3127:Drivers/STM32L4xx_HAL_Driver/Src/stm32l4xx_hal_spi.c ****       }
3128:Drivers/STM32L4xx_HAL_Driver/Src/stm32l4xx_hal_spi.c ****       /* Read CRC */
3129:Drivers/STM32L4xx_HAL_Driver/Src/stm32l4xx_hal_spi.c ****       if (hspi->Init.DataSize > SPI_DATASIZE_8BIT)
3130:Drivers/STM32L4xx_HAL_Driver/Src/stm32l4xx_hal_spi.c ****       {
3131:Drivers/STM32L4xx_HAL_Driver/Src/stm32l4xx_hal_spi.c ****         /* Read 16bit CRC */
3132:Drivers/STM32L4xx_HAL_Driver/Src/stm32l4xx_hal_spi.c ****         tmpreg = READ_REG(hspi->Instance->DR);
3133:Drivers/STM32L4xx_HAL_Driver/Src/stm32l4xx_hal_spi.c ****         /* To avoid GCC warning */
3134:Drivers/STM32L4xx_HAL_Driver/Src/stm32l4xx_hal_spi.c ****         UNUSED(tmpreg);
3135:Drivers/STM32L4xx_HAL_Driver/Src/stm32l4xx_hal_spi.c ****       }
3136:Drivers/STM32L4xx_HAL_Driver/Src/stm32l4xx_hal_spi.c ****       else
3137:Drivers/STM32L4xx_HAL_Driver/Src/stm32l4xx_hal_spi.c ****       {
3138:Drivers/STM32L4xx_HAL_Driver/Src/stm32l4xx_hal_spi.c ****         /* Initialize the 8bit temporary pointer */
3139:Drivers/STM32L4xx_HAL_Driver/Src/stm32l4xx_hal_spi.c ****         ptmpreg8 = (__IO uint8_t *)&hspi->Instance->DR;
3140:Drivers/STM32L4xx_HAL_Driver/Src/stm32l4xx_hal_spi.c ****         /* Read 8bit CRC */
3141:Drivers/STM32L4xx_HAL_Driver/Src/stm32l4xx_hal_spi.c ****         tmpreg8 = *ptmpreg8;
3142:Drivers/STM32L4xx_HAL_Driver/Src/stm32l4xx_hal_spi.c ****         /* To avoid GCC warning */
3143:Drivers/STM32L4xx_HAL_Driver/Src/stm32l4xx_hal_spi.c ****         UNUSED(tmpreg8);
3144:Drivers/STM32L4xx_HAL_Driver/Src/stm32l4xx_hal_spi.c **** 
3145:Drivers/STM32L4xx_HAL_Driver/Src/stm32l4xx_hal_spi.c ****         if (hspi->Init.CRCLength == SPI_CRC_LENGTH_16BIT)
3146:Drivers/STM32L4xx_HAL_Driver/Src/stm32l4xx_hal_spi.c ****         {
3147:Drivers/STM32L4xx_HAL_Driver/Src/stm32l4xx_hal_spi.c ****           if (SPI_WaitFlagStateUntilTimeout(hspi, SPI_FLAG_RXNE, SET, SPI_DEFAULT_TIMEOUT, tickstar
3148:Drivers/STM32L4xx_HAL_Driver/Src/stm32l4xx_hal_spi.c ****           {
3149:Drivers/STM32L4xx_HAL_Driver/Src/stm32l4xx_hal_spi.c ****             /* Error on the CRC reception */
3150:Drivers/STM32L4xx_HAL_Driver/Src/stm32l4xx_hal_spi.c ****             SET_BIT(hspi->ErrorCode, HAL_SPI_ERROR_CRC);
3151:Drivers/STM32L4xx_HAL_Driver/Src/stm32l4xx_hal_spi.c ****           }
3152:Drivers/STM32L4xx_HAL_Driver/Src/stm32l4xx_hal_spi.c ****           /* Read 8bit CRC again in case of 16bit CRC in 8bit Data mode */
3153:Drivers/STM32L4xx_HAL_Driver/Src/stm32l4xx_hal_spi.c ****           tmpreg8 = *ptmpreg8;
3154:Drivers/STM32L4xx_HAL_Driver/Src/stm32l4xx_hal_spi.c ****           /* To avoid GCC warning */
3155:Drivers/STM32L4xx_HAL_Driver/Src/stm32l4xx_hal_spi.c ****           UNUSED(tmpreg8);
3156:Drivers/STM32L4xx_HAL_Driver/Src/stm32l4xx_hal_spi.c ****         }
3157:Drivers/STM32L4xx_HAL_Driver/Src/stm32l4xx_hal_spi.c ****       }
3158:Drivers/STM32L4xx_HAL_Driver/Src/stm32l4xx_hal_spi.c ****     }
3159:Drivers/STM32L4xx_HAL_Driver/Src/stm32l4xx_hal_spi.c **** #endif /* USE_SPI_CRC */
3160:Drivers/STM32L4xx_HAL_Driver/Src/stm32l4xx_hal_spi.c **** 
3161:Drivers/STM32L4xx_HAL_Driver/Src/stm32l4xx_hal_spi.c ****     /* Check if we are in Master RX 2 line mode */
3162:Drivers/STM32L4xx_HAL_Driver/Src/stm32l4xx_hal_spi.c ****     if ((hspi->Init.Direction == SPI_DIRECTION_2LINES) && (hspi->Init.Mode == SPI_MODE_MASTER))
3163:Drivers/STM32L4xx_HAL_Driver/Src/stm32l4xx_hal_spi.c ****     {
3164:Drivers/STM32L4xx_HAL_Driver/Src/stm32l4xx_hal_spi.c ****       /* Disable Rx/Tx DMA Request (done by default to handle the case master rx direction 2 lines)
3165:Drivers/STM32L4xx_HAL_Driver/Src/stm32l4xx_hal_spi.c ****       CLEAR_BIT(hspi->Instance->CR2, SPI_CR2_TXDMAEN | SPI_CR2_RXDMAEN);
ARM GAS  /tmp/ccl8yU0j.s 			page 57


3166:Drivers/STM32L4xx_HAL_Driver/Src/stm32l4xx_hal_spi.c ****     }
3167:Drivers/STM32L4xx_HAL_Driver/Src/stm32l4xx_hal_spi.c ****     else
3168:Drivers/STM32L4xx_HAL_Driver/Src/stm32l4xx_hal_spi.c ****     {
3169:Drivers/STM32L4xx_HAL_Driver/Src/stm32l4xx_hal_spi.c ****       /* Normal case */
3170:Drivers/STM32L4xx_HAL_Driver/Src/stm32l4xx_hal_spi.c ****       CLEAR_BIT(hspi->Instance->CR2, SPI_CR2_RXDMAEN);
3171:Drivers/STM32L4xx_HAL_Driver/Src/stm32l4xx_hal_spi.c ****     }
3172:Drivers/STM32L4xx_HAL_Driver/Src/stm32l4xx_hal_spi.c **** 
3173:Drivers/STM32L4xx_HAL_Driver/Src/stm32l4xx_hal_spi.c ****     /* Check the end of the transaction */
3174:Drivers/STM32L4xx_HAL_Driver/Src/stm32l4xx_hal_spi.c ****     if (SPI_EndRxTransaction(hspi, SPI_DEFAULT_TIMEOUT, tickstart) != HAL_OK)
3175:Drivers/STM32L4xx_HAL_Driver/Src/stm32l4xx_hal_spi.c ****     {
3176:Drivers/STM32L4xx_HAL_Driver/Src/stm32l4xx_hal_spi.c ****       hspi->ErrorCode = HAL_SPI_ERROR_FLAG;
3177:Drivers/STM32L4xx_HAL_Driver/Src/stm32l4xx_hal_spi.c ****     }
3178:Drivers/STM32L4xx_HAL_Driver/Src/stm32l4xx_hal_spi.c **** 
3179:Drivers/STM32L4xx_HAL_Driver/Src/stm32l4xx_hal_spi.c ****     hspi->RxXferCount = 0U;
3180:Drivers/STM32L4xx_HAL_Driver/Src/stm32l4xx_hal_spi.c ****     hspi->State = HAL_SPI_STATE_READY;
3181:Drivers/STM32L4xx_HAL_Driver/Src/stm32l4xx_hal_spi.c **** 
3182:Drivers/STM32L4xx_HAL_Driver/Src/stm32l4xx_hal_spi.c **** #if (USE_SPI_CRC != 0U)
3183:Drivers/STM32L4xx_HAL_Driver/Src/stm32l4xx_hal_spi.c ****     /* Check if CRC error occurred */
3184:Drivers/STM32L4xx_HAL_Driver/Src/stm32l4xx_hal_spi.c ****     if (__HAL_SPI_GET_FLAG(hspi, SPI_FLAG_CRCERR))
3185:Drivers/STM32L4xx_HAL_Driver/Src/stm32l4xx_hal_spi.c ****     {
3186:Drivers/STM32L4xx_HAL_Driver/Src/stm32l4xx_hal_spi.c ****       SET_BIT(hspi->ErrorCode, HAL_SPI_ERROR_CRC);
3187:Drivers/STM32L4xx_HAL_Driver/Src/stm32l4xx_hal_spi.c ****       __HAL_SPI_CLEAR_CRCERRFLAG(hspi);
3188:Drivers/STM32L4xx_HAL_Driver/Src/stm32l4xx_hal_spi.c ****     }
3189:Drivers/STM32L4xx_HAL_Driver/Src/stm32l4xx_hal_spi.c **** #endif /* USE_SPI_CRC */
3190:Drivers/STM32L4xx_HAL_Driver/Src/stm32l4xx_hal_spi.c **** 
3191:Drivers/STM32L4xx_HAL_Driver/Src/stm32l4xx_hal_spi.c ****     if (hspi->ErrorCode != HAL_SPI_ERROR_NONE)
3192:Drivers/STM32L4xx_HAL_Driver/Src/stm32l4xx_hal_spi.c ****     {
3193:Drivers/STM32L4xx_HAL_Driver/Src/stm32l4xx_hal_spi.c ****       /* Call user error callback */
3194:Drivers/STM32L4xx_HAL_Driver/Src/stm32l4xx_hal_spi.c **** #if (USE_HAL_SPI_REGISTER_CALLBACKS == 1U)
3195:Drivers/STM32L4xx_HAL_Driver/Src/stm32l4xx_hal_spi.c ****       hspi->ErrorCallback(hspi);
3196:Drivers/STM32L4xx_HAL_Driver/Src/stm32l4xx_hal_spi.c **** #else
3197:Drivers/STM32L4xx_HAL_Driver/Src/stm32l4xx_hal_spi.c ****       HAL_SPI_ErrorCallback(hspi);
3198:Drivers/STM32L4xx_HAL_Driver/Src/stm32l4xx_hal_spi.c **** #endif /* USE_HAL_SPI_REGISTER_CALLBACKS */
3199:Drivers/STM32L4xx_HAL_Driver/Src/stm32l4xx_hal_spi.c ****       return;
3200:Drivers/STM32L4xx_HAL_Driver/Src/stm32l4xx_hal_spi.c ****     }
3201:Drivers/STM32L4xx_HAL_Driver/Src/stm32l4xx_hal_spi.c ****   }
3202:Drivers/STM32L4xx_HAL_Driver/Src/stm32l4xx_hal_spi.c ****   /* Call user Rx complete callback */
3203:Drivers/STM32L4xx_HAL_Driver/Src/stm32l4xx_hal_spi.c **** #if (USE_HAL_SPI_REGISTER_CALLBACKS == 1U)
3204:Drivers/STM32L4xx_HAL_Driver/Src/stm32l4xx_hal_spi.c ****   hspi->RxCpltCallback(hspi);
3205:Drivers/STM32L4xx_HAL_Driver/Src/stm32l4xx_hal_spi.c **** #else
3206:Drivers/STM32L4xx_HAL_Driver/Src/stm32l4xx_hal_spi.c ****   HAL_SPI_RxCpltCallback(hspi);
3207:Drivers/STM32L4xx_HAL_Driver/Src/stm32l4xx_hal_spi.c **** #endif /* USE_HAL_SPI_REGISTER_CALLBACKS */
3208:Drivers/STM32L4xx_HAL_Driver/Src/stm32l4xx_hal_spi.c **** }
3209:Drivers/STM32L4xx_HAL_Driver/Src/stm32l4xx_hal_spi.c **** 
3210:Drivers/STM32L4xx_HAL_Driver/Src/stm32l4xx_hal_spi.c **** /**
3211:Drivers/STM32L4xx_HAL_Driver/Src/stm32l4xx_hal_spi.c ****   * @brief  DMA SPI transmit receive process complete callback.
3212:Drivers/STM32L4xx_HAL_Driver/Src/stm32l4xx_hal_spi.c ****   * @param  hdma pointer to a DMA_HandleTypeDef structure that contains
3213:Drivers/STM32L4xx_HAL_Driver/Src/stm32l4xx_hal_spi.c ****   *               the configuration information for the specified DMA module.
3214:Drivers/STM32L4xx_HAL_Driver/Src/stm32l4xx_hal_spi.c ****   * @retval None
3215:Drivers/STM32L4xx_HAL_Driver/Src/stm32l4xx_hal_spi.c ****   */
3216:Drivers/STM32L4xx_HAL_Driver/Src/stm32l4xx_hal_spi.c **** static void SPI_DMATransmitReceiveCplt(DMA_HandleTypeDef *hdma)
3217:Drivers/STM32L4xx_HAL_Driver/Src/stm32l4xx_hal_spi.c **** {
3218:Drivers/STM32L4xx_HAL_Driver/Src/stm32l4xx_hal_spi.c ****   SPI_HandleTypeDef *hspi = (SPI_HandleTypeDef *)(((DMA_HandleTypeDef *)hdma)->Parent);
3219:Drivers/STM32L4xx_HAL_Driver/Src/stm32l4xx_hal_spi.c ****   uint32_t tickstart;
3220:Drivers/STM32L4xx_HAL_Driver/Src/stm32l4xx_hal_spi.c **** #if (USE_SPI_CRC != 0U)
3221:Drivers/STM32L4xx_HAL_Driver/Src/stm32l4xx_hal_spi.c ****   __IO uint32_t tmpreg = 0U;
3222:Drivers/STM32L4xx_HAL_Driver/Src/stm32l4xx_hal_spi.c ****   __IO uint8_t  *ptmpreg8;
ARM GAS  /tmp/ccl8yU0j.s 			page 58


3223:Drivers/STM32L4xx_HAL_Driver/Src/stm32l4xx_hal_spi.c ****   __IO uint8_t  tmpreg8 = 0;
3224:Drivers/STM32L4xx_HAL_Driver/Src/stm32l4xx_hal_spi.c **** #endif /* USE_SPI_CRC */
3225:Drivers/STM32L4xx_HAL_Driver/Src/stm32l4xx_hal_spi.c **** 
3226:Drivers/STM32L4xx_HAL_Driver/Src/stm32l4xx_hal_spi.c ****   /* Init tickstart for timeout management*/
3227:Drivers/STM32L4xx_HAL_Driver/Src/stm32l4xx_hal_spi.c ****   tickstart = HAL_GetTick();
3228:Drivers/STM32L4xx_HAL_Driver/Src/stm32l4xx_hal_spi.c **** 
3229:Drivers/STM32L4xx_HAL_Driver/Src/stm32l4xx_hal_spi.c ****   /* DMA Normal Mode */
3230:Drivers/STM32L4xx_HAL_Driver/Src/stm32l4xx_hal_spi.c ****   if ((hdma->Instance->CCR & DMA_CCR_CIRC) != DMA_CCR_CIRC)
3231:Drivers/STM32L4xx_HAL_Driver/Src/stm32l4xx_hal_spi.c ****   {
3232:Drivers/STM32L4xx_HAL_Driver/Src/stm32l4xx_hal_spi.c ****     /* Disable ERR interrupt */
3233:Drivers/STM32L4xx_HAL_Driver/Src/stm32l4xx_hal_spi.c ****     __HAL_SPI_DISABLE_IT(hspi, SPI_IT_ERR);
3234:Drivers/STM32L4xx_HAL_Driver/Src/stm32l4xx_hal_spi.c **** 
3235:Drivers/STM32L4xx_HAL_Driver/Src/stm32l4xx_hal_spi.c **** #if (USE_SPI_CRC != 0U)
3236:Drivers/STM32L4xx_HAL_Driver/Src/stm32l4xx_hal_spi.c ****     /* CRC handling */
3237:Drivers/STM32L4xx_HAL_Driver/Src/stm32l4xx_hal_spi.c ****     if (hspi->Init.CRCCalculation == SPI_CRCCALCULATION_ENABLE)
3238:Drivers/STM32L4xx_HAL_Driver/Src/stm32l4xx_hal_spi.c ****     {
3239:Drivers/STM32L4xx_HAL_Driver/Src/stm32l4xx_hal_spi.c ****       if ((hspi->Init.DataSize == SPI_DATASIZE_8BIT) && (hspi->Init.CRCLength == SPI_CRC_LENGTH_8BI
3240:Drivers/STM32L4xx_HAL_Driver/Src/stm32l4xx_hal_spi.c ****       {
3241:Drivers/STM32L4xx_HAL_Driver/Src/stm32l4xx_hal_spi.c ****         if (SPI_WaitFifoStateUntilTimeout(hspi, SPI_FLAG_FRLVL, SPI_FRLVL_QUARTER_FULL, SPI_DEFAULT
3242:Drivers/STM32L4xx_HAL_Driver/Src/stm32l4xx_hal_spi.c ****                                           tickstart) != HAL_OK)
3243:Drivers/STM32L4xx_HAL_Driver/Src/stm32l4xx_hal_spi.c ****         {
3244:Drivers/STM32L4xx_HAL_Driver/Src/stm32l4xx_hal_spi.c ****           /* Error on the CRC reception */
3245:Drivers/STM32L4xx_HAL_Driver/Src/stm32l4xx_hal_spi.c ****           SET_BIT(hspi->ErrorCode, HAL_SPI_ERROR_CRC);
3246:Drivers/STM32L4xx_HAL_Driver/Src/stm32l4xx_hal_spi.c ****         }
3247:Drivers/STM32L4xx_HAL_Driver/Src/stm32l4xx_hal_spi.c ****         /* Initialize the 8bit temporary pointer */
3248:Drivers/STM32L4xx_HAL_Driver/Src/stm32l4xx_hal_spi.c ****         ptmpreg8 = (__IO uint8_t *)&hspi->Instance->DR;
3249:Drivers/STM32L4xx_HAL_Driver/Src/stm32l4xx_hal_spi.c ****         /* Read 8bit CRC */
3250:Drivers/STM32L4xx_HAL_Driver/Src/stm32l4xx_hal_spi.c ****         tmpreg8 = *ptmpreg8;
3251:Drivers/STM32L4xx_HAL_Driver/Src/stm32l4xx_hal_spi.c ****         /* To avoid GCC warning */
3252:Drivers/STM32L4xx_HAL_Driver/Src/stm32l4xx_hal_spi.c ****         UNUSED(tmpreg8);
3253:Drivers/STM32L4xx_HAL_Driver/Src/stm32l4xx_hal_spi.c ****       }
3254:Drivers/STM32L4xx_HAL_Driver/Src/stm32l4xx_hal_spi.c ****       else
3255:Drivers/STM32L4xx_HAL_Driver/Src/stm32l4xx_hal_spi.c ****       {
3256:Drivers/STM32L4xx_HAL_Driver/Src/stm32l4xx_hal_spi.c ****         if (SPI_WaitFifoStateUntilTimeout(hspi, SPI_FLAG_FRLVL, SPI_FRLVL_HALF_FULL, SPI_DEFAULT_TI
3257:Drivers/STM32L4xx_HAL_Driver/Src/stm32l4xx_hal_spi.c ****                                           tickstart) != HAL_OK)
3258:Drivers/STM32L4xx_HAL_Driver/Src/stm32l4xx_hal_spi.c ****         {
3259:Drivers/STM32L4xx_HAL_Driver/Src/stm32l4xx_hal_spi.c ****           /* Error on the CRC reception */
3260:Drivers/STM32L4xx_HAL_Driver/Src/stm32l4xx_hal_spi.c ****           SET_BIT(hspi->ErrorCode, HAL_SPI_ERROR_CRC);
3261:Drivers/STM32L4xx_HAL_Driver/Src/stm32l4xx_hal_spi.c ****         }
3262:Drivers/STM32L4xx_HAL_Driver/Src/stm32l4xx_hal_spi.c ****         /* Read CRC to Flush DR and RXNE flag */
3263:Drivers/STM32L4xx_HAL_Driver/Src/stm32l4xx_hal_spi.c ****         tmpreg = READ_REG(hspi->Instance->DR);
3264:Drivers/STM32L4xx_HAL_Driver/Src/stm32l4xx_hal_spi.c ****         /* To avoid GCC warning */
3265:Drivers/STM32L4xx_HAL_Driver/Src/stm32l4xx_hal_spi.c ****         UNUSED(tmpreg);
3266:Drivers/STM32L4xx_HAL_Driver/Src/stm32l4xx_hal_spi.c ****       }
3267:Drivers/STM32L4xx_HAL_Driver/Src/stm32l4xx_hal_spi.c ****     }
3268:Drivers/STM32L4xx_HAL_Driver/Src/stm32l4xx_hal_spi.c **** #endif /* USE_SPI_CRC */
3269:Drivers/STM32L4xx_HAL_Driver/Src/stm32l4xx_hal_spi.c **** 
3270:Drivers/STM32L4xx_HAL_Driver/Src/stm32l4xx_hal_spi.c ****     /* Check the end of the transaction */
3271:Drivers/STM32L4xx_HAL_Driver/Src/stm32l4xx_hal_spi.c ****     if (SPI_EndRxTxTransaction(hspi, SPI_DEFAULT_TIMEOUT, tickstart) != HAL_OK)
3272:Drivers/STM32L4xx_HAL_Driver/Src/stm32l4xx_hal_spi.c ****     {
3273:Drivers/STM32L4xx_HAL_Driver/Src/stm32l4xx_hal_spi.c ****       SET_BIT(hspi->ErrorCode, HAL_SPI_ERROR_FLAG);
3274:Drivers/STM32L4xx_HAL_Driver/Src/stm32l4xx_hal_spi.c ****     }
3275:Drivers/STM32L4xx_HAL_Driver/Src/stm32l4xx_hal_spi.c **** 
3276:Drivers/STM32L4xx_HAL_Driver/Src/stm32l4xx_hal_spi.c ****     /* Disable Rx/Tx DMA Request */
3277:Drivers/STM32L4xx_HAL_Driver/Src/stm32l4xx_hal_spi.c ****     CLEAR_BIT(hspi->Instance->CR2, SPI_CR2_TXDMAEN | SPI_CR2_RXDMAEN);
3278:Drivers/STM32L4xx_HAL_Driver/Src/stm32l4xx_hal_spi.c **** 
3279:Drivers/STM32L4xx_HAL_Driver/Src/stm32l4xx_hal_spi.c ****     hspi->TxXferCount = 0U;
ARM GAS  /tmp/ccl8yU0j.s 			page 59


3280:Drivers/STM32L4xx_HAL_Driver/Src/stm32l4xx_hal_spi.c ****     hspi->RxXferCount = 0U;
3281:Drivers/STM32L4xx_HAL_Driver/Src/stm32l4xx_hal_spi.c ****     hspi->State = HAL_SPI_STATE_READY;
3282:Drivers/STM32L4xx_HAL_Driver/Src/stm32l4xx_hal_spi.c **** 
3283:Drivers/STM32L4xx_HAL_Driver/Src/stm32l4xx_hal_spi.c **** #if (USE_SPI_CRC != 0U)
3284:Drivers/STM32L4xx_HAL_Driver/Src/stm32l4xx_hal_spi.c ****     /* Check if CRC error occurred */
3285:Drivers/STM32L4xx_HAL_Driver/Src/stm32l4xx_hal_spi.c ****     if (__HAL_SPI_GET_FLAG(hspi, SPI_FLAG_CRCERR))
3286:Drivers/STM32L4xx_HAL_Driver/Src/stm32l4xx_hal_spi.c ****     {
3287:Drivers/STM32L4xx_HAL_Driver/Src/stm32l4xx_hal_spi.c ****       SET_BIT(hspi->ErrorCode, HAL_SPI_ERROR_CRC);
3288:Drivers/STM32L4xx_HAL_Driver/Src/stm32l4xx_hal_spi.c ****       __HAL_SPI_CLEAR_CRCERRFLAG(hspi);
3289:Drivers/STM32L4xx_HAL_Driver/Src/stm32l4xx_hal_spi.c ****     }
3290:Drivers/STM32L4xx_HAL_Driver/Src/stm32l4xx_hal_spi.c **** #endif /* USE_SPI_CRC */
3291:Drivers/STM32L4xx_HAL_Driver/Src/stm32l4xx_hal_spi.c **** 
3292:Drivers/STM32L4xx_HAL_Driver/Src/stm32l4xx_hal_spi.c ****     if (hspi->ErrorCode != HAL_SPI_ERROR_NONE)
3293:Drivers/STM32L4xx_HAL_Driver/Src/stm32l4xx_hal_spi.c ****     {
3294:Drivers/STM32L4xx_HAL_Driver/Src/stm32l4xx_hal_spi.c ****       /* Call user error callback */
3295:Drivers/STM32L4xx_HAL_Driver/Src/stm32l4xx_hal_spi.c **** #if (USE_HAL_SPI_REGISTER_CALLBACKS == 1U)
3296:Drivers/STM32L4xx_HAL_Driver/Src/stm32l4xx_hal_spi.c ****       hspi->ErrorCallback(hspi);
3297:Drivers/STM32L4xx_HAL_Driver/Src/stm32l4xx_hal_spi.c **** #else
3298:Drivers/STM32L4xx_HAL_Driver/Src/stm32l4xx_hal_spi.c ****       HAL_SPI_ErrorCallback(hspi);
3299:Drivers/STM32L4xx_HAL_Driver/Src/stm32l4xx_hal_spi.c **** #endif /* USE_HAL_SPI_REGISTER_CALLBACKS */
3300:Drivers/STM32L4xx_HAL_Driver/Src/stm32l4xx_hal_spi.c ****       return;
3301:Drivers/STM32L4xx_HAL_Driver/Src/stm32l4xx_hal_spi.c ****     }
3302:Drivers/STM32L4xx_HAL_Driver/Src/stm32l4xx_hal_spi.c ****   }
3303:Drivers/STM32L4xx_HAL_Driver/Src/stm32l4xx_hal_spi.c ****   /* Call user TxRx complete callback */
3304:Drivers/STM32L4xx_HAL_Driver/Src/stm32l4xx_hal_spi.c **** #if (USE_HAL_SPI_REGISTER_CALLBACKS == 1U)
3305:Drivers/STM32L4xx_HAL_Driver/Src/stm32l4xx_hal_spi.c ****   hspi->TxRxCpltCallback(hspi);
3306:Drivers/STM32L4xx_HAL_Driver/Src/stm32l4xx_hal_spi.c **** #else
3307:Drivers/STM32L4xx_HAL_Driver/Src/stm32l4xx_hal_spi.c ****   HAL_SPI_TxRxCpltCallback(hspi);
3308:Drivers/STM32L4xx_HAL_Driver/Src/stm32l4xx_hal_spi.c **** #endif /* USE_HAL_SPI_REGISTER_CALLBACKS */
3309:Drivers/STM32L4xx_HAL_Driver/Src/stm32l4xx_hal_spi.c **** }
3310:Drivers/STM32L4xx_HAL_Driver/Src/stm32l4xx_hal_spi.c **** 
3311:Drivers/STM32L4xx_HAL_Driver/Src/stm32l4xx_hal_spi.c **** /**
3312:Drivers/STM32L4xx_HAL_Driver/Src/stm32l4xx_hal_spi.c ****   * @brief  DMA SPI half transmit process complete callback.
3313:Drivers/STM32L4xx_HAL_Driver/Src/stm32l4xx_hal_spi.c ****   * @param  hdma pointer to a DMA_HandleTypeDef structure that contains
3314:Drivers/STM32L4xx_HAL_Driver/Src/stm32l4xx_hal_spi.c ****   *               the configuration information for the specified DMA module.
3315:Drivers/STM32L4xx_HAL_Driver/Src/stm32l4xx_hal_spi.c ****   * @retval None
3316:Drivers/STM32L4xx_HAL_Driver/Src/stm32l4xx_hal_spi.c ****   */
3317:Drivers/STM32L4xx_HAL_Driver/Src/stm32l4xx_hal_spi.c **** static void SPI_DMAHalfTransmitCplt(DMA_HandleTypeDef *hdma)
3318:Drivers/STM32L4xx_HAL_Driver/Src/stm32l4xx_hal_spi.c **** {
3319:Drivers/STM32L4xx_HAL_Driver/Src/stm32l4xx_hal_spi.c ****   SPI_HandleTypeDef *hspi = (SPI_HandleTypeDef *)(((DMA_HandleTypeDef *)hdma)->Parent);
3320:Drivers/STM32L4xx_HAL_Driver/Src/stm32l4xx_hal_spi.c **** 
3321:Drivers/STM32L4xx_HAL_Driver/Src/stm32l4xx_hal_spi.c ****   /* Call user Tx half complete callback */
3322:Drivers/STM32L4xx_HAL_Driver/Src/stm32l4xx_hal_spi.c **** #if (USE_HAL_SPI_REGISTER_CALLBACKS == 1U)
3323:Drivers/STM32L4xx_HAL_Driver/Src/stm32l4xx_hal_spi.c ****   hspi->TxHalfCpltCallback(hspi);
3324:Drivers/STM32L4xx_HAL_Driver/Src/stm32l4xx_hal_spi.c **** #else
3325:Drivers/STM32L4xx_HAL_Driver/Src/stm32l4xx_hal_spi.c ****   HAL_SPI_TxHalfCpltCallback(hspi);
3326:Drivers/STM32L4xx_HAL_Driver/Src/stm32l4xx_hal_spi.c **** #endif /* USE_HAL_SPI_REGISTER_CALLBACKS */
3327:Drivers/STM32L4xx_HAL_Driver/Src/stm32l4xx_hal_spi.c **** }
3328:Drivers/STM32L4xx_HAL_Driver/Src/stm32l4xx_hal_spi.c **** 
3329:Drivers/STM32L4xx_HAL_Driver/Src/stm32l4xx_hal_spi.c **** /**
3330:Drivers/STM32L4xx_HAL_Driver/Src/stm32l4xx_hal_spi.c ****   * @brief  DMA SPI half receive process complete callback
3331:Drivers/STM32L4xx_HAL_Driver/Src/stm32l4xx_hal_spi.c ****   * @param  hdma pointer to a DMA_HandleTypeDef structure that contains
3332:Drivers/STM32L4xx_HAL_Driver/Src/stm32l4xx_hal_spi.c ****   *               the configuration information for the specified DMA module.
3333:Drivers/STM32L4xx_HAL_Driver/Src/stm32l4xx_hal_spi.c ****   * @retval None
3334:Drivers/STM32L4xx_HAL_Driver/Src/stm32l4xx_hal_spi.c ****   */
3335:Drivers/STM32L4xx_HAL_Driver/Src/stm32l4xx_hal_spi.c **** static void SPI_DMAHalfReceiveCplt(DMA_HandleTypeDef *hdma)
3336:Drivers/STM32L4xx_HAL_Driver/Src/stm32l4xx_hal_spi.c **** {
ARM GAS  /tmp/ccl8yU0j.s 			page 60


3337:Drivers/STM32L4xx_HAL_Driver/Src/stm32l4xx_hal_spi.c ****   SPI_HandleTypeDef *hspi = (SPI_HandleTypeDef *)(((DMA_HandleTypeDef *)hdma)->Parent);
3338:Drivers/STM32L4xx_HAL_Driver/Src/stm32l4xx_hal_spi.c **** 
3339:Drivers/STM32L4xx_HAL_Driver/Src/stm32l4xx_hal_spi.c ****   /* Call user Rx half complete callback */
3340:Drivers/STM32L4xx_HAL_Driver/Src/stm32l4xx_hal_spi.c **** #if (USE_HAL_SPI_REGISTER_CALLBACKS == 1U)
3341:Drivers/STM32L4xx_HAL_Driver/Src/stm32l4xx_hal_spi.c ****   hspi->RxHalfCpltCallback(hspi);
3342:Drivers/STM32L4xx_HAL_Driver/Src/stm32l4xx_hal_spi.c **** #else
3343:Drivers/STM32L4xx_HAL_Driver/Src/stm32l4xx_hal_spi.c ****   HAL_SPI_RxHalfCpltCallback(hspi);
3344:Drivers/STM32L4xx_HAL_Driver/Src/stm32l4xx_hal_spi.c **** #endif /* USE_HAL_SPI_REGISTER_CALLBACKS */
3345:Drivers/STM32L4xx_HAL_Driver/Src/stm32l4xx_hal_spi.c **** }
3346:Drivers/STM32L4xx_HAL_Driver/Src/stm32l4xx_hal_spi.c **** 
3347:Drivers/STM32L4xx_HAL_Driver/Src/stm32l4xx_hal_spi.c **** /**
3348:Drivers/STM32L4xx_HAL_Driver/Src/stm32l4xx_hal_spi.c ****   * @brief  DMA SPI half transmit receive process complete callback.
3349:Drivers/STM32L4xx_HAL_Driver/Src/stm32l4xx_hal_spi.c ****   * @param  hdma pointer to a DMA_HandleTypeDef structure that contains
3350:Drivers/STM32L4xx_HAL_Driver/Src/stm32l4xx_hal_spi.c ****   *               the configuration information for the specified DMA module.
3351:Drivers/STM32L4xx_HAL_Driver/Src/stm32l4xx_hal_spi.c ****   * @retval None
3352:Drivers/STM32L4xx_HAL_Driver/Src/stm32l4xx_hal_spi.c ****   */
3353:Drivers/STM32L4xx_HAL_Driver/Src/stm32l4xx_hal_spi.c **** static void SPI_DMAHalfTransmitReceiveCplt(DMA_HandleTypeDef *hdma)
3354:Drivers/STM32L4xx_HAL_Driver/Src/stm32l4xx_hal_spi.c **** {
3355:Drivers/STM32L4xx_HAL_Driver/Src/stm32l4xx_hal_spi.c ****   SPI_HandleTypeDef *hspi = (SPI_HandleTypeDef *)(((DMA_HandleTypeDef *)hdma)->Parent);
3356:Drivers/STM32L4xx_HAL_Driver/Src/stm32l4xx_hal_spi.c **** 
3357:Drivers/STM32L4xx_HAL_Driver/Src/stm32l4xx_hal_spi.c ****   /* Call user TxRx half complete callback */
3358:Drivers/STM32L4xx_HAL_Driver/Src/stm32l4xx_hal_spi.c **** #if (USE_HAL_SPI_REGISTER_CALLBACKS == 1U)
3359:Drivers/STM32L4xx_HAL_Driver/Src/stm32l4xx_hal_spi.c ****   hspi->TxRxHalfCpltCallback(hspi);
3360:Drivers/STM32L4xx_HAL_Driver/Src/stm32l4xx_hal_spi.c **** #else
3361:Drivers/STM32L4xx_HAL_Driver/Src/stm32l4xx_hal_spi.c ****   HAL_SPI_TxRxHalfCpltCallback(hspi);
3362:Drivers/STM32L4xx_HAL_Driver/Src/stm32l4xx_hal_spi.c **** #endif /* USE_HAL_SPI_REGISTER_CALLBACKS */
3363:Drivers/STM32L4xx_HAL_Driver/Src/stm32l4xx_hal_spi.c **** }
3364:Drivers/STM32L4xx_HAL_Driver/Src/stm32l4xx_hal_spi.c **** 
3365:Drivers/STM32L4xx_HAL_Driver/Src/stm32l4xx_hal_spi.c **** /**
3366:Drivers/STM32L4xx_HAL_Driver/Src/stm32l4xx_hal_spi.c ****   * @brief  DMA SPI communication error callback.
3367:Drivers/STM32L4xx_HAL_Driver/Src/stm32l4xx_hal_spi.c ****   * @param  hdma pointer to a DMA_HandleTypeDef structure that contains
3368:Drivers/STM32L4xx_HAL_Driver/Src/stm32l4xx_hal_spi.c ****   *               the configuration information for the specified DMA module.
3369:Drivers/STM32L4xx_HAL_Driver/Src/stm32l4xx_hal_spi.c ****   * @retval None
3370:Drivers/STM32L4xx_HAL_Driver/Src/stm32l4xx_hal_spi.c ****   */
3371:Drivers/STM32L4xx_HAL_Driver/Src/stm32l4xx_hal_spi.c **** static void SPI_DMAError(DMA_HandleTypeDef *hdma)
3372:Drivers/STM32L4xx_HAL_Driver/Src/stm32l4xx_hal_spi.c **** {
3373:Drivers/STM32L4xx_HAL_Driver/Src/stm32l4xx_hal_spi.c ****   SPI_HandleTypeDef *hspi = (SPI_HandleTypeDef *)(((DMA_HandleTypeDef *)hdma)->Parent);
3374:Drivers/STM32L4xx_HAL_Driver/Src/stm32l4xx_hal_spi.c **** 
3375:Drivers/STM32L4xx_HAL_Driver/Src/stm32l4xx_hal_spi.c ****   /* Stop the disable DMA transfer on SPI side */
3376:Drivers/STM32L4xx_HAL_Driver/Src/stm32l4xx_hal_spi.c ****   CLEAR_BIT(hspi->Instance->CR2, SPI_CR2_TXDMAEN | SPI_CR2_RXDMAEN);
3377:Drivers/STM32L4xx_HAL_Driver/Src/stm32l4xx_hal_spi.c **** 
3378:Drivers/STM32L4xx_HAL_Driver/Src/stm32l4xx_hal_spi.c ****   SET_BIT(hspi->ErrorCode, HAL_SPI_ERROR_DMA);
3379:Drivers/STM32L4xx_HAL_Driver/Src/stm32l4xx_hal_spi.c ****   hspi->State = HAL_SPI_STATE_READY;
3380:Drivers/STM32L4xx_HAL_Driver/Src/stm32l4xx_hal_spi.c ****   /* Call user error callback */
3381:Drivers/STM32L4xx_HAL_Driver/Src/stm32l4xx_hal_spi.c **** #if (USE_HAL_SPI_REGISTER_CALLBACKS == 1U)
3382:Drivers/STM32L4xx_HAL_Driver/Src/stm32l4xx_hal_spi.c ****   hspi->ErrorCallback(hspi);
3383:Drivers/STM32L4xx_HAL_Driver/Src/stm32l4xx_hal_spi.c **** #else
3384:Drivers/STM32L4xx_HAL_Driver/Src/stm32l4xx_hal_spi.c ****   HAL_SPI_ErrorCallback(hspi);
3385:Drivers/STM32L4xx_HAL_Driver/Src/stm32l4xx_hal_spi.c **** #endif /* USE_HAL_SPI_REGISTER_CALLBACKS */
3386:Drivers/STM32L4xx_HAL_Driver/Src/stm32l4xx_hal_spi.c **** }
3387:Drivers/STM32L4xx_HAL_Driver/Src/stm32l4xx_hal_spi.c **** 
3388:Drivers/STM32L4xx_HAL_Driver/Src/stm32l4xx_hal_spi.c **** /**
3389:Drivers/STM32L4xx_HAL_Driver/Src/stm32l4xx_hal_spi.c ****   * @brief  DMA SPI communication abort callback, when initiated by HAL services on Error
3390:Drivers/STM32L4xx_HAL_Driver/Src/stm32l4xx_hal_spi.c ****   *         (To be called at end of DMA Abort procedure following error occurrence).
3391:Drivers/STM32L4xx_HAL_Driver/Src/stm32l4xx_hal_spi.c ****   * @param  hdma DMA handle.
3392:Drivers/STM32L4xx_HAL_Driver/Src/stm32l4xx_hal_spi.c ****   * @retval None
3393:Drivers/STM32L4xx_HAL_Driver/Src/stm32l4xx_hal_spi.c ****   */
ARM GAS  /tmp/ccl8yU0j.s 			page 61


3394:Drivers/STM32L4xx_HAL_Driver/Src/stm32l4xx_hal_spi.c **** static void SPI_DMAAbortOnError(DMA_HandleTypeDef *hdma)
3395:Drivers/STM32L4xx_HAL_Driver/Src/stm32l4xx_hal_spi.c **** {
3396:Drivers/STM32L4xx_HAL_Driver/Src/stm32l4xx_hal_spi.c ****   SPI_HandleTypeDef *hspi = (SPI_HandleTypeDef *)(((DMA_HandleTypeDef *)hdma)->Parent);
3397:Drivers/STM32L4xx_HAL_Driver/Src/stm32l4xx_hal_spi.c ****   hspi->RxXferCount = 0U;
3398:Drivers/STM32L4xx_HAL_Driver/Src/stm32l4xx_hal_spi.c ****   hspi->TxXferCount = 0U;
3399:Drivers/STM32L4xx_HAL_Driver/Src/stm32l4xx_hal_spi.c **** 
3400:Drivers/STM32L4xx_HAL_Driver/Src/stm32l4xx_hal_spi.c ****   /* Call user error callback */
3401:Drivers/STM32L4xx_HAL_Driver/Src/stm32l4xx_hal_spi.c **** #if (USE_HAL_SPI_REGISTER_CALLBACKS == 1U)
3402:Drivers/STM32L4xx_HAL_Driver/Src/stm32l4xx_hal_spi.c ****   hspi->ErrorCallback(hspi);
3403:Drivers/STM32L4xx_HAL_Driver/Src/stm32l4xx_hal_spi.c **** #else
3404:Drivers/STM32L4xx_HAL_Driver/Src/stm32l4xx_hal_spi.c ****   HAL_SPI_ErrorCallback(hspi);
3405:Drivers/STM32L4xx_HAL_Driver/Src/stm32l4xx_hal_spi.c **** #endif /* USE_HAL_SPI_REGISTER_CALLBACKS */
3406:Drivers/STM32L4xx_HAL_Driver/Src/stm32l4xx_hal_spi.c **** }
3407:Drivers/STM32L4xx_HAL_Driver/Src/stm32l4xx_hal_spi.c **** 
3408:Drivers/STM32L4xx_HAL_Driver/Src/stm32l4xx_hal_spi.c **** /**
3409:Drivers/STM32L4xx_HAL_Driver/Src/stm32l4xx_hal_spi.c ****   * @brief  DMA SPI Tx communication abort callback, when initiated by user
3410:Drivers/STM32L4xx_HAL_Driver/Src/stm32l4xx_hal_spi.c ****   *         (To be called at end of DMA Tx Abort procedure following user abort request).
3411:Drivers/STM32L4xx_HAL_Driver/Src/stm32l4xx_hal_spi.c ****   * @note   When this callback is executed, User Abort complete call back is called only if no
3412:Drivers/STM32L4xx_HAL_Driver/Src/stm32l4xx_hal_spi.c ****   *         Abort still ongoing for Rx DMA Handle.
3413:Drivers/STM32L4xx_HAL_Driver/Src/stm32l4xx_hal_spi.c ****   * @param  hdma DMA handle.
3414:Drivers/STM32L4xx_HAL_Driver/Src/stm32l4xx_hal_spi.c ****   * @retval None
3415:Drivers/STM32L4xx_HAL_Driver/Src/stm32l4xx_hal_spi.c ****   */
3416:Drivers/STM32L4xx_HAL_Driver/Src/stm32l4xx_hal_spi.c **** static void SPI_DMATxAbortCallback(DMA_HandleTypeDef *hdma)
3417:Drivers/STM32L4xx_HAL_Driver/Src/stm32l4xx_hal_spi.c **** {
3418:Drivers/STM32L4xx_HAL_Driver/Src/stm32l4xx_hal_spi.c ****   SPI_HandleTypeDef *hspi = (SPI_HandleTypeDef *)(((DMA_HandleTypeDef *)hdma)->Parent);
3419:Drivers/STM32L4xx_HAL_Driver/Src/stm32l4xx_hal_spi.c **** 
3420:Drivers/STM32L4xx_HAL_Driver/Src/stm32l4xx_hal_spi.c ****   hspi->hdmatx->XferAbortCallback = NULL;
3421:Drivers/STM32L4xx_HAL_Driver/Src/stm32l4xx_hal_spi.c **** 
3422:Drivers/STM32L4xx_HAL_Driver/Src/stm32l4xx_hal_spi.c ****   /* Disable Tx DMA Request */
3423:Drivers/STM32L4xx_HAL_Driver/Src/stm32l4xx_hal_spi.c ****   CLEAR_BIT(hspi->Instance->CR2, SPI_CR2_TXDMAEN);
3424:Drivers/STM32L4xx_HAL_Driver/Src/stm32l4xx_hal_spi.c **** 
3425:Drivers/STM32L4xx_HAL_Driver/Src/stm32l4xx_hal_spi.c ****   if (SPI_EndRxTxTransaction(hspi, SPI_DEFAULT_TIMEOUT, HAL_GetTick()) != HAL_OK)
3426:Drivers/STM32L4xx_HAL_Driver/Src/stm32l4xx_hal_spi.c ****   {
3427:Drivers/STM32L4xx_HAL_Driver/Src/stm32l4xx_hal_spi.c ****     hspi->ErrorCode = HAL_SPI_ERROR_ABORT;
3428:Drivers/STM32L4xx_HAL_Driver/Src/stm32l4xx_hal_spi.c ****   }
3429:Drivers/STM32L4xx_HAL_Driver/Src/stm32l4xx_hal_spi.c **** 
3430:Drivers/STM32L4xx_HAL_Driver/Src/stm32l4xx_hal_spi.c ****   /* Disable SPI Peripheral */
3431:Drivers/STM32L4xx_HAL_Driver/Src/stm32l4xx_hal_spi.c ****   __HAL_SPI_DISABLE(hspi);
3432:Drivers/STM32L4xx_HAL_Driver/Src/stm32l4xx_hal_spi.c **** 
3433:Drivers/STM32L4xx_HAL_Driver/Src/stm32l4xx_hal_spi.c ****   /* Empty the FRLVL fifo */
3434:Drivers/STM32L4xx_HAL_Driver/Src/stm32l4xx_hal_spi.c ****   if (SPI_WaitFifoStateUntilTimeout(hspi, SPI_FLAG_FRLVL, SPI_FRLVL_EMPTY, SPI_DEFAULT_TIMEOUT,
3435:Drivers/STM32L4xx_HAL_Driver/Src/stm32l4xx_hal_spi.c ****                                     HAL_GetTick()) != HAL_OK)
3436:Drivers/STM32L4xx_HAL_Driver/Src/stm32l4xx_hal_spi.c ****   {
3437:Drivers/STM32L4xx_HAL_Driver/Src/stm32l4xx_hal_spi.c ****     hspi->ErrorCode = HAL_SPI_ERROR_ABORT;
3438:Drivers/STM32L4xx_HAL_Driver/Src/stm32l4xx_hal_spi.c ****   }
3439:Drivers/STM32L4xx_HAL_Driver/Src/stm32l4xx_hal_spi.c **** 
3440:Drivers/STM32L4xx_HAL_Driver/Src/stm32l4xx_hal_spi.c ****   /* Check if an Abort process is still ongoing */
3441:Drivers/STM32L4xx_HAL_Driver/Src/stm32l4xx_hal_spi.c ****   if (hspi->hdmarx != NULL)
3442:Drivers/STM32L4xx_HAL_Driver/Src/stm32l4xx_hal_spi.c ****   {
3443:Drivers/STM32L4xx_HAL_Driver/Src/stm32l4xx_hal_spi.c ****     if (hspi->hdmarx->XferAbortCallback != NULL)
3444:Drivers/STM32L4xx_HAL_Driver/Src/stm32l4xx_hal_spi.c ****     {
3445:Drivers/STM32L4xx_HAL_Driver/Src/stm32l4xx_hal_spi.c ****       return;
3446:Drivers/STM32L4xx_HAL_Driver/Src/stm32l4xx_hal_spi.c ****     }
3447:Drivers/STM32L4xx_HAL_Driver/Src/stm32l4xx_hal_spi.c ****   }
3448:Drivers/STM32L4xx_HAL_Driver/Src/stm32l4xx_hal_spi.c **** 
3449:Drivers/STM32L4xx_HAL_Driver/Src/stm32l4xx_hal_spi.c ****   /* No Abort process still ongoing : All DMA Stream/Channel are aborted, call user Abort Complete 
3450:Drivers/STM32L4xx_HAL_Driver/Src/stm32l4xx_hal_spi.c ****   hspi->RxXferCount = 0U;
ARM GAS  /tmp/ccl8yU0j.s 			page 62


3451:Drivers/STM32L4xx_HAL_Driver/Src/stm32l4xx_hal_spi.c ****   hspi->TxXferCount = 0U;
3452:Drivers/STM32L4xx_HAL_Driver/Src/stm32l4xx_hal_spi.c **** 
3453:Drivers/STM32L4xx_HAL_Driver/Src/stm32l4xx_hal_spi.c ****   /* Check no error during Abort procedure */
3454:Drivers/STM32L4xx_HAL_Driver/Src/stm32l4xx_hal_spi.c ****   if (hspi->ErrorCode != HAL_SPI_ERROR_ABORT)
3455:Drivers/STM32L4xx_HAL_Driver/Src/stm32l4xx_hal_spi.c ****   {
3456:Drivers/STM32L4xx_HAL_Driver/Src/stm32l4xx_hal_spi.c ****     /* Reset errorCode */
3457:Drivers/STM32L4xx_HAL_Driver/Src/stm32l4xx_hal_spi.c ****     hspi->ErrorCode = HAL_SPI_ERROR_NONE;
3458:Drivers/STM32L4xx_HAL_Driver/Src/stm32l4xx_hal_spi.c ****   }
3459:Drivers/STM32L4xx_HAL_Driver/Src/stm32l4xx_hal_spi.c **** 
3460:Drivers/STM32L4xx_HAL_Driver/Src/stm32l4xx_hal_spi.c ****   /* Clear the Error flags in the SR register */
3461:Drivers/STM32L4xx_HAL_Driver/Src/stm32l4xx_hal_spi.c ****   __HAL_SPI_CLEAR_OVRFLAG(hspi);
3462:Drivers/STM32L4xx_HAL_Driver/Src/stm32l4xx_hal_spi.c ****   __HAL_SPI_CLEAR_FREFLAG(hspi);
3463:Drivers/STM32L4xx_HAL_Driver/Src/stm32l4xx_hal_spi.c **** 
3464:Drivers/STM32L4xx_HAL_Driver/Src/stm32l4xx_hal_spi.c ****   /* Restore hspi->State to Ready */
3465:Drivers/STM32L4xx_HAL_Driver/Src/stm32l4xx_hal_spi.c ****   hspi->State  = HAL_SPI_STATE_READY;
3466:Drivers/STM32L4xx_HAL_Driver/Src/stm32l4xx_hal_spi.c **** 
3467:Drivers/STM32L4xx_HAL_Driver/Src/stm32l4xx_hal_spi.c ****   /* Call user Abort complete callback */
3468:Drivers/STM32L4xx_HAL_Driver/Src/stm32l4xx_hal_spi.c **** #if (USE_HAL_SPI_REGISTER_CALLBACKS == 1U)
3469:Drivers/STM32L4xx_HAL_Driver/Src/stm32l4xx_hal_spi.c ****   hspi->AbortCpltCallback(hspi);
3470:Drivers/STM32L4xx_HAL_Driver/Src/stm32l4xx_hal_spi.c **** #else
3471:Drivers/STM32L4xx_HAL_Driver/Src/stm32l4xx_hal_spi.c ****   HAL_SPI_AbortCpltCallback(hspi);
3472:Drivers/STM32L4xx_HAL_Driver/Src/stm32l4xx_hal_spi.c **** #endif /* USE_HAL_SPI_REGISTER_CALLBACKS */
3473:Drivers/STM32L4xx_HAL_Driver/Src/stm32l4xx_hal_spi.c **** }
3474:Drivers/STM32L4xx_HAL_Driver/Src/stm32l4xx_hal_spi.c **** 
3475:Drivers/STM32L4xx_HAL_Driver/Src/stm32l4xx_hal_spi.c **** /**
3476:Drivers/STM32L4xx_HAL_Driver/Src/stm32l4xx_hal_spi.c ****   * @brief  DMA SPI Rx communication abort callback, when initiated by user
3477:Drivers/STM32L4xx_HAL_Driver/Src/stm32l4xx_hal_spi.c ****   *         (To be called at end of DMA Rx Abort procedure following user abort request).
3478:Drivers/STM32L4xx_HAL_Driver/Src/stm32l4xx_hal_spi.c ****   * @note   When this callback is executed, User Abort complete call back is called only if no
3479:Drivers/STM32L4xx_HAL_Driver/Src/stm32l4xx_hal_spi.c ****   *         Abort still ongoing for Tx DMA Handle.
3480:Drivers/STM32L4xx_HAL_Driver/Src/stm32l4xx_hal_spi.c ****   * @param  hdma DMA handle.
3481:Drivers/STM32L4xx_HAL_Driver/Src/stm32l4xx_hal_spi.c ****   * @retval None
3482:Drivers/STM32L4xx_HAL_Driver/Src/stm32l4xx_hal_spi.c ****   */
3483:Drivers/STM32L4xx_HAL_Driver/Src/stm32l4xx_hal_spi.c **** static void SPI_DMARxAbortCallback(DMA_HandleTypeDef *hdma)
3484:Drivers/STM32L4xx_HAL_Driver/Src/stm32l4xx_hal_spi.c **** {
3485:Drivers/STM32L4xx_HAL_Driver/Src/stm32l4xx_hal_spi.c ****   SPI_HandleTypeDef *hspi = (SPI_HandleTypeDef *)(((DMA_HandleTypeDef *)hdma)->Parent);
3486:Drivers/STM32L4xx_HAL_Driver/Src/stm32l4xx_hal_spi.c **** 
3487:Drivers/STM32L4xx_HAL_Driver/Src/stm32l4xx_hal_spi.c ****   /* Disable SPI Peripheral */
3488:Drivers/STM32L4xx_HAL_Driver/Src/stm32l4xx_hal_spi.c ****   __HAL_SPI_DISABLE(hspi);
3489:Drivers/STM32L4xx_HAL_Driver/Src/stm32l4xx_hal_spi.c **** 
3490:Drivers/STM32L4xx_HAL_Driver/Src/stm32l4xx_hal_spi.c ****   hspi->hdmarx->XferAbortCallback = NULL;
3491:Drivers/STM32L4xx_HAL_Driver/Src/stm32l4xx_hal_spi.c **** 
3492:Drivers/STM32L4xx_HAL_Driver/Src/stm32l4xx_hal_spi.c ****   /* Disable Rx DMA Request */
3493:Drivers/STM32L4xx_HAL_Driver/Src/stm32l4xx_hal_spi.c ****   CLEAR_BIT(hspi->Instance->CR2, SPI_CR2_RXDMAEN);
3494:Drivers/STM32L4xx_HAL_Driver/Src/stm32l4xx_hal_spi.c **** 
3495:Drivers/STM32L4xx_HAL_Driver/Src/stm32l4xx_hal_spi.c ****   /* Control the BSY flag */
3496:Drivers/STM32L4xx_HAL_Driver/Src/stm32l4xx_hal_spi.c ****   if (SPI_WaitFlagStateUntilTimeout(hspi, SPI_FLAG_BSY, RESET, SPI_DEFAULT_TIMEOUT, HAL_GetTick()) 
3497:Drivers/STM32L4xx_HAL_Driver/Src/stm32l4xx_hal_spi.c ****   {
3498:Drivers/STM32L4xx_HAL_Driver/Src/stm32l4xx_hal_spi.c ****     hspi->ErrorCode = HAL_SPI_ERROR_ABORT;
3499:Drivers/STM32L4xx_HAL_Driver/Src/stm32l4xx_hal_spi.c ****   }
3500:Drivers/STM32L4xx_HAL_Driver/Src/stm32l4xx_hal_spi.c **** 
3501:Drivers/STM32L4xx_HAL_Driver/Src/stm32l4xx_hal_spi.c ****   /* Empty the FRLVL fifo */
3502:Drivers/STM32L4xx_HAL_Driver/Src/stm32l4xx_hal_spi.c ****   if (SPI_WaitFifoStateUntilTimeout(hspi, SPI_FLAG_FRLVL, SPI_FRLVL_EMPTY, SPI_DEFAULT_TIMEOUT,
3503:Drivers/STM32L4xx_HAL_Driver/Src/stm32l4xx_hal_spi.c ****                                     HAL_GetTick()) != HAL_OK)
3504:Drivers/STM32L4xx_HAL_Driver/Src/stm32l4xx_hal_spi.c ****   {
3505:Drivers/STM32L4xx_HAL_Driver/Src/stm32l4xx_hal_spi.c ****     hspi->ErrorCode = HAL_SPI_ERROR_ABORT;
3506:Drivers/STM32L4xx_HAL_Driver/Src/stm32l4xx_hal_spi.c ****   }
3507:Drivers/STM32L4xx_HAL_Driver/Src/stm32l4xx_hal_spi.c **** 
ARM GAS  /tmp/ccl8yU0j.s 			page 63


3508:Drivers/STM32L4xx_HAL_Driver/Src/stm32l4xx_hal_spi.c ****   /* Check if an Abort process is still ongoing */
3509:Drivers/STM32L4xx_HAL_Driver/Src/stm32l4xx_hal_spi.c ****   if (hspi->hdmatx != NULL)
3510:Drivers/STM32L4xx_HAL_Driver/Src/stm32l4xx_hal_spi.c ****   {
3511:Drivers/STM32L4xx_HAL_Driver/Src/stm32l4xx_hal_spi.c ****     if (hspi->hdmatx->XferAbortCallback != NULL)
3512:Drivers/STM32L4xx_HAL_Driver/Src/stm32l4xx_hal_spi.c ****     {
3513:Drivers/STM32L4xx_HAL_Driver/Src/stm32l4xx_hal_spi.c ****       return;
3514:Drivers/STM32L4xx_HAL_Driver/Src/stm32l4xx_hal_spi.c ****     }
3515:Drivers/STM32L4xx_HAL_Driver/Src/stm32l4xx_hal_spi.c ****   }
3516:Drivers/STM32L4xx_HAL_Driver/Src/stm32l4xx_hal_spi.c **** 
3517:Drivers/STM32L4xx_HAL_Driver/Src/stm32l4xx_hal_spi.c ****   /* No Abort process still ongoing : All DMA Stream/Channel are aborted, call user Abort Complete 
3518:Drivers/STM32L4xx_HAL_Driver/Src/stm32l4xx_hal_spi.c ****   hspi->RxXferCount = 0U;
3519:Drivers/STM32L4xx_HAL_Driver/Src/stm32l4xx_hal_spi.c ****   hspi->TxXferCount = 0U;
3520:Drivers/STM32L4xx_HAL_Driver/Src/stm32l4xx_hal_spi.c **** 
3521:Drivers/STM32L4xx_HAL_Driver/Src/stm32l4xx_hal_spi.c ****   /* Check no error during Abort procedure */
3522:Drivers/STM32L4xx_HAL_Driver/Src/stm32l4xx_hal_spi.c ****   if (hspi->ErrorCode != HAL_SPI_ERROR_ABORT)
3523:Drivers/STM32L4xx_HAL_Driver/Src/stm32l4xx_hal_spi.c ****   {
3524:Drivers/STM32L4xx_HAL_Driver/Src/stm32l4xx_hal_spi.c ****     /* Reset errorCode */
3525:Drivers/STM32L4xx_HAL_Driver/Src/stm32l4xx_hal_spi.c ****     hspi->ErrorCode = HAL_SPI_ERROR_NONE;
3526:Drivers/STM32L4xx_HAL_Driver/Src/stm32l4xx_hal_spi.c ****   }
3527:Drivers/STM32L4xx_HAL_Driver/Src/stm32l4xx_hal_spi.c **** 
3528:Drivers/STM32L4xx_HAL_Driver/Src/stm32l4xx_hal_spi.c ****   /* Clear the Error flags in the SR register */
3529:Drivers/STM32L4xx_HAL_Driver/Src/stm32l4xx_hal_spi.c ****   __HAL_SPI_CLEAR_OVRFLAG(hspi);
3530:Drivers/STM32L4xx_HAL_Driver/Src/stm32l4xx_hal_spi.c ****   __HAL_SPI_CLEAR_FREFLAG(hspi);
3531:Drivers/STM32L4xx_HAL_Driver/Src/stm32l4xx_hal_spi.c **** 
3532:Drivers/STM32L4xx_HAL_Driver/Src/stm32l4xx_hal_spi.c ****   /* Restore hspi->State to Ready */
3533:Drivers/STM32L4xx_HAL_Driver/Src/stm32l4xx_hal_spi.c ****   hspi->State  = HAL_SPI_STATE_READY;
3534:Drivers/STM32L4xx_HAL_Driver/Src/stm32l4xx_hal_spi.c **** 
3535:Drivers/STM32L4xx_HAL_Driver/Src/stm32l4xx_hal_spi.c ****   /* Call user Abort complete callback */
3536:Drivers/STM32L4xx_HAL_Driver/Src/stm32l4xx_hal_spi.c **** #if (USE_HAL_SPI_REGISTER_CALLBACKS == 1U)
3537:Drivers/STM32L4xx_HAL_Driver/Src/stm32l4xx_hal_spi.c ****   hspi->AbortCpltCallback(hspi);
3538:Drivers/STM32L4xx_HAL_Driver/Src/stm32l4xx_hal_spi.c **** #else
3539:Drivers/STM32L4xx_HAL_Driver/Src/stm32l4xx_hal_spi.c ****   HAL_SPI_AbortCpltCallback(hspi);
3540:Drivers/STM32L4xx_HAL_Driver/Src/stm32l4xx_hal_spi.c **** #endif /* USE_HAL_SPI_REGISTER_CALLBACKS */
3541:Drivers/STM32L4xx_HAL_Driver/Src/stm32l4xx_hal_spi.c **** }
3542:Drivers/STM32L4xx_HAL_Driver/Src/stm32l4xx_hal_spi.c **** 
3543:Drivers/STM32L4xx_HAL_Driver/Src/stm32l4xx_hal_spi.c **** /**
3544:Drivers/STM32L4xx_HAL_Driver/Src/stm32l4xx_hal_spi.c ****   * @brief  Rx 8-bit handler for Transmit and Receive in Interrupt mode.
3545:Drivers/STM32L4xx_HAL_Driver/Src/stm32l4xx_hal_spi.c ****   * @param  hspi pointer to a SPI_HandleTypeDef structure that contains
3546:Drivers/STM32L4xx_HAL_Driver/Src/stm32l4xx_hal_spi.c ****   *               the configuration information for SPI module.
3547:Drivers/STM32L4xx_HAL_Driver/Src/stm32l4xx_hal_spi.c ****   * @retval None
3548:Drivers/STM32L4xx_HAL_Driver/Src/stm32l4xx_hal_spi.c ****   */
3549:Drivers/STM32L4xx_HAL_Driver/Src/stm32l4xx_hal_spi.c **** static void SPI_2linesRxISR_8BIT(struct __SPI_HandleTypeDef *hspi)
3550:Drivers/STM32L4xx_HAL_Driver/Src/stm32l4xx_hal_spi.c **** {
3551:Drivers/STM32L4xx_HAL_Driver/Src/stm32l4xx_hal_spi.c ****   /* Receive data in packing mode */
3552:Drivers/STM32L4xx_HAL_Driver/Src/stm32l4xx_hal_spi.c ****   if (hspi->RxXferCount > 1U)
3553:Drivers/STM32L4xx_HAL_Driver/Src/stm32l4xx_hal_spi.c ****   {
3554:Drivers/STM32L4xx_HAL_Driver/Src/stm32l4xx_hal_spi.c ****     *((uint16_t *)hspi->pRxBuffPtr) = (uint16_t)(hspi->Instance->DR);
3555:Drivers/STM32L4xx_HAL_Driver/Src/stm32l4xx_hal_spi.c ****     hspi->pRxBuffPtr += sizeof(uint16_t);
3556:Drivers/STM32L4xx_HAL_Driver/Src/stm32l4xx_hal_spi.c ****     hspi->RxXferCount -= 2U;
3557:Drivers/STM32L4xx_HAL_Driver/Src/stm32l4xx_hal_spi.c ****     if (hspi->RxXferCount == 1U)
3558:Drivers/STM32L4xx_HAL_Driver/Src/stm32l4xx_hal_spi.c ****     {
3559:Drivers/STM32L4xx_HAL_Driver/Src/stm32l4xx_hal_spi.c ****       /* Set RX Fifo threshold according the reception data length: 8bit */
3560:Drivers/STM32L4xx_HAL_Driver/Src/stm32l4xx_hal_spi.c ****       SET_BIT(hspi->Instance->CR2, SPI_RXFIFO_THRESHOLD);
3561:Drivers/STM32L4xx_HAL_Driver/Src/stm32l4xx_hal_spi.c ****     }
3562:Drivers/STM32L4xx_HAL_Driver/Src/stm32l4xx_hal_spi.c ****   }
3563:Drivers/STM32L4xx_HAL_Driver/Src/stm32l4xx_hal_spi.c ****   /* Receive data in 8 Bit mode */
3564:Drivers/STM32L4xx_HAL_Driver/Src/stm32l4xx_hal_spi.c ****   else
ARM GAS  /tmp/ccl8yU0j.s 			page 64


3565:Drivers/STM32L4xx_HAL_Driver/Src/stm32l4xx_hal_spi.c ****   {
3566:Drivers/STM32L4xx_HAL_Driver/Src/stm32l4xx_hal_spi.c ****     *hspi->pRxBuffPtr = *((__IO uint8_t *)&hspi->Instance->DR);
3567:Drivers/STM32L4xx_HAL_Driver/Src/stm32l4xx_hal_spi.c ****     hspi->pRxBuffPtr++;
3568:Drivers/STM32L4xx_HAL_Driver/Src/stm32l4xx_hal_spi.c ****     hspi->RxXferCount--;
3569:Drivers/STM32L4xx_HAL_Driver/Src/stm32l4xx_hal_spi.c ****   }
3570:Drivers/STM32L4xx_HAL_Driver/Src/stm32l4xx_hal_spi.c **** 
3571:Drivers/STM32L4xx_HAL_Driver/Src/stm32l4xx_hal_spi.c ****   /* Check end of the reception */
3572:Drivers/STM32L4xx_HAL_Driver/Src/stm32l4xx_hal_spi.c ****   if (hspi->RxXferCount == 0U)
3573:Drivers/STM32L4xx_HAL_Driver/Src/stm32l4xx_hal_spi.c ****   {
3574:Drivers/STM32L4xx_HAL_Driver/Src/stm32l4xx_hal_spi.c **** #if (USE_SPI_CRC != 0U)
3575:Drivers/STM32L4xx_HAL_Driver/Src/stm32l4xx_hal_spi.c ****     if (hspi->Init.CRCCalculation == SPI_CRCCALCULATION_ENABLE)
3576:Drivers/STM32L4xx_HAL_Driver/Src/stm32l4xx_hal_spi.c ****     {
3577:Drivers/STM32L4xx_HAL_Driver/Src/stm32l4xx_hal_spi.c ****       SET_BIT(hspi->Instance->CR2, SPI_RXFIFO_THRESHOLD);
3578:Drivers/STM32L4xx_HAL_Driver/Src/stm32l4xx_hal_spi.c ****       hspi->RxISR =  SPI_2linesRxISR_8BITCRC;
3579:Drivers/STM32L4xx_HAL_Driver/Src/stm32l4xx_hal_spi.c ****       return;
3580:Drivers/STM32L4xx_HAL_Driver/Src/stm32l4xx_hal_spi.c ****     }
3581:Drivers/STM32L4xx_HAL_Driver/Src/stm32l4xx_hal_spi.c **** #endif /* USE_SPI_CRC */
3582:Drivers/STM32L4xx_HAL_Driver/Src/stm32l4xx_hal_spi.c **** 
3583:Drivers/STM32L4xx_HAL_Driver/Src/stm32l4xx_hal_spi.c ****     /* Disable RXNE  and ERR interrupt */
3584:Drivers/STM32L4xx_HAL_Driver/Src/stm32l4xx_hal_spi.c ****     __HAL_SPI_DISABLE_IT(hspi, (SPI_IT_RXNE | SPI_IT_ERR));
3585:Drivers/STM32L4xx_HAL_Driver/Src/stm32l4xx_hal_spi.c **** 
3586:Drivers/STM32L4xx_HAL_Driver/Src/stm32l4xx_hal_spi.c ****     if (hspi->TxXferCount == 0U)
3587:Drivers/STM32L4xx_HAL_Driver/Src/stm32l4xx_hal_spi.c ****     {
3588:Drivers/STM32L4xx_HAL_Driver/Src/stm32l4xx_hal_spi.c ****       SPI_CloseRxTx_ISR(hspi);
3589:Drivers/STM32L4xx_HAL_Driver/Src/stm32l4xx_hal_spi.c ****     }
3590:Drivers/STM32L4xx_HAL_Driver/Src/stm32l4xx_hal_spi.c ****   }
3591:Drivers/STM32L4xx_HAL_Driver/Src/stm32l4xx_hal_spi.c **** }
3592:Drivers/STM32L4xx_HAL_Driver/Src/stm32l4xx_hal_spi.c **** 
3593:Drivers/STM32L4xx_HAL_Driver/Src/stm32l4xx_hal_spi.c **** #if (USE_SPI_CRC != 0U)
3594:Drivers/STM32L4xx_HAL_Driver/Src/stm32l4xx_hal_spi.c **** /**
3595:Drivers/STM32L4xx_HAL_Driver/Src/stm32l4xx_hal_spi.c ****   * @brief  Rx 8-bit handler for Transmit and Receive in Interrupt mode.
3596:Drivers/STM32L4xx_HAL_Driver/Src/stm32l4xx_hal_spi.c ****   * @param  hspi pointer to a SPI_HandleTypeDef structure that contains
3597:Drivers/STM32L4xx_HAL_Driver/Src/stm32l4xx_hal_spi.c ****   *               the configuration information for SPI module.
3598:Drivers/STM32L4xx_HAL_Driver/Src/stm32l4xx_hal_spi.c ****   * @retval None
3599:Drivers/STM32L4xx_HAL_Driver/Src/stm32l4xx_hal_spi.c ****   */
3600:Drivers/STM32L4xx_HAL_Driver/Src/stm32l4xx_hal_spi.c **** static void SPI_2linesRxISR_8BITCRC(struct __SPI_HandleTypeDef *hspi)
3601:Drivers/STM32L4xx_HAL_Driver/Src/stm32l4xx_hal_spi.c **** {
3602:Drivers/STM32L4xx_HAL_Driver/Src/stm32l4xx_hal_spi.c ****   __IO uint8_t  *ptmpreg8;
3603:Drivers/STM32L4xx_HAL_Driver/Src/stm32l4xx_hal_spi.c ****   __IO uint8_t  tmpreg8 = 0;
3604:Drivers/STM32L4xx_HAL_Driver/Src/stm32l4xx_hal_spi.c **** 
3605:Drivers/STM32L4xx_HAL_Driver/Src/stm32l4xx_hal_spi.c ****   /* Initialize the 8bit temporary pointer */
3606:Drivers/STM32L4xx_HAL_Driver/Src/stm32l4xx_hal_spi.c ****   ptmpreg8 = (__IO uint8_t *)&hspi->Instance->DR;
3607:Drivers/STM32L4xx_HAL_Driver/Src/stm32l4xx_hal_spi.c ****   /* Read 8bit CRC to flush Data Register */
3608:Drivers/STM32L4xx_HAL_Driver/Src/stm32l4xx_hal_spi.c ****   tmpreg8 = *ptmpreg8;
3609:Drivers/STM32L4xx_HAL_Driver/Src/stm32l4xx_hal_spi.c ****   /* To avoid GCC warning */
3610:Drivers/STM32L4xx_HAL_Driver/Src/stm32l4xx_hal_spi.c ****   UNUSED(tmpreg8);
3611:Drivers/STM32L4xx_HAL_Driver/Src/stm32l4xx_hal_spi.c **** 
3612:Drivers/STM32L4xx_HAL_Driver/Src/stm32l4xx_hal_spi.c ****   hspi->CRCSize--;
3613:Drivers/STM32L4xx_HAL_Driver/Src/stm32l4xx_hal_spi.c **** 
3614:Drivers/STM32L4xx_HAL_Driver/Src/stm32l4xx_hal_spi.c ****   /* Check end of the reception */
3615:Drivers/STM32L4xx_HAL_Driver/Src/stm32l4xx_hal_spi.c ****   if (hspi->CRCSize == 0U)
3616:Drivers/STM32L4xx_HAL_Driver/Src/stm32l4xx_hal_spi.c ****   {
3617:Drivers/STM32L4xx_HAL_Driver/Src/stm32l4xx_hal_spi.c ****     /* Disable RXNE and ERR interrupt */
3618:Drivers/STM32L4xx_HAL_Driver/Src/stm32l4xx_hal_spi.c ****     __HAL_SPI_DISABLE_IT(hspi, (SPI_IT_RXNE | SPI_IT_ERR));
3619:Drivers/STM32L4xx_HAL_Driver/Src/stm32l4xx_hal_spi.c **** 
3620:Drivers/STM32L4xx_HAL_Driver/Src/stm32l4xx_hal_spi.c ****     if (hspi->TxXferCount == 0U)
3621:Drivers/STM32L4xx_HAL_Driver/Src/stm32l4xx_hal_spi.c ****     {
ARM GAS  /tmp/ccl8yU0j.s 			page 65


3622:Drivers/STM32L4xx_HAL_Driver/Src/stm32l4xx_hal_spi.c ****       SPI_CloseRxTx_ISR(hspi);
3623:Drivers/STM32L4xx_HAL_Driver/Src/stm32l4xx_hal_spi.c ****     }
3624:Drivers/STM32L4xx_HAL_Driver/Src/stm32l4xx_hal_spi.c ****   }
3625:Drivers/STM32L4xx_HAL_Driver/Src/stm32l4xx_hal_spi.c **** }
3626:Drivers/STM32L4xx_HAL_Driver/Src/stm32l4xx_hal_spi.c **** #endif /* USE_SPI_CRC */
3627:Drivers/STM32L4xx_HAL_Driver/Src/stm32l4xx_hal_spi.c **** 
3628:Drivers/STM32L4xx_HAL_Driver/Src/stm32l4xx_hal_spi.c **** /**
3629:Drivers/STM32L4xx_HAL_Driver/Src/stm32l4xx_hal_spi.c ****   * @brief  Tx 8-bit handler for Transmit and Receive in Interrupt mode.
3630:Drivers/STM32L4xx_HAL_Driver/Src/stm32l4xx_hal_spi.c ****   * @param  hspi pointer to a SPI_HandleTypeDef structure that contains
3631:Drivers/STM32L4xx_HAL_Driver/Src/stm32l4xx_hal_spi.c ****   *               the configuration information for SPI module.
3632:Drivers/STM32L4xx_HAL_Driver/Src/stm32l4xx_hal_spi.c ****   * @retval None
3633:Drivers/STM32L4xx_HAL_Driver/Src/stm32l4xx_hal_spi.c ****   */
3634:Drivers/STM32L4xx_HAL_Driver/Src/stm32l4xx_hal_spi.c **** static void SPI_2linesTxISR_8BIT(struct __SPI_HandleTypeDef *hspi)
3635:Drivers/STM32L4xx_HAL_Driver/Src/stm32l4xx_hal_spi.c **** {
3636:Drivers/STM32L4xx_HAL_Driver/Src/stm32l4xx_hal_spi.c ****   /* Transmit data in packing Bit mode */
3637:Drivers/STM32L4xx_HAL_Driver/Src/stm32l4xx_hal_spi.c ****   if (hspi->TxXferCount >= 2U)
3638:Drivers/STM32L4xx_HAL_Driver/Src/stm32l4xx_hal_spi.c ****   {
3639:Drivers/STM32L4xx_HAL_Driver/Src/stm32l4xx_hal_spi.c ****     hspi->Instance->DR = *((const uint16_t *)hspi->pTxBuffPtr);
3640:Drivers/STM32L4xx_HAL_Driver/Src/stm32l4xx_hal_spi.c ****     hspi->pTxBuffPtr += sizeof(uint16_t);
3641:Drivers/STM32L4xx_HAL_Driver/Src/stm32l4xx_hal_spi.c ****     hspi->TxXferCount -= 2U;
3642:Drivers/STM32L4xx_HAL_Driver/Src/stm32l4xx_hal_spi.c ****   }
3643:Drivers/STM32L4xx_HAL_Driver/Src/stm32l4xx_hal_spi.c ****   /* Transmit data in 8 Bit mode */
3644:Drivers/STM32L4xx_HAL_Driver/Src/stm32l4xx_hal_spi.c ****   else
3645:Drivers/STM32L4xx_HAL_Driver/Src/stm32l4xx_hal_spi.c ****   {
3646:Drivers/STM32L4xx_HAL_Driver/Src/stm32l4xx_hal_spi.c ****     *(__IO uint8_t *)&hspi->Instance->DR = *((const uint8_t *)hspi->pTxBuffPtr);
3647:Drivers/STM32L4xx_HAL_Driver/Src/stm32l4xx_hal_spi.c ****     hspi->pTxBuffPtr++;
3648:Drivers/STM32L4xx_HAL_Driver/Src/stm32l4xx_hal_spi.c ****     hspi->TxXferCount--;
3649:Drivers/STM32L4xx_HAL_Driver/Src/stm32l4xx_hal_spi.c ****   }
3650:Drivers/STM32L4xx_HAL_Driver/Src/stm32l4xx_hal_spi.c **** 
3651:Drivers/STM32L4xx_HAL_Driver/Src/stm32l4xx_hal_spi.c ****   /* Check the end of the transmission */
3652:Drivers/STM32L4xx_HAL_Driver/Src/stm32l4xx_hal_spi.c ****   if (hspi->TxXferCount == 0U)
3653:Drivers/STM32L4xx_HAL_Driver/Src/stm32l4xx_hal_spi.c ****   {
3654:Drivers/STM32L4xx_HAL_Driver/Src/stm32l4xx_hal_spi.c **** #if (USE_SPI_CRC != 0U)
3655:Drivers/STM32L4xx_HAL_Driver/Src/stm32l4xx_hal_spi.c ****     if (hspi->Init.CRCCalculation == SPI_CRCCALCULATION_ENABLE)
3656:Drivers/STM32L4xx_HAL_Driver/Src/stm32l4xx_hal_spi.c ****     {
3657:Drivers/STM32L4xx_HAL_Driver/Src/stm32l4xx_hal_spi.c ****       /* Set CRC Next Bit to send CRC */
3658:Drivers/STM32L4xx_HAL_Driver/Src/stm32l4xx_hal_spi.c ****       SET_BIT(hspi->Instance->CR1, SPI_CR1_CRCNEXT);
3659:Drivers/STM32L4xx_HAL_Driver/Src/stm32l4xx_hal_spi.c ****       /* Disable TXE interrupt */
3660:Drivers/STM32L4xx_HAL_Driver/Src/stm32l4xx_hal_spi.c ****       __HAL_SPI_DISABLE_IT(hspi, SPI_IT_TXE);
3661:Drivers/STM32L4xx_HAL_Driver/Src/stm32l4xx_hal_spi.c ****       return;
3662:Drivers/STM32L4xx_HAL_Driver/Src/stm32l4xx_hal_spi.c ****     }
3663:Drivers/STM32L4xx_HAL_Driver/Src/stm32l4xx_hal_spi.c **** #endif /* USE_SPI_CRC */
3664:Drivers/STM32L4xx_HAL_Driver/Src/stm32l4xx_hal_spi.c **** 
3665:Drivers/STM32L4xx_HAL_Driver/Src/stm32l4xx_hal_spi.c ****     /* Disable TXE interrupt */
3666:Drivers/STM32L4xx_HAL_Driver/Src/stm32l4xx_hal_spi.c ****     __HAL_SPI_DISABLE_IT(hspi, SPI_IT_TXE);
3667:Drivers/STM32L4xx_HAL_Driver/Src/stm32l4xx_hal_spi.c **** 
3668:Drivers/STM32L4xx_HAL_Driver/Src/stm32l4xx_hal_spi.c ****     if (hspi->RxXferCount == 0U)
3669:Drivers/STM32L4xx_HAL_Driver/Src/stm32l4xx_hal_spi.c ****     {
3670:Drivers/STM32L4xx_HAL_Driver/Src/stm32l4xx_hal_spi.c ****       SPI_CloseRxTx_ISR(hspi);
3671:Drivers/STM32L4xx_HAL_Driver/Src/stm32l4xx_hal_spi.c ****     }
3672:Drivers/STM32L4xx_HAL_Driver/Src/stm32l4xx_hal_spi.c ****   }
3673:Drivers/STM32L4xx_HAL_Driver/Src/stm32l4xx_hal_spi.c **** }
3674:Drivers/STM32L4xx_HAL_Driver/Src/stm32l4xx_hal_spi.c **** 
3675:Drivers/STM32L4xx_HAL_Driver/Src/stm32l4xx_hal_spi.c **** /**
3676:Drivers/STM32L4xx_HAL_Driver/Src/stm32l4xx_hal_spi.c ****   * @brief  Rx 16-bit handler for Transmit and Receive in Interrupt mode.
3677:Drivers/STM32L4xx_HAL_Driver/Src/stm32l4xx_hal_spi.c ****   * @param  hspi pointer to a SPI_HandleTypeDef structure that contains
3678:Drivers/STM32L4xx_HAL_Driver/Src/stm32l4xx_hal_spi.c ****   *               the configuration information for SPI module.
ARM GAS  /tmp/ccl8yU0j.s 			page 66


3679:Drivers/STM32L4xx_HAL_Driver/Src/stm32l4xx_hal_spi.c ****   * @retval None
3680:Drivers/STM32L4xx_HAL_Driver/Src/stm32l4xx_hal_spi.c ****   */
3681:Drivers/STM32L4xx_HAL_Driver/Src/stm32l4xx_hal_spi.c **** static void SPI_2linesRxISR_16BIT(struct __SPI_HandleTypeDef *hspi)
3682:Drivers/STM32L4xx_HAL_Driver/Src/stm32l4xx_hal_spi.c **** {
3683:Drivers/STM32L4xx_HAL_Driver/Src/stm32l4xx_hal_spi.c ****   /* Receive data in 16 Bit mode */
3684:Drivers/STM32L4xx_HAL_Driver/Src/stm32l4xx_hal_spi.c ****   *((uint16_t *)hspi->pRxBuffPtr) = (uint16_t)(hspi->Instance->DR);
3685:Drivers/STM32L4xx_HAL_Driver/Src/stm32l4xx_hal_spi.c ****   hspi->pRxBuffPtr += sizeof(uint16_t);
3686:Drivers/STM32L4xx_HAL_Driver/Src/stm32l4xx_hal_spi.c ****   hspi->RxXferCount--;
3687:Drivers/STM32L4xx_HAL_Driver/Src/stm32l4xx_hal_spi.c **** 
3688:Drivers/STM32L4xx_HAL_Driver/Src/stm32l4xx_hal_spi.c ****   if (hspi->RxXferCount == 0U)
3689:Drivers/STM32L4xx_HAL_Driver/Src/stm32l4xx_hal_spi.c ****   {
3690:Drivers/STM32L4xx_HAL_Driver/Src/stm32l4xx_hal_spi.c **** #if (USE_SPI_CRC != 0U)
3691:Drivers/STM32L4xx_HAL_Driver/Src/stm32l4xx_hal_spi.c ****     if (hspi->Init.CRCCalculation == SPI_CRCCALCULATION_ENABLE)
3692:Drivers/STM32L4xx_HAL_Driver/Src/stm32l4xx_hal_spi.c ****     {
3693:Drivers/STM32L4xx_HAL_Driver/Src/stm32l4xx_hal_spi.c ****       hspi->RxISR =  SPI_2linesRxISR_16BITCRC;
3694:Drivers/STM32L4xx_HAL_Driver/Src/stm32l4xx_hal_spi.c ****       return;
3695:Drivers/STM32L4xx_HAL_Driver/Src/stm32l4xx_hal_spi.c ****     }
3696:Drivers/STM32L4xx_HAL_Driver/Src/stm32l4xx_hal_spi.c **** #endif /* USE_SPI_CRC */
3697:Drivers/STM32L4xx_HAL_Driver/Src/stm32l4xx_hal_spi.c **** 
3698:Drivers/STM32L4xx_HAL_Driver/Src/stm32l4xx_hal_spi.c ****     /* Disable RXNE interrupt */
3699:Drivers/STM32L4xx_HAL_Driver/Src/stm32l4xx_hal_spi.c ****     __HAL_SPI_DISABLE_IT(hspi, SPI_IT_RXNE);
3700:Drivers/STM32L4xx_HAL_Driver/Src/stm32l4xx_hal_spi.c **** 
3701:Drivers/STM32L4xx_HAL_Driver/Src/stm32l4xx_hal_spi.c ****     if (hspi->TxXferCount == 0U)
3702:Drivers/STM32L4xx_HAL_Driver/Src/stm32l4xx_hal_spi.c ****     {
3703:Drivers/STM32L4xx_HAL_Driver/Src/stm32l4xx_hal_spi.c ****       SPI_CloseRxTx_ISR(hspi);
3704:Drivers/STM32L4xx_HAL_Driver/Src/stm32l4xx_hal_spi.c ****     }
3705:Drivers/STM32L4xx_HAL_Driver/Src/stm32l4xx_hal_spi.c ****   }
3706:Drivers/STM32L4xx_HAL_Driver/Src/stm32l4xx_hal_spi.c **** }
3707:Drivers/STM32L4xx_HAL_Driver/Src/stm32l4xx_hal_spi.c **** 
3708:Drivers/STM32L4xx_HAL_Driver/Src/stm32l4xx_hal_spi.c **** #if (USE_SPI_CRC != 0U)
3709:Drivers/STM32L4xx_HAL_Driver/Src/stm32l4xx_hal_spi.c **** /**
3710:Drivers/STM32L4xx_HAL_Driver/Src/stm32l4xx_hal_spi.c ****   * @brief  Manage the CRC 16-bit receive for Transmit and Receive in Interrupt mode.
3711:Drivers/STM32L4xx_HAL_Driver/Src/stm32l4xx_hal_spi.c ****   * @param  hspi pointer to a SPI_HandleTypeDef structure that contains
3712:Drivers/STM32L4xx_HAL_Driver/Src/stm32l4xx_hal_spi.c ****   *               the configuration information for SPI module.
3713:Drivers/STM32L4xx_HAL_Driver/Src/stm32l4xx_hal_spi.c ****   * @retval None
3714:Drivers/STM32L4xx_HAL_Driver/Src/stm32l4xx_hal_spi.c ****   */
3715:Drivers/STM32L4xx_HAL_Driver/Src/stm32l4xx_hal_spi.c **** static void SPI_2linesRxISR_16BITCRC(struct __SPI_HandleTypeDef *hspi)
3716:Drivers/STM32L4xx_HAL_Driver/Src/stm32l4xx_hal_spi.c **** {
3717:Drivers/STM32L4xx_HAL_Driver/Src/stm32l4xx_hal_spi.c ****   __IO uint32_t tmpreg = 0U;
3718:Drivers/STM32L4xx_HAL_Driver/Src/stm32l4xx_hal_spi.c **** 
3719:Drivers/STM32L4xx_HAL_Driver/Src/stm32l4xx_hal_spi.c ****   /* Read 16bit CRC to flush Data Register */
3720:Drivers/STM32L4xx_HAL_Driver/Src/stm32l4xx_hal_spi.c ****   tmpreg = READ_REG(hspi->Instance->DR);
3721:Drivers/STM32L4xx_HAL_Driver/Src/stm32l4xx_hal_spi.c ****   /* To avoid GCC warning */
3722:Drivers/STM32L4xx_HAL_Driver/Src/stm32l4xx_hal_spi.c ****   UNUSED(tmpreg);
3723:Drivers/STM32L4xx_HAL_Driver/Src/stm32l4xx_hal_spi.c **** 
3724:Drivers/STM32L4xx_HAL_Driver/Src/stm32l4xx_hal_spi.c ****   /* Disable RXNE interrupt */
3725:Drivers/STM32L4xx_HAL_Driver/Src/stm32l4xx_hal_spi.c ****   __HAL_SPI_DISABLE_IT(hspi, SPI_IT_RXNE);
3726:Drivers/STM32L4xx_HAL_Driver/Src/stm32l4xx_hal_spi.c **** 
3727:Drivers/STM32L4xx_HAL_Driver/Src/stm32l4xx_hal_spi.c ****   SPI_CloseRxTx_ISR(hspi);
3728:Drivers/STM32L4xx_HAL_Driver/Src/stm32l4xx_hal_spi.c **** }
3729:Drivers/STM32L4xx_HAL_Driver/Src/stm32l4xx_hal_spi.c **** #endif /* USE_SPI_CRC */
3730:Drivers/STM32L4xx_HAL_Driver/Src/stm32l4xx_hal_spi.c **** 
3731:Drivers/STM32L4xx_HAL_Driver/Src/stm32l4xx_hal_spi.c **** /**
3732:Drivers/STM32L4xx_HAL_Driver/Src/stm32l4xx_hal_spi.c ****   * @brief  Tx 16-bit handler for Transmit and Receive in Interrupt mode.
3733:Drivers/STM32L4xx_HAL_Driver/Src/stm32l4xx_hal_spi.c ****   * @param  hspi pointer to a SPI_HandleTypeDef structure that contains
3734:Drivers/STM32L4xx_HAL_Driver/Src/stm32l4xx_hal_spi.c ****   *               the configuration information for SPI module.
3735:Drivers/STM32L4xx_HAL_Driver/Src/stm32l4xx_hal_spi.c ****   * @retval None
ARM GAS  /tmp/ccl8yU0j.s 			page 67


3736:Drivers/STM32L4xx_HAL_Driver/Src/stm32l4xx_hal_spi.c ****   */
3737:Drivers/STM32L4xx_HAL_Driver/Src/stm32l4xx_hal_spi.c **** static void SPI_2linesTxISR_16BIT(struct __SPI_HandleTypeDef *hspi)
3738:Drivers/STM32L4xx_HAL_Driver/Src/stm32l4xx_hal_spi.c **** {
3739:Drivers/STM32L4xx_HAL_Driver/Src/stm32l4xx_hal_spi.c ****   /* Transmit data in 16 Bit mode */
3740:Drivers/STM32L4xx_HAL_Driver/Src/stm32l4xx_hal_spi.c ****   hspi->Instance->DR = *((const uint16_t *)hspi->pTxBuffPtr);
3741:Drivers/STM32L4xx_HAL_Driver/Src/stm32l4xx_hal_spi.c ****   hspi->pTxBuffPtr += sizeof(uint16_t);
3742:Drivers/STM32L4xx_HAL_Driver/Src/stm32l4xx_hal_spi.c ****   hspi->TxXferCount--;
3743:Drivers/STM32L4xx_HAL_Driver/Src/stm32l4xx_hal_spi.c **** 
3744:Drivers/STM32L4xx_HAL_Driver/Src/stm32l4xx_hal_spi.c ****   /* Enable CRC Transmission */
3745:Drivers/STM32L4xx_HAL_Driver/Src/stm32l4xx_hal_spi.c ****   if (hspi->TxXferCount == 0U)
3746:Drivers/STM32L4xx_HAL_Driver/Src/stm32l4xx_hal_spi.c ****   {
3747:Drivers/STM32L4xx_HAL_Driver/Src/stm32l4xx_hal_spi.c **** #if (USE_SPI_CRC != 0U)
3748:Drivers/STM32L4xx_HAL_Driver/Src/stm32l4xx_hal_spi.c ****     if (hspi->Init.CRCCalculation == SPI_CRCCALCULATION_ENABLE)
3749:Drivers/STM32L4xx_HAL_Driver/Src/stm32l4xx_hal_spi.c ****     {
3750:Drivers/STM32L4xx_HAL_Driver/Src/stm32l4xx_hal_spi.c ****       /* Set CRC Next Bit to send CRC */
3751:Drivers/STM32L4xx_HAL_Driver/Src/stm32l4xx_hal_spi.c ****       SET_BIT(hspi->Instance->CR1, SPI_CR1_CRCNEXT);
3752:Drivers/STM32L4xx_HAL_Driver/Src/stm32l4xx_hal_spi.c ****       /* Disable TXE interrupt */
3753:Drivers/STM32L4xx_HAL_Driver/Src/stm32l4xx_hal_spi.c ****       __HAL_SPI_DISABLE_IT(hspi, SPI_IT_TXE);
3754:Drivers/STM32L4xx_HAL_Driver/Src/stm32l4xx_hal_spi.c ****       return;
3755:Drivers/STM32L4xx_HAL_Driver/Src/stm32l4xx_hal_spi.c ****     }
3756:Drivers/STM32L4xx_HAL_Driver/Src/stm32l4xx_hal_spi.c **** #endif /* USE_SPI_CRC */
3757:Drivers/STM32L4xx_HAL_Driver/Src/stm32l4xx_hal_spi.c **** 
3758:Drivers/STM32L4xx_HAL_Driver/Src/stm32l4xx_hal_spi.c ****     /* Disable TXE interrupt */
3759:Drivers/STM32L4xx_HAL_Driver/Src/stm32l4xx_hal_spi.c ****     __HAL_SPI_DISABLE_IT(hspi, SPI_IT_TXE);
3760:Drivers/STM32L4xx_HAL_Driver/Src/stm32l4xx_hal_spi.c **** 
3761:Drivers/STM32L4xx_HAL_Driver/Src/stm32l4xx_hal_spi.c ****     if (hspi->RxXferCount == 0U)
3762:Drivers/STM32L4xx_HAL_Driver/Src/stm32l4xx_hal_spi.c ****     {
3763:Drivers/STM32L4xx_HAL_Driver/Src/stm32l4xx_hal_spi.c ****       SPI_CloseRxTx_ISR(hspi);
3764:Drivers/STM32L4xx_HAL_Driver/Src/stm32l4xx_hal_spi.c ****     }
3765:Drivers/STM32L4xx_HAL_Driver/Src/stm32l4xx_hal_spi.c ****   }
3766:Drivers/STM32L4xx_HAL_Driver/Src/stm32l4xx_hal_spi.c **** }
3767:Drivers/STM32L4xx_HAL_Driver/Src/stm32l4xx_hal_spi.c **** 
3768:Drivers/STM32L4xx_HAL_Driver/Src/stm32l4xx_hal_spi.c **** #if (USE_SPI_CRC != 0U)
3769:Drivers/STM32L4xx_HAL_Driver/Src/stm32l4xx_hal_spi.c **** /**
3770:Drivers/STM32L4xx_HAL_Driver/Src/stm32l4xx_hal_spi.c ****   * @brief  Manage the CRC 8-bit receive in Interrupt context.
3771:Drivers/STM32L4xx_HAL_Driver/Src/stm32l4xx_hal_spi.c ****   * @param  hspi pointer to a SPI_HandleTypeDef structure that contains
3772:Drivers/STM32L4xx_HAL_Driver/Src/stm32l4xx_hal_spi.c ****   *               the configuration information for SPI module.
3773:Drivers/STM32L4xx_HAL_Driver/Src/stm32l4xx_hal_spi.c ****   * @retval None
3774:Drivers/STM32L4xx_HAL_Driver/Src/stm32l4xx_hal_spi.c ****   */
3775:Drivers/STM32L4xx_HAL_Driver/Src/stm32l4xx_hal_spi.c **** static void SPI_RxISR_8BITCRC(struct __SPI_HandleTypeDef *hspi)
3776:Drivers/STM32L4xx_HAL_Driver/Src/stm32l4xx_hal_spi.c **** {
3777:Drivers/STM32L4xx_HAL_Driver/Src/stm32l4xx_hal_spi.c ****   __IO uint8_t  *ptmpreg8;
3778:Drivers/STM32L4xx_HAL_Driver/Src/stm32l4xx_hal_spi.c ****   __IO uint8_t  tmpreg8 = 0;
3779:Drivers/STM32L4xx_HAL_Driver/Src/stm32l4xx_hal_spi.c **** 
3780:Drivers/STM32L4xx_HAL_Driver/Src/stm32l4xx_hal_spi.c ****   /* Initialize the 8bit temporary pointer */
3781:Drivers/STM32L4xx_HAL_Driver/Src/stm32l4xx_hal_spi.c ****   ptmpreg8 = (__IO uint8_t *)&hspi->Instance->DR;
3782:Drivers/STM32L4xx_HAL_Driver/Src/stm32l4xx_hal_spi.c ****   /* Read 8bit CRC to flush Data Register */
3783:Drivers/STM32L4xx_HAL_Driver/Src/stm32l4xx_hal_spi.c ****   tmpreg8 = *ptmpreg8;
3784:Drivers/STM32L4xx_HAL_Driver/Src/stm32l4xx_hal_spi.c ****   /* To avoid GCC warning */
3785:Drivers/STM32L4xx_HAL_Driver/Src/stm32l4xx_hal_spi.c ****   UNUSED(tmpreg8);
3786:Drivers/STM32L4xx_HAL_Driver/Src/stm32l4xx_hal_spi.c **** 
3787:Drivers/STM32L4xx_HAL_Driver/Src/stm32l4xx_hal_spi.c ****   hspi->CRCSize--;
3788:Drivers/STM32L4xx_HAL_Driver/Src/stm32l4xx_hal_spi.c **** 
3789:Drivers/STM32L4xx_HAL_Driver/Src/stm32l4xx_hal_spi.c ****   if (hspi->CRCSize == 0U)
3790:Drivers/STM32L4xx_HAL_Driver/Src/stm32l4xx_hal_spi.c ****   {
3791:Drivers/STM32L4xx_HAL_Driver/Src/stm32l4xx_hal_spi.c ****     SPI_CloseRx_ISR(hspi);
3792:Drivers/STM32L4xx_HAL_Driver/Src/stm32l4xx_hal_spi.c ****   }
ARM GAS  /tmp/ccl8yU0j.s 			page 68


3793:Drivers/STM32L4xx_HAL_Driver/Src/stm32l4xx_hal_spi.c **** }
3794:Drivers/STM32L4xx_HAL_Driver/Src/stm32l4xx_hal_spi.c **** #endif /* USE_SPI_CRC */
3795:Drivers/STM32L4xx_HAL_Driver/Src/stm32l4xx_hal_spi.c **** 
3796:Drivers/STM32L4xx_HAL_Driver/Src/stm32l4xx_hal_spi.c **** /**
3797:Drivers/STM32L4xx_HAL_Driver/Src/stm32l4xx_hal_spi.c ****   * @brief  Manage the receive 8-bit in Interrupt context.
3798:Drivers/STM32L4xx_HAL_Driver/Src/stm32l4xx_hal_spi.c ****   * @param  hspi pointer to a SPI_HandleTypeDef structure that contains
3799:Drivers/STM32L4xx_HAL_Driver/Src/stm32l4xx_hal_spi.c ****   *               the configuration information for SPI module.
3800:Drivers/STM32L4xx_HAL_Driver/Src/stm32l4xx_hal_spi.c ****   * @retval None
3801:Drivers/STM32L4xx_HAL_Driver/Src/stm32l4xx_hal_spi.c ****   */
3802:Drivers/STM32L4xx_HAL_Driver/Src/stm32l4xx_hal_spi.c **** static void SPI_RxISR_8BIT(struct __SPI_HandleTypeDef *hspi)
3803:Drivers/STM32L4xx_HAL_Driver/Src/stm32l4xx_hal_spi.c **** {
3804:Drivers/STM32L4xx_HAL_Driver/Src/stm32l4xx_hal_spi.c ****   *hspi->pRxBuffPtr = (*(__IO uint8_t *)&hspi->Instance->DR);
3805:Drivers/STM32L4xx_HAL_Driver/Src/stm32l4xx_hal_spi.c ****   hspi->pRxBuffPtr++;
3806:Drivers/STM32L4xx_HAL_Driver/Src/stm32l4xx_hal_spi.c ****   hspi->RxXferCount--;
3807:Drivers/STM32L4xx_HAL_Driver/Src/stm32l4xx_hal_spi.c **** 
3808:Drivers/STM32L4xx_HAL_Driver/Src/stm32l4xx_hal_spi.c **** #if (USE_SPI_CRC != 0U)
3809:Drivers/STM32L4xx_HAL_Driver/Src/stm32l4xx_hal_spi.c ****   /* Enable CRC Transmission */
3810:Drivers/STM32L4xx_HAL_Driver/Src/stm32l4xx_hal_spi.c ****   if ((hspi->RxXferCount == 1U) && (hspi->Init.CRCCalculation == SPI_CRCCALCULATION_ENABLE))
3811:Drivers/STM32L4xx_HAL_Driver/Src/stm32l4xx_hal_spi.c ****   {
3812:Drivers/STM32L4xx_HAL_Driver/Src/stm32l4xx_hal_spi.c ****     SET_BIT(hspi->Instance->CR1, SPI_CR1_CRCNEXT);
3813:Drivers/STM32L4xx_HAL_Driver/Src/stm32l4xx_hal_spi.c ****   }
3814:Drivers/STM32L4xx_HAL_Driver/Src/stm32l4xx_hal_spi.c **** #endif /* USE_SPI_CRC */
3815:Drivers/STM32L4xx_HAL_Driver/Src/stm32l4xx_hal_spi.c **** 
3816:Drivers/STM32L4xx_HAL_Driver/Src/stm32l4xx_hal_spi.c ****   if (hspi->RxXferCount == 0U)
3817:Drivers/STM32L4xx_HAL_Driver/Src/stm32l4xx_hal_spi.c ****   {
3818:Drivers/STM32L4xx_HAL_Driver/Src/stm32l4xx_hal_spi.c **** #if (USE_SPI_CRC != 0U)
3819:Drivers/STM32L4xx_HAL_Driver/Src/stm32l4xx_hal_spi.c ****     if (hspi->Init.CRCCalculation == SPI_CRCCALCULATION_ENABLE)
3820:Drivers/STM32L4xx_HAL_Driver/Src/stm32l4xx_hal_spi.c ****     {
3821:Drivers/STM32L4xx_HAL_Driver/Src/stm32l4xx_hal_spi.c ****       hspi->RxISR =  SPI_RxISR_8BITCRC;
3822:Drivers/STM32L4xx_HAL_Driver/Src/stm32l4xx_hal_spi.c ****       return;
3823:Drivers/STM32L4xx_HAL_Driver/Src/stm32l4xx_hal_spi.c ****     }
3824:Drivers/STM32L4xx_HAL_Driver/Src/stm32l4xx_hal_spi.c **** #endif /* USE_SPI_CRC */
3825:Drivers/STM32L4xx_HAL_Driver/Src/stm32l4xx_hal_spi.c ****     SPI_CloseRx_ISR(hspi);
3826:Drivers/STM32L4xx_HAL_Driver/Src/stm32l4xx_hal_spi.c ****   }
3827:Drivers/STM32L4xx_HAL_Driver/Src/stm32l4xx_hal_spi.c **** }
3828:Drivers/STM32L4xx_HAL_Driver/Src/stm32l4xx_hal_spi.c **** 
3829:Drivers/STM32L4xx_HAL_Driver/Src/stm32l4xx_hal_spi.c **** #if (USE_SPI_CRC != 0U)
3830:Drivers/STM32L4xx_HAL_Driver/Src/stm32l4xx_hal_spi.c **** /**
3831:Drivers/STM32L4xx_HAL_Driver/Src/stm32l4xx_hal_spi.c ****   * @brief  Manage the CRC 16-bit receive in Interrupt context.
3832:Drivers/STM32L4xx_HAL_Driver/Src/stm32l4xx_hal_spi.c ****   * @param  hspi pointer to a SPI_HandleTypeDef structure that contains
3833:Drivers/STM32L4xx_HAL_Driver/Src/stm32l4xx_hal_spi.c ****   *               the configuration information for SPI module.
3834:Drivers/STM32L4xx_HAL_Driver/Src/stm32l4xx_hal_spi.c ****   * @retval None
3835:Drivers/STM32L4xx_HAL_Driver/Src/stm32l4xx_hal_spi.c ****   */
3836:Drivers/STM32L4xx_HAL_Driver/Src/stm32l4xx_hal_spi.c **** static void SPI_RxISR_16BITCRC(struct __SPI_HandleTypeDef *hspi)
3837:Drivers/STM32L4xx_HAL_Driver/Src/stm32l4xx_hal_spi.c **** {
3838:Drivers/STM32L4xx_HAL_Driver/Src/stm32l4xx_hal_spi.c ****   __IO uint32_t tmpreg = 0U;
3839:Drivers/STM32L4xx_HAL_Driver/Src/stm32l4xx_hal_spi.c **** 
3840:Drivers/STM32L4xx_HAL_Driver/Src/stm32l4xx_hal_spi.c ****   /* Read 16bit CRC to flush Data Register */
3841:Drivers/STM32L4xx_HAL_Driver/Src/stm32l4xx_hal_spi.c ****   tmpreg = READ_REG(hspi->Instance->DR);
3842:Drivers/STM32L4xx_HAL_Driver/Src/stm32l4xx_hal_spi.c ****   /* To avoid GCC warning */
3843:Drivers/STM32L4xx_HAL_Driver/Src/stm32l4xx_hal_spi.c ****   UNUSED(tmpreg);
3844:Drivers/STM32L4xx_HAL_Driver/Src/stm32l4xx_hal_spi.c **** 
3845:Drivers/STM32L4xx_HAL_Driver/Src/stm32l4xx_hal_spi.c ****   /* Disable RXNE and ERR interrupt */
3846:Drivers/STM32L4xx_HAL_Driver/Src/stm32l4xx_hal_spi.c ****   __HAL_SPI_DISABLE_IT(hspi, (SPI_IT_RXNE | SPI_IT_ERR));
3847:Drivers/STM32L4xx_HAL_Driver/Src/stm32l4xx_hal_spi.c **** 
3848:Drivers/STM32L4xx_HAL_Driver/Src/stm32l4xx_hal_spi.c ****   SPI_CloseRx_ISR(hspi);
3849:Drivers/STM32L4xx_HAL_Driver/Src/stm32l4xx_hal_spi.c **** }
ARM GAS  /tmp/ccl8yU0j.s 			page 69


3850:Drivers/STM32L4xx_HAL_Driver/Src/stm32l4xx_hal_spi.c **** #endif /* USE_SPI_CRC */
3851:Drivers/STM32L4xx_HAL_Driver/Src/stm32l4xx_hal_spi.c **** 
3852:Drivers/STM32L4xx_HAL_Driver/Src/stm32l4xx_hal_spi.c **** /**
3853:Drivers/STM32L4xx_HAL_Driver/Src/stm32l4xx_hal_spi.c ****   * @brief  Manage the 16-bit receive in Interrupt context.
3854:Drivers/STM32L4xx_HAL_Driver/Src/stm32l4xx_hal_spi.c ****   * @param  hspi pointer to a SPI_HandleTypeDef structure that contains
3855:Drivers/STM32L4xx_HAL_Driver/Src/stm32l4xx_hal_spi.c ****   *               the configuration information for SPI module.
3856:Drivers/STM32L4xx_HAL_Driver/Src/stm32l4xx_hal_spi.c ****   * @retval None
3857:Drivers/STM32L4xx_HAL_Driver/Src/stm32l4xx_hal_spi.c ****   */
3858:Drivers/STM32L4xx_HAL_Driver/Src/stm32l4xx_hal_spi.c **** static void SPI_RxISR_16BIT(struct __SPI_HandleTypeDef *hspi)
3859:Drivers/STM32L4xx_HAL_Driver/Src/stm32l4xx_hal_spi.c **** {
3860:Drivers/STM32L4xx_HAL_Driver/Src/stm32l4xx_hal_spi.c ****   *((uint16_t *)hspi->pRxBuffPtr) = (uint16_t)(hspi->Instance->DR);
3861:Drivers/STM32L4xx_HAL_Driver/Src/stm32l4xx_hal_spi.c ****   hspi->pRxBuffPtr += sizeof(uint16_t);
3862:Drivers/STM32L4xx_HAL_Driver/Src/stm32l4xx_hal_spi.c ****   hspi->RxXferCount--;
3863:Drivers/STM32L4xx_HAL_Driver/Src/stm32l4xx_hal_spi.c **** 
3864:Drivers/STM32L4xx_HAL_Driver/Src/stm32l4xx_hal_spi.c **** #if (USE_SPI_CRC != 0U)
3865:Drivers/STM32L4xx_HAL_Driver/Src/stm32l4xx_hal_spi.c ****   /* Enable CRC Transmission */
3866:Drivers/STM32L4xx_HAL_Driver/Src/stm32l4xx_hal_spi.c ****   if ((hspi->RxXferCount == 1U) && (hspi->Init.CRCCalculation == SPI_CRCCALCULATION_ENABLE))
3867:Drivers/STM32L4xx_HAL_Driver/Src/stm32l4xx_hal_spi.c ****   {
3868:Drivers/STM32L4xx_HAL_Driver/Src/stm32l4xx_hal_spi.c ****     SET_BIT(hspi->Instance->CR1, SPI_CR1_CRCNEXT);
3869:Drivers/STM32L4xx_HAL_Driver/Src/stm32l4xx_hal_spi.c ****   }
3870:Drivers/STM32L4xx_HAL_Driver/Src/stm32l4xx_hal_spi.c **** #endif /* USE_SPI_CRC */
3871:Drivers/STM32L4xx_HAL_Driver/Src/stm32l4xx_hal_spi.c **** 
3872:Drivers/STM32L4xx_HAL_Driver/Src/stm32l4xx_hal_spi.c ****   if (hspi->RxXferCount == 0U)
3873:Drivers/STM32L4xx_HAL_Driver/Src/stm32l4xx_hal_spi.c ****   {
3874:Drivers/STM32L4xx_HAL_Driver/Src/stm32l4xx_hal_spi.c **** #if (USE_SPI_CRC != 0U)
3875:Drivers/STM32L4xx_HAL_Driver/Src/stm32l4xx_hal_spi.c ****     if (hspi->Init.CRCCalculation == SPI_CRCCALCULATION_ENABLE)
3876:Drivers/STM32L4xx_HAL_Driver/Src/stm32l4xx_hal_spi.c ****     {
3877:Drivers/STM32L4xx_HAL_Driver/Src/stm32l4xx_hal_spi.c ****       hspi->RxISR = SPI_RxISR_16BITCRC;
3878:Drivers/STM32L4xx_HAL_Driver/Src/stm32l4xx_hal_spi.c ****       return;
3879:Drivers/STM32L4xx_HAL_Driver/Src/stm32l4xx_hal_spi.c ****     }
3880:Drivers/STM32L4xx_HAL_Driver/Src/stm32l4xx_hal_spi.c **** #endif /* USE_SPI_CRC */
3881:Drivers/STM32L4xx_HAL_Driver/Src/stm32l4xx_hal_spi.c ****     SPI_CloseRx_ISR(hspi);
3882:Drivers/STM32L4xx_HAL_Driver/Src/stm32l4xx_hal_spi.c ****   }
3883:Drivers/STM32L4xx_HAL_Driver/Src/stm32l4xx_hal_spi.c **** }
3884:Drivers/STM32L4xx_HAL_Driver/Src/stm32l4xx_hal_spi.c **** 
3885:Drivers/STM32L4xx_HAL_Driver/Src/stm32l4xx_hal_spi.c **** /**
3886:Drivers/STM32L4xx_HAL_Driver/Src/stm32l4xx_hal_spi.c ****   * @brief  Handle the data 8-bit transmit in Interrupt mode.
3887:Drivers/STM32L4xx_HAL_Driver/Src/stm32l4xx_hal_spi.c ****   * @param  hspi pointer to a SPI_HandleTypeDef structure that contains
3888:Drivers/STM32L4xx_HAL_Driver/Src/stm32l4xx_hal_spi.c ****   *               the configuration information for SPI module.
3889:Drivers/STM32L4xx_HAL_Driver/Src/stm32l4xx_hal_spi.c ****   * @retval None
3890:Drivers/STM32L4xx_HAL_Driver/Src/stm32l4xx_hal_spi.c ****   */
3891:Drivers/STM32L4xx_HAL_Driver/Src/stm32l4xx_hal_spi.c **** static void SPI_TxISR_8BIT(struct __SPI_HandleTypeDef *hspi)
3892:Drivers/STM32L4xx_HAL_Driver/Src/stm32l4xx_hal_spi.c **** {
3893:Drivers/STM32L4xx_HAL_Driver/Src/stm32l4xx_hal_spi.c ****   *(__IO uint8_t *)&hspi->Instance->DR = *((const uint8_t *)hspi->pTxBuffPtr);
3894:Drivers/STM32L4xx_HAL_Driver/Src/stm32l4xx_hal_spi.c ****   hspi->pTxBuffPtr++;
3895:Drivers/STM32L4xx_HAL_Driver/Src/stm32l4xx_hal_spi.c ****   hspi->TxXferCount--;
3896:Drivers/STM32L4xx_HAL_Driver/Src/stm32l4xx_hal_spi.c **** 
3897:Drivers/STM32L4xx_HAL_Driver/Src/stm32l4xx_hal_spi.c ****   if (hspi->TxXferCount == 0U)
3898:Drivers/STM32L4xx_HAL_Driver/Src/stm32l4xx_hal_spi.c ****   {
3899:Drivers/STM32L4xx_HAL_Driver/Src/stm32l4xx_hal_spi.c **** #if (USE_SPI_CRC != 0U)
3900:Drivers/STM32L4xx_HAL_Driver/Src/stm32l4xx_hal_spi.c ****     if (hspi->Init.CRCCalculation == SPI_CRCCALCULATION_ENABLE)
3901:Drivers/STM32L4xx_HAL_Driver/Src/stm32l4xx_hal_spi.c ****     {
3902:Drivers/STM32L4xx_HAL_Driver/Src/stm32l4xx_hal_spi.c ****       /* Enable CRC Transmission */
3903:Drivers/STM32L4xx_HAL_Driver/Src/stm32l4xx_hal_spi.c ****       SET_BIT(hspi->Instance->CR1, SPI_CR1_CRCNEXT);
3904:Drivers/STM32L4xx_HAL_Driver/Src/stm32l4xx_hal_spi.c ****     }
3905:Drivers/STM32L4xx_HAL_Driver/Src/stm32l4xx_hal_spi.c **** #endif /* USE_SPI_CRC */
3906:Drivers/STM32L4xx_HAL_Driver/Src/stm32l4xx_hal_spi.c ****     SPI_CloseTx_ISR(hspi);
ARM GAS  /tmp/ccl8yU0j.s 			page 70


3907:Drivers/STM32L4xx_HAL_Driver/Src/stm32l4xx_hal_spi.c ****   }
3908:Drivers/STM32L4xx_HAL_Driver/Src/stm32l4xx_hal_spi.c **** }
3909:Drivers/STM32L4xx_HAL_Driver/Src/stm32l4xx_hal_spi.c **** 
3910:Drivers/STM32L4xx_HAL_Driver/Src/stm32l4xx_hal_spi.c **** /**
3911:Drivers/STM32L4xx_HAL_Driver/Src/stm32l4xx_hal_spi.c ****   * @brief  Handle the data 16-bit transmit in Interrupt mode.
3912:Drivers/STM32L4xx_HAL_Driver/Src/stm32l4xx_hal_spi.c ****   * @param  hspi pointer to a SPI_HandleTypeDef structure that contains
3913:Drivers/STM32L4xx_HAL_Driver/Src/stm32l4xx_hal_spi.c ****   *               the configuration information for SPI module.
3914:Drivers/STM32L4xx_HAL_Driver/Src/stm32l4xx_hal_spi.c ****   * @retval None
3915:Drivers/STM32L4xx_HAL_Driver/Src/stm32l4xx_hal_spi.c ****   */
3916:Drivers/STM32L4xx_HAL_Driver/Src/stm32l4xx_hal_spi.c **** static void SPI_TxISR_16BIT(struct __SPI_HandleTypeDef *hspi)
3917:Drivers/STM32L4xx_HAL_Driver/Src/stm32l4xx_hal_spi.c **** {
3918:Drivers/STM32L4xx_HAL_Driver/Src/stm32l4xx_hal_spi.c ****   /* Transmit data in 16 Bit mode */
3919:Drivers/STM32L4xx_HAL_Driver/Src/stm32l4xx_hal_spi.c ****   hspi->Instance->DR = *((const uint16_t *)hspi->pTxBuffPtr);
3920:Drivers/STM32L4xx_HAL_Driver/Src/stm32l4xx_hal_spi.c ****   hspi->pTxBuffPtr += sizeof(uint16_t);
3921:Drivers/STM32L4xx_HAL_Driver/Src/stm32l4xx_hal_spi.c ****   hspi->TxXferCount--;
3922:Drivers/STM32L4xx_HAL_Driver/Src/stm32l4xx_hal_spi.c **** 
3923:Drivers/STM32L4xx_HAL_Driver/Src/stm32l4xx_hal_spi.c ****   if (hspi->TxXferCount == 0U)
3924:Drivers/STM32L4xx_HAL_Driver/Src/stm32l4xx_hal_spi.c ****   {
3925:Drivers/STM32L4xx_HAL_Driver/Src/stm32l4xx_hal_spi.c **** #if (USE_SPI_CRC != 0U)
3926:Drivers/STM32L4xx_HAL_Driver/Src/stm32l4xx_hal_spi.c ****     if (hspi->Init.CRCCalculation == SPI_CRCCALCULATION_ENABLE)
3927:Drivers/STM32L4xx_HAL_Driver/Src/stm32l4xx_hal_spi.c ****     {
3928:Drivers/STM32L4xx_HAL_Driver/Src/stm32l4xx_hal_spi.c ****       /* Enable CRC Transmission */
3929:Drivers/STM32L4xx_HAL_Driver/Src/stm32l4xx_hal_spi.c ****       SET_BIT(hspi->Instance->CR1, SPI_CR1_CRCNEXT);
3930:Drivers/STM32L4xx_HAL_Driver/Src/stm32l4xx_hal_spi.c ****     }
3931:Drivers/STM32L4xx_HAL_Driver/Src/stm32l4xx_hal_spi.c **** #endif /* USE_SPI_CRC */
3932:Drivers/STM32L4xx_HAL_Driver/Src/stm32l4xx_hal_spi.c ****     SPI_CloseTx_ISR(hspi);
3933:Drivers/STM32L4xx_HAL_Driver/Src/stm32l4xx_hal_spi.c ****   }
3934:Drivers/STM32L4xx_HAL_Driver/Src/stm32l4xx_hal_spi.c **** }
3935:Drivers/STM32L4xx_HAL_Driver/Src/stm32l4xx_hal_spi.c **** 
3936:Drivers/STM32L4xx_HAL_Driver/Src/stm32l4xx_hal_spi.c **** /**
3937:Drivers/STM32L4xx_HAL_Driver/Src/stm32l4xx_hal_spi.c ****   * @brief  Handle SPI Communication Timeout.
3938:Drivers/STM32L4xx_HAL_Driver/Src/stm32l4xx_hal_spi.c ****   * @param  hspi pointer to a SPI_HandleTypeDef structure that contains
3939:Drivers/STM32L4xx_HAL_Driver/Src/stm32l4xx_hal_spi.c ****   *              the configuration information for SPI module.
3940:Drivers/STM32L4xx_HAL_Driver/Src/stm32l4xx_hal_spi.c ****   * @param  Flag SPI flag to check
3941:Drivers/STM32L4xx_HAL_Driver/Src/stm32l4xx_hal_spi.c ****   * @param  State flag state to check
3942:Drivers/STM32L4xx_HAL_Driver/Src/stm32l4xx_hal_spi.c ****   * @param  Timeout Timeout duration
3943:Drivers/STM32L4xx_HAL_Driver/Src/stm32l4xx_hal_spi.c ****   * @param  Tickstart tick start value
3944:Drivers/STM32L4xx_HAL_Driver/Src/stm32l4xx_hal_spi.c ****   * @retval HAL status
3945:Drivers/STM32L4xx_HAL_Driver/Src/stm32l4xx_hal_spi.c ****   */
3946:Drivers/STM32L4xx_HAL_Driver/Src/stm32l4xx_hal_spi.c **** static HAL_StatusTypeDef SPI_WaitFlagStateUntilTimeout(SPI_HandleTypeDef *hspi, uint32_t Flag, Flag
3947:Drivers/STM32L4xx_HAL_Driver/Src/stm32l4xx_hal_spi.c ****                                                        uint32_t Timeout, uint32_t Tickstart)
3948:Drivers/STM32L4xx_HAL_Driver/Src/stm32l4xx_hal_spi.c **** {
  29              		.loc 1 3948 1 view -0
  30              		.cfi_startproc
  31              		@ args = 4, pretend = 0, frame = 8
  32              		@ frame_needed = 0, uses_anonymous_args = 0
  33              		.loc 1 3948 1 is_stmt 0 view .LVU1
  34 0000 2DE9F047 		push	{r4, r5, r6, r7, r8, r9, r10, lr}
  35              	.LCFI0:
  36              		.cfi_def_cfa_offset 32
  37              		.cfi_offset 4, -32
  38              		.cfi_offset 5, -28
  39              		.cfi_offset 6, -24
  40              		.cfi_offset 7, -20
  41              		.cfi_offset 8, -16
  42              		.cfi_offset 9, -12
  43              		.cfi_offset 10, -8
ARM GAS  /tmp/ccl8yU0j.s 			page 71


  44              		.cfi_offset 14, -4
  45 0004 82B0     		sub	sp, sp, #8
  46              	.LCFI1:
  47              		.cfi_def_cfa_offset 40
  48 0006 0546     		mov	r5, r0
  49 0008 8846     		mov	r8, r1
  50 000a 1746     		mov	r7, r2
  51 000c 1E46     		mov	r6, r3
3949:Drivers/STM32L4xx_HAL_Driver/Src/stm32l4xx_hal_spi.c ****   __IO uint32_t count;
  52              		.loc 1 3949 3 is_stmt 1 view .LVU2
3950:Drivers/STM32L4xx_HAL_Driver/Src/stm32l4xx_hal_spi.c ****   uint32_t tmp_timeout;
  53              		.loc 1 3950 3 view .LVU3
3951:Drivers/STM32L4xx_HAL_Driver/Src/stm32l4xx_hal_spi.c ****   uint32_t tmp_tickstart;
  54              		.loc 1 3951 3 view .LVU4
3952:Drivers/STM32L4xx_HAL_Driver/Src/stm32l4xx_hal_spi.c **** 
3953:Drivers/STM32L4xx_HAL_Driver/Src/stm32l4xx_hal_spi.c ****   /* Adjust Timeout value  in case of end of transfer */
3954:Drivers/STM32L4xx_HAL_Driver/Src/stm32l4xx_hal_spi.c ****   tmp_timeout   = Timeout - (HAL_GetTick() - Tickstart);
  55              		.loc 1 3954 3 view .LVU5
  56              		.loc 1 3954 30 is_stmt 0 view .LVU6
  57 000e FFF7FEFF 		bl	HAL_GetTick
  58              	.LVL1:
  59              		.loc 1 3954 44 view .LVU7
  60 0012 0A9B     		ldr	r3, [sp, #40]
  61 0014 1B1A     		subs	r3, r3, r0
  62              		.loc 1 3954 17 view .LVU8
  63 0016 03EB0609 		add	r9, r3, r6
  64              	.LVL2:
3955:Drivers/STM32L4xx_HAL_Driver/Src/stm32l4xx_hal_spi.c ****   tmp_tickstart = HAL_GetTick();
  65              		.loc 1 3955 3 is_stmt 1 view .LVU9
  66              		.loc 1 3955 19 is_stmt 0 view .LVU10
  67 001a FFF7FEFF 		bl	HAL_GetTick
  68              	.LVL3:
  69 001e 8246     		mov	r10, r0
  70              	.LVL4:
3956:Drivers/STM32L4xx_HAL_Driver/Src/stm32l4xx_hal_spi.c **** 
3957:Drivers/STM32L4xx_HAL_Driver/Src/stm32l4xx_hal_spi.c ****   /* Calculate Timeout based on a software loop to avoid blocking issue if Systick is disabled */
3958:Drivers/STM32L4xx_HAL_Driver/Src/stm32l4xx_hal_spi.c ****   count = tmp_timeout * ((SystemCoreClock * 32U) >> 20U);
  71              		.loc 1 3958 3 is_stmt 1 view .LVU11
  72              		.loc 1 3958 43 is_stmt 0 view .LVU12
  73 0020 2B4B     		ldr	r3, .L16
  74 0022 1B68     		ldr	r3, [r3]
  75              		.loc 1 3958 50 view .LVU13
  76 0024 C3F3CB33 		ubfx	r3, r3, #15, #12
  77              		.loc 1 3958 23 view .LVU14
  78 0028 09FB03F3 		mul	r3, r9, r3
  79              		.loc 1 3958 9 view .LVU15
  80 002c 0193     		str	r3, [sp, #4]
3959:Drivers/STM32L4xx_HAL_Driver/Src/stm32l4xx_hal_spi.c **** 
3960:Drivers/STM32L4xx_HAL_Driver/Src/stm32l4xx_hal_spi.c ****   while ((__HAL_SPI_GET_FLAG(hspi, Flag) ? SET : RESET) != State)
  81              		.loc 1 3960 3 is_stmt 1 view .LVU16
  82              	.LVL5:
  83              	.L3:
  84              		.loc 1 3960 9 view .LVU17
  85              		.loc 1 3960 11 is_stmt 0 view .LVU18
  86 002e 2B68     		ldr	r3, [r5]
  87 0030 9C68     		ldr	r4, [r3, #8]
  88              		.loc 1 3960 48 view .LVU19
ARM GAS  /tmp/ccl8yU0j.s 			page 72


  89 0032 38EA0403 		bics	r3, r8, r4
  90 0036 0CBF     		ite	eq
  91 0038 4FF0010C 		moveq	ip, #1
  92 003c 4FF0000C 		movne	ip, #0
  93              		.loc 1 3960 9 view .LVU20
  94 0040 BC45     		cmp	ip, r7
  95 0042 40D0     		beq	.L13
3961:Drivers/STM32L4xx_HAL_Driver/Src/stm32l4xx_hal_spi.c ****   {
3962:Drivers/STM32L4xx_HAL_Driver/Src/stm32l4xx_hal_spi.c ****     if (Timeout != HAL_MAX_DELAY)
  96              		.loc 1 3962 5 is_stmt 1 view .LVU21
  97              		.loc 1 3962 8 is_stmt 0 view .LVU22
  98 0044 B6F1FF3F 		cmp	r6, #-1
  99 0048 F1D0     		beq	.L3
3963:Drivers/STM32L4xx_HAL_Driver/Src/stm32l4xx_hal_spi.c ****     {
3964:Drivers/STM32L4xx_HAL_Driver/Src/stm32l4xx_hal_spi.c ****       if (((HAL_GetTick() - tmp_tickstart) >= tmp_timeout) || (tmp_timeout == 0U))
 100              		.loc 1 3964 7 is_stmt 1 view .LVU23
 101              		.loc 1 3964 13 is_stmt 0 view .LVU24
 102 004a FFF7FEFF 		bl	HAL_GetTick
 103              	.LVL6:
 104              		.loc 1 3964 27 view .LVU25
 105 004e A0EB0A00 		sub	r0, r0, r10
 106              		.loc 1 3964 10 view .LVU26
 107 0052 4845     		cmp	r0, r9
 108 0054 0AD2     		bcs	.L4
 109              		.loc 1 3964 60 discriminator 1 view .LVU27
 110 0056 B9F1000F 		cmp	r9, #0
 111 005a 07D0     		beq	.L4
3965:Drivers/STM32L4xx_HAL_Driver/Src/stm32l4xx_hal_spi.c ****       {
3966:Drivers/STM32L4xx_HAL_Driver/Src/stm32l4xx_hal_spi.c ****         /* Disable the SPI and reset the CRC: the CRC value should be cleared
3967:Drivers/STM32L4xx_HAL_Driver/Src/stm32l4xx_hal_spi.c ****            on both master and slave sides in order to resynchronize the master
3968:Drivers/STM32L4xx_HAL_Driver/Src/stm32l4xx_hal_spi.c ****            and slave for their respective CRC calculation */
3969:Drivers/STM32L4xx_HAL_Driver/Src/stm32l4xx_hal_spi.c **** 
3970:Drivers/STM32L4xx_HAL_Driver/Src/stm32l4xx_hal_spi.c ****         /* Disable TXE, RXNE and ERR interrupts for the interrupt process */
3971:Drivers/STM32L4xx_HAL_Driver/Src/stm32l4xx_hal_spi.c ****         __HAL_SPI_DISABLE_IT(hspi, (SPI_IT_TXE | SPI_IT_RXNE | SPI_IT_ERR));
3972:Drivers/STM32L4xx_HAL_Driver/Src/stm32l4xx_hal_spi.c **** 
3973:Drivers/STM32L4xx_HAL_Driver/Src/stm32l4xx_hal_spi.c ****         if ((hspi->Init.Mode == SPI_MODE_MASTER) && ((hspi->Init.Direction == SPI_DIRECTION_1LINE)
3974:Drivers/STM32L4xx_HAL_Driver/Src/stm32l4xx_hal_spi.c ****                                                      || (hspi->Init.Direction == SPI_DIRECTION_2LIN
3975:Drivers/STM32L4xx_HAL_Driver/Src/stm32l4xx_hal_spi.c ****         {
3976:Drivers/STM32L4xx_HAL_Driver/Src/stm32l4xx_hal_spi.c ****           /* Disable SPI peripheral */
3977:Drivers/STM32L4xx_HAL_Driver/Src/stm32l4xx_hal_spi.c ****           __HAL_SPI_DISABLE(hspi);
3978:Drivers/STM32L4xx_HAL_Driver/Src/stm32l4xx_hal_spi.c ****         }
3979:Drivers/STM32L4xx_HAL_Driver/Src/stm32l4xx_hal_spi.c **** 
3980:Drivers/STM32L4xx_HAL_Driver/Src/stm32l4xx_hal_spi.c ****         /* Reset CRC Calculation */
3981:Drivers/STM32L4xx_HAL_Driver/Src/stm32l4xx_hal_spi.c ****         if (hspi->Init.CRCCalculation == SPI_CRCCALCULATION_ENABLE)
3982:Drivers/STM32L4xx_HAL_Driver/Src/stm32l4xx_hal_spi.c ****         {
3983:Drivers/STM32L4xx_HAL_Driver/Src/stm32l4xx_hal_spi.c ****           SPI_RESET_CRC(hspi);
3984:Drivers/STM32L4xx_HAL_Driver/Src/stm32l4xx_hal_spi.c ****         }
3985:Drivers/STM32L4xx_HAL_Driver/Src/stm32l4xx_hal_spi.c **** 
3986:Drivers/STM32L4xx_HAL_Driver/Src/stm32l4xx_hal_spi.c ****         hspi->State = HAL_SPI_STATE_READY;
3987:Drivers/STM32L4xx_HAL_Driver/Src/stm32l4xx_hal_spi.c **** 
3988:Drivers/STM32L4xx_HAL_Driver/Src/stm32l4xx_hal_spi.c ****         /* Process Unlocked */
3989:Drivers/STM32L4xx_HAL_Driver/Src/stm32l4xx_hal_spi.c ****         __HAL_UNLOCK(hspi);
3990:Drivers/STM32L4xx_HAL_Driver/Src/stm32l4xx_hal_spi.c **** 
3991:Drivers/STM32L4xx_HAL_Driver/Src/stm32l4xx_hal_spi.c ****         return HAL_TIMEOUT;
3992:Drivers/STM32L4xx_HAL_Driver/Src/stm32l4xx_hal_spi.c ****       }
3993:Drivers/STM32L4xx_HAL_Driver/Src/stm32l4xx_hal_spi.c ****       /* If Systick is disabled or not incremented, deactivate timeout to go in disable loop proced
3994:Drivers/STM32L4xx_HAL_Driver/Src/stm32l4xx_hal_spi.c ****       if (count == 0U)
ARM GAS  /tmp/ccl8yU0j.s 			page 73


 112              		.loc 1 3994 7 is_stmt 1 view .LVU28
 113              		.loc 1 3994 17 is_stmt 0 view .LVU29
 114 005c 019A     		ldr	r2, [sp, #4]
 115              		.loc 1 3994 10 view .LVU30
 116 005e 02B1     		cbz	r2, .L10
 117 0060 4A46     		mov	r2, r9
 118              	.L10:
 119              	.LVL7:
3995:Drivers/STM32L4xx_HAL_Driver/Src/stm32l4xx_hal_spi.c ****       {
3996:Drivers/STM32L4xx_HAL_Driver/Src/stm32l4xx_hal_spi.c ****         tmp_timeout = 0U;
3997:Drivers/STM32L4xx_HAL_Driver/Src/stm32l4xx_hal_spi.c ****       }
3998:Drivers/STM32L4xx_HAL_Driver/Src/stm32l4xx_hal_spi.c ****       count--;
 120              		.loc 1 3998 7 is_stmt 1 view .LVU31
 121              		.loc 1 3998 12 is_stmt 0 view .LVU32
 122 0062 019B     		ldr	r3, [sp, #4]
 123 0064 013B     		subs	r3, r3, #1
 124 0066 0193     		str	r3, [sp, #4]
 125 0068 9146     		mov	r9, r2
 126 006a E0E7     		b	.L3
 127              	.LVL8:
 128              	.L4:
3971:Drivers/STM32L4xx_HAL_Driver/Src/stm32l4xx_hal_spi.c **** 
 129              		.loc 1 3971 9 is_stmt 1 view .LVU33
 130 006c 2A68     		ldr	r2, [r5]
 131 006e 5368     		ldr	r3, [r2, #4]
 132 0070 23F0E003 		bic	r3, r3, #224
 133 0074 5360     		str	r3, [r2, #4]
3973:Drivers/STM32L4xx_HAL_Driver/Src/stm32l4xx_hal_spi.c ****                                                      || (hspi->Init.Direction == SPI_DIRECTION_2LIN
 134              		.loc 1 3973 9 view .LVU34
3973:Drivers/STM32L4xx_HAL_Driver/Src/stm32l4xx_hal_spi.c ****                                                      || (hspi->Init.Direction == SPI_DIRECTION_2LIN
 135              		.loc 1 3973 24 is_stmt 0 view .LVU35
 136 0076 6B68     		ldr	r3, [r5, #4]
3973:Drivers/STM32L4xx_HAL_Driver/Src/stm32l4xx_hal_spi.c ****                                                      || (hspi->Init.Direction == SPI_DIRECTION_2LIN
 137              		.loc 1 3973 12 view .LVU36
 138 0078 B3F5827F 		cmp	r3, #260
 139 007c 0BD0     		beq	.L14
 140              	.L6:
3981:Drivers/STM32L4xx_HAL_Driver/Src/stm32l4xx_hal_spi.c ****         {
 141              		.loc 1 3981 9 is_stmt 1 view .LVU37
3981:Drivers/STM32L4xx_HAL_Driver/Src/stm32l4xx_hal_spi.c ****         {
 142              		.loc 1 3981 23 is_stmt 0 view .LVU38
 143 007e AB6A     		ldr	r3, [r5, #40]
3981:Drivers/STM32L4xx_HAL_Driver/Src/stm32l4xx_hal_spi.c ****         {
 144              		.loc 1 3981 12 view .LVU39
 145 0080 B3F5005F 		cmp	r3, #8192
 146 0084 14D0     		beq	.L15
 147              	.L8:
3983:Drivers/STM32L4xx_HAL_Driver/Src/stm32l4xx_hal_spi.c ****         }
 148              		.loc 1 3983 11 is_stmt 1 discriminator 1 view .LVU40
3986:Drivers/STM32L4xx_HAL_Driver/Src/stm32l4xx_hal_spi.c **** 
 149              		.loc 1 3986 9 discriminator 1 view .LVU41
3986:Drivers/STM32L4xx_HAL_Driver/Src/stm32l4xx_hal_spi.c **** 
 150              		.loc 1 3986 21 is_stmt 0 discriminator 1 view .LVU42
 151 0086 0123     		movs	r3, #1
 152 0088 85F85D30 		strb	r3, [r5, #93]
3989:Drivers/STM32L4xx_HAL_Driver/Src/stm32l4xx_hal_spi.c **** 
 153              		.loc 1 3989 9 is_stmt 1 discriminator 1 view .LVU43
ARM GAS  /tmp/ccl8yU0j.s 			page 74


3989:Drivers/STM32L4xx_HAL_Driver/Src/stm32l4xx_hal_spi.c **** 
 154              		.loc 1 3989 9 discriminator 1 view .LVU44
 155 008c 0023     		movs	r3, #0
 156 008e 85F85C30 		strb	r3, [r5, #92]
3989:Drivers/STM32L4xx_HAL_Driver/Src/stm32l4xx_hal_spi.c **** 
 157              		.loc 1 3989 9 discriminator 1 view .LVU45
3991:Drivers/STM32L4xx_HAL_Driver/Src/stm32l4xx_hal_spi.c ****       }
 158              		.loc 1 3991 9 discriminator 1 view .LVU46
3991:Drivers/STM32L4xx_HAL_Driver/Src/stm32l4xx_hal_spi.c ****       }
 159              		.loc 1 3991 16 is_stmt 0 discriminator 1 view .LVU47
 160 0092 0320     		movs	r0, #3
 161 0094 18E0     		b	.L9
 162              	.L14:
3973:Drivers/STM32L4xx_HAL_Driver/Src/stm32l4xx_hal_spi.c ****                                                      || (hspi->Init.Direction == SPI_DIRECTION_2LIN
 163              		.loc 1 3973 65 discriminator 1 view .LVU48
 164 0096 AB68     		ldr	r3, [r5, #8]
3973:Drivers/STM32L4xx_HAL_Driver/Src/stm32l4xx_hal_spi.c ****                                                      || (hspi->Init.Direction == SPI_DIRECTION_2LIN
 165              		.loc 1 3973 50 discriminator 1 view .LVU49
 166 0098 B3F5004F 		cmp	r3, #32768
 167 009c 02D0     		beq	.L7
3974:Drivers/STM32L4xx_HAL_Driver/Src/stm32l4xx_hal_spi.c ****         {
 168              		.loc 1 3974 54 view .LVU50
 169 009e B3F5806F 		cmp	r3, #1024
 170 00a2 ECD1     		bne	.L6
 171              	.L7:
3977:Drivers/STM32L4xx_HAL_Driver/Src/stm32l4xx_hal_spi.c ****         }
 172              		.loc 1 3977 11 is_stmt 1 view .LVU51
 173 00a4 2A68     		ldr	r2, [r5]
 174 00a6 1368     		ldr	r3, [r2]
 175 00a8 23F04003 		bic	r3, r3, #64
 176 00ac 1360     		str	r3, [r2]
 177 00ae E6E7     		b	.L6
 178              	.L15:
3983:Drivers/STM32L4xx_HAL_Driver/Src/stm32l4xx_hal_spi.c ****         }
 179              		.loc 1 3983 11 view .LVU52
3983:Drivers/STM32L4xx_HAL_Driver/Src/stm32l4xx_hal_spi.c ****         }
 180              		.loc 1 3983 11 view .LVU53
 181 00b0 2A68     		ldr	r2, [r5]
 182 00b2 1368     		ldr	r3, [r2]
 183 00b4 23F40053 		bic	r3, r3, #8192
 184 00b8 1360     		str	r3, [r2]
3983:Drivers/STM32L4xx_HAL_Driver/Src/stm32l4xx_hal_spi.c ****         }
 185              		.loc 1 3983 11 view .LVU54
 186 00ba 2A68     		ldr	r2, [r5]
 187 00bc 1368     		ldr	r3, [r2]
 188 00be 43F40053 		orr	r3, r3, #8192
 189 00c2 1360     		str	r3, [r2]
 190 00c4 DFE7     		b	.L8
 191              	.L13:
3999:Drivers/STM32L4xx_HAL_Driver/Src/stm32l4xx_hal_spi.c ****     }
4000:Drivers/STM32L4xx_HAL_Driver/Src/stm32l4xx_hal_spi.c ****   }
4001:Drivers/STM32L4xx_HAL_Driver/Src/stm32l4xx_hal_spi.c **** 
4002:Drivers/STM32L4xx_HAL_Driver/Src/stm32l4xx_hal_spi.c ****   return HAL_OK;
 192              		.loc 1 4002 10 is_stmt 0 view .LVU55
 193 00c6 0020     		movs	r0, #0
 194              	.L9:
4003:Drivers/STM32L4xx_HAL_Driver/Src/stm32l4xx_hal_spi.c **** }
ARM GAS  /tmp/ccl8yU0j.s 			page 75


 195              		.loc 1 4003 1 view .LVU56
 196 00c8 02B0     		add	sp, sp, #8
 197              	.LCFI2:
 198              		.cfi_def_cfa_offset 32
 199              		@ sp needed
 200 00ca BDE8F087 		pop	{r4, r5, r6, r7, r8, r9, r10, pc}
 201              	.LVL9:
 202              	.L17:
 203              		.loc 1 4003 1 view .LVU57
 204 00ce 00BF     		.align	2
 205              	.L16:
 206 00d0 00000000 		.word	SystemCoreClock
 207              		.cfi_endproc
 208              	.LFE335:
 210              		.section	.text.SPI_WaitFifoStateUntilTimeout,"ax",%progbits
 211              		.align	1
 212              		.syntax unified
 213              		.thumb
 214              		.thumb_func
 216              	SPI_WaitFifoStateUntilTimeout:
 217              	.LVL10:
 218              	.LFB336:
4004:Drivers/STM32L4xx_HAL_Driver/Src/stm32l4xx_hal_spi.c **** 
4005:Drivers/STM32L4xx_HAL_Driver/Src/stm32l4xx_hal_spi.c **** /**
4006:Drivers/STM32L4xx_HAL_Driver/Src/stm32l4xx_hal_spi.c ****   * @brief  Handle SPI FIFO Communication Timeout.
4007:Drivers/STM32L4xx_HAL_Driver/Src/stm32l4xx_hal_spi.c ****   * @param  hspi pointer to a SPI_HandleTypeDef structure that contains
4008:Drivers/STM32L4xx_HAL_Driver/Src/stm32l4xx_hal_spi.c ****   *              the configuration information for SPI module.
4009:Drivers/STM32L4xx_HAL_Driver/Src/stm32l4xx_hal_spi.c ****   * @param  Fifo Fifo to check
4010:Drivers/STM32L4xx_HAL_Driver/Src/stm32l4xx_hal_spi.c ****   * @param  State Fifo state to check
4011:Drivers/STM32L4xx_HAL_Driver/Src/stm32l4xx_hal_spi.c ****   * @param  Timeout Timeout duration
4012:Drivers/STM32L4xx_HAL_Driver/Src/stm32l4xx_hal_spi.c ****   * @param  Tickstart tick start value
4013:Drivers/STM32L4xx_HAL_Driver/Src/stm32l4xx_hal_spi.c ****   * @retval HAL status
4014:Drivers/STM32L4xx_HAL_Driver/Src/stm32l4xx_hal_spi.c ****   */
4015:Drivers/STM32L4xx_HAL_Driver/Src/stm32l4xx_hal_spi.c **** static HAL_StatusTypeDef SPI_WaitFifoStateUntilTimeout(SPI_HandleTypeDef *hspi, uint32_t Fifo, uint
4016:Drivers/STM32L4xx_HAL_Driver/Src/stm32l4xx_hal_spi.c ****                                                        uint32_t Timeout, uint32_t Tickstart)
4017:Drivers/STM32L4xx_HAL_Driver/Src/stm32l4xx_hal_spi.c **** {
 219              		.loc 1 4017 1 is_stmt 1 view -0
 220              		.cfi_startproc
 221              		@ args = 4, pretend = 0, frame = 8
 222              		@ frame_needed = 0, uses_anonymous_args = 0
 223              		.loc 1 4017 1 is_stmt 0 view .LVU59
 224 0000 2DE9F047 		push	{r4, r5, r6, r7, r8, r9, r10, lr}
 225              	.LCFI3:
 226              		.cfi_def_cfa_offset 32
 227              		.cfi_offset 4, -32
 228              		.cfi_offset 5, -28
 229              		.cfi_offset 6, -24
 230              		.cfi_offset 7, -20
 231              		.cfi_offset 8, -16
 232              		.cfi_offset 9, -12
 233              		.cfi_offset 10, -8
 234              		.cfi_offset 14, -4
 235 0004 82B0     		sub	sp, sp, #8
 236              	.LCFI4:
 237              		.cfi_def_cfa_offset 40
 238 0006 0646     		mov	r6, r0
 239 0008 0C46     		mov	r4, r1
ARM GAS  /tmp/ccl8yU0j.s 			page 76


 240 000a 1546     		mov	r5, r2
 241 000c 1F46     		mov	r7, r3
4018:Drivers/STM32L4xx_HAL_Driver/Src/stm32l4xx_hal_spi.c ****   __IO uint32_t count;
 242              		.loc 1 4018 3 is_stmt 1 view .LVU60
4019:Drivers/STM32L4xx_HAL_Driver/Src/stm32l4xx_hal_spi.c ****   uint32_t tmp_timeout;
 243              		.loc 1 4019 3 view .LVU61
4020:Drivers/STM32L4xx_HAL_Driver/Src/stm32l4xx_hal_spi.c ****   uint32_t tmp_tickstart;
 244              		.loc 1 4020 3 view .LVU62
4021:Drivers/STM32L4xx_HAL_Driver/Src/stm32l4xx_hal_spi.c ****   __IO const uint8_t  *ptmpreg8;
 245              		.loc 1 4021 3 view .LVU63
4022:Drivers/STM32L4xx_HAL_Driver/Src/stm32l4xx_hal_spi.c ****   __IO uint8_t  tmpreg8 = 0;
 246              		.loc 1 4022 3 view .LVU64
 247              		.loc 1 4022 17 is_stmt 0 view .LVU65
 248 000e 0023     		movs	r3, #0
 249              	.LVL11:
 250              		.loc 1 4022 17 view .LVU66
 251 0010 8DF80330 		strb	r3, [sp, #3]
4023:Drivers/STM32L4xx_HAL_Driver/Src/stm32l4xx_hal_spi.c **** 
4024:Drivers/STM32L4xx_HAL_Driver/Src/stm32l4xx_hal_spi.c ****   /* Adjust Timeout value  in case of end of transfer */
4025:Drivers/STM32L4xx_HAL_Driver/Src/stm32l4xx_hal_spi.c ****   tmp_timeout = Timeout - (HAL_GetTick() - Tickstart);
 252              		.loc 1 4025 3 is_stmt 1 view .LVU67
 253              		.loc 1 4025 28 is_stmt 0 view .LVU68
 254 0014 FFF7FEFF 		bl	HAL_GetTick
 255              	.LVL12:
 256              		.loc 1 4025 42 view .LVU69
 257 0018 0A9B     		ldr	r3, [sp, #40]
 258 001a 1B1A     		subs	r3, r3, r0
 259              		.loc 1 4025 15 view .LVU70
 260 001c 03EB0708 		add	r8, r3, r7
 261              	.LVL13:
4026:Drivers/STM32L4xx_HAL_Driver/Src/stm32l4xx_hal_spi.c ****   tmp_tickstart = HAL_GetTick();
 262              		.loc 1 4026 3 is_stmt 1 view .LVU71
 263              		.loc 1 4026 19 is_stmt 0 view .LVU72
 264 0020 FFF7FEFF 		bl	HAL_GetTick
 265              	.LVL14:
 266 0024 8146     		mov	r9, r0
 267              	.LVL15:
4027:Drivers/STM32L4xx_HAL_Driver/Src/stm32l4xx_hal_spi.c **** 
4028:Drivers/STM32L4xx_HAL_Driver/Src/stm32l4xx_hal_spi.c ****   /* Initialize the 8bit temporary pointer */
4029:Drivers/STM32L4xx_HAL_Driver/Src/stm32l4xx_hal_spi.c ****   ptmpreg8 = (__IO uint8_t *)&hspi->Instance->DR;
 268              		.loc 1 4029 3 is_stmt 1 view .LVU73
 269              		.loc 1 4029 35 is_stmt 0 view .LVU74
 270 0026 D6F800A0 		ldr	r10, [r6]
 271              	.LVL16:
4030:Drivers/STM32L4xx_HAL_Driver/Src/stm32l4xx_hal_spi.c **** 
4031:Drivers/STM32L4xx_HAL_Driver/Src/stm32l4xx_hal_spi.c ****   /* Calculate Timeout based on a software loop to avoid blocking issue if Systick is disabled */
4032:Drivers/STM32L4xx_HAL_Driver/Src/stm32l4xx_hal_spi.c ****   count = tmp_timeout * ((SystemCoreClock * 35U) >> 20U);
 272              		.loc 1 4032 3 is_stmt 1 view .LVU75
 273              		.loc 1 4032 43 is_stmt 0 view .LVU76
 274 002a 314B     		ldr	r3, .L35
 275 002c 1B68     		ldr	r3, [r3]
 276 002e 03EB8303 		add	r3, r3, r3, lsl #2
 277 0032 C3EBC303 		rsb	r3, r3, r3, lsl #3
 278              		.loc 1 4032 50 view .LVU77
 279 0036 1B0D     		lsrs	r3, r3, #20
 280              		.loc 1 4032 23 view .LVU78
 281 0038 08FB03F3 		mul	r3, r8, r3
ARM GAS  /tmp/ccl8yU0j.s 			page 77


 282              		.loc 1 4032 9 view .LVU79
 283 003c 0193     		str	r3, [sp, #4]
4033:Drivers/STM32L4xx_HAL_Driver/Src/stm32l4xx_hal_spi.c **** 
4034:Drivers/STM32L4xx_HAL_Driver/Src/stm32l4xx_hal_spi.c ****   while ((hspi->Instance->SR & Fifo) != State)
 284              		.loc 1 4034 3 is_stmt 1 view .LVU80
 285              		.loc 1 4034 9 is_stmt 0 view .LVU81
 286 003e 02E0     		b	.L21
 287              	.LVL17:
 288              	.L20:
4035:Drivers/STM32L4xx_HAL_Driver/Src/stm32l4xx_hal_spi.c ****   {
4036:Drivers/STM32L4xx_HAL_Driver/Src/stm32l4xx_hal_spi.c ****     if ((Fifo == SPI_SR_FRLVL) && (State == SPI_FRLVL_EMPTY))
4037:Drivers/STM32L4xx_HAL_Driver/Src/stm32l4xx_hal_spi.c ****     {
4038:Drivers/STM32L4xx_HAL_Driver/Src/stm32l4xx_hal_spi.c ****       /* Flush Data Register by a blank read */
4039:Drivers/STM32L4xx_HAL_Driver/Src/stm32l4xx_hal_spi.c ****       tmpreg8 = *ptmpreg8;
4040:Drivers/STM32L4xx_HAL_Driver/Src/stm32l4xx_hal_spi.c ****       /* To avoid GCC warning */
4041:Drivers/STM32L4xx_HAL_Driver/Src/stm32l4xx_hal_spi.c ****       UNUSED(tmpreg8);
4042:Drivers/STM32L4xx_HAL_Driver/Src/stm32l4xx_hal_spi.c ****     }
4043:Drivers/STM32L4xx_HAL_Driver/Src/stm32l4xx_hal_spi.c **** 
4044:Drivers/STM32L4xx_HAL_Driver/Src/stm32l4xx_hal_spi.c ****     if (Timeout != HAL_MAX_DELAY)
 289              		.loc 1 4044 5 is_stmt 1 view .LVU82
 290              		.loc 1 4044 8 is_stmt 0 view .LVU83
 291 0040 B7F1FF3F 		cmp	r7, #-1
 292 0044 12D1     		bne	.L31
 293              	.L21:
4034:Drivers/STM32L4xx_HAL_Driver/Src/stm32l4xx_hal_spi.c ****   {
 294              		.loc 1 4034 9 is_stmt 1 view .LVU84
4034:Drivers/STM32L4xx_HAL_Driver/Src/stm32l4xx_hal_spi.c ****   {
 295              		.loc 1 4034 15 is_stmt 0 view .LVU85
 296 0046 3368     		ldr	r3, [r6]
4034:Drivers/STM32L4xx_HAL_Driver/Src/stm32l4xx_hal_spi.c ****   {
 297              		.loc 1 4034 25 view .LVU86
 298 0048 9B68     		ldr	r3, [r3, #8]
4034:Drivers/STM32L4xx_HAL_Driver/Src/stm32l4xx_hal_spi.c ****   {
 299              		.loc 1 4034 30 view .LVU87
 300 004a 03EA040C 		and	ip, r3, r4
4034:Drivers/STM32L4xx_HAL_Driver/Src/stm32l4xx_hal_spi.c ****   {
 301              		.loc 1 4034 9 view .LVU88
 302 004e AC45     		cmp	ip, r5
 303 0050 4AD0     		beq	.L32
4036:Drivers/STM32L4xx_HAL_Driver/Src/stm32l4xx_hal_spi.c ****     {
 304              		.loc 1 4036 5 is_stmt 1 view .LVU89
4036:Drivers/STM32L4xx_HAL_Driver/Src/stm32l4xx_hal_spi.c ****     {
 305              		.loc 1 4036 8 is_stmt 0 view .LVU90
 306 0052 B4F5C06F 		cmp	r4, #1536
 307 0056 F3D1     		bne	.L20
4036:Drivers/STM32L4xx_HAL_Driver/Src/stm32l4xx_hal_spi.c ****     {
 308              		.loc 1 4036 32 discriminator 1 view .LVU91
 309 0058 002D     		cmp	r5, #0
 310 005a F1D1     		bne	.L20
4039:Drivers/STM32L4xx_HAL_Driver/Src/stm32l4xx_hal_spi.c ****       /* To avoid GCC warning */
 311              		.loc 1 4039 7 is_stmt 1 view .LVU92
4039:Drivers/STM32L4xx_HAL_Driver/Src/stm32l4xx_hal_spi.c ****       /* To avoid GCC warning */
 312              		.loc 1 4039 17 is_stmt 0 view .LVU93
 313 005c 9AF80C30 		ldrb	r3, [r10, #12]	@ zero_extendqisi2
 314 0060 DBB2     		uxtb	r3, r3
4039:Drivers/STM32L4xx_HAL_Driver/Src/stm32l4xx_hal_spi.c ****       /* To avoid GCC warning */
 315              		.loc 1 4039 15 view .LVU94
ARM GAS  /tmp/ccl8yU0j.s 			page 78


 316 0062 8DF80330 		strb	r3, [sp, #3]
4041:Drivers/STM32L4xx_HAL_Driver/Src/stm32l4xx_hal_spi.c ****     }
 317              		.loc 1 4041 7 is_stmt 1 view .LVU95
 318 0066 9DF80330 		ldrb	r3, [sp, #3]	@ zero_extendqisi2
 319 006a E9E7     		b	.L20
 320              	.L31:
4045:Drivers/STM32L4xx_HAL_Driver/Src/stm32l4xx_hal_spi.c ****     {
4046:Drivers/STM32L4xx_HAL_Driver/Src/stm32l4xx_hal_spi.c ****       if (((HAL_GetTick() - tmp_tickstart) >= tmp_timeout) || (tmp_timeout == 0U))
 321              		.loc 1 4046 7 view .LVU96
 322              		.loc 1 4046 13 is_stmt 0 view .LVU97
 323 006c FFF7FEFF 		bl	HAL_GetTick
 324              	.LVL18:
 325              		.loc 1 4046 27 view .LVU98
 326 0070 A0EB0900 		sub	r0, r0, r9
 327              		.loc 1 4046 10 view .LVU99
 328 0074 4045     		cmp	r0, r8
 329 0076 0AD2     		bcs	.L22
 330              		.loc 1 4046 60 discriminator 1 view .LVU100
 331 0078 B8F1000F 		cmp	r8, #0
 332 007c 07D0     		beq	.L22
4047:Drivers/STM32L4xx_HAL_Driver/Src/stm32l4xx_hal_spi.c ****       {
4048:Drivers/STM32L4xx_HAL_Driver/Src/stm32l4xx_hal_spi.c ****         /* Disable the SPI and reset the CRC: the CRC value should be cleared
4049:Drivers/STM32L4xx_HAL_Driver/Src/stm32l4xx_hal_spi.c ****            on both master and slave sides in order to resynchronize the master
4050:Drivers/STM32L4xx_HAL_Driver/Src/stm32l4xx_hal_spi.c ****            and slave for their respective CRC calculation */
4051:Drivers/STM32L4xx_HAL_Driver/Src/stm32l4xx_hal_spi.c **** 
4052:Drivers/STM32L4xx_HAL_Driver/Src/stm32l4xx_hal_spi.c ****         /* Disable TXE, RXNE and ERR interrupts for the interrupt process */
4053:Drivers/STM32L4xx_HAL_Driver/Src/stm32l4xx_hal_spi.c ****         __HAL_SPI_DISABLE_IT(hspi, (SPI_IT_TXE | SPI_IT_RXNE | SPI_IT_ERR));
4054:Drivers/STM32L4xx_HAL_Driver/Src/stm32l4xx_hal_spi.c **** 
4055:Drivers/STM32L4xx_HAL_Driver/Src/stm32l4xx_hal_spi.c ****         if ((hspi->Init.Mode == SPI_MODE_MASTER) && ((hspi->Init.Direction == SPI_DIRECTION_1LINE)
4056:Drivers/STM32L4xx_HAL_Driver/Src/stm32l4xx_hal_spi.c ****                                                      || (hspi->Init.Direction == SPI_DIRECTION_2LIN
4057:Drivers/STM32L4xx_HAL_Driver/Src/stm32l4xx_hal_spi.c ****         {
4058:Drivers/STM32L4xx_HAL_Driver/Src/stm32l4xx_hal_spi.c ****           /* Disable SPI peripheral */
4059:Drivers/STM32L4xx_HAL_Driver/Src/stm32l4xx_hal_spi.c ****           __HAL_SPI_DISABLE(hspi);
4060:Drivers/STM32L4xx_HAL_Driver/Src/stm32l4xx_hal_spi.c ****         }
4061:Drivers/STM32L4xx_HAL_Driver/Src/stm32l4xx_hal_spi.c **** 
4062:Drivers/STM32L4xx_HAL_Driver/Src/stm32l4xx_hal_spi.c ****         /* Reset CRC Calculation */
4063:Drivers/STM32L4xx_HAL_Driver/Src/stm32l4xx_hal_spi.c ****         if (hspi->Init.CRCCalculation == SPI_CRCCALCULATION_ENABLE)
4064:Drivers/STM32L4xx_HAL_Driver/Src/stm32l4xx_hal_spi.c ****         {
4065:Drivers/STM32L4xx_HAL_Driver/Src/stm32l4xx_hal_spi.c ****           SPI_RESET_CRC(hspi);
4066:Drivers/STM32L4xx_HAL_Driver/Src/stm32l4xx_hal_spi.c ****         }
4067:Drivers/STM32L4xx_HAL_Driver/Src/stm32l4xx_hal_spi.c **** 
4068:Drivers/STM32L4xx_HAL_Driver/Src/stm32l4xx_hal_spi.c ****         hspi->State = HAL_SPI_STATE_READY;
4069:Drivers/STM32L4xx_HAL_Driver/Src/stm32l4xx_hal_spi.c **** 
4070:Drivers/STM32L4xx_HAL_Driver/Src/stm32l4xx_hal_spi.c ****         /* Process Unlocked */
4071:Drivers/STM32L4xx_HAL_Driver/Src/stm32l4xx_hal_spi.c ****         __HAL_UNLOCK(hspi);
4072:Drivers/STM32L4xx_HAL_Driver/Src/stm32l4xx_hal_spi.c **** 
4073:Drivers/STM32L4xx_HAL_Driver/Src/stm32l4xx_hal_spi.c ****         return HAL_TIMEOUT;
4074:Drivers/STM32L4xx_HAL_Driver/Src/stm32l4xx_hal_spi.c ****       }
4075:Drivers/STM32L4xx_HAL_Driver/Src/stm32l4xx_hal_spi.c ****       /* If Systick is disabled or not incremented, deactivate timeout to go in disable loop proced
4076:Drivers/STM32L4xx_HAL_Driver/Src/stm32l4xx_hal_spi.c ****       if (count == 0U)
 333              		.loc 1 4076 7 is_stmt 1 view .LVU101
 334              		.loc 1 4076 17 is_stmt 0 view .LVU102
 335 007e 019A     		ldr	r2, [sp, #4]
 336              		.loc 1 4076 10 view .LVU103
 337 0080 02B1     		cbz	r2, .L28
 338 0082 4246     		mov	r2, r8
 339              	.L28:
ARM GAS  /tmp/ccl8yU0j.s 			page 79


 340              	.LVL19:
4077:Drivers/STM32L4xx_HAL_Driver/Src/stm32l4xx_hal_spi.c ****       {
4078:Drivers/STM32L4xx_HAL_Driver/Src/stm32l4xx_hal_spi.c ****         tmp_timeout = 0U;
4079:Drivers/STM32L4xx_HAL_Driver/Src/stm32l4xx_hal_spi.c ****       }
4080:Drivers/STM32L4xx_HAL_Driver/Src/stm32l4xx_hal_spi.c ****       count--;
 341              		.loc 1 4080 7 is_stmt 1 view .LVU104
 342              		.loc 1 4080 12 is_stmt 0 view .LVU105
 343 0084 019B     		ldr	r3, [sp, #4]
 344 0086 013B     		subs	r3, r3, #1
 345 0088 0193     		str	r3, [sp, #4]
 346 008a 9046     		mov	r8, r2
 347 008c DBE7     		b	.L21
 348              	.LVL20:
 349              	.L22:
4053:Drivers/STM32L4xx_HAL_Driver/Src/stm32l4xx_hal_spi.c **** 
 350              		.loc 1 4053 9 is_stmt 1 view .LVU106
 351 008e 3268     		ldr	r2, [r6]
 352 0090 5368     		ldr	r3, [r2, #4]
 353 0092 23F0E003 		bic	r3, r3, #224
 354 0096 5360     		str	r3, [r2, #4]
4055:Drivers/STM32L4xx_HAL_Driver/Src/stm32l4xx_hal_spi.c ****                                                      || (hspi->Init.Direction == SPI_DIRECTION_2LIN
 355              		.loc 1 4055 9 view .LVU107
4055:Drivers/STM32L4xx_HAL_Driver/Src/stm32l4xx_hal_spi.c ****                                                      || (hspi->Init.Direction == SPI_DIRECTION_2LIN
 356              		.loc 1 4055 24 is_stmt 0 view .LVU108
 357 0098 7368     		ldr	r3, [r6, #4]
4055:Drivers/STM32L4xx_HAL_Driver/Src/stm32l4xx_hal_spi.c ****                                                      || (hspi->Init.Direction == SPI_DIRECTION_2LIN
 358              		.loc 1 4055 12 view .LVU109
 359 009a B3F5827F 		cmp	r3, #260
 360 009e 0BD0     		beq	.L33
 361              	.L24:
4063:Drivers/STM32L4xx_HAL_Driver/Src/stm32l4xx_hal_spi.c ****         {
 362              		.loc 1 4063 9 is_stmt 1 view .LVU110
4063:Drivers/STM32L4xx_HAL_Driver/Src/stm32l4xx_hal_spi.c ****         {
 363              		.loc 1 4063 23 is_stmt 0 view .LVU111
 364 00a0 B36A     		ldr	r3, [r6, #40]
4063:Drivers/STM32L4xx_HAL_Driver/Src/stm32l4xx_hal_spi.c ****         {
 365              		.loc 1 4063 12 view .LVU112
 366 00a2 B3F5005F 		cmp	r3, #8192
 367 00a6 14D0     		beq	.L34
 368              	.L26:
4065:Drivers/STM32L4xx_HAL_Driver/Src/stm32l4xx_hal_spi.c ****         }
 369              		.loc 1 4065 11 is_stmt 1 discriminator 1 view .LVU113
4068:Drivers/STM32L4xx_HAL_Driver/Src/stm32l4xx_hal_spi.c **** 
 370              		.loc 1 4068 9 discriminator 1 view .LVU114
4068:Drivers/STM32L4xx_HAL_Driver/Src/stm32l4xx_hal_spi.c **** 
 371              		.loc 1 4068 21 is_stmt 0 discriminator 1 view .LVU115
 372 00a8 0123     		movs	r3, #1
 373 00aa 86F85D30 		strb	r3, [r6, #93]
4071:Drivers/STM32L4xx_HAL_Driver/Src/stm32l4xx_hal_spi.c **** 
 374              		.loc 1 4071 9 is_stmt 1 discriminator 1 view .LVU116
4071:Drivers/STM32L4xx_HAL_Driver/Src/stm32l4xx_hal_spi.c **** 
 375              		.loc 1 4071 9 discriminator 1 view .LVU117
 376 00ae 0023     		movs	r3, #0
 377 00b0 86F85C30 		strb	r3, [r6, #92]
4071:Drivers/STM32L4xx_HAL_Driver/Src/stm32l4xx_hal_spi.c **** 
 378              		.loc 1 4071 9 discriminator 1 view .LVU118
4073:Drivers/STM32L4xx_HAL_Driver/Src/stm32l4xx_hal_spi.c ****       }
ARM GAS  /tmp/ccl8yU0j.s 			page 80


 379              		.loc 1 4073 9 discriminator 1 view .LVU119
4073:Drivers/STM32L4xx_HAL_Driver/Src/stm32l4xx_hal_spi.c ****       }
 380              		.loc 1 4073 16 is_stmt 0 discriminator 1 view .LVU120
 381 00b4 0320     		movs	r0, #3
 382 00b6 18E0     		b	.L27
 383              	.L33:
4055:Drivers/STM32L4xx_HAL_Driver/Src/stm32l4xx_hal_spi.c ****                                                      || (hspi->Init.Direction == SPI_DIRECTION_2LIN
 384              		.loc 1 4055 65 discriminator 1 view .LVU121
 385 00b8 B368     		ldr	r3, [r6, #8]
4055:Drivers/STM32L4xx_HAL_Driver/Src/stm32l4xx_hal_spi.c ****                                                      || (hspi->Init.Direction == SPI_DIRECTION_2LIN
 386              		.loc 1 4055 50 discriminator 1 view .LVU122
 387 00ba B3F5004F 		cmp	r3, #32768
 388 00be 02D0     		beq	.L25
4056:Drivers/STM32L4xx_HAL_Driver/Src/stm32l4xx_hal_spi.c ****         {
 389              		.loc 1 4056 54 view .LVU123
 390 00c0 B3F5806F 		cmp	r3, #1024
 391 00c4 ECD1     		bne	.L24
 392              	.L25:
4059:Drivers/STM32L4xx_HAL_Driver/Src/stm32l4xx_hal_spi.c ****         }
 393              		.loc 1 4059 11 is_stmt 1 view .LVU124
 394 00c6 3268     		ldr	r2, [r6]
 395 00c8 1368     		ldr	r3, [r2]
 396 00ca 23F04003 		bic	r3, r3, #64
 397 00ce 1360     		str	r3, [r2]
 398 00d0 E6E7     		b	.L24
 399              	.L34:
4065:Drivers/STM32L4xx_HAL_Driver/Src/stm32l4xx_hal_spi.c ****         }
 400              		.loc 1 4065 11 view .LVU125
4065:Drivers/STM32L4xx_HAL_Driver/Src/stm32l4xx_hal_spi.c ****         }
 401              		.loc 1 4065 11 view .LVU126
 402 00d2 3268     		ldr	r2, [r6]
 403 00d4 1368     		ldr	r3, [r2]
 404 00d6 23F40053 		bic	r3, r3, #8192
 405 00da 1360     		str	r3, [r2]
4065:Drivers/STM32L4xx_HAL_Driver/Src/stm32l4xx_hal_spi.c ****         }
 406              		.loc 1 4065 11 view .LVU127
 407 00dc 3268     		ldr	r2, [r6]
 408 00de 1368     		ldr	r3, [r2]
 409 00e0 43F40053 		orr	r3, r3, #8192
 410 00e4 1360     		str	r3, [r2]
 411 00e6 DFE7     		b	.L26
 412              	.L32:
4081:Drivers/STM32L4xx_HAL_Driver/Src/stm32l4xx_hal_spi.c ****     }
4082:Drivers/STM32L4xx_HAL_Driver/Src/stm32l4xx_hal_spi.c ****   }
4083:Drivers/STM32L4xx_HAL_Driver/Src/stm32l4xx_hal_spi.c **** 
4084:Drivers/STM32L4xx_HAL_Driver/Src/stm32l4xx_hal_spi.c ****   return HAL_OK;
 413              		.loc 1 4084 10 is_stmt 0 view .LVU128
 414 00e8 0020     		movs	r0, #0
 415              	.L27:
4085:Drivers/STM32L4xx_HAL_Driver/Src/stm32l4xx_hal_spi.c **** }
 416              		.loc 1 4085 1 view .LVU129
 417 00ea 02B0     		add	sp, sp, #8
 418              	.LCFI5:
 419              		.cfi_def_cfa_offset 32
 420              		@ sp needed
 421 00ec BDE8F087 		pop	{r4, r5, r6, r7, r8, r9, r10, pc}
 422              	.LVL21:
ARM GAS  /tmp/ccl8yU0j.s 			page 81


 423              	.L36:
 424              		.loc 1 4085 1 view .LVU130
 425              		.align	2
 426              	.L35:
 427 00f0 00000000 		.word	SystemCoreClock
 428              		.cfi_endproc
 429              	.LFE336:
 431              		.section	.text.SPI_EndRxTxTransaction,"ax",%progbits
 432              		.align	1
 433              		.syntax unified
 434              		.thumb
 435              		.thumb_func
 437              	SPI_EndRxTxTransaction:
 438              	.LVL22:
 439              	.LFB338:
4086:Drivers/STM32L4xx_HAL_Driver/Src/stm32l4xx_hal_spi.c **** 
4087:Drivers/STM32L4xx_HAL_Driver/Src/stm32l4xx_hal_spi.c **** /**
4088:Drivers/STM32L4xx_HAL_Driver/Src/stm32l4xx_hal_spi.c ****   * @brief  Handle the check of the RX transaction complete.
4089:Drivers/STM32L4xx_HAL_Driver/Src/stm32l4xx_hal_spi.c ****   * @param  hspi pointer to a SPI_HandleTypeDef structure that contains
4090:Drivers/STM32L4xx_HAL_Driver/Src/stm32l4xx_hal_spi.c ****   *               the configuration information for SPI module.
4091:Drivers/STM32L4xx_HAL_Driver/Src/stm32l4xx_hal_spi.c ****   * @param  Timeout Timeout duration
4092:Drivers/STM32L4xx_HAL_Driver/Src/stm32l4xx_hal_spi.c ****   * @param  Tickstart tick start value
4093:Drivers/STM32L4xx_HAL_Driver/Src/stm32l4xx_hal_spi.c ****   * @retval HAL status
4094:Drivers/STM32L4xx_HAL_Driver/Src/stm32l4xx_hal_spi.c ****   */
4095:Drivers/STM32L4xx_HAL_Driver/Src/stm32l4xx_hal_spi.c **** static HAL_StatusTypeDef SPI_EndRxTransaction(SPI_HandleTypeDef *hspi,  uint32_t Timeout, uint32_t 
4096:Drivers/STM32L4xx_HAL_Driver/Src/stm32l4xx_hal_spi.c **** {
4097:Drivers/STM32L4xx_HAL_Driver/Src/stm32l4xx_hal_spi.c ****   if ((hspi->Init.Mode == SPI_MODE_MASTER) && ((hspi->Init.Direction == SPI_DIRECTION_1LINE)
4098:Drivers/STM32L4xx_HAL_Driver/Src/stm32l4xx_hal_spi.c ****                                                || (hspi->Init.Direction == SPI_DIRECTION_2LINES_RXO
4099:Drivers/STM32L4xx_HAL_Driver/Src/stm32l4xx_hal_spi.c ****   {
4100:Drivers/STM32L4xx_HAL_Driver/Src/stm32l4xx_hal_spi.c ****     /* Disable SPI peripheral */
4101:Drivers/STM32L4xx_HAL_Driver/Src/stm32l4xx_hal_spi.c ****     __HAL_SPI_DISABLE(hspi);
4102:Drivers/STM32L4xx_HAL_Driver/Src/stm32l4xx_hal_spi.c ****   }
4103:Drivers/STM32L4xx_HAL_Driver/Src/stm32l4xx_hal_spi.c **** 
4104:Drivers/STM32L4xx_HAL_Driver/Src/stm32l4xx_hal_spi.c ****   /* Control the BSY flag */
4105:Drivers/STM32L4xx_HAL_Driver/Src/stm32l4xx_hal_spi.c ****   if (SPI_WaitFlagStateUntilTimeout(hspi, SPI_FLAG_BSY, RESET, Timeout, Tickstart) != HAL_OK)
4106:Drivers/STM32L4xx_HAL_Driver/Src/stm32l4xx_hal_spi.c ****   {
4107:Drivers/STM32L4xx_HAL_Driver/Src/stm32l4xx_hal_spi.c ****     SET_BIT(hspi->ErrorCode, HAL_SPI_ERROR_FLAG);
4108:Drivers/STM32L4xx_HAL_Driver/Src/stm32l4xx_hal_spi.c ****     return HAL_TIMEOUT;
4109:Drivers/STM32L4xx_HAL_Driver/Src/stm32l4xx_hal_spi.c ****   }
4110:Drivers/STM32L4xx_HAL_Driver/Src/stm32l4xx_hal_spi.c **** 
4111:Drivers/STM32L4xx_HAL_Driver/Src/stm32l4xx_hal_spi.c ****   if ((hspi->Init.Mode == SPI_MODE_MASTER) && ((hspi->Init.Direction == SPI_DIRECTION_1LINE)
4112:Drivers/STM32L4xx_HAL_Driver/Src/stm32l4xx_hal_spi.c ****                                                || (hspi->Init.Direction == SPI_DIRECTION_2LINES_RXO
4113:Drivers/STM32L4xx_HAL_Driver/Src/stm32l4xx_hal_spi.c ****   {
4114:Drivers/STM32L4xx_HAL_Driver/Src/stm32l4xx_hal_spi.c ****     /* Empty the FRLVL fifo */
4115:Drivers/STM32L4xx_HAL_Driver/Src/stm32l4xx_hal_spi.c ****     if (SPI_WaitFifoStateUntilTimeout(hspi, SPI_FLAG_FRLVL, SPI_FRLVL_EMPTY, Timeout, Tickstart) !=
4116:Drivers/STM32L4xx_HAL_Driver/Src/stm32l4xx_hal_spi.c ****     {
4117:Drivers/STM32L4xx_HAL_Driver/Src/stm32l4xx_hal_spi.c ****       SET_BIT(hspi->ErrorCode, HAL_SPI_ERROR_FLAG);
4118:Drivers/STM32L4xx_HAL_Driver/Src/stm32l4xx_hal_spi.c ****       return HAL_TIMEOUT;
4119:Drivers/STM32L4xx_HAL_Driver/Src/stm32l4xx_hal_spi.c ****     }
4120:Drivers/STM32L4xx_HAL_Driver/Src/stm32l4xx_hal_spi.c ****   }
4121:Drivers/STM32L4xx_HAL_Driver/Src/stm32l4xx_hal_spi.c ****   return HAL_OK;
4122:Drivers/STM32L4xx_HAL_Driver/Src/stm32l4xx_hal_spi.c **** }
4123:Drivers/STM32L4xx_HAL_Driver/Src/stm32l4xx_hal_spi.c **** 
4124:Drivers/STM32L4xx_HAL_Driver/Src/stm32l4xx_hal_spi.c **** /**
4125:Drivers/STM32L4xx_HAL_Driver/Src/stm32l4xx_hal_spi.c ****   * @brief  Handle the check of the RXTX or TX transaction complete.
4126:Drivers/STM32L4xx_HAL_Driver/Src/stm32l4xx_hal_spi.c ****   * @param  hspi SPI handle
4127:Drivers/STM32L4xx_HAL_Driver/Src/stm32l4xx_hal_spi.c ****   * @param  Timeout Timeout duration
ARM GAS  /tmp/ccl8yU0j.s 			page 82


4128:Drivers/STM32L4xx_HAL_Driver/Src/stm32l4xx_hal_spi.c ****   * @param  Tickstart tick start value
4129:Drivers/STM32L4xx_HAL_Driver/Src/stm32l4xx_hal_spi.c ****   * @retval HAL status
4130:Drivers/STM32L4xx_HAL_Driver/Src/stm32l4xx_hal_spi.c ****   */
4131:Drivers/STM32L4xx_HAL_Driver/Src/stm32l4xx_hal_spi.c **** static HAL_StatusTypeDef SPI_EndRxTxTransaction(SPI_HandleTypeDef *hspi, uint32_t Timeout, uint32_t
4132:Drivers/STM32L4xx_HAL_Driver/Src/stm32l4xx_hal_spi.c **** {
 440              		.loc 1 4132 1 is_stmt 1 view -0
 441              		.cfi_startproc
 442              		@ args = 0, pretend = 0, frame = 0
 443              		@ frame_needed = 0, uses_anonymous_args = 0
 444              		.loc 1 4132 1 is_stmt 0 view .LVU132
 445 0000 70B5     		push	{r4, r5, r6, lr}
 446              	.LCFI6:
 447              		.cfi_def_cfa_offset 16
 448              		.cfi_offset 4, -16
 449              		.cfi_offset 5, -12
 450              		.cfi_offset 6, -8
 451              		.cfi_offset 14, -4
 452 0002 82B0     		sub	sp, sp, #8
 453              	.LCFI7:
 454              		.cfi_def_cfa_offset 24
 455 0004 0446     		mov	r4, r0
 456 0006 0D46     		mov	r5, r1
 457 0008 1646     		mov	r6, r2
4133:Drivers/STM32L4xx_HAL_Driver/Src/stm32l4xx_hal_spi.c ****   /* Control if the TX fifo is empty */
4134:Drivers/STM32L4xx_HAL_Driver/Src/stm32l4xx_hal_spi.c ****   if (SPI_WaitFifoStateUntilTimeout(hspi, SPI_FLAG_FTLVL, SPI_FTLVL_EMPTY, Timeout, Tickstart) != H
 458              		.loc 1 4134 3 is_stmt 1 view .LVU133
 459              		.loc 1 4134 7 is_stmt 0 view .LVU134
 460 000a 0092     		str	r2, [sp]
 461 000c 0B46     		mov	r3, r1
 462 000e 0022     		movs	r2, #0
 463              	.LVL23:
 464              		.loc 1 4134 7 view .LVU135
 465 0010 4FF4C051 		mov	r1, #6144
 466              	.LVL24:
 467              		.loc 1 4134 7 view .LVU136
 468 0014 FFF7FEFF 		bl	SPI_WaitFifoStateUntilTimeout
 469              	.LVL25:
 470              		.loc 1 4134 6 view .LVU137
 471 0018 B0B9     		cbnz	r0, .L42
4135:Drivers/STM32L4xx_HAL_Driver/Src/stm32l4xx_hal_spi.c ****   {
4136:Drivers/STM32L4xx_HAL_Driver/Src/stm32l4xx_hal_spi.c ****     SET_BIT(hspi->ErrorCode, HAL_SPI_ERROR_FLAG);
4137:Drivers/STM32L4xx_HAL_Driver/Src/stm32l4xx_hal_spi.c ****     return HAL_TIMEOUT;
4138:Drivers/STM32L4xx_HAL_Driver/Src/stm32l4xx_hal_spi.c ****   }
4139:Drivers/STM32L4xx_HAL_Driver/Src/stm32l4xx_hal_spi.c **** 
4140:Drivers/STM32L4xx_HAL_Driver/Src/stm32l4xx_hal_spi.c ****   /* Control the BSY flag */
4141:Drivers/STM32L4xx_HAL_Driver/Src/stm32l4xx_hal_spi.c ****   if (SPI_WaitFlagStateUntilTimeout(hspi, SPI_FLAG_BSY, RESET, Timeout, Tickstart) != HAL_OK)
 472              		.loc 1 4141 3 is_stmt 1 view .LVU138
 473              		.loc 1 4141 7 is_stmt 0 view .LVU139
 474 001a 0096     		str	r6, [sp]
 475 001c 2B46     		mov	r3, r5
 476 001e 0022     		movs	r2, #0
 477 0020 8021     		movs	r1, #128
 478 0022 2046     		mov	r0, r4
 479 0024 FFF7FEFF 		bl	SPI_WaitFlagStateUntilTimeout
 480              	.LVL26:
 481              		.loc 1 4141 6 view .LVU140
 482 0028 A8B9     		cbnz	r0, .L43
ARM GAS  /tmp/ccl8yU0j.s 			page 83


4142:Drivers/STM32L4xx_HAL_Driver/Src/stm32l4xx_hal_spi.c ****   {
4143:Drivers/STM32L4xx_HAL_Driver/Src/stm32l4xx_hal_spi.c ****     SET_BIT(hspi->ErrorCode, HAL_SPI_ERROR_FLAG);
4144:Drivers/STM32L4xx_HAL_Driver/Src/stm32l4xx_hal_spi.c ****     return HAL_TIMEOUT;
4145:Drivers/STM32L4xx_HAL_Driver/Src/stm32l4xx_hal_spi.c ****   }
4146:Drivers/STM32L4xx_HAL_Driver/Src/stm32l4xx_hal_spi.c **** 
4147:Drivers/STM32L4xx_HAL_Driver/Src/stm32l4xx_hal_spi.c ****   /* Control if the RX fifo is empty */
4148:Drivers/STM32L4xx_HAL_Driver/Src/stm32l4xx_hal_spi.c ****   if (SPI_WaitFifoStateUntilTimeout(hspi, SPI_FLAG_FRLVL, SPI_FRLVL_EMPTY, Timeout, Tickstart) != H
 483              		.loc 1 4148 3 is_stmt 1 view .LVU141
 484              		.loc 1 4148 7 is_stmt 0 view .LVU142
 485 002a 0096     		str	r6, [sp]
 486 002c 2B46     		mov	r3, r5
 487 002e 0022     		movs	r2, #0
 488 0030 4FF4C061 		mov	r1, #1536
 489 0034 2046     		mov	r0, r4
 490 0036 FFF7FEFF 		bl	SPI_WaitFifoStateUntilTimeout
 491              	.LVL27:
 492              		.loc 1 4148 6 view .LVU143
 493 003a 50B1     		cbz	r0, .L39
4149:Drivers/STM32L4xx_HAL_Driver/Src/stm32l4xx_hal_spi.c ****   {
4150:Drivers/STM32L4xx_HAL_Driver/Src/stm32l4xx_hal_spi.c ****     SET_BIT(hspi->ErrorCode, HAL_SPI_ERROR_FLAG);
 494              		.loc 1 4150 5 is_stmt 1 view .LVU144
 495 003c 236E     		ldr	r3, [r4, #96]
 496 003e 43F02003 		orr	r3, r3, #32
 497 0042 2366     		str	r3, [r4, #96]
4151:Drivers/STM32L4xx_HAL_Driver/Src/stm32l4xx_hal_spi.c ****     return HAL_TIMEOUT;
 498              		.loc 1 4151 5 view .LVU145
 499              		.loc 1 4151 12 is_stmt 0 view .LVU146
 500 0044 0320     		movs	r0, #3
 501 0046 04E0     		b	.L39
 502              	.L42:
4136:Drivers/STM32L4xx_HAL_Driver/Src/stm32l4xx_hal_spi.c ****     return HAL_TIMEOUT;
 503              		.loc 1 4136 5 is_stmt 1 view .LVU147
 504 0048 236E     		ldr	r3, [r4, #96]
 505 004a 43F02003 		orr	r3, r3, #32
 506 004e 2366     		str	r3, [r4, #96]
4137:Drivers/STM32L4xx_HAL_Driver/Src/stm32l4xx_hal_spi.c ****   }
 507              		.loc 1 4137 5 view .LVU148
4137:Drivers/STM32L4xx_HAL_Driver/Src/stm32l4xx_hal_spi.c ****   }
 508              		.loc 1 4137 12 is_stmt 0 view .LVU149
 509 0050 0320     		movs	r0, #3
 510              	.L39:
4152:Drivers/STM32L4xx_HAL_Driver/Src/stm32l4xx_hal_spi.c ****   }
4153:Drivers/STM32L4xx_HAL_Driver/Src/stm32l4xx_hal_spi.c **** 
4154:Drivers/STM32L4xx_HAL_Driver/Src/stm32l4xx_hal_spi.c ****   return HAL_OK;
4155:Drivers/STM32L4xx_HAL_Driver/Src/stm32l4xx_hal_spi.c **** }
 511              		.loc 1 4155 1 view .LVU150
 512 0052 02B0     		add	sp, sp, #8
 513              	.LCFI8:
 514              		.cfi_remember_state
 515              		.cfi_def_cfa_offset 16
 516              		@ sp needed
 517 0054 70BD     		pop	{r4, r5, r6, pc}
 518              	.LVL28:
 519              	.L43:
 520              	.LCFI9:
 521              		.cfi_restore_state
4143:Drivers/STM32L4xx_HAL_Driver/Src/stm32l4xx_hal_spi.c ****     return HAL_TIMEOUT;
ARM GAS  /tmp/ccl8yU0j.s 			page 84


 522              		.loc 1 4143 5 is_stmt 1 view .LVU151
 523 0056 236E     		ldr	r3, [r4, #96]
 524 0058 43F02003 		orr	r3, r3, #32
 525 005c 2366     		str	r3, [r4, #96]
4144:Drivers/STM32L4xx_HAL_Driver/Src/stm32l4xx_hal_spi.c ****   }
 526              		.loc 1 4144 5 view .LVU152
4144:Drivers/STM32L4xx_HAL_Driver/Src/stm32l4xx_hal_spi.c ****   }
 527              		.loc 1 4144 12 is_stmt 0 view .LVU153
 528 005e 0320     		movs	r0, #3
 529 0060 F7E7     		b	.L39
 530              		.cfi_endproc
 531              	.LFE338:
 533              		.section	.text.SPI_EndRxTransaction,"ax",%progbits
 534              		.align	1
 535              		.syntax unified
 536              		.thumb
 537              		.thumb_func
 539              	SPI_EndRxTransaction:
 540              	.LVL29:
 541              	.LFB337:
4096:Drivers/STM32L4xx_HAL_Driver/Src/stm32l4xx_hal_spi.c ****   if ((hspi->Init.Mode == SPI_MODE_MASTER) && ((hspi->Init.Direction == SPI_DIRECTION_1LINE)
 542              		.loc 1 4096 1 is_stmt 1 view -0
 543              		.cfi_startproc
 544              		@ args = 0, pretend = 0, frame = 0
 545              		@ frame_needed = 0, uses_anonymous_args = 0
4096:Drivers/STM32L4xx_HAL_Driver/Src/stm32l4xx_hal_spi.c ****   if ((hspi->Init.Mode == SPI_MODE_MASTER) && ((hspi->Init.Direction == SPI_DIRECTION_1LINE)
 546              		.loc 1 4096 1 is_stmt 0 view .LVU155
 547 0000 70B5     		push	{r4, r5, r6, lr}
 548              	.LCFI10:
 549              		.cfi_def_cfa_offset 16
 550              		.cfi_offset 4, -16
 551              		.cfi_offset 5, -12
 552              		.cfi_offset 6, -8
 553              		.cfi_offset 14, -4
 554 0002 82B0     		sub	sp, sp, #8
 555              	.LCFI11:
 556              		.cfi_def_cfa_offset 24
 557 0004 0446     		mov	r4, r0
 558 0006 0D46     		mov	r5, r1
 559 0008 1646     		mov	r6, r2
4097:Drivers/STM32L4xx_HAL_Driver/Src/stm32l4xx_hal_spi.c ****                                                || (hspi->Init.Direction == SPI_DIRECTION_2LINES_RXO
 560              		.loc 1 4097 3 is_stmt 1 view .LVU156
4097:Drivers/STM32L4xx_HAL_Driver/Src/stm32l4xx_hal_spi.c ****                                                || (hspi->Init.Direction == SPI_DIRECTION_2LINES_RXO
 561              		.loc 1 4097 18 is_stmt 0 view .LVU157
 562 000a 4368     		ldr	r3, [r0, #4]
4097:Drivers/STM32L4xx_HAL_Driver/Src/stm32l4xx_hal_spi.c ****                                                || (hspi->Init.Direction == SPI_DIRECTION_2LINES_RXO
 563              		.loc 1 4097 6 view .LVU158
 564 000c B3F5827F 		cmp	r3, #260
 565 0010 0DD0     		beq	.L51
 566              	.LVL30:
 567              	.L45:
4105:Drivers/STM32L4xx_HAL_Driver/Src/stm32l4xx_hal_spi.c ****   {
 568              		.loc 1 4105 3 is_stmt 1 view .LVU159
4105:Drivers/STM32L4xx_HAL_Driver/Src/stm32l4xx_hal_spi.c ****   {
 569              		.loc 1 4105 7 is_stmt 0 view .LVU160
 570 0012 0096     		str	r6, [sp]
 571 0014 2B46     		mov	r3, r5
ARM GAS  /tmp/ccl8yU0j.s 			page 85


 572 0016 0022     		movs	r2, #0
 573 0018 8021     		movs	r1, #128
 574              	.LVL31:
4105:Drivers/STM32L4xx_HAL_Driver/Src/stm32l4xx_hal_spi.c ****   {
 575              		.loc 1 4105 7 view .LVU161
 576 001a 2046     		mov	r0, r4
 577              	.LVL32:
4105:Drivers/STM32L4xx_HAL_Driver/Src/stm32l4xx_hal_spi.c ****   {
 578              		.loc 1 4105 7 view .LVU162
 579 001c FFF7FEFF 		bl	SPI_WaitFlagStateUntilTimeout
 580              	.LVL33:
4105:Drivers/STM32L4xx_HAL_Driver/Src/stm32l4xx_hal_spi.c ****   {
 581              		.loc 1 4105 6 view .LVU163
 582 0020 90B9     		cbnz	r0, .L52
4111:Drivers/STM32L4xx_HAL_Driver/Src/stm32l4xx_hal_spi.c ****                                                || (hspi->Init.Direction == SPI_DIRECTION_2LINES_RXO
 583              		.loc 1 4111 3 is_stmt 1 view .LVU164
4111:Drivers/STM32L4xx_HAL_Driver/Src/stm32l4xx_hal_spi.c ****                                                || (hspi->Init.Direction == SPI_DIRECTION_2LINES_RXO
 584              		.loc 1 4111 18 is_stmt 0 view .LVU165
 585 0022 6368     		ldr	r3, [r4, #4]
4111:Drivers/STM32L4xx_HAL_Driver/Src/stm32l4xx_hal_spi.c ****                                                || (hspi->Init.Direction == SPI_DIRECTION_2LINES_RXO
 586              		.loc 1 4111 6 view .LVU166
 587 0024 B3F5827F 		cmp	r3, #260
 588 0028 14D0     		beq	.L53
 589              	.L48:
4122:Drivers/STM32L4xx_HAL_Driver/Src/stm32l4xx_hal_spi.c **** 
 590              		.loc 1 4122 1 view .LVU167
 591 002a 02B0     		add	sp, sp, #8
 592              	.LCFI12:
 593              		.cfi_remember_state
 594              		.cfi_def_cfa_offset 16
 595              		@ sp needed
 596 002c 70BD     		pop	{r4, r5, r6, pc}
 597              	.LVL34:
 598              	.L51:
 599              	.LCFI13:
 600              		.cfi_restore_state
4097:Drivers/STM32L4xx_HAL_Driver/Src/stm32l4xx_hal_spi.c ****                                                || (hspi->Init.Direction == SPI_DIRECTION_2LINES_RXO
 601              		.loc 1 4097 59 discriminator 1 view .LVU168
 602 002e 8368     		ldr	r3, [r0, #8]
4097:Drivers/STM32L4xx_HAL_Driver/Src/stm32l4xx_hal_spi.c ****                                                || (hspi->Init.Direction == SPI_DIRECTION_2LINES_RXO
 603              		.loc 1 4097 44 discriminator 1 view .LVU169
 604 0030 B3F5004F 		cmp	r3, #32768
 605 0034 02D0     		beq	.L46
4098:Drivers/STM32L4xx_HAL_Driver/Src/stm32l4xx_hal_spi.c ****   {
 606              		.loc 1 4098 48 view .LVU170
 607 0036 B3F5806F 		cmp	r3, #1024
 608 003a EAD1     		bne	.L45
 609              	.L46:
4101:Drivers/STM32L4xx_HAL_Driver/Src/stm32l4xx_hal_spi.c ****   }
 610              		.loc 1 4101 5 is_stmt 1 view .LVU171
 611 003c 2268     		ldr	r2, [r4]
 612              	.LVL35:
4101:Drivers/STM32L4xx_HAL_Driver/Src/stm32l4xx_hal_spi.c ****   }
 613              		.loc 1 4101 5 is_stmt 0 view .LVU172
 614 003e 1368     		ldr	r3, [r2]
 615 0040 23F04003 		bic	r3, r3, #64
 616 0044 1360     		str	r3, [r2]
ARM GAS  /tmp/ccl8yU0j.s 			page 86


 617 0046 E4E7     		b	.L45
 618              	.LVL36:
 619              	.L52:
4107:Drivers/STM32L4xx_HAL_Driver/Src/stm32l4xx_hal_spi.c ****     return HAL_TIMEOUT;
 620              		.loc 1 4107 5 is_stmt 1 view .LVU173
 621 0048 236E     		ldr	r3, [r4, #96]
 622 004a 43F02003 		orr	r3, r3, #32
 623 004e 2366     		str	r3, [r4, #96]
4108:Drivers/STM32L4xx_HAL_Driver/Src/stm32l4xx_hal_spi.c ****   }
 624              		.loc 1 4108 5 view .LVU174
4108:Drivers/STM32L4xx_HAL_Driver/Src/stm32l4xx_hal_spi.c ****   }
 625              		.loc 1 4108 12 is_stmt 0 view .LVU175
 626 0050 0320     		movs	r0, #3
 627 0052 EAE7     		b	.L48
 628              	.L53:
4111:Drivers/STM32L4xx_HAL_Driver/Src/stm32l4xx_hal_spi.c ****                                                || (hspi->Init.Direction == SPI_DIRECTION_2LINES_RXO
 629              		.loc 1 4111 59 discriminator 1 view .LVU176
 630 0054 A368     		ldr	r3, [r4, #8]
4111:Drivers/STM32L4xx_HAL_Driver/Src/stm32l4xx_hal_spi.c ****                                                || (hspi->Init.Direction == SPI_DIRECTION_2LINES_RXO
 631              		.loc 1 4111 44 discriminator 1 view .LVU177
 632 0056 B3F5004F 		cmp	r3, #32768
 633 005a 02D0     		beq	.L49
4112:Drivers/STM32L4xx_HAL_Driver/Src/stm32l4xx_hal_spi.c ****   {
 634              		.loc 1 4112 48 view .LVU178
 635 005c B3F5806F 		cmp	r3, #1024
 636 0060 E3D1     		bne	.L48
 637              	.L49:
4115:Drivers/STM32L4xx_HAL_Driver/Src/stm32l4xx_hal_spi.c ****     {
 638              		.loc 1 4115 5 is_stmt 1 view .LVU179
4115:Drivers/STM32L4xx_HAL_Driver/Src/stm32l4xx_hal_spi.c ****     {
 639              		.loc 1 4115 9 is_stmt 0 view .LVU180
 640 0062 0096     		str	r6, [sp]
 641 0064 2B46     		mov	r3, r5
 642 0066 0022     		movs	r2, #0
 643 0068 4FF4C061 		mov	r1, #1536
 644 006c 2046     		mov	r0, r4
 645 006e FFF7FEFF 		bl	SPI_WaitFifoStateUntilTimeout
 646              	.LVL37:
4115:Drivers/STM32L4xx_HAL_Driver/Src/stm32l4xx_hal_spi.c ****     {
 647              		.loc 1 4115 8 view .LVU181
 648 0072 0028     		cmp	r0, #0
 649 0074 D9D0     		beq	.L48
4117:Drivers/STM32L4xx_HAL_Driver/Src/stm32l4xx_hal_spi.c ****       return HAL_TIMEOUT;
 650              		.loc 1 4117 7 is_stmt 1 view .LVU182
 651 0076 236E     		ldr	r3, [r4, #96]
 652 0078 43F02003 		orr	r3, r3, #32
 653 007c 2366     		str	r3, [r4, #96]
4118:Drivers/STM32L4xx_HAL_Driver/Src/stm32l4xx_hal_spi.c ****     }
 654              		.loc 1 4118 7 view .LVU183
4118:Drivers/STM32L4xx_HAL_Driver/Src/stm32l4xx_hal_spi.c ****     }
 655              		.loc 1 4118 14 is_stmt 0 view .LVU184
 656 007e 0320     		movs	r0, #3
 657 0080 D3E7     		b	.L48
 658              		.cfi_endproc
 659              	.LFE337:
 661              		.section	.text.SPI_AbortRx_ISR,"ax",%progbits
 662              		.align	1
ARM GAS  /tmp/ccl8yU0j.s 			page 87


 663              		.syntax unified
 664              		.thumb
 665              		.thumb_func
 667              	SPI_AbortRx_ISR:
 668              	.LVL38:
 669              	.LFB342:
4156:Drivers/STM32L4xx_HAL_Driver/Src/stm32l4xx_hal_spi.c **** 
4157:Drivers/STM32L4xx_HAL_Driver/Src/stm32l4xx_hal_spi.c **** /**
4158:Drivers/STM32L4xx_HAL_Driver/Src/stm32l4xx_hal_spi.c ****   * @brief  Handle the end of the RXTX transaction.
4159:Drivers/STM32L4xx_HAL_Driver/Src/stm32l4xx_hal_spi.c ****   * @param  hspi pointer to a SPI_HandleTypeDef structure that contains
4160:Drivers/STM32L4xx_HAL_Driver/Src/stm32l4xx_hal_spi.c ****   *               the configuration information for SPI module.
4161:Drivers/STM32L4xx_HAL_Driver/Src/stm32l4xx_hal_spi.c ****   * @retval None
4162:Drivers/STM32L4xx_HAL_Driver/Src/stm32l4xx_hal_spi.c ****   */
4163:Drivers/STM32L4xx_HAL_Driver/Src/stm32l4xx_hal_spi.c **** static void SPI_CloseRxTx_ISR(SPI_HandleTypeDef *hspi)
4164:Drivers/STM32L4xx_HAL_Driver/Src/stm32l4xx_hal_spi.c **** {
4165:Drivers/STM32L4xx_HAL_Driver/Src/stm32l4xx_hal_spi.c ****   uint32_t tickstart;
4166:Drivers/STM32L4xx_HAL_Driver/Src/stm32l4xx_hal_spi.c **** 
4167:Drivers/STM32L4xx_HAL_Driver/Src/stm32l4xx_hal_spi.c ****   /* Init tickstart for timeout management */
4168:Drivers/STM32L4xx_HAL_Driver/Src/stm32l4xx_hal_spi.c ****   tickstart = HAL_GetTick();
4169:Drivers/STM32L4xx_HAL_Driver/Src/stm32l4xx_hal_spi.c **** 
4170:Drivers/STM32L4xx_HAL_Driver/Src/stm32l4xx_hal_spi.c ****   /* Disable ERR interrupt */
4171:Drivers/STM32L4xx_HAL_Driver/Src/stm32l4xx_hal_spi.c ****   __HAL_SPI_DISABLE_IT(hspi, SPI_IT_ERR);
4172:Drivers/STM32L4xx_HAL_Driver/Src/stm32l4xx_hal_spi.c **** 
4173:Drivers/STM32L4xx_HAL_Driver/Src/stm32l4xx_hal_spi.c ****   /* Check the end of the transaction */
4174:Drivers/STM32L4xx_HAL_Driver/Src/stm32l4xx_hal_spi.c ****   if (SPI_EndRxTxTransaction(hspi, SPI_DEFAULT_TIMEOUT, tickstart) != HAL_OK)
4175:Drivers/STM32L4xx_HAL_Driver/Src/stm32l4xx_hal_spi.c ****   {
4176:Drivers/STM32L4xx_HAL_Driver/Src/stm32l4xx_hal_spi.c ****     SET_BIT(hspi->ErrorCode, HAL_SPI_ERROR_FLAG);
4177:Drivers/STM32L4xx_HAL_Driver/Src/stm32l4xx_hal_spi.c ****   }
4178:Drivers/STM32L4xx_HAL_Driver/Src/stm32l4xx_hal_spi.c **** 
4179:Drivers/STM32L4xx_HAL_Driver/Src/stm32l4xx_hal_spi.c **** #if (USE_SPI_CRC != 0U)
4180:Drivers/STM32L4xx_HAL_Driver/Src/stm32l4xx_hal_spi.c ****   /* Check if CRC error occurred */
4181:Drivers/STM32L4xx_HAL_Driver/Src/stm32l4xx_hal_spi.c ****   if (__HAL_SPI_GET_FLAG(hspi, SPI_FLAG_CRCERR) != RESET)
4182:Drivers/STM32L4xx_HAL_Driver/Src/stm32l4xx_hal_spi.c ****   {
4183:Drivers/STM32L4xx_HAL_Driver/Src/stm32l4xx_hal_spi.c ****     hspi->State = HAL_SPI_STATE_READY;
4184:Drivers/STM32L4xx_HAL_Driver/Src/stm32l4xx_hal_spi.c ****     SET_BIT(hspi->ErrorCode, HAL_SPI_ERROR_CRC);
4185:Drivers/STM32L4xx_HAL_Driver/Src/stm32l4xx_hal_spi.c ****     __HAL_SPI_CLEAR_CRCERRFLAG(hspi);
4186:Drivers/STM32L4xx_HAL_Driver/Src/stm32l4xx_hal_spi.c ****     /* Call user error callback */
4187:Drivers/STM32L4xx_HAL_Driver/Src/stm32l4xx_hal_spi.c **** #if (USE_HAL_SPI_REGISTER_CALLBACKS == 1U)
4188:Drivers/STM32L4xx_HAL_Driver/Src/stm32l4xx_hal_spi.c ****     hspi->ErrorCallback(hspi);
4189:Drivers/STM32L4xx_HAL_Driver/Src/stm32l4xx_hal_spi.c **** #else
4190:Drivers/STM32L4xx_HAL_Driver/Src/stm32l4xx_hal_spi.c ****     HAL_SPI_ErrorCallback(hspi);
4191:Drivers/STM32L4xx_HAL_Driver/Src/stm32l4xx_hal_spi.c **** #endif /* USE_HAL_SPI_REGISTER_CALLBACKS */
4192:Drivers/STM32L4xx_HAL_Driver/Src/stm32l4xx_hal_spi.c ****   }
4193:Drivers/STM32L4xx_HAL_Driver/Src/stm32l4xx_hal_spi.c ****   else
4194:Drivers/STM32L4xx_HAL_Driver/Src/stm32l4xx_hal_spi.c ****   {
4195:Drivers/STM32L4xx_HAL_Driver/Src/stm32l4xx_hal_spi.c **** #endif /* USE_SPI_CRC */
4196:Drivers/STM32L4xx_HAL_Driver/Src/stm32l4xx_hal_spi.c ****     if (hspi->ErrorCode == HAL_SPI_ERROR_NONE)
4197:Drivers/STM32L4xx_HAL_Driver/Src/stm32l4xx_hal_spi.c ****     {
4198:Drivers/STM32L4xx_HAL_Driver/Src/stm32l4xx_hal_spi.c ****       if (hspi->State == HAL_SPI_STATE_BUSY_RX)
4199:Drivers/STM32L4xx_HAL_Driver/Src/stm32l4xx_hal_spi.c ****       {
4200:Drivers/STM32L4xx_HAL_Driver/Src/stm32l4xx_hal_spi.c ****         hspi->State = HAL_SPI_STATE_READY;
4201:Drivers/STM32L4xx_HAL_Driver/Src/stm32l4xx_hal_spi.c ****         /* Call user Rx complete callback */
4202:Drivers/STM32L4xx_HAL_Driver/Src/stm32l4xx_hal_spi.c **** #if (USE_HAL_SPI_REGISTER_CALLBACKS == 1U)
4203:Drivers/STM32L4xx_HAL_Driver/Src/stm32l4xx_hal_spi.c ****         hspi->RxCpltCallback(hspi);
4204:Drivers/STM32L4xx_HAL_Driver/Src/stm32l4xx_hal_spi.c **** #else
4205:Drivers/STM32L4xx_HAL_Driver/Src/stm32l4xx_hal_spi.c ****         HAL_SPI_RxCpltCallback(hspi);
4206:Drivers/STM32L4xx_HAL_Driver/Src/stm32l4xx_hal_spi.c **** #endif /* USE_HAL_SPI_REGISTER_CALLBACKS */
ARM GAS  /tmp/ccl8yU0j.s 			page 88


4207:Drivers/STM32L4xx_HAL_Driver/Src/stm32l4xx_hal_spi.c ****       }
4208:Drivers/STM32L4xx_HAL_Driver/Src/stm32l4xx_hal_spi.c ****       else
4209:Drivers/STM32L4xx_HAL_Driver/Src/stm32l4xx_hal_spi.c ****       {
4210:Drivers/STM32L4xx_HAL_Driver/Src/stm32l4xx_hal_spi.c ****         hspi->State = HAL_SPI_STATE_READY;
4211:Drivers/STM32L4xx_HAL_Driver/Src/stm32l4xx_hal_spi.c ****         /* Call user TxRx complete callback */
4212:Drivers/STM32L4xx_HAL_Driver/Src/stm32l4xx_hal_spi.c **** #if (USE_HAL_SPI_REGISTER_CALLBACKS == 1U)
4213:Drivers/STM32L4xx_HAL_Driver/Src/stm32l4xx_hal_spi.c ****         hspi->TxRxCpltCallback(hspi);
4214:Drivers/STM32L4xx_HAL_Driver/Src/stm32l4xx_hal_spi.c **** #else
4215:Drivers/STM32L4xx_HAL_Driver/Src/stm32l4xx_hal_spi.c ****         HAL_SPI_TxRxCpltCallback(hspi);
4216:Drivers/STM32L4xx_HAL_Driver/Src/stm32l4xx_hal_spi.c **** #endif /* USE_HAL_SPI_REGISTER_CALLBACKS */
4217:Drivers/STM32L4xx_HAL_Driver/Src/stm32l4xx_hal_spi.c ****       }
4218:Drivers/STM32L4xx_HAL_Driver/Src/stm32l4xx_hal_spi.c ****     }
4219:Drivers/STM32L4xx_HAL_Driver/Src/stm32l4xx_hal_spi.c ****     else
4220:Drivers/STM32L4xx_HAL_Driver/Src/stm32l4xx_hal_spi.c ****     {
4221:Drivers/STM32L4xx_HAL_Driver/Src/stm32l4xx_hal_spi.c ****       hspi->State = HAL_SPI_STATE_READY;
4222:Drivers/STM32L4xx_HAL_Driver/Src/stm32l4xx_hal_spi.c ****       /* Call user error callback */
4223:Drivers/STM32L4xx_HAL_Driver/Src/stm32l4xx_hal_spi.c **** #if (USE_HAL_SPI_REGISTER_CALLBACKS == 1U)
4224:Drivers/STM32L4xx_HAL_Driver/Src/stm32l4xx_hal_spi.c ****       hspi->ErrorCallback(hspi);
4225:Drivers/STM32L4xx_HAL_Driver/Src/stm32l4xx_hal_spi.c **** #else
4226:Drivers/STM32L4xx_HAL_Driver/Src/stm32l4xx_hal_spi.c ****       HAL_SPI_ErrorCallback(hspi);
4227:Drivers/STM32L4xx_HAL_Driver/Src/stm32l4xx_hal_spi.c **** #endif /* USE_HAL_SPI_REGISTER_CALLBACKS */
4228:Drivers/STM32L4xx_HAL_Driver/Src/stm32l4xx_hal_spi.c ****     }
4229:Drivers/STM32L4xx_HAL_Driver/Src/stm32l4xx_hal_spi.c **** #if (USE_SPI_CRC != 0U)
4230:Drivers/STM32L4xx_HAL_Driver/Src/stm32l4xx_hal_spi.c ****   }
4231:Drivers/STM32L4xx_HAL_Driver/Src/stm32l4xx_hal_spi.c **** #endif /* USE_SPI_CRC */
4232:Drivers/STM32L4xx_HAL_Driver/Src/stm32l4xx_hal_spi.c **** }
4233:Drivers/STM32L4xx_HAL_Driver/Src/stm32l4xx_hal_spi.c **** 
4234:Drivers/STM32L4xx_HAL_Driver/Src/stm32l4xx_hal_spi.c **** /**
4235:Drivers/STM32L4xx_HAL_Driver/Src/stm32l4xx_hal_spi.c ****   * @brief  Handle the end of the RX transaction.
4236:Drivers/STM32L4xx_HAL_Driver/Src/stm32l4xx_hal_spi.c ****   * @param  hspi pointer to a SPI_HandleTypeDef structure that contains
4237:Drivers/STM32L4xx_HAL_Driver/Src/stm32l4xx_hal_spi.c ****   *               the configuration information for SPI module.
4238:Drivers/STM32L4xx_HAL_Driver/Src/stm32l4xx_hal_spi.c ****   * @retval None
4239:Drivers/STM32L4xx_HAL_Driver/Src/stm32l4xx_hal_spi.c ****   */
4240:Drivers/STM32L4xx_HAL_Driver/Src/stm32l4xx_hal_spi.c **** static void SPI_CloseRx_ISR(SPI_HandleTypeDef *hspi)
4241:Drivers/STM32L4xx_HAL_Driver/Src/stm32l4xx_hal_spi.c **** {
4242:Drivers/STM32L4xx_HAL_Driver/Src/stm32l4xx_hal_spi.c ****   /* Disable RXNE and ERR interrupt */
4243:Drivers/STM32L4xx_HAL_Driver/Src/stm32l4xx_hal_spi.c ****   __HAL_SPI_DISABLE_IT(hspi, (SPI_IT_RXNE | SPI_IT_ERR));
4244:Drivers/STM32L4xx_HAL_Driver/Src/stm32l4xx_hal_spi.c **** 
4245:Drivers/STM32L4xx_HAL_Driver/Src/stm32l4xx_hal_spi.c ****   /* Check the end of the transaction */
4246:Drivers/STM32L4xx_HAL_Driver/Src/stm32l4xx_hal_spi.c ****   if (SPI_EndRxTransaction(hspi, SPI_DEFAULT_TIMEOUT, HAL_GetTick()) != HAL_OK)
4247:Drivers/STM32L4xx_HAL_Driver/Src/stm32l4xx_hal_spi.c ****   {
4248:Drivers/STM32L4xx_HAL_Driver/Src/stm32l4xx_hal_spi.c ****     SET_BIT(hspi->ErrorCode, HAL_SPI_ERROR_FLAG);
4249:Drivers/STM32L4xx_HAL_Driver/Src/stm32l4xx_hal_spi.c ****   }
4250:Drivers/STM32L4xx_HAL_Driver/Src/stm32l4xx_hal_spi.c ****   hspi->State = HAL_SPI_STATE_READY;
4251:Drivers/STM32L4xx_HAL_Driver/Src/stm32l4xx_hal_spi.c **** 
4252:Drivers/STM32L4xx_HAL_Driver/Src/stm32l4xx_hal_spi.c **** #if (USE_SPI_CRC != 0U)
4253:Drivers/STM32L4xx_HAL_Driver/Src/stm32l4xx_hal_spi.c ****   /* Check if CRC error occurred */
4254:Drivers/STM32L4xx_HAL_Driver/Src/stm32l4xx_hal_spi.c ****   if (__HAL_SPI_GET_FLAG(hspi, SPI_FLAG_CRCERR) != RESET)
4255:Drivers/STM32L4xx_HAL_Driver/Src/stm32l4xx_hal_spi.c ****   {
4256:Drivers/STM32L4xx_HAL_Driver/Src/stm32l4xx_hal_spi.c ****     SET_BIT(hspi->ErrorCode, HAL_SPI_ERROR_CRC);
4257:Drivers/STM32L4xx_HAL_Driver/Src/stm32l4xx_hal_spi.c ****     __HAL_SPI_CLEAR_CRCERRFLAG(hspi);
4258:Drivers/STM32L4xx_HAL_Driver/Src/stm32l4xx_hal_spi.c ****     /* Call user error callback */
4259:Drivers/STM32L4xx_HAL_Driver/Src/stm32l4xx_hal_spi.c **** #if (USE_HAL_SPI_REGISTER_CALLBACKS == 1U)
4260:Drivers/STM32L4xx_HAL_Driver/Src/stm32l4xx_hal_spi.c ****     hspi->ErrorCallback(hspi);
4261:Drivers/STM32L4xx_HAL_Driver/Src/stm32l4xx_hal_spi.c **** #else
4262:Drivers/STM32L4xx_HAL_Driver/Src/stm32l4xx_hal_spi.c ****     HAL_SPI_ErrorCallback(hspi);
4263:Drivers/STM32L4xx_HAL_Driver/Src/stm32l4xx_hal_spi.c **** #endif /* USE_HAL_SPI_REGISTER_CALLBACKS */
ARM GAS  /tmp/ccl8yU0j.s 			page 89


4264:Drivers/STM32L4xx_HAL_Driver/Src/stm32l4xx_hal_spi.c ****   }
4265:Drivers/STM32L4xx_HAL_Driver/Src/stm32l4xx_hal_spi.c ****   else
4266:Drivers/STM32L4xx_HAL_Driver/Src/stm32l4xx_hal_spi.c ****   {
4267:Drivers/STM32L4xx_HAL_Driver/Src/stm32l4xx_hal_spi.c **** #endif /* USE_SPI_CRC */
4268:Drivers/STM32L4xx_HAL_Driver/Src/stm32l4xx_hal_spi.c ****     if (hspi->ErrorCode == HAL_SPI_ERROR_NONE)
4269:Drivers/STM32L4xx_HAL_Driver/Src/stm32l4xx_hal_spi.c ****     {
4270:Drivers/STM32L4xx_HAL_Driver/Src/stm32l4xx_hal_spi.c ****       /* Call user Rx complete callback */
4271:Drivers/STM32L4xx_HAL_Driver/Src/stm32l4xx_hal_spi.c **** #if (USE_HAL_SPI_REGISTER_CALLBACKS == 1U)
4272:Drivers/STM32L4xx_HAL_Driver/Src/stm32l4xx_hal_spi.c ****       hspi->RxCpltCallback(hspi);
4273:Drivers/STM32L4xx_HAL_Driver/Src/stm32l4xx_hal_spi.c **** #else
4274:Drivers/STM32L4xx_HAL_Driver/Src/stm32l4xx_hal_spi.c ****       HAL_SPI_RxCpltCallback(hspi);
4275:Drivers/STM32L4xx_HAL_Driver/Src/stm32l4xx_hal_spi.c **** #endif /* USE_HAL_SPI_REGISTER_CALLBACKS */
4276:Drivers/STM32L4xx_HAL_Driver/Src/stm32l4xx_hal_spi.c ****     }
4277:Drivers/STM32L4xx_HAL_Driver/Src/stm32l4xx_hal_spi.c ****     else
4278:Drivers/STM32L4xx_HAL_Driver/Src/stm32l4xx_hal_spi.c ****     {
4279:Drivers/STM32L4xx_HAL_Driver/Src/stm32l4xx_hal_spi.c ****       /* Call user error callback */
4280:Drivers/STM32L4xx_HAL_Driver/Src/stm32l4xx_hal_spi.c **** #if (USE_HAL_SPI_REGISTER_CALLBACKS == 1U)
4281:Drivers/STM32L4xx_HAL_Driver/Src/stm32l4xx_hal_spi.c ****       hspi->ErrorCallback(hspi);
4282:Drivers/STM32L4xx_HAL_Driver/Src/stm32l4xx_hal_spi.c **** #else
4283:Drivers/STM32L4xx_HAL_Driver/Src/stm32l4xx_hal_spi.c ****       HAL_SPI_ErrorCallback(hspi);
4284:Drivers/STM32L4xx_HAL_Driver/Src/stm32l4xx_hal_spi.c **** #endif /* USE_HAL_SPI_REGISTER_CALLBACKS */
4285:Drivers/STM32L4xx_HAL_Driver/Src/stm32l4xx_hal_spi.c ****     }
4286:Drivers/STM32L4xx_HAL_Driver/Src/stm32l4xx_hal_spi.c **** #if (USE_SPI_CRC != 0U)
4287:Drivers/STM32L4xx_HAL_Driver/Src/stm32l4xx_hal_spi.c ****   }
4288:Drivers/STM32L4xx_HAL_Driver/Src/stm32l4xx_hal_spi.c **** #endif /* USE_SPI_CRC */
4289:Drivers/STM32L4xx_HAL_Driver/Src/stm32l4xx_hal_spi.c **** }
4290:Drivers/STM32L4xx_HAL_Driver/Src/stm32l4xx_hal_spi.c **** 
4291:Drivers/STM32L4xx_HAL_Driver/Src/stm32l4xx_hal_spi.c **** /**
4292:Drivers/STM32L4xx_HAL_Driver/Src/stm32l4xx_hal_spi.c ****   * @brief  Handle the end of the TX transaction.
4293:Drivers/STM32L4xx_HAL_Driver/Src/stm32l4xx_hal_spi.c ****   * @param  hspi pointer to a SPI_HandleTypeDef structure that contains
4294:Drivers/STM32L4xx_HAL_Driver/Src/stm32l4xx_hal_spi.c ****   *               the configuration information for SPI module.
4295:Drivers/STM32L4xx_HAL_Driver/Src/stm32l4xx_hal_spi.c ****   * @retval None
4296:Drivers/STM32L4xx_HAL_Driver/Src/stm32l4xx_hal_spi.c ****   */
4297:Drivers/STM32L4xx_HAL_Driver/Src/stm32l4xx_hal_spi.c **** static void SPI_CloseTx_ISR(SPI_HandleTypeDef *hspi)
4298:Drivers/STM32L4xx_HAL_Driver/Src/stm32l4xx_hal_spi.c **** {
4299:Drivers/STM32L4xx_HAL_Driver/Src/stm32l4xx_hal_spi.c ****   uint32_t tickstart;
4300:Drivers/STM32L4xx_HAL_Driver/Src/stm32l4xx_hal_spi.c **** 
4301:Drivers/STM32L4xx_HAL_Driver/Src/stm32l4xx_hal_spi.c ****   /* Init tickstart for timeout management*/
4302:Drivers/STM32L4xx_HAL_Driver/Src/stm32l4xx_hal_spi.c ****   tickstart = HAL_GetTick();
4303:Drivers/STM32L4xx_HAL_Driver/Src/stm32l4xx_hal_spi.c **** 
4304:Drivers/STM32L4xx_HAL_Driver/Src/stm32l4xx_hal_spi.c ****   /* Disable TXE and ERR interrupt */
4305:Drivers/STM32L4xx_HAL_Driver/Src/stm32l4xx_hal_spi.c ****   __HAL_SPI_DISABLE_IT(hspi, (SPI_IT_TXE | SPI_IT_ERR));
4306:Drivers/STM32L4xx_HAL_Driver/Src/stm32l4xx_hal_spi.c **** 
4307:Drivers/STM32L4xx_HAL_Driver/Src/stm32l4xx_hal_spi.c ****   /* Check the end of the transaction */
4308:Drivers/STM32L4xx_HAL_Driver/Src/stm32l4xx_hal_spi.c ****   if (SPI_EndRxTxTransaction(hspi, SPI_DEFAULT_TIMEOUT, tickstart) != HAL_OK)
4309:Drivers/STM32L4xx_HAL_Driver/Src/stm32l4xx_hal_spi.c ****   {
4310:Drivers/STM32L4xx_HAL_Driver/Src/stm32l4xx_hal_spi.c ****     SET_BIT(hspi->ErrorCode, HAL_SPI_ERROR_FLAG);
4311:Drivers/STM32L4xx_HAL_Driver/Src/stm32l4xx_hal_spi.c ****   }
4312:Drivers/STM32L4xx_HAL_Driver/Src/stm32l4xx_hal_spi.c **** 
4313:Drivers/STM32L4xx_HAL_Driver/Src/stm32l4xx_hal_spi.c ****   /* Clear overrun flag in 2 Lines communication mode because received is not read */
4314:Drivers/STM32L4xx_HAL_Driver/Src/stm32l4xx_hal_spi.c ****   if (hspi->Init.Direction == SPI_DIRECTION_2LINES)
4315:Drivers/STM32L4xx_HAL_Driver/Src/stm32l4xx_hal_spi.c ****   {
4316:Drivers/STM32L4xx_HAL_Driver/Src/stm32l4xx_hal_spi.c ****     __HAL_SPI_CLEAR_OVRFLAG(hspi);
4317:Drivers/STM32L4xx_HAL_Driver/Src/stm32l4xx_hal_spi.c ****   }
4318:Drivers/STM32L4xx_HAL_Driver/Src/stm32l4xx_hal_spi.c **** 
4319:Drivers/STM32L4xx_HAL_Driver/Src/stm32l4xx_hal_spi.c ****   hspi->State = HAL_SPI_STATE_READY;
4320:Drivers/STM32L4xx_HAL_Driver/Src/stm32l4xx_hal_spi.c ****   if (hspi->ErrorCode != HAL_SPI_ERROR_NONE)
ARM GAS  /tmp/ccl8yU0j.s 			page 90


4321:Drivers/STM32L4xx_HAL_Driver/Src/stm32l4xx_hal_spi.c ****   {
4322:Drivers/STM32L4xx_HAL_Driver/Src/stm32l4xx_hal_spi.c ****     /* Call user error callback */
4323:Drivers/STM32L4xx_HAL_Driver/Src/stm32l4xx_hal_spi.c **** #if (USE_HAL_SPI_REGISTER_CALLBACKS == 1U)
4324:Drivers/STM32L4xx_HAL_Driver/Src/stm32l4xx_hal_spi.c ****     hspi->ErrorCallback(hspi);
4325:Drivers/STM32L4xx_HAL_Driver/Src/stm32l4xx_hal_spi.c **** #else
4326:Drivers/STM32L4xx_HAL_Driver/Src/stm32l4xx_hal_spi.c ****     HAL_SPI_ErrorCallback(hspi);
4327:Drivers/STM32L4xx_HAL_Driver/Src/stm32l4xx_hal_spi.c **** #endif /* USE_HAL_SPI_REGISTER_CALLBACKS */
4328:Drivers/STM32L4xx_HAL_Driver/Src/stm32l4xx_hal_spi.c ****   }
4329:Drivers/STM32L4xx_HAL_Driver/Src/stm32l4xx_hal_spi.c ****   else
4330:Drivers/STM32L4xx_HAL_Driver/Src/stm32l4xx_hal_spi.c ****   {
4331:Drivers/STM32L4xx_HAL_Driver/Src/stm32l4xx_hal_spi.c ****     /* Call user Rx complete callback */
4332:Drivers/STM32L4xx_HAL_Driver/Src/stm32l4xx_hal_spi.c **** #if (USE_HAL_SPI_REGISTER_CALLBACKS == 1U)
4333:Drivers/STM32L4xx_HAL_Driver/Src/stm32l4xx_hal_spi.c ****     hspi->TxCpltCallback(hspi);
4334:Drivers/STM32L4xx_HAL_Driver/Src/stm32l4xx_hal_spi.c **** #else
4335:Drivers/STM32L4xx_HAL_Driver/Src/stm32l4xx_hal_spi.c ****     HAL_SPI_TxCpltCallback(hspi);
4336:Drivers/STM32L4xx_HAL_Driver/Src/stm32l4xx_hal_spi.c **** #endif /* USE_HAL_SPI_REGISTER_CALLBACKS */
4337:Drivers/STM32L4xx_HAL_Driver/Src/stm32l4xx_hal_spi.c ****   }
4338:Drivers/STM32L4xx_HAL_Driver/Src/stm32l4xx_hal_spi.c **** }
4339:Drivers/STM32L4xx_HAL_Driver/Src/stm32l4xx_hal_spi.c **** 
4340:Drivers/STM32L4xx_HAL_Driver/Src/stm32l4xx_hal_spi.c **** /**
4341:Drivers/STM32L4xx_HAL_Driver/Src/stm32l4xx_hal_spi.c ****   * @brief  Handle abort a Rx transaction.
4342:Drivers/STM32L4xx_HAL_Driver/Src/stm32l4xx_hal_spi.c ****   * @param  hspi pointer to a SPI_HandleTypeDef structure that contains
4343:Drivers/STM32L4xx_HAL_Driver/Src/stm32l4xx_hal_spi.c ****   *               the configuration information for SPI module.
4344:Drivers/STM32L4xx_HAL_Driver/Src/stm32l4xx_hal_spi.c ****   * @retval None
4345:Drivers/STM32L4xx_HAL_Driver/Src/stm32l4xx_hal_spi.c ****   */
4346:Drivers/STM32L4xx_HAL_Driver/Src/stm32l4xx_hal_spi.c **** static void SPI_AbortRx_ISR(SPI_HandleTypeDef *hspi)
4347:Drivers/STM32L4xx_HAL_Driver/Src/stm32l4xx_hal_spi.c **** {
 670              		.loc 1 4347 1 is_stmt 1 view -0
 671              		.cfi_startproc
 672              		@ args = 0, pretend = 0, frame = 8
 673              		@ frame_needed = 0, uses_anonymous_args = 0
 674              		.loc 1 4347 1 is_stmt 0 view .LVU186
 675 0000 10B5     		push	{r4, lr}
 676              	.LCFI14:
 677              		.cfi_def_cfa_offset 8
 678              		.cfi_offset 4, -8
 679              		.cfi_offset 14, -4
 680 0002 84B0     		sub	sp, sp, #16
 681              	.LCFI15:
 682              		.cfi_def_cfa_offset 24
 683 0004 0446     		mov	r4, r0
4348:Drivers/STM32L4xx_HAL_Driver/Src/stm32l4xx_hal_spi.c ****   __IO uint32_t count;
 684              		.loc 1 4348 3 is_stmt 1 view .LVU187
4349:Drivers/STM32L4xx_HAL_Driver/Src/stm32l4xx_hal_spi.c **** 
4350:Drivers/STM32L4xx_HAL_Driver/Src/stm32l4xx_hal_spi.c ****   /* Disable SPI Peripheral */
4351:Drivers/STM32L4xx_HAL_Driver/Src/stm32l4xx_hal_spi.c ****   __HAL_SPI_DISABLE(hspi);
 685              		.loc 1 4351 3 view .LVU188
 686 0006 0268     		ldr	r2, [r0]
 687 0008 1368     		ldr	r3, [r2]
 688 000a 23F04003 		bic	r3, r3, #64
 689 000e 1360     		str	r3, [r2]
4352:Drivers/STM32L4xx_HAL_Driver/Src/stm32l4xx_hal_spi.c **** 
4353:Drivers/STM32L4xx_HAL_Driver/Src/stm32l4xx_hal_spi.c ****   count = SPI_DEFAULT_TIMEOUT * (SystemCoreClock / 24U / 1000U);
 690              		.loc 1 4353 3 view .LVU189
 691              		.loc 1 4353 56 is_stmt 0 view .LVU190
 692 0010 1D4B     		ldr	r3, .L62
 693 0012 1B68     		ldr	r3, [r3]
ARM GAS  /tmp/ccl8yU0j.s 			page 91


 694 0014 1D4A     		ldr	r2, .L62+4
 695 0016 A2FB0323 		umull	r2, r3, r2, r3
 696 001a 5B0A     		lsrs	r3, r3, #9
 697              		.loc 1 4353 31 view .LVU191
 698 001c 6422     		movs	r2, #100
 699 001e 02FB03F3 		mul	r3, r2, r3
 700              		.loc 1 4353 9 view .LVU192
 701 0022 0393     		str	r3, [sp, #12]
4354:Drivers/STM32L4xx_HAL_Driver/Src/stm32l4xx_hal_spi.c **** 
4355:Drivers/STM32L4xx_HAL_Driver/Src/stm32l4xx_hal_spi.c ****   /* Disable RXNEIE interrupt */
4356:Drivers/STM32L4xx_HAL_Driver/Src/stm32l4xx_hal_spi.c ****   CLEAR_BIT(hspi->Instance->CR2, (SPI_CR2_RXNEIE));
 702              		.loc 1 4356 3 is_stmt 1 view .LVU193
 703 0024 0268     		ldr	r2, [r0]
 704 0026 5368     		ldr	r3, [r2, #4]
 705 0028 23F04003 		bic	r3, r3, #64
 706 002c 5360     		str	r3, [r2, #4]
 707              	.L57:
4357:Drivers/STM32L4xx_HAL_Driver/Src/stm32l4xx_hal_spi.c **** 
4358:Drivers/STM32L4xx_HAL_Driver/Src/stm32l4xx_hal_spi.c ****   /* Check RXNEIE is disabled */
4359:Drivers/STM32L4xx_HAL_Driver/Src/stm32l4xx_hal_spi.c ****   do
 708              		.loc 1 4359 3 view .LVU194
4360:Drivers/STM32L4xx_HAL_Driver/Src/stm32l4xx_hal_spi.c ****   {
4361:Drivers/STM32L4xx_HAL_Driver/Src/stm32l4xx_hal_spi.c ****     if (count == 0U)
 709              		.loc 1 4361 5 view .LVU195
 710              		.loc 1 4361 15 is_stmt 0 view .LVU196
 711 002e 039B     		ldr	r3, [sp, #12]
 712              		.loc 1 4361 8 view .LVU197
 713 0030 43B1     		cbz	r3, .L61
4362:Drivers/STM32L4xx_HAL_Driver/Src/stm32l4xx_hal_spi.c ****     {
4363:Drivers/STM32L4xx_HAL_Driver/Src/stm32l4xx_hal_spi.c ****       SET_BIT(hspi->ErrorCode, HAL_SPI_ERROR_ABORT);
4364:Drivers/STM32L4xx_HAL_Driver/Src/stm32l4xx_hal_spi.c ****       break;
4365:Drivers/STM32L4xx_HAL_Driver/Src/stm32l4xx_hal_spi.c ****     }
4366:Drivers/STM32L4xx_HAL_Driver/Src/stm32l4xx_hal_spi.c ****     count--;
 714              		.loc 1 4366 5 is_stmt 1 view .LVU198
 715              		.loc 1 4366 10 is_stmt 0 view .LVU199
 716 0032 039B     		ldr	r3, [sp, #12]
 717 0034 013B     		subs	r3, r3, #1
 718 0036 0393     		str	r3, [sp, #12]
4367:Drivers/STM32L4xx_HAL_Driver/Src/stm32l4xx_hal_spi.c ****   } while (HAL_IS_BIT_SET(hspi->Instance->CR2, SPI_CR2_RXNEIE));
 719              		.loc 1 4367 11 is_stmt 1 view .LVU200
 720              		.loc 1 4367 12 is_stmt 0 view .LVU201
 721 0038 2368     		ldr	r3, [r4]
 722 003a 5B68     		ldr	r3, [r3, #4]
 723              		.loc 1 4367 3 view .LVU202
 724 003c 13F0400F 		tst	r3, #64
 725 0040 F5D1     		bne	.L57
 726 0042 03E0     		b	.L56
 727              	.L61:
4363:Drivers/STM32L4xx_HAL_Driver/Src/stm32l4xx_hal_spi.c ****       break;
 728              		.loc 1 4363 7 is_stmt 1 view .LVU203
 729 0044 236E     		ldr	r3, [r4, #96]
 730 0046 43F04003 		orr	r3, r3, #64
 731 004a 2366     		str	r3, [r4, #96]
4364:Drivers/STM32L4xx_HAL_Driver/Src/stm32l4xx_hal_spi.c ****     }
 732              		.loc 1 4364 7 view .LVU204
 733              	.L56:
4368:Drivers/STM32L4xx_HAL_Driver/Src/stm32l4xx_hal_spi.c **** 
ARM GAS  /tmp/ccl8yU0j.s 			page 92


4369:Drivers/STM32L4xx_HAL_Driver/Src/stm32l4xx_hal_spi.c ****   /* Control the BSY flag */
4370:Drivers/STM32L4xx_HAL_Driver/Src/stm32l4xx_hal_spi.c ****   if (SPI_WaitFlagStateUntilTimeout(hspi, SPI_FLAG_BSY, RESET, SPI_DEFAULT_TIMEOUT, HAL_GetTick()) 
 734              		.loc 1 4370 3 view .LVU205
 735              		.loc 1 4370 7 is_stmt 0 view .LVU206
 736 004c FFF7FEFF 		bl	HAL_GetTick
 737              	.LVL39:
 738              		.loc 1 4370 7 view .LVU207
 739 0050 0090     		str	r0, [sp]
 740 0052 6423     		movs	r3, #100
 741 0054 0022     		movs	r2, #0
 742 0056 8021     		movs	r1, #128
 743 0058 2046     		mov	r0, r4
 744 005a FFF7FEFF 		bl	SPI_WaitFlagStateUntilTimeout
 745              	.LVL40:
 746              		.loc 1 4370 6 view .LVU208
 747 005e 08B1     		cbz	r0, .L58
4371:Drivers/STM32L4xx_HAL_Driver/Src/stm32l4xx_hal_spi.c ****   {
4372:Drivers/STM32L4xx_HAL_Driver/Src/stm32l4xx_hal_spi.c ****     hspi->ErrorCode = HAL_SPI_ERROR_ABORT;
 748              		.loc 1 4372 5 is_stmt 1 view .LVU209
 749              		.loc 1 4372 21 is_stmt 0 view .LVU210
 750 0060 4023     		movs	r3, #64
 751 0062 2366     		str	r3, [r4, #96]
 752              	.L58:
4373:Drivers/STM32L4xx_HAL_Driver/Src/stm32l4xx_hal_spi.c ****   }
4374:Drivers/STM32L4xx_HAL_Driver/Src/stm32l4xx_hal_spi.c **** 
4375:Drivers/STM32L4xx_HAL_Driver/Src/stm32l4xx_hal_spi.c ****   /* Empty the FRLVL fifo */
4376:Drivers/STM32L4xx_HAL_Driver/Src/stm32l4xx_hal_spi.c ****   if (SPI_WaitFifoStateUntilTimeout(hspi, SPI_FLAG_FRLVL, SPI_FRLVL_EMPTY, SPI_DEFAULT_TIMEOUT,
 753              		.loc 1 4376 3 is_stmt 1 view .LVU211
 754              		.loc 1 4376 7 is_stmt 0 view .LVU212
 755 0064 FFF7FEFF 		bl	HAL_GetTick
 756              	.LVL41:
 757 0068 0090     		str	r0, [sp]
 758 006a 6423     		movs	r3, #100
 759 006c 0022     		movs	r2, #0
 760 006e 4FF4C061 		mov	r1, #1536
 761 0072 2046     		mov	r0, r4
 762 0074 FFF7FEFF 		bl	SPI_WaitFifoStateUntilTimeout
 763              	.LVL42:
 764              		.loc 1 4376 6 view .LVU213
 765 0078 08B1     		cbz	r0, .L59
4377:Drivers/STM32L4xx_HAL_Driver/Src/stm32l4xx_hal_spi.c ****                                     HAL_GetTick()) != HAL_OK)
4378:Drivers/STM32L4xx_HAL_Driver/Src/stm32l4xx_hal_spi.c ****   {
4379:Drivers/STM32L4xx_HAL_Driver/Src/stm32l4xx_hal_spi.c ****     hspi->ErrorCode = HAL_SPI_ERROR_ABORT;
 766              		.loc 1 4379 5 is_stmt 1 view .LVU214
 767              		.loc 1 4379 21 is_stmt 0 view .LVU215
 768 007a 4023     		movs	r3, #64
 769 007c 2366     		str	r3, [r4, #96]
 770              	.L59:
4380:Drivers/STM32L4xx_HAL_Driver/Src/stm32l4xx_hal_spi.c ****   }
4381:Drivers/STM32L4xx_HAL_Driver/Src/stm32l4xx_hal_spi.c **** 
4382:Drivers/STM32L4xx_HAL_Driver/Src/stm32l4xx_hal_spi.c ****   hspi->State = HAL_SPI_STATE_ABORT;
 771              		.loc 1 4382 3 is_stmt 1 view .LVU216
 772              		.loc 1 4382 15 is_stmt 0 view .LVU217
 773 007e 0723     		movs	r3, #7
 774 0080 84F85D30 		strb	r3, [r4, #93]
4383:Drivers/STM32L4xx_HAL_Driver/Src/stm32l4xx_hal_spi.c **** }
 775              		.loc 1 4383 1 view .LVU218
ARM GAS  /tmp/ccl8yU0j.s 			page 93


 776 0084 04B0     		add	sp, sp, #16
 777              	.LCFI16:
 778              		.cfi_def_cfa_offset 8
 779              		@ sp needed
 780 0086 10BD     		pop	{r4, pc}
 781              	.LVL43:
 782              	.L63:
 783              		.loc 1 4383 1 view .LVU219
 784              		.align	2
 785              	.L62:
 786 0088 00000000 		.word	SystemCoreClock
 787 008c F1197605 		.word	91625969
 788              		.cfi_endproc
 789              	.LFE342:
 791              		.section	.text.SPI_AbortTx_ISR,"ax",%progbits
 792              		.align	1
 793              		.syntax unified
 794              		.thumb
 795              		.thumb_func
 797              	SPI_AbortTx_ISR:
 798              	.LVL44:
 799              	.LFB343:
4384:Drivers/STM32L4xx_HAL_Driver/Src/stm32l4xx_hal_spi.c **** 
4385:Drivers/STM32L4xx_HAL_Driver/Src/stm32l4xx_hal_spi.c **** /**
4386:Drivers/STM32L4xx_HAL_Driver/Src/stm32l4xx_hal_spi.c ****   * @brief  Handle abort a Tx or Rx/Tx transaction.
4387:Drivers/STM32L4xx_HAL_Driver/Src/stm32l4xx_hal_spi.c ****   * @param  hspi pointer to a SPI_HandleTypeDef structure that contains
4388:Drivers/STM32L4xx_HAL_Driver/Src/stm32l4xx_hal_spi.c ****   *               the configuration information for SPI module.
4389:Drivers/STM32L4xx_HAL_Driver/Src/stm32l4xx_hal_spi.c ****   * @retval None
4390:Drivers/STM32L4xx_HAL_Driver/Src/stm32l4xx_hal_spi.c ****   */
4391:Drivers/STM32L4xx_HAL_Driver/Src/stm32l4xx_hal_spi.c **** static void SPI_AbortTx_ISR(SPI_HandleTypeDef *hspi)
4392:Drivers/STM32L4xx_HAL_Driver/Src/stm32l4xx_hal_spi.c **** {
 800              		.loc 1 4392 1 is_stmt 1 view -0
 801              		.cfi_startproc
 802              		@ args = 0, pretend = 0, frame = 8
 803              		@ frame_needed = 0, uses_anonymous_args = 0
 804              		.loc 1 4392 1 is_stmt 0 view .LVU221
 805 0000 10B5     		push	{r4, lr}
 806              	.LCFI17:
 807              		.cfi_def_cfa_offset 8
 808              		.cfi_offset 4, -8
 809              		.cfi_offset 14, -4
 810 0002 84B0     		sub	sp, sp, #16
 811              	.LCFI18:
 812              		.cfi_def_cfa_offset 24
 813 0004 0446     		mov	r4, r0
4393:Drivers/STM32L4xx_HAL_Driver/Src/stm32l4xx_hal_spi.c ****   __IO uint32_t count;
 814              		.loc 1 4393 3 is_stmt 1 view .LVU222
4394:Drivers/STM32L4xx_HAL_Driver/Src/stm32l4xx_hal_spi.c **** 
4395:Drivers/STM32L4xx_HAL_Driver/Src/stm32l4xx_hal_spi.c ****   count = SPI_DEFAULT_TIMEOUT * (SystemCoreClock / 24U / 1000U);
 815              		.loc 1 4395 3 view .LVU223
 816              		.loc 1 4395 56 is_stmt 0 view .LVU224
 817 0006 384B     		ldr	r3, .L78
 818 0008 1B68     		ldr	r3, [r3]
 819 000a 384A     		ldr	r2, .L78+4
 820 000c A2FB0323 		umull	r2, r3, r2, r3
 821 0010 5B0A     		lsrs	r3, r3, #9
 822              		.loc 1 4395 31 view .LVU225
ARM GAS  /tmp/ccl8yU0j.s 			page 94


 823 0012 6422     		movs	r2, #100
 824 0014 02FB03F3 		mul	r3, r2, r3
 825              		.loc 1 4395 9 view .LVU226
 826 0018 0393     		str	r3, [sp, #12]
4396:Drivers/STM32L4xx_HAL_Driver/Src/stm32l4xx_hal_spi.c **** 
4397:Drivers/STM32L4xx_HAL_Driver/Src/stm32l4xx_hal_spi.c ****   /* Disable TXEIE interrupt */
4398:Drivers/STM32L4xx_HAL_Driver/Src/stm32l4xx_hal_spi.c ****   CLEAR_BIT(hspi->Instance->CR2, (SPI_CR2_TXEIE));
 827              		.loc 1 4398 3 is_stmt 1 view .LVU227
 828 001a 0268     		ldr	r2, [r0]
 829 001c 5368     		ldr	r3, [r2, #4]
 830 001e 23F08003 		bic	r3, r3, #128
 831 0022 5360     		str	r3, [r2, #4]
 832              	.L67:
4399:Drivers/STM32L4xx_HAL_Driver/Src/stm32l4xx_hal_spi.c **** 
4400:Drivers/STM32L4xx_HAL_Driver/Src/stm32l4xx_hal_spi.c ****   /* Check TXEIE is disabled */
4401:Drivers/STM32L4xx_HAL_Driver/Src/stm32l4xx_hal_spi.c ****   do
 833              		.loc 1 4401 3 view .LVU228
4402:Drivers/STM32L4xx_HAL_Driver/Src/stm32l4xx_hal_spi.c ****   {
4403:Drivers/STM32L4xx_HAL_Driver/Src/stm32l4xx_hal_spi.c ****     if (count == 0U)
 834              		.loc 1 4403 5 view .LVU229
 835              		.loc 1 4403 15 is_stmt 0 view .LVU230
 836 0024 039B     		ldr	r3, [sp, #12]
 837              		.loc 1 4403 8 view .LVU231
 838 0026 43B1     		cbz	r3, .L76
4404:Drivers/STM32L4xx_HAL_Driver/Src/stm32l4xx_hal_spi.c ****     {
4405:Drivers/STM32L4xx_HAL_Driver/Src/stm32l4xx_hal_spi.c ****       SET_BIT(hspi->ErrorCode, HAL_SPI_ERROR_ABORT);
4406:Drivers/STM32L4xx_HAL_Driver/Src/stm32l4xx_hal_spi.c ****       break;
4407:Drivers/STM32L4xx_HAL_Driver/Src/stm32l4xx_hal_spi.c ****     }
4408:Drivers/STM32L4xx_HAL_Driver/Src/stm32l4xx_hal_spi.c ****     count--;
 839              		.loc 1 4408 5 is_stmt 1 view .LVU232
 840              		.loc 1 4408 10 is_stmt 0 view .LVU233
 841 0028 039B     		ldr	r3, [sp, #12]
 842 002a 013B     		subs	r3, r3, #1
 843 002c 0393     		str	r3, [sp, #12]
4409:Drivers/STM32L4xx_HAL_Driver/Src/stm32l4xx_hal_spi.c ****   } while (HAL_IS_BIT_SET(hspi->Instance->CR2, SPI_CR2_TXEIE));
 844              		.loc 1 4409 11 is_stmt 1 view .LVU234
 845              		.loc 1 4409 12 is_stmt 0 view .LVU235
 846 002e 2368     		ldr	r3, [r4]
 847 0030 5B68     		ldr	r3, [r3, #4]
 848              		.loc 1 4409 3 view .LVU236
 849 0032 13F0800F 		tst	r3, #128
 850 0036 F5D1     		bne	.L67
 851 0038 03E0     		b	.L66
 852              	.L76:
4405:Drivers/STM32L4xx_HAL_Driver/Src/stm32l4xx_hal_spi.c ****       break;
 853              		.loc 1 4405 7 is_stmt 1 view .LVU237
 854 003a 236E     		ldr	r3, [r4, #96]
 855 003c 43F04003 		orr	r3, r3, #64
 856 0040 2366     		str	r3, [r4, #96]
4406:Drivers/STM32L4xx_HAL_Driver/Src/stm32l4xx_hal_spi.c ****     }
 857              		.loc 1 4406 7 view .LVU238
 858              	.L66:
4410:Drivers/STM32L4xx_HAL_Driver/Src/stm32l4xx_hal_spi.c **** 
4411:Drivers/STM32L4xx_HAL_Driver/Src/stm32l4xx_hal_spi.c ****   if (SPI_EndRxTxTransaction(hspi, SPI_DEFAULT_TIMEOUT, HAL_GetTick()) != HAL_OK)
 859              		.loc 1 4411 3 view .LVU239
 860              		.loc 1 4411 7 is_stmt 0 view .LVU240
 861 0042 FFF7FEFF 		bl	HAL_GetTick
ARM GAS  /tmp/ccl8yU0j.s 			page 95


 862              	.LVL45:
 863              		.loc 1 4411 7 view .LVU241
 864 0046 0246     		mov	r2, r0
 865 0048 6421     		movs	r1, #100
 866 004a 2046     		mov	r0, r4
 867 004c FFF7FEFF 		bl	SPI_EndRxTxTransaction
 868              	.LVL46:
 869              		.loc 1 4411 6 view .LVU242
 870 0050 08B1     		cbz	r0, .L68
4412:Drivers/STM32L4xx_HAL_Driver/Src/stm32l4xx_hal_spi.c ****   {
4413:Drivers/STM32L4xx_HAL_Driver/Src/stm32l4xx_hal_spi.c ****     hspi->ErrorCode = HAL_SPI_ERROR_ABORT;
 871              		.loc 1 4413 5 is_stmt 1 view .LVU243
 872              		.loc 1 4413 21 is_stmt 0 view .LVU244
 873 0052 4023     		movs	r3, #64
 874 0054 2366     		str	r3, [r4, #96]
 875              	.L68:
4414:Drivers/STM32L4xx_HAL_Driver/Src/stm32l4xx_hal_spi.c ****   }
4415:Drivers/STM32L4xx_HAL_Driver/Src/stm32l4xx_hal_spi.c **** 
4416:Drivers/STM32L4xx_HAL_Driver/Src/stm32l4xx_hal_spi.c ****   /* Disable SPI Peripheral */
4417:Drivers/STM32L4xx_HAL_Driver/Src/stm32l4xx_hal_spi.c ****   __HAL_SPI_DISABLE(hspi);
 876              		.loc 1 4417 3 is_stmt 1 view .LVU245
 877 0056 2268     		ldr	r2, [r4]
 878 0058 1368     		ldr	r3, [r2]
 879 005a 23F04003 		bic	r3, r3, #64
 880 005e 1360     		str	r3, [r2]
4418:Drivers/STM32L4xx_HAL_Driver/Src/stm32l4xx_hal_spi.c **** 
4419:Drivers/STM32L4xx_HAL_Driver/Src/stm32l4xx_hal_spi.c ****   /* Empty the FRLVL fifo */
4420:Drivers/STM32L4xx_HAL_Driver/Src/stm32l4xx_hal_spi.c ****   if (SPI_WaitFifoStateUntilTimeout(hspi, SPI_FLAG_FRLVL, SPI_FRLVL_EMPTY, SPI_DEFAULT_TIMEOUT,
 881              		.loc 1 4420 3 view .LVU246
 882              		.loc 1 4420 7 is_stmt 0 view .LVU247
 883 0060 FFF7FEFF 		bl	HAL_GetTick
 884              	.LVL47:
 885 0064 0090     		str	r0, [sp]
 886 0066 6423     		movs	r3, #100
 887 0068 0022     		movs	r2, #0
 888 006a 4FF4C061 		mov	r1, #1536
 889 006e 2046     		mov	r0, r4
 890 0070 FFF7FEFF 		bl	SPI_WaitFifoStateUntilTimeout
 891              	.LVL48:
 892              		.loc 1 4420 6 view .LVU248
 893 0074 08B1     		cbz	r0, .L69
4421:Drivers/STM32L4xx_HAL_Driver/Src/stm32l4xx_hal_spi.c ****                                     HAL_GetTick()) != HAL_OK)
4422:Drivers/STM32L4xx_HAL_Driver/Src/stm32l4xx_hal_spi.c ****   {
4423:Drivers/STM32L4xx_HAL_Driver/Src/stm32l4xx_hal_spi.c ****     hspi->ErrorCode = HAL_SPI_ERROR_ABORT;
 894              		.loc 1 4423 5 is_stmt 1 view .LVU249
 895              		.loc 1 4423 21 is_stmt 0 view .LVU250
 896 0076 4023     		movs	r3, #64
 897 0078 2366     		str	r3, [r4, #96]
 898              	.L69:
4424:Drivers/STM32L4xx_HAL_Driver/Src/stm32l4xx_hal_spi.c ****   }
4425:Drivers/STM32L4xx_HAL_Driver/Src/stm32l4xx_hal_spi.c **** 
4426:Drivers/STM32L4xx_HAL_Driver/Src/stm32l4xx_hal_spi.c ****   /* Check case of Full-Duplex Mode and disable directly RXNEIE interrupt */
4427:Drivers/STM32L4xx_HAL_Driver/Src/stm32l4xx_hal_spi.c ****   if (HAL_IS_BIT_SET(hspi->Instance->CR2, SPI_CR2_RXNEIE))
 899              		.loc 1 4427 3 is_stmt 1 view .LVU251
 900              		.loc 1 4427 7 is_stmt 0 view .LVU252
 901 007a 2368     		ldr	r3, [r4]
 902 007c 5A68     		ldr	r2, [r3, #4]
ARM GAS  /tmp/ccl8yU0j.s 			page 96


 903              		.loc 1 4427 6 view .LVU253
 904 007e 12F0400F 		tst	r2, #64
 905 0082 2BD0     		beq	.L70
4428:Drivers/STM32L4xx_HAL_Driver/Src/stm32l4xx_hal_spi.c ****   {
4429:Drivers/STM32L4xx_HAL_Driver/Src/stm32l4xx_hal_spi.c ****     /* Disable RXNEIE interrupt */
4430:Drivers/STM32L4xx_HAL_Driver/Src/stm32l4xx_hal_spi.c ****     CLEAR_BIT(hspi->Instance->CR2, (SPI_CR2_RXNEIE));
 906              		.loc 1 4430 5 is_stmt 1 view .LVU254
 907 0084 5A68     		ldr	r2, [r3, #4]
 908 0086 22F04002 		bic	r2, r2, #64
 909 008a 5A60     		str	r2, [r3, #4]
 910              	.L73:
4431:Drivers/STM32L4xx_HAL_Driver/Src/stm32l4xx_hal_spi.c **** 
4432:Drivers/STM32L4xx_HAL_Driver/Src/stm32l4xx_hal_spi.c ****     /* Check RXNEIE is disabled */
4433:Drivers/STM32L4xx_HAL_Driver/Src/stm32l4xx_hal_spi.c ****     do
 911              		.loc 1 4433 5 view .LVU255
4434:Drivers/STM32L4xx_HAL_Driver/Src/stm32l4xx_hal_spi.c ****     {
4435:Drivers/STM32L4xx_HAL_Driver/Src/stm32l4xx_hal_spi.c ****       if (count == 0U)
 912              		.loc 1 4435 7 view .LVU256
 913              		.loc 1 4435 17 is_stmt 0 view .LVU257
 914 008c 039B     		ldr	r3, [sp, #12]
 915              		.loc 1 4435 10 view .LVU258
 916 008e 43B1     		cbz	r3, .L77
4436:Drivers/STM32L4xx_HAL_Driver/Src/stm32l4xx_hal_spi.c ****       {
4437:Drivers/STM32L4xx_HAL_Driver/Src/stm32l4xx_hal_spi.c ****         SET_BIT(hspi->ErrorCode, HAL_SPI_ERROR_ABORT);
4438:Drivers/STM32L4xx_HAL_Driver/Src/stm32l4xx_hal_spi.c ****         break;
4439:Drivers/STM32L4xx_HAL_Driver/Src/stm32l4xx_hal_spi.c ****       }
4440:Drivers/STM32L4xx_HAL_Driver/Src/stm32l4xx_hal_spi.c ****       count--;
 917              		.loc 1 4440 7 is_stmt 1 view .LVU259
 918              		.loc 1 4440 12 is_stmt 0 view .LVU260
 919 0090 039B     		ldr	r3, [sp, #12]
 920 0092 013B     		subs	r3, r3, #1
 921 0094 0393     		str	r3, [sp, #12]
4441:Drivers/STM32L4xx_HAL_Driver/Src/stm32l4xx_hal_spi.c ****     } while (HAL_IS_BIT_SET(hspi->Instance->CR2, SPI_CR2_RXNEIE));
 922              		.loc 1 4441 13 is_stmt 1 view .LVU261
 923              		.loc 1 4441 14 is_stmt 0 view .LVU262
 924 0096 2368     		ldr	r3, [r4]
 925 0098 5B68     		ldr	r3, [r3, #4]
 926              		.loc 1 4441 5 view .LVU263
 927 009a 13F0400F 		tst	r3, #64
 928 009e F5D1     		bne	.L73
 929 00a0 03E0     		b	.L72
 930              	.L77:
4437:Drivers/STM32L4xx_HAL_Driver/Src/stm32l4xx_hal_spi.c ****         break;
 931              		.loc 1 4437 9 is_stmt 1 view .LVU264
 932 00a2 236E     		ldr	r3, [r4, #96]
 933 00a4 43F04003 		orr	r3, r3, #64
 934 00a8 2366     		str	r3, [r4, #96]
4438:Drivers/STM32L4xx_HAL_Driver/Src/stm32l4xx_hal_spi.c ****       }
 935              		.loc 1 4438 9 view .LVU265
 936              	.L72:
4442:Drivers/STM32L4xx_HAL_Driver/Src/stm32l4xx_hal_spi.c **** 
4443:Drivers/STM32L4xx_HAL_Driver/Src/stm32l4xx_hal_spi.c ****     /* Control the BSY flag */
4444:Drivers/STM32L4xx_HAL_Driver/Src/stm32l4xx_hal_spi.c ****     if (SPI_WaitFlagStateUntilTimeout(hspi, SPI_FLAG_BSY, RESET, SPI_DEFAULT_TIMEOUT, HAL_GetTick()
 937              		.loc 1 4444 5 view .LVU266
 938              		.loc 1 4444 9 is_stmt 0 view .LVU267
 939 00aa FFF7FEFF 		bl	HAL_GetTick
 940              	.LVL49:
ARM GAS  /tmp/ccl8yU0j.s 			page 97


 941 00ae 0090     		str	r0, [sp]
 942 00b0 6423     		movs	r3, #100
 943 00b2 0022     		movs	r2, #0
 944 00b4 8021     		movs	r1, #128
 945 00b6 2046     		mov	r0, r4
 946 00b8 FFF7FEFF 		bl	SPI_WaitFlagStateUntilTimeout
 947              	.LVL50:
 948              		.loc 1 4444 8 view .LVU268
 949 00bc 08B1     		cbz	r0, .L74
4445:Drivers/STM32L4xx_HAL_Driver/Src/stm32l4xx_hal_spi.c ****     {
4446:Drivers/STM32L4xx_HAL_Driver/Src/stm32l4xx_hal_spi.c ****       hspi->ErrorCode = HAL_SPI_ERROR_ABORT;
 950              		.loc 1 4446 7 is_stmt 1 view .LVU269
 951              		.loc 1 4446 23 is_stmt 0 view .LVU270
 952 00be 4023     		movs	r3, #64
 953 00c0 2366     		str	r3, [r4, #96]
 954              	.L74:
4447:Drivers/STM32L4xx_HAL_Driver/Src/stm32l4xx_hal_spi.c ****     }
4448:Drivers/STM32L4xx_HAL_Driver/Src/stm32l4xx_hal_spi.c **** 
4449:Drivers/STM32L4xx_HAL_Driver/Src/stm32l4xx_hal_spi.c ****     /* Empty the FRLVL fifo */
4450:Drivers/STM32L4xx_HAL_Driver/Src/stm32l4xx_hal_spi.c ****     if (SPI_WaitFifoStateUntilTimeout(hspi, SPI_FLAG_FRLVL, SPI_FRLVL_EMPTY, SPI_DEFAULT_TIMEOUT,
 955              		.loc 1 4450 5 is_stmt 1 view .LVU271
 956              		.loc 1 4450 9 is_stmt 0 view .LVU272
 957 00c2 FFF7FEFF 		bl	HAL_GetTick
 958              	.LVL51:
 959 00c6 0090     		str	r0, [sp]
 960 00c8 6423     		movs	r3, #100
 961 00ca 0022     		movs	r2, #0
 962 00cc 4FF4C061 		mov	r1, #1536
 963 00d0 2046     		mov	r0, r4
 964 00d2 FFF7FEFF 		bl	SPI_WaitFifoStateUntilTimeout
 965              	.LVL52:
 966              		.loc 1 4450 8 view .LVU273
 967 00d6 08B1     		cbz	r0, .L70
4451:Drivers/STM32L4xx_HAL_Driver/Src/stm32l4xx_hal_spi.c ****                                       HAL_GetTick()) != HAL_OK)
4452:Drivers/STM32L4xx_HAL_Driver/Src/stm32l4xx_hal_spi.c ****     {
4453:Drivers/STM32L4xx_HAL_Driver/Src/stm32l4xx_hal_spi.c ****       hspi->ErrorCode = HAL_SPI_ERROR_ABORT;
 968              		.loc 1 4453 7 is_stmt 1 view .LVU274
 969              		.loc 1 4453 23 is_stmt 0 view .LVU275
 970 00d8 4023     		movs	r3, #64
 971 00da 2366     		str	r3, [r4, #96]
 972              	.L70:
4454:Drivers/STM32L4xx_HAL_Driver/Src/stm32l4xx_hal_spi.c ****     }
4455:Drivers/STM32L4xx_HAL_Driver/Src/stm32l4xx_hal_spi.c ****   }
4456:Drivers/STM32L4xx_HAL_Driver/Src/stm32l4xx_hal_spi.c ****   hspi->State = HAL_SPI_STATE_ABORT;
 973              		.loc 1 4456 3 is_stmt 1 view .LVU276
 974              		.loc 1 4456 15 is_stmt 0 view .LVU277
 975 00dc 0723     		movs	r3, #7
 976 00de 84F85D30 		strb	r3, [r4, #93]
4457:Drivers/STM32L4xx_HAL_Driver/Src/stm32l4xx_hal_spi.c **** }
 977              		.loc 1 4457 1 view .LVU278
 978 00e2 04B0     		add	sp, sp, #16
 979              	.LCFI19:
 980              		.cfi_def_cfa_offset 8
 981              		@ sp needed
 982 00e4 10BD     		pop	{r4, pc}
 983              	.LVL53:
 984              	.L79:
ARM GAS  /tmp/ccl8yU0j.s 			page 98


 985              		.loc 1 4457 1 view .LVU279
 986 00e6 00BF     		.align	2
 987              	.L78:
 988 00e8 00000000 		.word	SystemCoreClock
 989 00ec F1197605 		.word	91625969
 990              		.cfi_endproc
 991              	.LFE343:
 993              		.section	.text.HAL_SPI_MspInit,"ax",%progbits
 994              		.align	1
 995              		.weak	HAL_SPI_MspInit
 996              		.syntax unified
 997              		.thumb
 998              		.thumb_func
 1000              	HAL_SPI_MspInit:
 1001              	.LVL54:
 1002              	.LFB290:
 536:Drivers/STM32L4xx_HAL_Driver/Src/stm32l4xx_hal_spi.c ****   /* Prevent unused argument(s) compilation warning */
 1003              		.loc 1 536 1 is_stmt 1 view -0
 1004              		.cfi_startproc
 1005              		@ args = 0, pretend = 0, frame = 0
 1006              		@ frame_needed = 0, uses_anonymous_args = 0
 1007              		@ link register save eliminated.
 538:Drivers/STM32L4xx_HAL_Driver/Src/stm32l4xx_hal_spi.c **** 
 1008              		.loc 1 538 3 view .LVU281
 543:Drivers/STM32L4xx_HAL_Driver/Src/stm32l4xx_hal_spi.c **** 
 1009              		.loc 1 543 1 is_stmt 0 view .LVU282
 1010 0000 7047     		bx	lr
 1011              		.cfi_endproc
 1012              	.LFE290:
 1014              		.section	.text.HAL_SPI_Init,"ax",%progbits
 1015              		.align	1
 1016              		.global	HAL_SPI_Init
 1017              		.syntax unified
 1018              		.thumb
 1019              		.thumb_func
 1021              	HAL_SPI_Init:
 1022              	.LVL55:
 1023              	.LFB288:
 317:Drivers/STM32L4xx_HAL_Driver/Src/stm32l4xx_hal_spi.c ****   uint32_t frxth;
 1024              		.loc 1 317 1 is_stmt 1 view -0
 1025              		.cfi_startproc
 1026              		@ args = 0, pretend = 0, frame = 0
 1027              		@ frame_needed = 0, uses_anonymous_args = 0
 318:Drivers/STM32L4xx_HAL_Driver/Src/stm32l4xx_hal_spi.c **** 
 1028              		.loc 1 318 3 view .LVU284
 321:Drivers/STM32L4xx_HAL_Driver/Src/stm32l4xx_hal_spi.c ****   {
 1029              		.loc 1 321 3 view .LVU285
 321:Drivers/STM32L4xx_HAL_Driver/Src/stm32l4xx_hal_spi.c ****   {
 1030              		.loc 1 321 6 is_stmt 0 view .LVU286
 1031 0000 0028     		cmp	r0, #0
 1032 0002 6AD0     		beq	.L88
 317:Drivers/STM32L4xx_HAL_Driver/Src/stm32l4xx_hal_spi.c ****   uint32_t frxth;
 1033              		.loc 1 317 1 view .LVU287
 1034 0004 10B5     		push	{r4, lr}
 1035              	.LCFI20:
 1036              		.cfi_def_cfa_offset 8
 1037              		.cfi_offset 4, -8
ARM GAS  /tmp/ccl8yU0j.s 			page 99


 1038              		.cfi_offset 14, -4
 1039 0006 0446     		mov	r4, r0
 327:Drivers/STM32L4xx_HAL_Driver/Src/stm32l4xx_hal_spi.c ****   assert_param(IS_SPI_MODE(hspi->Init.Mode));
 1040              		.loc 1 327 3 is_stmt 1 view .LVU288
 328:Drivers/STM32L4xx_HAL_Driver/Src/stm32l4xx_hal_spi.c ****   assert_param(IS_SPI_DIRECTION(hspi->Init.Direction));
 1041              		.loc 1 328 3 view .LVU289
 329:Drivers/STM32L4xx_HAL_Driver/Src/stm32l4xx_hal_spi.c ****   assert_param(IS_SPI_DATASIZE(hspi->Init.DataSize));
 1042              		.loc 1 329 3 view .LVU290
 330:Drivers/STM32L4xx_HAL_Driver/Src/stm32l4xx_hal_spi.c ****   assert_param(IS_SPI_NSS(hspi->Init.NSS));
 1043              		.loc 1 330 3 view .LVU291
 331:Drivers/STM32L4xx_HAL_Driver/Src/stm32l4xx_hal_spi.c ****   assert_param(IS_SPI_NSSP(hspi->Init.NSSPMode));
 1044              		.loc 1 331 3 view .LVU292
 332:Drivers/STM32L4xx_HAL_Driver/Src/stm32l4xx_hal_spi.c ****   assert_param(IS_SPI_BAUDRATE_PRESCALER(hspi->Init.BaudRatePrescaler));
 1045              		.loc 1 332 3 view .LVU293
 333:Drivers/STM32L4xx_HAL_Driver/Src/stm32l4xx_hal_spi.c ****   assert_param(IS_SPI_FIRST_BIT(hspi->Init.FirstBit));
 1046              		.loc 1 333 3 view .LVU294
 334:Drivers/STM32L4xx_HAL_Driver/Src/stm32l4xx_hal_spi.c ****   assert_param(IS_SPI_TIMODE(hspi->Init.TIMode));
 1047              		.loc 1 334 3 view .LVU295
 335:Drivers/STM32L4xx_HAL_Driver/Src/stm32l4xx_hal_spi.c ****   if (hspi->Init.TIMode == SPI_TIMODE_DISABLE)
 1048              		.loc 1 335 3 view .LVU296
 336:Drivers/STM32L4xx_HAL_Driver/Src/stm32l4xx_hal_spi.c ****   {
 1049              		.loc 1 336 3 view .LVU297
 336:Drivers/STM32L4xx_HAL_Driver/Src/stm32l4xx_hal_spi.c ****   {
 1050              		.loc 1 336 17 is_stmt 0 view .LVU298
 1051 0008 436A     		ldr	r3, [r0, #36]
 336:Drivers/STM32L4xx_HAL_Driver/Src/stm32l4xx_hal_spi.c ****   {
 1052              		.loc 1 336 6 view .LVU299
 1053 000a 33B9     		cbnz	r3, .L83
 338:Drivers/STM32L4xx_HAL_Driver/Src/stm32l4xx_hal_spi.c ****     assert_param(IS_SPI_CPHA(hspi->Init.CLKPhase));
 1054              		.loc 1 338 5 is_stmt 1 view .LVU300
 339:Drivers/STM32L4xx_HAL_Driver/Src/stm32l4xx_hal_spi.c **** 
 1055              		.loc 1 339 5 view .LVU301
 341:Drivers/STM32L4xx_HAL_Driver/Src/stm32l4xx_hal_spi.c ****     {
 1056              		.loc 1 341 5 view .LVU302
 341:Drivers/STM32L4xx_HAL_Driver/Src/stm32l4xx_hal_spi.c ****     {
 1057              		.loc 1 341 19 is_stmt 0 view .LVU303
 1058 000c 4368     		ldr	r3, [r0, #4]
 341:Drivers/STM32L4xx_HAL_Driver/Src/stm32l4xx_hal_spi.c ****     {
 1059              		.loc 1 341 8 view .LVU304
 1060 000e B3F5827F 		cmp	r3, #260
 1061 0012 05D0     		beq	.L84
 348:Drivers/STM32L4xx_HAL_Driver/Src/stm32l4xx_hal_spi.c ****     }
 1062              		.loc 1 348 7 is_stmt 1 view .LVU305
 348:Drivers/STM32L4xx_HAL_Driver/Src/stm32l4xx_hal_spi.c ****     }
 1063              		.loc 1 348 36 is_stmt 0 view .LVU306
 1064 0014 0023     		movs	r3, #0
 1065 0016 C361     		str	r3, [r0, #28]
 1066 0018 02E0     		b	.L84
 1067              	.L83:
 353:Drivers/STM32L4xx_HAL_Driver/Src/stm32l4xx_hal_spi.c **** 
 1068              		.loc 1 353 5 is_stmt 1 view .LVU307
 356:Drivers/STM32L4xx_HAL_Driver/Src/stm32l4xx_hal_spi.c ****     hspi->Init.CLKPhase    = SPI_PHASE_1EDGE;
 1069              		.loc 1 356 5 view .LVU308
 356:Drivers/STM32L4xx_HAL_Driver/Src/stm32l4xx_hal_spi.c ****     hspi->Init.CLKPhase    = SPI_PHASE_1EDGE;
 1070              		.loc 1 356 28 is_stmt 0 view .LVU309
 1071 001a 0023     		movs	r3, #0
 1072 001c 0361     		str	r3, [r0, #16]
ARM GAS  /tmp/ccl8yU0j.s 			page 100


 357:Drivers/STM32L4xx_HAL_Driver/Src/stm32l4xx_hal_spi.c ****   }
 1073              		.loc 1 357 5 is_stmt 1 view .LVU310
 357:Drivers/STM32L4xx_HAL_Driver/Src/stm32l4xx_hal_spi.c ****   }
 1074              		.loc 1 357 28 is_stmt 0 view .LVU311
 1075 001e 4361     		str	r3, [r0, #20]
 1076              	.L84:
 367:Drivers/STM32L4xx_HAL_Driver/Src/stm32l4xx_hal_spi.c **** #endif /* USE_SPI_CRC */
 1077              		.loc 1 367 3 is_stmt 1 view .LVU312
 367:Drivers/STM32L4xx_HAL_Driver/Src/stm32l4xx_hal_spi.c **** #endif /* USE_SPI_CRC */
 1078              		.loc 1 367 29 is_stmt 0 view .LVU313
 1079 0020 0023     		movs	r3, #0
 1080 0022 A362     		str	r3, [r4, #40]
 370:Drivers/STM32L4xx_HAL_Driver/Src/stm32l4xx_hal_spi.c ****   {
 1081              		.loc 1 370 3 is_stmt 1 view .LVU314
 370:Drivers/STM32L4xx_HAL_Driver/Src/stm32l4xx_hal_spi.c ****   {
 1082              		.loc 1 370 11 is_stmt 0 view .LVU315
 1083 0024 94F85D30 		ldrb	r3, [r4, #93]	@ zero_extendqisi2
 370:Drivers/STM32L4xx_HAL_Driver/Src/stm32l4xx_hal_spi.c ****   {
 1084              		.loc 1 370 6 view .LVU316
 1085 0028 002B     		cmp	r3, #0
 1086 002a 4DD0     		beq	.L94
 1087              	.LVL56:
 1088              	.L85:
 399:Drivers/STM32L4xx_HAL_Driver/Src/stm32l4xx_hal_spi.c **** 
 1089              		.loc 1 399 3 is_stmt 1 view .LVU317
 399:Drivers/STM32L4xx_HAL_Driver/Src/stm32l4xx_hal_spi.c **** 
 1090              		.loc 1 399 15 is_stmt 0 view .LVU318
 1091 002c 0223     		movs	r3, #2
 1092 002e 84F85D30 		strb	r3, [r4, #93]
 402:Drivers/STM32L4xx_HAL_Driver/Src/stm32l4xx_hal_spi.c **** 
 1093              		.loc 1 402 3 is_stmt 1 view .LVU319
 1094 0032 2268     		ldr	r2, [r4]
 1095 0034 1368     		ldr	r3, [r2]
 1096 0036 23F04003 		bic	r3, r3, #64
 1097 003a 1360     		str	r3, [r2]
 405:Drivers/STM32L4xx_HAL_Driver/Src/stm32l4xx_hal_spi.c ****   {
 1098              		.loc 1 405 3 view .LVU320
 405:Drivers/STM32L4xx_HAL_Driver/Src/stm32l4xx_hal_spi.c ****   {
 1099              		.loc 1 405 17 is_stmt 0 view .LVU321
 1100 003c E368     		ldr	r3, [r4, #12]
 405:Drivers/STM32L4xx_HAL_Driver/Src/stm32l4xx_hal_spi.c ****   {
 1101              		.loc 1 405 6 view .LVU322
 1102 003e B3F5E06F 		cmp	r3, #1792
 1103 0042 47D9     		bls	.L89
 407:Drivers/STM32L4xx_HAL_Driver/Src/stm32l4xx_hal_spi.c ****   }
 1104              		.loc 1 407 11 view .LVU323
 1105 0044 0022     		movs	r2, #0
 1106              	.L86:
 1107              	.LVL57:
 415:Drivers/STM32L4xx_HAL_Driver/Src/stm32l4xx_hal_spi.c ****   {
 1108              		.loc 1 415 3 is_stmt 1 view .LVU324
 415:Drivers/STM32L4xx_HAL_Driver/Src/stm32l4xx_hal_spi.c ****   {
 1109              		.loc 1 415 6 is_stmt 0 view .LVU325
 1110 0046 B3F5706F 		cmp	r3, #3840
 1111 004a 04D0     		beq	.L87
 415:Drivers/STM32L4xx_HAL_Driver/Src/stm32l4xx_hal_spi.c ****   {
 1112              		.loc 1 415 51 discriminator 1 view .LVU326
ARM GAS  /tmp/ccl8yU0j.s 			page 101


 1113 004c B3F5E06F 		cmp	r3, #1792
 1114 0050 01D0     		beq	.L87
 418:Drivers/STM32L4xx_HAL_Driver/Src/stm32l4xx_hal_spi.c ****   }
 1115              		.loc 1 418 5 is_stmt 1 view .LVU327
 418:Drivers/STM32L4xx_HAL_Driver/Src/stm32l4xx_hal_spi.c ****   }
 1116              		.loc 1 418 31 is_stmt 0 view .LVU328
 1117 0052 0023     		movs	r3, #0
 1118 0054 A362     		str	r3, [r4, #40]
 1119              	.L87:
 424:Drivers/STM32L4xx_HAL_Driver/Src/stm32l4xx_hal_spi.c ****                                   (hspi->Init.Direction & (SPI_CR1_RXONLY | SPI_CR1_BIDIMODE)) |
 1120              		.loc 1 424 3 is_stmt 1 view .LVU329
 1121 0056 6368     		ldr	r3, [r4, #4]
 1122 0058 03F48273 		and	r3, r3, #260
 1123 005c A168     		ldr	r1, [r4, #8]
 1124 005e 01F40441 		and	r1, r1, #33792
 1125 0062 0B43     		orrs	r3, r3, r1
 1126 0064 2169     		ldr	r1, [r4, #16]
 1127 0066 01F00201 		and	r1, r1, #2
 1128 006a 0B43     		orrs	r3, r3, r1
 1129 006c 6169     		ldr	r1, [r4, #20]
 1130 006e 01F00101 		and	r1, r1, #1
 1131 0072 0B43     		orrs	r3, r3, r1
 1132 0074 A169     		ldr	r1, [r4, #24]
 1133 0076 01F40071 		and	r1, r1, #512
 1134 007a 0B43     		orrs	r3, r3, r1
 1135 007c E169     		ldr	r1, [r4, #28]
 1136 007e 01F03801 		and	r1, r1, #56
 1137 0082 0B43     		orrs	r3, r3, r1
 1138 0084 216A     		ldr	r1, [r4, #32]
 1139 0086 01F08001 		and	r1, r1, #128
 1140 008a 0B43     		orrs	r3, r3, r1
 1141 008c A16A     		ldr	r1, [r4, #40]
 1142 008e 01F40051 		and	r1, r1, #8192
 1143 0092 2068     		ldr	r0, [r4]
 1144 0094 0B43     		orrs	r3, r3, r1
 1145 0096 0360     		str	r3, [r0]
 459:Drivers/STM32L4xx_HAL_Driver/Src/stm32l4xx_hal_spi.c ****                                   (hspi->Init.TIMode & SPI_CR2_FRF) |
 1146              		.loc 1 459 3 view .LVU330
 1147 0098 638B     		ldrh	r3, [r4, #26]
 1148 009a 03F00403 		and	r3, r3, #4
 1149 009e 616A     		ldr	r1, [r4, #36]
 1150 00a0 01F01001 		and	r1, r1, #16
 1151 00a4 0B43     		orrs	r3, r3, r1
 1152 00a6 616B     		ldr	r1, [r4, #52]
 1153 00a8 01F00801 		and	r1, r1, #8
 1154 00ac 0B43     		orrs	r3, r3, r1
 1155 00ae E168     		ldr	r1, [r4, #12]
 1156 00b0 01F47061 		and	r1, r1, #3840
 1157 00b4 0B43     		orrs	r3, r3, r1
 1158 00b6 2168     		ldr	r1, [r4]
 1159 00b8 1343     		orrs	r3, r3, r2
 1160 00ba 4B60     		str	r3, [r1, #4]
 479:Drivers/STM32L4xx_HAL_Driver/Src/stm32l4xx_hal_spi.c ****   hspi->State     = HAL_SPI_STATE_READY;
 1161              		.loc 1 479 3 view .LVU331
 479:Drivers/STM32L4xx_HAL_Driver/Src/stm32l4xx_hal_spi.c ****   hspi->State     = HAL_SPI_STATE_READY;
 1162              		.loc 1 479 19 is_stmt 0 view .LVU332
 1163 00bc 0020     		movs	r0, #0
ARM GAS  /tmp/ccl8yU0j.s 			page 102


 1164 00be 2066     		str	r0, [r4, #96]
 480:Drivers/STM32L4xx_HAL_Driver/Src/stm32l4xx_hal_spi.c **** 
 1165              		.loc 1 480 3 is_stmt 1 view .LVU333
 480:Drivers/STM32L4xx_HAL_Driver/Src/stm32l4xx_hal_spi.c **** 
 1166              		.loc 1 480 19 is_stmt 0 view .LVU334
 1167 00c0 0123     		movs	r3, #1
 1168 00c2 84F85D30 		strb	r3, [r4, #93]
 482:Drivers/STM32L4xx_HAL_Driver/Src/stm32l4xx_hal_spi.c **** }
 1169              		.loc 1 482 3 is_stmt 1 view .LVU335
 483:Drivers/STM32L4xx_HAL_Driver/Src/stm32l4xx_hal_spi.c **** 
 1170              		.loc 1 483 1 is_stmt 0 view .LVU336
 1171 00c6 10BD     		pop	{r4, pc}
 1172              	.LVL58:
 1173              	.L94:
 373:Drivers/STM32L4xx_HAL_Driver/Src/stm32l4xx_hal_spi.c **** 
 1174              		.loc 1 373 5 is_stmt 1 view .LVU337
 373:Drivers/STM32L4xx_HAL_Driver/Src/stm32l4xx_hal_spi.c **** 
 1175              		.loc 1 373 16 is_stmt 0 view .LVU338
 1176 00c8 84F85C30 		strb	r3, [r4, #92]
 395:Drivers/STM32L4xx_HAL_Driver/Src/stm32l4xx_hal_spi.c **** #endif /* USE_HAL_SPI_REGISTER_CALLBACKS */
 1177              		.loc 1 395 5 is_stmt 1 view .LVU339
 1178 00cc 2046     		mov	r0, r4
 1179              	.LVL59:
 395:Drivers/STM32L4xx_HAL_Driver/Src/stm32l4xx_hal_spi.c **** #endif /* USE_HAL_SPI_REGISTER_CALLBACKS */
 1180              		.loc 1 395 5 is_stmt 0 view .LVU340
 1181 00ce FFF7FEFF 		bl	HAL_SPI_MspInit
 1182              	.LVL60:
 1183 00d2 ABE7     		b	.L85
 1184              	.L89:
 411:Drivers/STM32L4xx_HAL_Driver/Src/stm32l4xx_hal_spi.c ****   }
 1185              		.loc 1 411 11 view .LVU341
 1186 00d4 4FF48052 		mov	r2, #4096
 1187 00d8 B5E7     		b	.L86
 1188              	.LVL61:
 1189              	.L88:
 1190              	.LCFI21:
 1191              		.cfi_def_cfa_offset 0
 1192              		.cfi_restore 4
 1193              		.cfi_restore 14
 323:Drivers/STM32L4xx_HAL_Driver/Src/stm32l4xx_hal_spi.c ****   }
 1194              		.loc 1 323 12 view .LVU342
 1195 00da 0120     		movs	r0, #1
 1196              	.LVL62:
 483:Drivers/STM32L4xx_HAL_Driver/Src/stm32l4xx_hal_spi.c **** 
 1197              		.loc 1 483 1 view .LVU343
 1198 00dc 7047     		bx	lr
 1199              		.cfi_endproc
 1200              	.LFE288:
 1202              		.section	.text.HAL_SPI_MspDeInit,"ax",%progbits
 1203              		.align	1
 1204              		.weak	HAL_SPI_MspDeInit
 1205              		.syntax unified
 1206              		.thumb
 1207              		.thumb_func
 1209              	HAL_SPI_MspDeInit:
 1210              	.LVL63:
 1211              	.LFB291:
ARM GAS  /tmp/ccl8yU0j.s 			page 103


 552:Drivers/STM32L4xx_HAL_Driver/Src/stm32l4xx_hal_spi.c ****   /* Prevent unused argument(s) compilation warning */
 1212              		.loc 1 552 1 is_stmt 1 view -0
 1213              		.cfi_startproc
 1214              		@ args = 0, pretend = 0, frame = 0
 1215              		@ frame_needed = 0, uses_anonymous_args = 0
 1216              		@ link register save eliminated.
 554:Drivers/STM32L4xx_HAL_Driver/Src/stm32l4xx_hal_spi.c **** 
 1217              		.loc 1 554 3 view .LVU345
 559:Drivers/STM32L4xx_HAL_Driver/Src/stm32l4xx_hal_spi.c **** 
 1218              		.loc 1 559 1 is_stmt 0 view .LVU346
 1219 0000 7047     		bx	lr
 1220              		.cfi_endproc
 1221              	.LFE291:
 1223              		.section	.text.HAL_SPI_DeInit,"ax",%progbits
 1224              		.align	1
 1225              		.global	HAL_SPI_DeInit
 1226              		.syntax unified
 1227              		.thumb
 1228              		.thumb_func
 1230              	HAL_SPI_DeInit:
 1231              	.LVL64:
 1232              	.LFB289:
 492:Drivers/STM32L4xx_HAL_Driver/Src/stm32l4xx_hal_spi.c ****   /* Check the SPI handle allocation */
 1233              		.loc 1 492 1 is_stmt 1 view -0
 1234              		.cfi_startproc
 1235              		@ args = 0, pretend = 0, frame = 0
 1236              		@ frame_needed = 0, uses_anonymous_args = 0
 494:Drivers/STM32L4xx_HAL_Driver/Src/stm32l4xx_hal_spi.c ****   {
 1237              		.loc 1 494 3 view .LVU348
 494:Drivers/STM32L4xx_HAL_Driver/Src/stm32l4xx_hal_spi.c ****   {
 1238              		.loc 1 494 6 is_stmt 0 view .LVU349
 1239 0000 90B1     		cbz	r0, .L98
 492:Drivers/STM32L4xx_HAL_Driver/Src/stm32l4xx_hal_spi.c ****   /* Check the SPI handle allocation */
 1240              		.loc 1 492 1 view .LVU350
 1241 0002 10B5     		push	{r4, lr}
 1242              	.LCFI22:
 1243              		.cfi_def_cfa_offset 8
 1244              		.cfi_offset 4, -8
 1245              		.cfi_offset 14, -4
 1246 0004 0446     		mov	r4, r0
 500:Drivers/STM32L4xx_HAL_Driver/Src/stm32l4xx_hal_spi.c **** 
 1247              		.loc 1 500 3 is_stmt 1 view .LVU351
 502:Drivers/STM32L4xx_HAL_Driver/Src/stm32l4xx_hal_spi.c **** 
 1248              		.loc 1 502 3 view .LVU352
 502:Drivers/STM32L4xx_HAL_Driver/Src/stm32l4xx_hal_spi.c **** 
 1249              		.loc 1 502 15 is_stmt 0 view .LVU353
 1250 0006 0223     		movs	r3, #2
 1251 0008 80F85D30 		strb	r3, [r0, #93]
 505:Drivers/STM32L4xx_HAL_Driver/Src/stm32l4xx_hal_spi.c **** 
 1252              		.loc 1 505 3 is_stmt 1 view .LVU354
 1253 000c 0268     		ldr	r2, [r0]
 1254 000e 1368     		ldr	r3, [r2]
 1255 0010 23F04003 		bic	r3, r3, #64
 1256 0014 1360     		str	r3, [r2]
 517:Drivers/STM32L4xx_HAL_Driver/Src/stm32l4xx_hal_spi.c **** #endif /* USE_HAL_SPI_REGISTER_CALLBACKS */
 1257              		.loc 1 517 3 view .LVU355
 1258 0016 FFF7FEFF 		bl	HAL_SPI_MspDeInit
ARM GAS  /tmp/ccl8yU0j.s 			page 104


 1259              	.LVL65:
 520:Drivers/STM32L4xx_HAL_Driver/Src/stm32l4xx_hal_spi.c ****   hspi->State = HAL_SPI_STATE_RESET;
 1260              		.loc 1 520 3 view .LVU356
 520:Drivers/STM32L4xx_HAL_Driver/Src/stm32l4xx_hal_spi.c ****   hspi->State = HAL_SPI_STATE_RESET;
 1261              		.loc 1 520 19 is_stmt 0 view .LVU357
 1262 001a 0020     		movs	r0, #0
 1263 001c 2066     		str	r0, [r4, #96]
 521:Drivers/STM32L4xx_HAL_Driver/Src/stm32l4xx_hal_spi.c **** 
 1264              		.loc 1 521 3 is_stmt 1 view .LVU358
 521:Drivers/STM32L4xx_HAL_Driver/Src/stm32l4xx_hal_spi.c **** 
 1265              		.loc 1 521 15 is_stmt 0 view .LVU359
 1266 001e 84F85D00 		strb	r0, [r4, #93]
 524:Drivers/STM32L4xx_HAL_Driver/Src/stm32l4xx_hal_spi.c **** 
 1267              		.loc 1 524 3 is_stmt 1 view .LVU360
 524:Drivers/STM32L4xx_HAL_Driver/Src/stm32l4xx_hal_spi.c **** 
 1268              		.loc 1 524 3 view .LVU361
 1269 0022 84F85C00 		strb	r0, [r4, #92]
 524:Drivers/STM32L4xx_HAL_Driver/Src/stm32l4xx_hal_spi.c **** 
 1270              		.loc 1 524 3 view .LVU362
 526:Drivers/STM32L4xx_HAL_Driver/Src/stm32l4xx_hal_spi.c **** }
 1271              		.loc 1 526 3 view .LVU363
 527:Drivers/STM32L4xx_HAL_Driver/Src/stm32l4xx_hal_spi.c **** 
 1272              		.loc 1 527 1 is_stmt 0 view .LVU364
 1273 0026 10BD     		pop	{r4, pc}
 1274              	.LVL66:
 1275              	.L98:
 1276              	.LCFI23:
 1277              		.cfi_def_cfa_offset 0
 1278              		.cfi_restore 4
 1279              		.cfi_restore 14
 496:Drivers/STM32L4xx_HAL_Driver/Src/stm32l4xx_hal_spi.c ****   }
 1280              		.loc 1 496 12 view .LVU365
 1281 0028 0120     		movs	r0, #1
 1282              	.LVL67:
 527:Drivers/STM32L4xx_HAL_Driver/Src/stm32l4xx_hal_spi.c **** 
 1283              		.loc 1 527 1 view .LVU366
 1284 002a 7047     		bx	lr
 1285              		.cfi_endproc
 1286              	.LFE289:
 1288              		.section	.text.HAL_SPI_Transmit,"ax",%progbits
 1289              		.align	1
 1290              		.global	HAL_SPI_Transmit
 1291              		.syntax unified
 1292              		.thumb
 1293              		.thumb_func
 1295              	HAL_SPI_Transmit:
 1296              	.LVL68:
 1297              	.LFB292:
 824:Drivers/STM32L4xx_HAL_Driver/Src/stm32l4xx_hal_spi.c ****   uint32_t tickstart;
 1298              		.loc 1 824 1 is_stmt 1 view -0
 1299              		.cfi_startproc
 1300              		@ args = 0, pretend = 0, frame = 8
 1301              		@ frame_needed = 0, uses_anonymous_args = 0
 824:Drivers/STM32L4xx_HAL_Driver/Src/stm32l4xx_hal_spi.c ****   uint32_t tickstart;
 1302              		.loc 1 824 1 is_stmt 0 view .LVU368
 1303 0000 2DE9F043 		push	{r4, r5, r6, r7, r8, r9, lr}
 1304              	.LCFI24:
ARM GAS  /tmp/ccl8yU0j.s 			page 105


 1305              		.cfi_def_cfa_offset 28
 1306              		.cfi_offset 4, -28
 1307              		.cfi_offset 5, -24
 1308              		.cfi_offset 6, -20
 1309              		.cfi_offset 7, -16
 1310              		.cfi_offset 8, -12
 1311              		.cfi_offset 9, -8
 1312              		.cfi_offset 14, -4
 1313 0004 83B0     		sub	sp, sp, #12
 1314              	.LCFI25:
 1315              		.cfi_def_cfa_offset 40
 1316 0006 0446     		mov	r4, r0
 1317 0008 8946     		mov	r9, r1
 1318 000a 9046     		mov	r8, r2
 1319 000c 1D46     		mov	r5, r3
 825:Drivers/STM32L4xx_HAL_Driver/Src/stm32l4xx_hal_spi.c ****   uint16_t initial_TxXferCount;
 1320              		.loc 1 825 3 is_stmt 1 view .LVU369
 826:Drivers/STM32L4xx_HAL_Driver/Src/stm32l4xx_hal_spi.c **** 
 1321              		.loc 1 826 3 view .LVU370
 829:Drivers/STM32L4xx_HAL_Driver/Src/stm32l4xx_hal_spi.c **** 
 1322              		.loc 1 829 3 view .LVU371
 832:Drivers/STM32L4xx_HAL_Driver/Src/stm32l4xx_hal_spi.c ****   initial_TxXferCount = Size;
 1323              		.loc 1 832 3 view .LVU372
 832:Drivers/STM32L4xx_HAL_Driver/Src/stm32l4xx_hal_spi.c ****   initial_TxXferCount = Size;
 1324              		.loc 1 832 15 is_stmt 0 view .LVU373
 1325 000e FFF7FEFF 		bl	HAL_GetTick
 1326              	.LVL69:
 833:Drivers/STM32L4xx_HAL_Driver/Src/stm32l4xx_hal_spi.c **** 
 1327              		.loc 1 833 3 is_stmt 1 view .LVU374
 835:Drivers/STM32L4xx_HAL_Driver/Src/stm32l4xx_hal_spi.c ****   {
 1328              		.loc 1 835 3 view .LVU375
 835:Drivers/STM32L4xx_HAL_Driver/Src/stm32l4xx_hal_spi.c ****   {
 1329              		.loc 1 835 11 is_stmt 0 view .LVU376
 1330 0012 94F85D60 		ldrb	r6, [r4, #93]	@ zero_extendqisi2
 1331 0016 F6B2     		uxtb	r6, r6
 835:Drivers/STM32L4xx_HAL_Driver/Src/stm32l4xx_hal_spi.c ****   {
 1332              		.loc 1 835 6 view .LVU377
 1333 0018 012E     		cmp	r6, #1
 1334 001a 40F0EF80 		bne	.L129
 1335 001e 0746     		mov	r7, r0
 840:Drivers/STM32L4xx_HAL_Driver/Src/stm32l4xx_hal_spi.c ****   {
 1336              		.loc 1 840 3 is_stmt 1 view .LVU378
 840:Drivers/STM32L4xx_HAL_Driver/Src/stm32l4xx_hal_spi.c ****   {
 1337              		.loc 1 840 6 is_stmt 0 view .LVU379
 1338 0020 B9F1000F 		cmp	r9, #0
 1339 0024 00F0EB80 		beq	.L104
 840:Drivers/STM32L4xx_HAL_Driver/Src/stm32l4xx_hal_spi.c ****   {
 1340              		.loc 1 840 23 discriminator 1 view .LVU380
 1341 0028 B8F1000F 		cmp	r8, #0
 1342 002c 00F0E780 		beq	.L104
 846:Drivers/STM32L4xx_HAL_Driver/Src/stm32l4xx_hal_spi.c **** 
 1343              		.loc 1 846 3 is_stmt 1 view .LVU381
 846:Drivers/STM32L4xx_HAL_Driver/Src/stm32l4xx_hal_spi.c **** 
 1344              		.loc 1 846 3 view .LVU382
 1345 0030 94F85C30 		ldrb	r3, [r4, #92]	@ zero_extendqisi2
 1346 0034 012B     		cmp	r3, #1
 1347 0036 00F0E680 		beq	.L130
ARM GAS  /tmp/ccl8yU0j.s 			page 106


 846:Drivers/STM32L4xx_HAL_Driver/Src/stm32l4xx_hal_spi.c **** 
 1348              		.loc 1 846 3 discriminator 2 view .LVU383
 1349 003a 0123     		movs	r3, #1
 1350 003c 84F85C30 		strb	r3, [r4, #92]
 846:Drivers/STM32L4xx_HAL_Driver/Src/stm32l4xx_hal_spi.c **** 
 1351              		.loc 1 846 3 discriminator 2 view .LVU384
 849:Drivers/STM32L4xx_HAL_Driver/Src/stm32l4xx_hal_spi.c ****   hspi->ErrorCode   = HAL_SPI_ERROR_NONE;
 1352              		.loc 1 849 3 discriminator 2 view .LVU385
 849:Drivers/STM32L4xx_HAL_Driver/Src/stm32l4xx_hal_spi.c ****   hspi->ErrorCode   = HAL_SPI_ERROR_NONE;
 1353              		.loc 1 849 21 is_stmt 0 discriminator 2 view .LVU386
 1354 0040 0323     		movs	r3, #3
 1355 0042 84F85D30 		strb	r3, [r4, #93]
 850:Drivers/STM32L4xx_HAL_Driver/Src/stm32l4xx_hal_spi.c ****   hspi->pTxBuffPtr  = (const uint8_t *)pData;
 1356              		.loc 1 850 3 is_stmt 1 discriminator 2 view .LVU387
 850:Drivers/STM32L4xx_HAL_Driver/Src/stm32l4xx_hal_spi.c ****   hspi->pTxBuffPtr  = (const uint8_t *)pData;
 1357              		.loc 1 850 21 is_stmt 0 discriminator 2 view .LVU388
 1358 0046 0023     		movs	r3, #0
 1359 0048 2366     		str	r3, [r4, #96]
 851:Drivers/STM32L4xx_HAL_Driver/Src/stm32l4xx_hal_spi.c ****   hspi->TxXferSize  = Size;
 1360              		.loc 1 851 3 is_stmt 1 discriminator 2 view .LVU389
 851:Drivers/STM32L4xx_HAL_Driver/Src/stm32l4xx_hal_spi.c ****   hspi->TxXferSize  = Size;
 1361              		.loc 1 851 21 is_stmt 0 discriminator 2 view .LVU390
 1362 004a C4F83890 		str	r9, [r4, #56]
 852:Drivers/STM32L4xx_HAL_Driver/Src/stm32l4xx_hal_spi.c ****   hspi->TxXferCount = Size;
 1363              		.loc 1 852 3 is_stmt 1 discriminator 2 view .LVU391
 852:Drivers/STM32L4xx_HAL_Driver/Src/stm32l4xx_hal_spi.c ****   hspi->TxXferCount = Size;
 1364              		.loc 1 852 21 is_stmt 0 discriminator 2 view .LVU392
 1365 004e A4F83C80 		strh	r8, [r4, #60]	@ movhi
 853:Drivers/STM32L4xx_HAL_Driver/Src/stm32l4xx_hal_spi.c **** 
 1366              		.loc 1 853 3 is_stmt 1 discriminator 2 view .LVU393
 853:Drivers/STM32L4xx_HAL_Driver/Src/stm32l4xx_hal_spi.c **** 
 1367              		.loc 1 853 21 is_stmt 0 discriminator 2 view .LVU394
 1368 0052 A4F83E80 		strh	r8, [r4, #62]	@ movhi
 856:Drivers/STM32L4xx_HAL_Driver/Src/stm32l4xx_hal_spi.c ****   hspi->RxXferSize  = 0U;
 1369              		.loc 1 856 3 is_stmt 1 discriminator 2 view .LVU395
 856:Drivers/STM32L4xx_HAL_Driver/Src/stm32l4xx_hal_spi.c ****   hspi->RxXferSize  = 0U;
 1370              		.loc 1 856 21 is_stmt 0 discriminator 2 view .LVU396
 1371 0056 2364     		str	r3, [r4, #64]
 857:Drivers/STM32L4xx_HAL_Driver/Src/stm32l4xx_hal_spi.c ****   hspi->RxXferCount = 0U;
 1372              		.loc 1 857 3 is_stmt 1 discriminator 2 view .LVU397
 857:Drivers/STM32L4xx_HAL_Driver/Src/stm32l4xx_hal_spi.c ****   hspi->RxXferCount = 0U;
 1373              		.loc 1 857 21 is_stmt 0 discriminator 2 view .LVU398
 1374 0058 A4F84430 		strh	r3, [r4, #68]	@ movhi
 858:Drivers/STM32L4xx_HAL_Driver/Src/stm32l4xx_hal_spi.c ****   hspi->TxISR       = NULL;
 1375              		.loc 1 858 3 is_stmt 1 discriminator 2 view .LVU399
 858:Drivers/STM32L4xx_HAL_Driver/Src/stm32l4xx_hal_spi.c ****   hspi->TxISR       = NULL;
 1376              		.loc 1 858 21 is_stmt 0 discriminator 2 view .LVU400
 1377 005c A4F84630 		strh	r3, [r4, #70]	@ movhi
 859:Drivers/STM32L4xx_HAL_Driver/Src/stm32l4xx_hal_spi.c ****   hspi->RxISR       = NULL;
 1378              		.loc 1 859 3 is_stmt 1 discriminator 2 view .LVU401
 859:Drivers/STM32L4xx_HAL_Driver/Src/stm32l4xx_hal_spi.c ****   hspi->RxISR       = NULL;
 1379              		.loc 1 859 21 is_stmt 0 discriminator 2 view .LVU402
 1380 0060 2365     		str	r3, [r4, #80]
 860:Drivers/STM32L4xx_HAL_Driver/Src/stm32l4xx_hal_spi.c **** 
 1381              		.loc 1 860 3 is_stmt 1 discriminator 2 view .LVU403
 860:Drivers/STM32L4xx_HAL_Driver/Src/stm32l4xx_hal_spi.c **** 
 1382              		.loc 1 860 21 is_stmt 0 discriminator 2 view .LVU404
ARM GAS  /tmp/ccl8yU0j.s 			page 107


 1383 0062 E364     		str	r3, [r4, #76]
 863:Drivers/STM32L4xx_HAL_Driver/Src/stm32l4xx_hal_spi.c ****   {
 1384              		.loc 1 863 3 is_stmt 1 discriminator 2 view .LVU405
 863:Drivers/STM32L4xx_HAL_Driver/Src/stm32l4xx_hal_spi.c ****   {
 1385              		.loc 1 863 17 is_stmt 0 discriminator 2 view .LVU406
 1386 0064 A368     		ldr	r3, [r4, #8]
 863:Drivers/STM32L4xx_HAL_Driver/Src/stm32l4xx_hal_spi.c ****   {
 1387              		.loc 1 863 6 discriminator 2 view .LVU407
 1388 0066 B3F5004F 		cmp	r3, #32768
 1389 006a 1ED0     		beq	.L133
 1390              	.L105:
 879:Drivers/STM32L4xx_HAL_Driver/Src/stm32l4xx_hal_spi.c ****   {
 1391              		.loc 1 879 3 is_stmt 1 view .LVU408
 879:Drivers/STM32L4xx_HAL_Driver/Src/stm32l4xx_hal_spi.c ****   {
 1392              		.loc 1 879 12 is_stmt 0 view .LVU409
 1393 006c 2368     		ldr	r3, [r4]
 879:Drivers/STM32L4xx_HAL_Driver/Src/stm32l4xx_hal_spi.c ****   {
 1394              		.loc 1 879 22 view .LVU410
 1395 006e 1A68     		ldr	r2, [r3]
 879:Drivers/STM32L4xx_HAL_Driver/Src/stm32l4xx_hal_spi.c ****   {
 1396              		.loc 1 879 6 view .LVU411
 1397 0070 12F0400F 		tst	r2, #64
 1398 0074 03D1     		bne	.L106
 882:Drivers/STM32L4xx_HAL_Driver/Src/stm32l4xx_hal_spi.c ****   }
 1399              		.loc 1 882 5 is_stmt 1 view .LVU412
 1400 0076 1A68     		ldr	r2, [r3]
 1401 0078 42F04002 		orr	r2, r2, #64
 1402 007c 1A60     		str	r2, [r3]
 1403              	.L106:
 886:Drivers/STM32L4xx_HAL_Driver/Src/stm32l4xx_hal_spi.c ****   {
 1404              		.loc 1 886 3 view .LVU413
 886:Drivers/STM32L4xx_HAL_Driver/Src/stm32l4xx_hal_spi.c ****   {
 1405              		.loc 1 886 17 is_stmt 0 view .LVU414
 1406 007e E368     		ldr	r3, [r4, #12]
 886:Drivers/STM32L4xx_HAL_Driver/Src/stm32l4xx_hal_spi.c ****   {
 1407              		.loc 1 886 6 view .LVU415
 1408 0080 B3F5E06F 		cmp	r3, #1792
 1409 0084 47D9     		bls	.L107
 888:Drivers/STM32L4xx_HAL_Driver/Src/stm32l4xx_hal_spi.c ****     {
 1410              		.loc 1 888 5 is_stmt 1 view .LVU416
 888:Drivers/STM32L4xx_HAL_Driver/Src/stm32l4xx_hal_spi.c ****     {
 1411              		.loc 1 888 20 is_stmt 0 view .LVU417
 1412 0086 6368     		ldr	r3, [r4, #4]
 888:Drivers/STM32L4xx_HAL_Driver/Src/stm32l4xx_hal_spi.c ****     {
 1413              		.loc 1 888 8 view .LVU418
 1414 0088 13B1     		cbz	r3, .L108
 888:Drivers/STM32L4xx_HAL_Driver/Src/stm32l4xx_hal_spi.c ****     {
 1415              		.loc 1 888 45 discriminator 1 view .LVU419
 1416 008a B8F1010F 		cmp	r8, #1
 1417 008e 20D1     		bne	.L110
 1418              	.L108:
 890:Drivers/STM32L4xx_HAL_Driver/Src/stm32l4xx_hal_spi.c ****       hspi->pTxBuffPtr += sizeof(uint16_t);
 1419              		.loc 1 890 7 is_stmt 1 view .LVU420
 890:Drivers/STM32L4xx_HAL_Driver/Src/stm32l4xx_hal_spi.c ****       hspi->pTxBuffPtr += sizeof(uint16_t);
 1420              		.loc 1 890 52 is_stmt 0 view .LVU421
 1421 0090 A26B     		ldr	r2, [r4, #56]
 890:Drivers/STM32L4xx_HAL_Driver/Src/stm32l4xx_hal_spi.c ****       hspi->pTxBuffPtr += sizeof(uint16_t);
ARM GAS  /tmp/ccl8yU0j.s 			page 108


 1422              		.loc 1 890 11 view .LVU422
 1423 0092 2368     		ldr	r3, [r4]
 890:Drivers/STM32L4xx_HAL_Driver/Src/stm32l4xx_hal_spi.c ****       hspi->pTxBuffPtr += sizeof(uint16_t);
 1424              		.loc 1 890 28 view .LVU423
 1425 0094 1288     		ldrh	r2, [r2]
 890:Drivers/STM32L4xx_HAL_Driver/Src/stm32l4xx_hal_spi.c ****       hspi->pTxBuffPtr += sizeof(uint16_t);
 1426              		.loc 1 890 26 view .LVU424
 1427 0096 DA60     		str	r2, [r3, #12]
 891:Drivers/STM32L4xx_HAL_Driver/Src/stm32l4xx_hal_spi.c ****       hspi->TxXferCount--;
 1428              		.loc 1 891 7 is_stmt 1 view .LVU425
 891:Drivers/STM32L4xx_HAL_Driver/Src/stm32l4xx_hal_spi.c ****       hspi->TxXferCount--;
 1429              		.loc 1 891 24 is_stmt 0 view .LVU426
 1430 0098 A36B     		ldr	r3, [r4, #56]
 1431 009a 0233     		adds	r3, r3, #2
 1432 009c A363     		str	r3, [r4, #56]
 892:Drivers/STM32L4xx_HAL_Driver/Src/stm32l4xx_hal_spi.c ****     }
 1433              		.loc 1 892 7 is_stmt 1 view .LVU427
 892:Drivers/STM32L4xx_HAL_Driver/Src/stm32l4xx_hal_spi.c ****     }
 1434              		.loc 1 892 11 is_stmt 0 view .LVU428
 1435 009e E38F     		ldrh	r3, [r4, #62]
 1436 00a0 9BB2     		uxth	r3, r3
 892:Drivers/STM32L4xx_HAL_Driver/Src/stm32l4xx_hal_spi.c ****     }
 1437              		.loc 1 892 24 view .LVU429
 1438 00a2 013B     		subs	r3, r3, #1
 1439 00a4 9BB2     		uxth	r3, r3
 1440 00a6 E387     		strh	r3, [r4, #62]	@ movhi
 1441 00a8 13E0     		b	.L110
 1442              	.L133:
 866:Drivers/STM32L4xx_HAL_Driver/Src/stm32l4xx_hal_spi.c ****     SPI_1LINE_TX(hspi);
 1443              		.loc 1 866 5 is_stmt 1 view .LVU430
 1444 00aa 2268     		ldr	r2, [r4]
 1445 00ac 1368     		ldr	r3, [r2]
 1446 00ae 23F04003 		bic	r3, r3, #64
 1447 00b2 1360     		str	r3, [r2]
 867:Drivers/STM32L4xx_HAL_Driver/Src/stm32l4xx_hal_spi.c ****   }
 1448              		.loc 1 867 5 view .LVU431
 1449 00b4 2268     		ldr	r2, [r4]
 1450 00b6 1368     		ldr	r3, [r2]
 1451 00b8 43F48043 		orr	r3, r3, #16384
 1452 00bc 1360     		str	r3, [r2]
 1453 00be D5E7     		b	.L105
 1454              	.LVL70:
 1455              	.L111:
 907:Drivers/STM32L4xx_HAL_Driver/Src/stm32l4xx_hal_spi.c ****         {
 1456              		.loc 1 907 9 view .LVU432
 907:Drivers/STM32L4xx_HAL_Driver/Src/stm32l4xx_hal_spi.c ****         {
 1457              		.loc 1 907 16 is_stmt 0 view .LVU433
 1458 00c0 FFF7FEFF 		bl	HAL_GetTick
 1459              	.LVL71:
 907:Drivers/STM32L4xx_HAL_Driver/Src/stm32l4xx_hal_spi.c ****         {
 1460              		.loc 1 907 30 view .LVU434
 1461 00c4 C01B     		subs	r0, r0, r7
 907:Drivers/STM32L4xx_HAL_Driver/Src/stm32l4xx_hal_spi.c ****         {
 1462              		.loc 1 907 12 view .LVU435
 1463 00c6 A842     		cmp	r0, r5
 1464 00c8 02D3     		bcc	.L113
 907:Drivers/STM32L4xx_HAL_Driver/Src/stm32l4xx_hal_spi.c ****         {
ARM GAS  /tmp/ccl8yU0j.s 			page 109


 1465              		.loc 1 907 56 discriminator 1 view .LVU436
 1466 00ca B5F1FF3F 		cmp	r5, #-1
 1467 00ce 1AD1     		bne	.L114
 1468              	.L113:
 907:Drivers/STM32L4xx_HAL_Driver/Src/stm32l4xx_hal_spi.c ****         {
 1469              		.loc 1 907 87 discriminator 3 view .LVU437
 1470 00d0 CDB1     		cbz	r5, .L114
 1471              	.L110:
 895:Drivers/STM32L4xx_HAL_Driver/Src/stm32l4xx_hal_spi.c ****     {
 1472              		.loc 1 895 11 is_stmt 1 view .LVU438
 895:Drivers/STM32L4xx_HAL_Driver/Src/stm32l4xx_hal_spi.c ****     {
 1473              		.loc 1 895 16 is_stmt 0 view .LVU439
 1474 00d2 E38F     		ldrh	r3, [r4, #62]
 1475 00d4 9BB2     		uxth	r3, r3
 895:Drivers/STM32L4xx_HAL_Driver/Src/stm32l4xx_hal_spi.c ****     {
 1476              		.loc 1 895 11 view .LVU440
 1477 00d6 002B     		cmp	r3, #0
 1478 00d8 75D0     		beq	.L116
 898:Drivers/STM32L4xx_HAL_Driver/Src/stm32l4xx_hal_spi.c ****       {
 1479              		.loc 1 898 7 is_stmt 1 view .LVU441
 898:Drivers/STM32L4xx_HAL_Driver/Src/stm32l4xx_hal_spi.c ****       {
 1480              		.loc 1 898 11 is_stmt 0 view .LVU442
 1481 00da 2368     		ldr	r3, [r4]
 1482 00dc 9A68     		ldr	r2, [r3, #8]
 898:Drivers/STM32L4xx_HAL_Driver/Src/stm32l4xx_hal_spi.c ****       {
 1483              		.loc 1 898 10 view .LVU443
 1484 00de 12F0020F 		tst	r2, #2
 1485 00e2 EDD0     		beq	.L111
 900:Drivers/STM32L4xx_HAL_Driver/Src/stm32l4xx_hal_spi.c ****         hspi->pTxBuffPtr += sizeof(uint16_t);
 1486              		.loc 1 900 9 is_stmt 1 view .LVU444
 900:Drivers/STM32L4xx_HAL_Driver/Src/stm32l4xx_hal_spi.c ****         hspi->pTxBuffPtr += sizeof(uint16_t);
 1487              		.loc 1 900 54 is_stmt 0 view .LVU445
 1488 00e4 A26B     		ldr	r2, [r4, #56]
 900:Drivers/STM32L4xx_HAL_Driver/Src/stm32l4xx_hal_spi.c ****         hspi->pTxBuffPtr += sizeof(uint16_t);
 1489              		.loc 1 900 30 view .LVU446
 1490 00e6 1288     		ldrh	r2, [r2]
 900:Drivers/STM32L4xx_HAL_Driver/Src/stm32l4xx_hal_spi.c ****         hspi->pTxBuffPtr += sizeof(uint16_t);
 1491              		.loc 1 900 28 view .LVU447
 1492 00e8 DA60     		str	r2, [r3, #12]
 901:Drivers/STM32L4xx_HAL_Driver/Src/stm32l4xx_hal_spi.c ****         hspi->TxXferCount--;
 1493              		.loc 1 901 9 is_stmt 1 view .LVU448
 901:Drivers/STM32L4xx_HAL_Driver/Src/stm32l4xx_hal_spi.c ****         hspi->TxXferCount--;
 1494              		.loc 1 901 26 is_stmt 0 view .LVU449
 1495 00ea A36B     		ldr	r3, [r4, #56]
 1496 00ec 0233     		adds	r3, r3, #2
 1497 00ee A363     		str	r3, [r4, #56]
 902:Drivers/STM32L4xx_HAL_Driver/Src/stm32l4xx_hal_spi.c ****       }
 1498              		.loc 1 902 9 is_stmt 1 view .LVU450
 902:Drivers/STM32L4xx_HAL_Driver/Src/stm32l4xx_hal_spi.c ****       }
 1499              		.loc 1 902 13 is_stmt 0 view .LVU451
 1500 00f0 B4F83EC0 		ldrh	ip, [r4, #62]
 1501 00f4 1FFA8CFC 		uxth	ip, ip
 902:Drivers/STM32L4xx_HAL_Driver/Src/stm32l4xx_hal_spi.c ****       }
 1502              		.loc 1 902 26 view .LVU452
 1503 00f8 0CF1FF3C 		add	ip, ip, #-1
 1504 00fc 1FFA8CFC 		uxth	ip, ip
 1505 0100 A4F83EC0 		strh	ip, [r4, #62]	@ movhi
ARM GAS  /tmp/ccl8yU0j.s 			page 110


 1506 0104 E5E7     		b	.L110
 1507              	.L114:
 909:Drivers/STM32L4xx_HAL_Driver/Src/stm32l4xx_hal_spi.c ****           __HAL_UNLOCK(hspi);
 1508              		.loc 1 909 11 is_stmt 1 view .LVU453
 909:Drivers/STM32L4xx_HAL_Driver/Src/stm32l4xx_hal_spi.c ****           __HAL_UNLOCK(hspi);
 1509              		.loc 1 909 23 is_stmt 0 view .LVU454
 1510 0106 0123     		movs	r3, #1
 1511 0108 84F85D30 		strb	r3, [r4, #93]
 910:Drivers/STM32L4xx_HAL_Driver/Src/stm32l4xx_hal_spi.c ****           return HAL_TIMEOUT;
 1512              		.loc 1 910 11 is_stmt 1 view .LVU455
 910:Drivers/STM32L4xx_HAL_Driver/Src/stm32l4xx_hal_spi.c ****           return HAL_TIMEOUT;
 1513              		.loc 1 910 11 view .LVU456
 1514 010c 0023     		movs	r3, #0
 1515 010e 84F85C30 		strb	r3, [r4, #92]
 910:Drivers/STM32L4xx_HAL_Driver/Src/stm32l4xx_hal_spi.c ****           return HAL_TIMEOUT;
 1516              		.loc 1 910 11 view .LVU457
 911:Drivers/STM32L4xx_HAL_Driver/Src/stm32l4xx_hal_spi.c ****         }
 1517              		.loc 1 911 11 view .LVU458
 911:Drivers/STM32L4xx_HAL_Driver/Src/stm32l4xx_hal_spi.c ****         }
 1518              		.loc 1 911 18 is_stmt 0 view .LVU459
 1519 0112 0326     		movs	r6, #3
 1520 0114 73E0     		b	.L104
 1521              	.LVL72:
 1522              	.L107:
 919:Drivers/STM32L4xx_HAL_Driver/Src/stm32l4xx_hal_spi.c ****     {
 1523              		.loc 1 919 5 is_stmt 1 view .LVU460
 919:Drivers/STM32L4xx_HAL_Driver/Src/stm32l4xx_hal_spi.c ****     {
 1524              		.loc 1 919 20 is_stmt 0 view .LVU461
 1525 0116 6368     		ldr	r3, [r4, #4]
 919:Drivers/STM32L4xx_HAL_Driver/Src/stm32l4xx_hal_spi.c ****     {
 1526              		.loc 1 919 8 view .LVU462
 1527 0118 13B1     		cbz	r3, .L117
 919:Drivers/STM32L4xx_HAL_Driver/Src/stm32l4xx_hal_spi.c ****     {
 1528              		.loc 1 919 45 discriminator 1 view .LVU463
 1529 011a B8F1010F 		cmp	r8, #1
 1530 011e 32D1     		bne	.L120
 1531              	.L117:
 921:Drivers/STM32L4xx_HAL_Driver/Src/stm32l4xx_hal_spi.c ****       {
 1532              		.loc 1 921 7 is_stmt 1 view .LVU464
 921:Drivers/STM32L4xx_HAL_Driver/Src/stm32l4xx_hal_spi.c ****       {
 1533              		.loc 1 921 15 is_stmt 0 view .LVU465
 1534 0120 E38F     		ldrh	r3, [r4, #62]
 1535 0122 9BB2     		uxth	r3, r3
 921:Drivers/STM32L4xx_HAL_Driver/Src/stm32l4xx_hal_spi.c ****       {
 1536              		.loc 1 921 10 view .LVU466
 1537 0124 012B     		cmp	r3, #1
 1538 0126 0CD9     		bls	.L119
 924:Drivers/STM32L4xx_HAL_Driver/Src/stm32l4xx_hal_spi.c ****         hspi->pTxBuffPtr += sizeof(uint16_t);
 1539              		.loc 1 924 9 is_stmt 1 view .LVU467
 924:Drivers/STM32L4xx_HAL_Driver/Src/stm32l4xx_hal_spi.c ****         hspi->pTxBuffPtr += sizeof(uint16_t);
 1540              		.loc 1 924 54 is_stmt 0 view .LVU468
 1541 0128 A26B     		ldr	r2, [r4, #56]
 924:Drivers/STM32L4xx_HAL_Driver/Src/stm32l4xx_hal_spi.c ****         hspi->pTxBuffPtr += sizeof(uint16_t);
 1542              		.loc 1 924 13 view .LVU469
 1543 012a 2368     		ldr	r3, [r4]
 924:Drivers/STM32L4xx_HAL_Driver/Src/stm32l4xx_hal_spi.c ****         hspi->pTxBuffPtr += sizeof(uint16_t);
 1544              		.loc 1 924 30 view .LVU470
ARM GAS  /tmp/ccl8yU0j.s 			page 111


 1545 012c 1288     		ldrh	r2, [r2]
 924:Drivers/STM32L4xx_HAL_Driver/Src/stm32l4xx_hal_spi.c ****         hspi->pTxBuffPtr += sizeof(uint16_t);
 1546              		.loc 1 924 28 view .LVU471
 1547 012e DA60     		str	r2, [r3, #12]
 925:Drivers/STM32L4xx_HAL_Driver/Src/stm32l4xx_hal_spi.c ****         hspi->TxXferCount -= 2U;
 1548              		.loc 1 925 9 is_stmt 1 view .LVU472
 925:Drivers/STM32L4xx_HAL_Driver/Src/stm32l4xx_hal_spi.c ****         hspi->TxXferCount -= 2U;
 1549              		.loc 1 925 26 is_stmt 0 view .LVU473
 1550 0130 A36B     		ldr	r3, [r4, #56]
 1551 0132 0233     		adds	r3, r3, #2
 1552 0134 A363     		str	r3, [r4, #56]
 926:Drivers/STM32L4xx_HAL_Driver/Src/stm32l4xx_hal_spi.c ****       }
 1553              		.loc 1 926 9 is_stmt 1 view .LVU474
 926:Drivers/STM32L4xx_HAL_Driver/Src/stm32l4xx_hal_spi.c ****       }
 1554              		.loc 1 926 27 is_stmt 0 view .LVU475
 1555 0136 E38F     		ldrh	r3, [r4, #62]
 1556 0138 9BB2     		uxth	r3, r3
 1557 013a 023B     		subs	r3, r3, #2
 1558 013c 9BB2     		uxth	r3, r3
 1559 013e E387     		strh	r3, [r4, #62]	@ movhi
 1560 0140 21E0     		b	.L120
 1561              	.L119:
 930:Drivers/STM32L4xx_HAL_Driver/Src/stm32l4xx_hal_spi.c ****         hspi->pTxBuffPtr ++;
 1562              		.loc 1 930 9 is_stmt 1 view .LVU476
 930:Drivers/STM32L4xx_HAL_Driver/Src/stm32l4xx_hal_spi.c ****         hspi->pTxBuffPtr ++;
 1563              		.loc 1 930 73 is_stmt 0 view .LVU477
 1564 0142 A26B     		ldr	r2, [r4, #56]
 930:Drivers/STM32L4xx_HAL_Driver/Src/stm32l4xx_hal_spi.c ****         hspi->pTxBuffPtr ++;
 1565              		.loc 1 930 32 view .LVU478
 1566 0144 2368     		ldr	r3, [r4]
 930:Drivers/STM32L4xx_HAL_Driver/Src/stm32l4xx_hal_spi.c ****         hspi->pTxBuffPtr ++;
 1567              		.loc 1 930 50 view .LVU479
 1568 0146 1278     		ldrb	r2, [r2]	@ zero_extendqisi2
 930:Drivers/STM32L4xx_HAL_Driver/Src/stm32l4xx_hal_spi.c ****         hspi->pTxBuffPtr ++;
 1569              		.loc 1 930 48 view .LVU480
 1570 0148 1A73     		strb	r2, [r3, #12]
 931:Drivers/STM32L4xx_HAL_Driver/Src/stm32l4xx_hal_spi.c ****         hspi->TxXferCount--;
 1571              		.loc 1 931 9 is_stmt 1 view .LVU481
 931:Drivers/STM32L4xx_HAL_Driver/Src/stm32l4xx_hal_spi.c ****         hspi->TxXferCount--;
 1572              		.loc 1 931 13 is_stmt 0 view .LVU482
 1573 014a A36B     		ldr	r3, [r4, #56]
 931:Drivers/STM32L4xx_HAL_Driver/Src/stm32l4xx_hal_spi.c ****         hspi->TxXferCount--;
 1574              		.loc 1 931 26 view .LVU483
 1575 014c 0133     		adds	r3, r3, #1
 1576 014e A363     		str	r3, [r4, #56]
 932:Drivers/STM32L4xx_HAL_Driver/Src/stm32l4xx_hal_spi.c ****       }
 1577              		.loc 1 932 9 is_stmt 1 view .LVU484
 932:Drivers/STM32L4xx_HAL_Driver/Src/stm32l4xx_hal_spi.c ****       }
 1578              		.loc 1 932 13 is_stmt 0 view .LVU485
 1579 0150 E38F     		ldrh	r3, [r4, #62]
 1580 0152 9BB2     		uxth	r3, r3
 932:Drivers/STM32L4xx_HAL_Driver/Src/stm32l4xx_hal_spi.c ****       }
 1581              		.loc 1 932 26 view .LVU486
 1582 0154 013B     		subs	r3, r3, #1
 1583 0156 9BB2     		uxth	r3, r3
 1584 0158 E387     		strh	r3, [r4, #62]	@ movhi
 1585 015a 14E0     		b	.L120
ARM GAS  /tmp/ccl8yU0j.s 			page 112


 1586              	.LVL73:
 1587              	.L122:
 949:Drivers/STM32L4xx_HAL_Driver/Src/stm32l4xx_hal_spi.c ****           hspi->pTxBuffPtr++;
 1588              		.loc 1 949 11 is_stmt 1 view .LVU487
 949:Drivers/STM32L4xx_HAL_Driver/Src/stm32l4xx_hal_spi.c ****           hspi->pTxBuffPtr++;
 1589              		.loc 1 949 75 is_stmt 0 view .LVU488
 1590 015c A36B     		ldr	r3, [r4, #56]
 949:Drivers/STM32L4xx_HAL_Driver/Src/stm32l4xx_hal_spi.c ****           hspi->pTxBuffPtr++;
 1591              		.loc 1 949 52 view .LVU489
 1592 015e 1B78     		ldrb	r3, [r3]	@ zero_extendqisi2
 949:Drivers/STM32L4xx_HAL_Driver/Src/stm32l4xx_hal_spi.c ****           hspi->pTxBuffPtr++;
 1593              		.loc 1 949 50 view .LVU490
 1594 0160 1373     		strb	r3, [r2, #12]
 950:Drivers/STM32L4xx_HAL_Driver/Src/stm32l4xx_hal_spi.c ****           hspi->TxXferCount--;
 1595              		.loc 1 950 11 is_stmt 1 view .LVU491
 950:Drivers/STM32L4xx_HAL_Driver/Src/stm32l4xx_hal_spi.c ****           hspi->TxXferCount--;
 1596              		.loc 1 950 15 is_stmt 0 view .LVU492
 1597 0162 A36B     		ldr	r3, [r4, #56]
 950:Drivers/STM32L4xx_HAL_Driver/Src/stm32l4xx_hal_spi.c ****           hspi->TxXferCount--;
 1598              		.loc 1 950 27 view .LVU493
 1599 0164 0133     		adds	r3, r3, #1
 1600 0166 A363     		str	r3, [r4, #56]
 951:Drivers/STM32L4xx_HAL_Driver/Src/stm32l4xx_hal_spi.c ****         }
 1601              		.loc 1 951 11 is_stmt 1 view .LVU494
 951:Drivers/STM32L4xx_HAL_Driver/Src/stm32l4xx_hal_spi.c ****         }
 1602              		.loc 1 951 15 is_stmt 0 view .LVU495
 1603 0168 E38F     		ldrh	r3, [r4, #62]
 1604 016a 9BB2     		uxth	r3, r3
 951:Drivers/STM32L4xx_HAL_Driver/Src/stm32l4xx_hal_spi.c ****         }
 1605              		.loc 1 951 28 view .LVU496
 1606 016c 013B     		subs	r3, r3, #1
 1607 016e 9BB2     		uxth	r3, r3
 1608 0170 E387     		strh	r3, [r4, #62]	@ movhi
 1609 0172 08E0     		b	.L120
 1610              	.L121:
 957:Drivers/STM32L4xx_HAL_Driver/Src/stm32l4xx_hal_spi.c ****         {
 1611              		.loc 1 957 9 is_stmt 1 view .LVU497
 957:Drivers/STM32L4xx_HAL_Driver/Src/stm32l4xx_hal_spi.c ****         {
 1612              		.loc 1 957 16 is_stmt 0 view .LVU498
 1613 0174 FFF7FEFF 		bl	HAL_GetTick
 1614              	.LVL74:
 957:Drivers/STM32L4xx_HAL_Driver/Src/stm32l4xx_hal_spi.c ****         {
 1615              		.loc 1 957 30 view .LVU499
 1616 0178 C01B     		subs	r0, r0, r7
 957:Drivers/STM32L4xx_HAL_Driver/Src/stm32l4xx_hal_spi.c ****         {
 1617              		.loc 1 957 12 view .LVU500
 1618 017a A842     		cmp	r0, r5
 1619 017c 02D3     		bcc	.L124
 957:Drivers/STM32L4xx_HAL_Driver/Src/stm32l4xx_hal_spi.c ****         {
 1620              		.loc 1 957 56 discriminator 1 view .LVU501
 1621 017e B5F1FF3F 		cmp	r5, #-1
 1622 0182 18D1     		bne	.L125
 1623              	.L124:
 957:Drivers/STM32L4xx_HAL_Driver/Src/stm32l4xx_hal_spi.c ****         {
 1624              		.loc 1 957 87 discriminator 3 view .LVU502
 1625 0184 BDB1     		cbz	r5, .L125
 1626              	.L120:
ARM GAS  /tmp/ccl8yU0j.s 			page 113


 935:Drivers/STM32L4xx_HAL_Driver/Src/stm32l4xx_hal_spi.c ****     {
 1627              		.loc 1 935 11 is_stmt 1 view .LVU503
 935:Drivers/STM32L4xx_HAL_Driver/Src/stm32l4xx_hal_spi.c ****     {
 1628              		.loc 1 935 16 is_stmt 0 view .LVU504
 1629 0186 E38F     		ldrh	r3, [r4, #62]
 1630 0188 9BB2     		uxth	r3, r3
 935:Drivers/STM32L4xx_HAL_Driver/Src/stm32l4xx_hal_spi.c ****     {
 1631              		.loc 1 935 11 view .LVU505
 1632 018a E3B1     		cbz	r3, .L116
 938:Drivers/STM32L4xx_HAL_Driver/Src/stm32l4xx_hal_spi.c ****       {
 1633              		.loc 1 938 7 is_stmt 1 view .LVU506
 938:Drivers/STM32L4xx_HAL_Driver/Src/stm32l4xx_hal_spi.c ****       {
 1634              		.loc 1 938 11 is_stmt 0 view .LVU507
 1635 018c 2268     		ldr	r2, [r4]
 1636 018e 9368     		ldr	r3, [r2, #8]
 938:Drivers/STM32L4xx_HAL_Driver/Src/stm32l4xx_hal_spi.c ****       {
 1637              		.loc 1 938 10 view .LVU508
 1638 0190 13F0020F 		tst	r3, #2
 1639 0194 EED0     		beq	.L121
 940:Drivers/STM32L4xx_HAL_Driver/Src/stm32l4xx_hal_spi.c ****         {
 1640              		.loc 1 940 9 is_stmt 1 view .LVU509
 940:Drivers/STM32L4xx_HAL_Driver/Src/stm32l4xx_hal_spi.c ****         {
 1641              		.loc 1 940 17 is_stmt 0 view .LVU510
 1642 0196 E38F     		ldrh	r3, [r4, #62]
 1643 0198 9BB2     		uxth	r3, r3
 940:Drivers/STM32L4xx_HAL_Driver/Src/stm32l4xx_hal_spi.c ****         {
 1644              		.loc 1 940 12 view .LVU511
 1645 019a 012B     		cmp	r3, #1
 1646 019c DED9     		bls	.L122
 943:Drivers/STM32L4xx_HAL_Driver/Src/stm32l4xx_hal_spi.c ****           hspi->pTxBuffPtr += sizeof(uint16_t);
 1647              		.loc 1 943 11 is_stmt 1 view .LVU512
 943:Drivers/STM32L4xx_HAL_Driver/Src/stm32l4xx_hal_spi.c ****           hspi->pTxBuffPtr += sizeof(uint16_t);
 1648              		.loc 1 943 56 is_stmt 0 view .LVU513
 1649 019e A36B     		ldr	r3, [r4, #56]
 943:Drivers/STM32L4xx_HAL_Driver/Src/stm32l4xx_hal_spi.c ****           hspi->pTxBuffPtr += sizeof(uint16_t);
 1650              		.loc 1 943 32 view .LVU514
 1651 01a0 1B88     		ldrh	r3, [r3]
 943:Drivers/STM32L4xx_HAL_Driver/Src/stm32l4xx_hal_spi.c ****           hspi->pTxBuffPtr += sizeof(uint16_t);
 1652              		.loc 1 943 30 view .LVU515
 1653 01a2 D360     		str	r3, [r2, #12]
 944:Drivers/STM32L4xx_HAL_Driver/Src/stm32l4xx_hal_spi.c ****           hspi->TxXferCount -= 2U;
 1654              		.loc 1 944 11 is_stmt 1 view .LVU516
 944:Drivers/STM32L4xx_HAL_Driver/Src/stm32l4xx_hal_spi.c ****           hspi->TxXferCount -= 2U;
 1655              		.loc 1 944 28 is_stmt 0 view .LVU517
 1656 01a4 A36B     		ldr	r3, [r4, #56]
 1657 01a6 0233     		adds	r3, r3, #2
 1658 01a8 A363     		str	r3, [r4, #56]
 945:Drivers/STM32L4xx_HAL_Driver/Src/stm32l4xx_hal_spi.c ****         }
 1659              		.loc 1 945 11 is_stmt 1 view .LVU518
 945:Drivers/STM32L4xx_HAL_Driver/Src/stm32l4xx_hal_spi.c ****         }
 1660              		.loc 1 945 29 is_stmt 0 view .LVU519
 1661 01aa E38F     		ldrh	r3, [r4, #62]
 1662 01ac 9BB2     		uxth	r3, r3
 1663 01ae 023B     		subs	r3, r3, #2
 1664 01b0 9BB2     		uxth	r3, r3
 1665 01b2 E387     		strh	r3, [r4, #62]	@ movhi
 1666 01b4 E7E7     		b	.L120
ARM GAS  /tmp/ccl8yU0j.s 			page 114


 1667              	.L125:
 959:Drivers/STM32L4xx_HAL_Driver/Src/stm32l4xx_hal_spi.c ****           __HAL_UNLOCK(hspi);
 1668              		.loc 1 959 11 is_stmt 1 view .LVU520
 959:Drivers/STM32L4xx_HAL_Driver/Src/stm32l4xx_hal_spi.c ****           __HAL_UNLOCK(hspi);
 1669              		.loc 1 959 23 is_stmt 0 view .LVU521
 1670 01b6 0123     		movs	r3, #1
 1671 01b8 84F85D30 		strb	r3, [r4, #93]
 960:Drivers/STM32L4xx_HAL_Driver/Src/stm32l4xx_hal_spi.c ****           return HAL_TIMEOUT;
 1672              		.loc 1 960 11 is_stmt 1 view .LVU522
 960:Drivers/STM32L4xx_HAL_Driver/Src/stm32l4xx_hal_spi.c ****           return HAL_TIMEOUT;
 1673              		.loc 1 960 11 view .LVU523
 1674 01bc 0023     		movs	r3, #0
 1675 01be 84F85C30 		strb	r3, [r4, #92]
 960:Drivers/STM32L4xx_HAL_Driver/Src/stm32l4xx_hal_spi.c ****           return HAL_TIMEOUT;
 1676              		.loc 1 960 11 view .LVU524
 961:Drivers/STM32L4xx_HAL_Driver/Src/stm32l4xx_hal_spi.c ****         }
 1677              		.loc 1 961 11 view .LVU525
 961:Drivers/STM32L4xx_HAL_Driver/Src/stm32l4xx_hal_spi.c ****         }
 1678              		.loc 1 961 18 is_stmt 0 view .LVU526
 1679 01c2 0326     		movs	r6, #3
 1680 01c4 1BE0     		b	.L104
 1681              	.L116:
 975:Drivers/STM32L4xx_HAL_Driver/Src/stm32l4xx_hal_spi.c ****   {
 1682              		.loc 1 975 3 is_stmt 1 view .LVU527
 975:Drivers/STM32L4xx_HAL_Driver/Src/stm32l4xx_hal_spi.c ****   {
 1683              		.loc 1 975 7 is_stmt 0 view .LVU528
 1684 01c6 3A46     		mov	r2, r7
 1685 01c8 2946     		mov	r1, r5
 1686 01ca 2046     		mov	r0, r4
 1687 01cc FFF7FEFF 		bl	SPI_EndRxTxTransaction
 1688              	.LVL75:
 975:Drivers/STM32L4xx_HAL_Driver/Src/stm32l4xx_hal_spi.c ****   {
 1689              		.loc 1 975 6 view .LVU529
 1690 01d0 08B1     		cbz	r0, .L127
 977:Drivers/STM32L4xx_HAL_Driver/Src/stm32l4xx_hal_spi.c ****   }
 1691              		.loc 1 977 5 is_stmt 1 view .LVU530
 977:Drivers/STM32L4xx_HAL_Driver/Src/stm32l4xx_hal_spi.c ****   }
 1692              		.loc 1 977 21 is_stmt 0 view .LVU531
 1693 01d2 2023     		movs	r3, #32
 1694 01d4 2366     		str	r3, [r4, #96]
 1695              	.L127:
 981:Drivers/STM32L4xx_HAL_Driver/Src/stm32l4xx_hal_spi.c ****   {
 1696              		.loc 1 981 3 is_stmt 1 view .LVU532
 981:Drivers/STM32L4xx_HAL_Driver/Src/stm32l4xx_hal_spi.c ****   {
 1697              		.loc 1 981 17 is_stmt 0 view .LVU533
 1698 01d6 A368     		ldr	r3, [r4, #8]
 981:Drivers/STM32L4xx_HAL_Driver/Src/stm32l4xx_hal_spi.c ****   {
 1699              		.loc 1 981 6 view .LVU534
 1700 01d8 33B9     		cbnz	r3, .L128
 983:Drivers/STM32L4xx_HAL_Driver/Src/stm32l4xx_hal_spi.c ****   }
 1701              		.loc 1 983 5 is_stmt 1 view .LVU535
 1702              	.LBB2:
 983:Drivers/STM32L4xx_HAL_Driver/Src/stm32l4xx_hal_spi.c ****   }
 1703              		.loc 1 983 5 view .LVU536
 1704 01da 0193     		str	r3, [sp, #4]
 983:Drivers/STM32L4xx_HAL_Driver/Src/stm32l4xx_hal_spi.c ****   }
 1705              		.loc 1 983 5 view .LVU537
ARM GAS  /tmp/ccl8yU0j.s 			page 115


 1706 01dc 2368     		ldr	r3, [r4]
 1707 01de DA68     		ldr	r2, [r3, #12]
 1708 01e0 0192     		str	r2, [sp, #4]
 983:Drivers/STM32L4xx_HAL_Driver/Src/stm32l4xx_hal_spi.c ****   }
 1709              		.loc 1 983 5 view .LVU538
 1710 01e2 9B68     		ldr	r3, [r3, #8]
 1711 01e4 0193     		str	r3, [sp, #4]
 983:Drivers/STM32L4xx_HAL_Driver/Src/stm32l4xx_hal_spi.c ****   }
 1712              		.loc 1 983 5 view .LVU539
 1713 01e6 019B     		ldr	r3, [sp, #4]
 1714              	.L128:
 1715              	.LBE2:
 983:Drivers/STM32L4xx_HAL_Driver/Src/stm32l4xx_hal_spi.c ****   }
 1716              		.loc 1 983 5 discriminator 1 view .LVU540
 986:Drivers/STM32L4xx_HAL_Driver/Src/stm32l4xx_hal_spi.c ****   /* Process Unlocked */
 1717              		.loc 1 986 3 discriminator 1 view .LVU541
 986:Drivers/STM32L4xx_HAL_Driver/Src/stm32l4xx_hal_spi.c ****   /* Process Unlocked */
 1718              		.loc 1 986 15 is_stmt 0 discriminator 1 view .LVU542
 1719 01e8 0123     		movs	r3, #1
 1720 01ea 84F85D30 		strb	r3, [r4, #93]
 988:Drivers/STM32L4xx_HAL_Driver/Src/stm32l4xx_hal_spi.c **** 
 1721              		.loc 1 988 3 is_stmt 1 discriminator 1 view .LVU543
 988:Drivers/STM32L4xx_HAL_Driver/Src/stm32l4xx_hal_spi.c **** 
 1722              		.loc 1 988 3 discriminator 1 view .LVU544
 1723 01ee 0023     		movs	r3, #0
 1724 01f0 84F85C30 		strb	r3, [r4, #92]
 988:Drivers/STM32L4xx_HAL_Driver/Src/stm32l4xx_hal_spi.c **** 
 1725              		.loc 1 988 3 discriminator 1 view .LVU545
 990:Drivers/STM32L4xx_HAL_Driver/Src/stm32l4xx_hal_spi.c ****   {
 1726              		.loc 1 990 3 discriminator 1 view .LVU546
 990:Drivers/STM32L4xx_HAL_Driver/Src/stm32l4xx_hal_spi.c ****   {
 1727              		.loc 1 990 11 is_stmt 0 discriminator 1 view .LVU547
 1728 01f4 236E     		ldr	r3, [r4, #96]
 990:Drivers/STM32L4xx_HAL_Driver/Src/stm32l4xx_hal_spi.c ****   {
 1729              		.loc 1 990 6 discriminator 1 view .LVU548
 1730 01f6 13B9     		cbnz	r3, .L104
 996:Drivers/STM32L4xx_HAL_Driver/Src/stm32l4xx_hal_spi.c ****   }
 1731              		.loc 1 996 12 view .LVU549
 1732 01f8 0026     		movs	r6, #0
 1733 01fa 00E0     		b	.L104
 1734              	.LVL76:
 1735              	.L129:
 837:Drivers/STM32L4xx_HAL_Driver/Src/stm32l4xx_hal_spi.c ****   }
 1736              		.loc 1 837 12 view .LVU550
 1737 01fc 0226     		movs	r6, #2
 1738              	.LVL77:
 1739              	.L104:
 998:Drivers/STM32L4xx_HAL_Driver/Src/stm32l4xx_hal_spi.c **** 
 1740              		.loc 1 998 1 view .LVU551
 1741 01fe 3046     		mov	r0, r6
 1742 0200 03B0     		add	sp, sp, #12
 1743              	.LCFI26:
 1744              		.cfi_remember_state
 1745              		.cfi_def_cfa_offset 28
 1746              		@ sp needed
 1747 0202 BDE8F083 		pop	{r4, r5, r6, r7, r8, r9, pc}
 1748              	.LVL78:
ARM GAS  /tmp/ccl8yU0j.s 			page 116


 1749              	.L130:
 1750              	.LCFI27:
 1751              		.cfi_restore_state
 846:Drivers/STM32L4xx_HAL_Driver/Src/stm32l4xx_hal_spi.c **** 
 1752              		.loc 1 846 3 view .LVU552
 1753 0206 0226     		movs	r6, #2
 1754 0208 F9E7     		b	.L104
 1755              		.cfi_endproc
 1756              	.LFE292:
 1758              		.section	.text.HAL_SPI_TransmitReceive,"ax",%progbits
 1759              		.align	1
 1760              		.global	HAL_SPI_TransmitReceive
 1761              		.syntax unified
 1762              		.thumb
 1763              		.thumb_func
 1765              	HAL_SPI_TransmitReceive:
 1766              	.LVL79:
 1767              	.LFB294:
1254:Drivers/STM32L4xx_HAL_Driver/Src/stm32l4xx_hal_spi.c ****   uint16_t             initial_TxXferCount;
 1768              		.loc 1 1254 1 is_stmt 1 view -0
 1769              		.cfi_startproc
 1770              		@ args = 4, pretend = 0, frame = 0
 1771              		@ frame_needed = 0, uses_anonymous_args = 0
1254:Drivers/STM32L4xx_HAL_Driver/Src/stm32l4xx_hal_spi.c ****   uint16_t             initial_TxXferCount;
 1772              		.loc 1 1254 1 is_stmt 0 view .LVU554
 1773 0000 2DE9F843 		push	{r3, r4, r5, r6, r7, r8, r9, lr}
 1774              	.LCFI28:
 1775              		.cfi_def_cfa_offset 32
 1776              		.cfi_offset 3, -32
 1777              		.cfi_offset 4, -28
 1778              		.cfi_offset 5, -24
 1779              		.cfi_offset 6, -20
 1780              		.cfi_offset 7, -16
 1781              		.cfi_offset 8, -12
 1782              		.cfi_offset 9, -8
 1783              		.cfi_offset 14, -4
 1784 0004 0446     		mov	r4, r0
 1785 0006 8846     		mov	r8, r1
 1786 0008 9146     		mov	r9, r2
 1787 000a 1F46     		mov	r7, r3
 1788 000c 089D     		ldr	r5, [sp, #32]
1255:Drivers/STM32L4xx_HAL_Driver/Src/stm32l4xx_hal_spi.c ****   uint16_t             initial_RxXferCount;
 1789              		.loc 1 1255 3 is_stmt 1 view .LVU555
1256:Drivers/STM32L4xx_HAL_Driver/Src/stm32l4xx_hal_spi.c ****   uint32_t             tmp_mode;
 1790              		.loc 1 1256 3 view .LVU556
1257:Drivers/STM32L4xx_HAL_Driver/Src/stm32l4xx_hal_spi.c ****   HAL_SPI_StateTypeDef tmp_state;
 1791              		.loc 1 1257 3 view .LVU557
1258:Drivers/STM32L4xx_HAL_Driver/Src/stm32l4xx_hal_spi.c ****   uint32_t             tickstart;
 1792              		.loc 1 1258 3 view .LVU558
1259:Drivers/STM32L4xx_HAL_Driver/Src/stm32l4xx_hal_spi.c **** #if (USE_SPI_CRC != 0U)
 1793              		.loc 1 1259 3 view .LVU559
1269:Drivers/STM32L4xx_HAL_Driver/Src/stm32l4xx_hal_spi.c **** 
 1794              		.loc 1 1269 3 view .LVU560
 1795              	.LVL80:
1272:Drivers/STM32L4xx_HAL_Driver/Src/stm32l4xx_hal_spi.c **** 
 1796              		.loc 1 1272 3 view .LVU561
1275:Drivers/STM32L4xx_HAL_Driver/Src/stm32l4xx_hal_spi.c **** 
ARM GAS  /tmp/ccl8yU0j.s 			page 117


 1797              		.loc 1 1275 3 view .LVU562
1275:Drivers/STM32L4xx_HAL_Driver/Src/stm32l4xx_hal_spi.c **** 
 1798              		.loc 1 1275 15 is_stmt 0 view .LVU563
 1799 000e FFF7FEFF 		bl	HAL_GetTick
 1800              	.LVL81:
1275:Drivers/STM32L4xx_HAL_Driver/Src/stm32l4xx_hal_spi.c **** 
 1801              		.loc 1 1275 15 view .LVU564
 1802 0012 0646     		mov	r6, r0
 1803              	.LVL82:
1278:Drivers/STM32L4xx_HAL_Driver/Src/stm32l4xx_hal_spi.c ****   tmp_mode            = hspi->Init.Mode;
 1804              		.loc 1 1278 3 is_stmt 1 view .LVU565
1278:Drivers/STM32L4xx_HAL_Driver/Src/stm32l4xx_hal_spi.c ****   tmp_mode            = hspi->Init.Mode;
 1805              		.loc 1 1278 23 is_stmt 0 view .LVU566
 1806 0014 94F85D30 		ldrb	r3, [r4, #93]	@ zero_extendqisi2
 1807 0018 DBB2     		uxtb	r3, r3
 1808              	.LVL83:
1279:Drivers/STM32L4xx_HAL_Driver/Src/stm32l4xx_hal_spi.c ****   initial_TxXferCount = Size;
 1809              		.loc 1 1279 3 is_stmt 1 view .LVU567
1279:Drivers/STM32L4xx_HAL_Driver/Src/stm32l4xx_hal_spi.c ****   initial_TxXferCount = Size;
 1810              		.loc 1 1279 23 is_stmt 0 view .LVU568
 1811 001a 6268     		ldr	r2, [r4, #4]
 1812              	.LVL84:
1280:Drivers/STM32L4xx_HAL_Driver/Src/stm32l4xx_hal_spi.c ****   initial_RxXferCount = Size;
 1813              		.loc 1 1280 3 is_stmt 1 view .LVU569
1281:Drivers/STM32L4xx_HAL_Driver/Src/stm32l4xx_hal_spi.c **** #if (USE_SPI_CRC != 0U)
 1814              		.loc 1 1281 3 view .LVU570
1287:Drivers/STM32L4xx_HAL_Driver/Src/stm32l4xx_hal_spi.c ****         ((tmp_mode == SPI_MODE_MASTER) && (hspi->Init.Direction == SPI_DIRECTION_2LINES) &&
 1815              		.loc 1 1287 3 view .LVU571
1287:Drivers/STM32L4xx_HAL_Driver/Src/stm32l4xx_hal_spi.c ****         ((tmp_mode == SPI_MODE_MASTER) && (hspi->Init.Direction == SPI_DIRECTION_2LINES) &&
 1816              		.loc 1 1287 6 is_stmt 0 view .LVU572
 1817 001c 012B     		cmp	r3, #1
 1818 001e 0AD0     		beq	.L135
1287:Drivers/STM32L4xx_HAL_Driver/Src/stm32l4xx_hal_spi.c ****         ((tmp_mode == SPI_MODE_MASTER) && (hspi->Init.Direction == SPI_DIRECTION_2LINES) &&
 1819              		.loc 1 1287 7 discriminator 1 view .LVU573
 1820 0020 B2F5827F 		cmp	r2, #260
 1821 0024 40F05C81 		bne	.L162
1288:Drivers/STM32L4xx_HAL_Driver/Src/stm32l4xx_hal_spi.c ****          (tmp_state == HAL_SPI_STATE_BUSY_RX))))
 1822              		.loc 1 1288 54 view .LVU574
 1823 0028 A268     		ldr	r2, [r4, #8]
 1824              	.LVL85:
1288:Drivers/STM32L4xx_HAL_Driver/Src/stm32l4xx_hal_spi.c ****          (tmp_state == HAL_SPI_STATE_BUSY_RX))))
 1825              		.loc 1 1288 40 view .LVU575
 1826 002a 002A     		cmp	r2, #0
 1827 002c 40F05B81 		bne	.L163
1288:Drivers/STM32L4xx_HAL_Driver/Src/stm32l4xx_hal_spi.c ****          (tmp_state == HAL_SPI_STATE_BUSY_RX))))
 1828              		.loc 1 1288 90 discriminator 1 view .LVU576
 1829 0030 042B     		cmp	r3, #4
 1830 0032 40F05A81 		bne	.L164
 1831              	.L135:
1294:Drivers/STM32L4xx_HAL_Driver/Src/stm32l4xx_hal_spi.c ****   {
 1832              		.loc 1 1294 3 is_stmt 1 view .LVU577
1294:Drivers/STM32L4xx_HAL_Driver/Src/stm32l4xx_hal_spi.c ****   {
 1833              		.loc 1 1294 6 is_stmt 0 view .LVU578
 1834 0036 B8F1000F 		cmp	r8, #0
 1835 003a 00F05881 		beq	.L165
1294:Drivers/STM32L4xx_HAL_Driver/Src/stm32l4xx_hal_spi.c ****   {
 1836              		.loc 1 1294 25 discriminator 1 view .LVU579
ARM GAS  /tmp/ccl8yU0j.s 			page 118


 1837 003e B9F1000F 		cmp	r9, #0
 1838 0042 00F05681 		beq	.L166
1294:Drivers/STM32L4xx_HAL_Driver/Src/stm32l4xx_hal_spi.c ****   {
 1839              		.loc 1 1294 46 discriminator 2 view .LVU580
 1840 0046 002F     		cmp	r7, #0
 1841 0048 00F05581 		beq	.L167
1300:Drivers/STM32L4xx_HAL_Driver/Src/stm32l4xx_hal_spi.c **** 
 1842              		.loc 1 1300 3 is_stmt 1 view .LVU581
1300:Drivers/STM32L4xx_HAL_Driver/Src/stm32l4xx_hal_spi.c **** 
 1843              		.loc 1 1300 3 view .LVU582
 1844 004c 94F85C30 		ldrb	r3, [r4, #92]	@ zero_extendqisi2
 1845              	.LVL86:
1300:Drivers/STM32L4xx_HAL_Driver/Src/stm32l4xx_hal_spi.c **** 
 1846              		.loc 1 1300 3 is_stmt 0 view .LVU583
 1847 0050 012B     		cmp	r3, #1
 1848 0052 00F05281 		beq	.L168
1300:Drivers/STM32L4xx_HAL_Driver/Src/stm32l4xx_hal_spi.c **** 
 1849              		.loc 1 1300 3 is_stmt 1 discriminator 2 view .LVU584
 1850 0056 0123     		movs	r3, #1
 1851 0058 84F85C30 		strb	r3, [r4, #92]
1300:Drivers/STM32L4xx_HAL_Driver/Src/stm32l4xx_hal_spi.c **** 
 1852              		.loc 1 1300 3 discriminator 2 view .LVU585
1303:Drivers/STM32L4xx_HAL_Driver/Src/stm32l4xx_hal_spi.c ****   {
 1853              		.loc 1 1303 3 discriminator 2 view .LVU586
1303:Drivers/STM32L4xx_HAL_Driver/Src/stm32l4xx_hal_spi.c ****   {
 1854              		.loc 1 1303 11 is_stmt 0 discriminator 2 view .LVU587
 1855 005c 94F85D30 		ldrb	r3, [r4, #93]	@ zero_extendqisi2
 1856 0060 DBB2     		uxtb	r3, r3
1303:Drivers/STM32L4xx_HAL_Driver/Src/stm32l4xx_hal_spi.c ****   {
 1857              		.loc 1 1303 6 discriminator 2 view .LVU588
 1858 0062 042B     		cmp	r3, #4
 1859 0064 02D0     		beq	.L137
1305:Drivers/STM32L4xx_HAL_Driver/Src/stm32l4xx_hal_spi.c ****   }
 1860              		.loc 1 1305 5 is_stmt 1 view .LVU589
1305:Drivers/STM32L4xx_HAL_Driver/Src/stm32l4xx_hal_spi.c ****   }
 1861              		.loc 1 1305 17 is_stmt 0 view .LVU590
 1862 0066 0523     		movs	r3, #5
 1863 0068 84F85D30 		strb	r3, [r4, #93]
 1864              	.L137:
1309:Drivers/STM32L4xx_HAL_Driver/Src/stm32l4xx_hal_spi.c ****   hspi->pRxBuffPtr  = (uint8_t *)pRxData;
 1865              		.loc 1 1309 3 is_stmt 1 view .LVU591
1309:Drivers/STM32L4xx_HAL_Driver/Src/stm32l4xx_hal_spi.c ****   hspi->pRxBuffPtr  = (uint8_t *)pRxData;
 1866              		.loc 1 1309 21 is_stmt 0 view .LVU592
 1867 006c 0023     		movs	r3, #0
 1868 006e 2366     		str	r3, [r4, #96]
1310:Drivers/STM32L4xx_HAL_Driver/Src/stm32l4xx_hal_spi.c ****   hspi->RxXferCount = Size;
 1869              		.loc 1 1310 3 is_stmt 1 view .LVU593
1310:Drivers/STM32L4xx_HAL_Driver/Src/stm32l4xx_hal_spi.c ****   hspi->RxXferCount = Size;
 1870              		.loc 1 1310 21 is_stmt 0 view .LVU594
 1871 0070 C4F84090 		str	r9, [r4, #64]
1311:Drivers/STM32L4xx_HAL_Driver/Src/stm32l4xx_hal_spi.c ****   hspi->RxXferSize  = Size;
 1872              		.loc 1 1311 3 is_stmt 1 view .LVU595
1311:Drivers/STM32L4xx_HAL_Driver/Src/stm32l4xx_hal_spi.c ****   hspi->RxXferSize  = Size;
 1873              		.loc 1 1311 21 is_stmt 0 view .LVU596
 1874 0074 A4F84670 		strh	r7, [r4, #70]	@ movhi
1312:Drivers/STM32L4xx_HAL_Driver/Src/stm32l4xx_hal_spi.c ****   hspi->pTxBuffPtr  = (const uint8_t *)pTxData;
 1875              		.loc 1 1312 3 is_stmt 1 view .LVU597
ARM GAS  /tmp/ccl8yU0j.s 			page 119


1312:Drivers/STM32L4xx_HAL_Driver/Src/stm32l4xx_hal_spi.c ****   hspi->pTxBuffPtr  = (const uint8_t *)pTxData;
 1876              		.loc 1 1312 21 is_stmt 0 view .LVU598
 1877 0078 A4F84470 		strh	r7, [r4, #68]	@ movhi
1313:Drivers/STM32L4xx_HAL_Driver/Src/stm32l4xx_hal_spi.c ****   hspi->TxXferCount = Size;
 1878              		.loc 1 1313 3 is_stmt 1 view .LVU599
1313:Drivers/STM32L4xx_HAL_Driver/Src/stm32l4xx_hal_spi.c ****   hspi->TxXferCount = Size;
 1879              		.loc 1 1313 21 is_stmt 0 view .LVU600
 1880 007c C4F83880 		str	r8, [r4, #56]
1314:Drivers/STM32L4xx_HAL_Driver/Src/stm32l4xx_hal_spi.c ****   hspi->TxXferSize  = Size;
 1881              		.loc 1 1314 3 is_stmt 1 view .LVU601
1314:Drivers/STM32L4xx_HAL_Driver/Src/stm32l4xx_hal_spi.c ****   hspi->TxXferSize  = Size;
 1882              		.loc 1 1314 21 is_stmt 0 view .LVU602
 1883 0080 E787     		strh	r7, [r4, #62]	@ movhi
1315:Drivers/STM32L4xx_HAL_Driver/Src/stm32l4xx_hal_spi.c **** 
 1884              		.loc 1 1315 3 is_stmt 1 view .LVU603
1315:Drivers/STM32L4xx_HAL_Driver/Src/stm32l4xx_hal_spi.c **** 
 1885              		.loc 1 1315 21 is_stmt 0 view .LVU604
 1886 0082 A787     		strh	r7, [r4, #60]	@ movhi
1318:Drivers/STM32L4xx_HAL_Driver/Src/stm32l4xx_hal_spi.c ****   hspi->TxISR       = NULL;
 1887              		.loc 1 1318 3 is_stmt 1 view .LVU605
1318:Drivers/STM32L4xx_HAL_Driver/Src/stm32l4xx_hal_spi.c ****   hspi->TxISR       = NULL;
 1888              		.loc 1 1318 21 is_stmt 0 view .LVU606
 1889 0084 E364     		str	r3, [r4, #76]
1319:Drivers/STM32L4xx_HAL_Driver/Src/stm32l4xx_hal_spi.c **** 
 1890              		.loc 1 1319 3 is_stmt 1 view .LVU607
1319:Drivers/STM32L4xx_HAL_Driver/Src/stm32l4xx_hal_spi.c **** 
 1891              		.loc 1 1319 21 is_stmt 0 view .LVU608
 1892 0086 2365     		str	r3, [r4, #80]
1330:Drivers/STM32L4xx_HAL_Driver/Src/stm32l4xx_hal_spi.c ****   {
 1893              		.loc 1 1330 3 is_stmt 1 view .LVU609
1330:Drivers/STM32L4xx_HAL_Driver/Src/stm32l4xx_hal_spi.c ****   {
 1894              		.loc 1 1330 18 is_stmt 0 view .LVU610
 1895 0088 E368     		ldr	r3, [r4, #12]
1330:Drivers/STM32L4xx_HAL_Driver/Src/stm32l4xx_hal_spi.c ****   {
 1896              		.loc 1 1330 6 view .LVU611
 1897 008a B3F5E06F 		cmp	r3, #1792
 1898 008e 01D8     		bhi	.L138
1330:Drivers/STM32L4xx_HAL_Driver/Src/stm32l4xx_hal_spi.c ****   {
 1899              		.loc 1 1330 49 discriminator 1 view .LVU612
 1900 0090 012F     		cmp	r7, #1
 1901 0092 23D9     		bls	.L139
 1902              	.L138:
1333:Drivers/STM32L4xx_HAL_Driver/Src/stm32l4xx_hal_spi.c ****   }
 1903              		.loc 1 1333 5 is_stmt 1 view .LVU613
 1904 0094 2268     		ldr	r2, [r4]
 1905 0096 5368     		ldr	r3, [r2, #4]
 1906 0098 23F48053 		bic	r3, r3, #4096
 1907 009c 5360     		str	r3, [r2, #4]
 1908              	.LVL87:
 1909              	.L140:
1342:Drivers/STM32L4xx_HAL_Driver/Src/stm32l4xx_hal_spi.c ****   {
 1910              		.loc 1 1342 3 view .LVU614
1342:Drivers/STM32L4xx_HAL_Driver/Src/stm32l4xx_hal_spi.c ****   {
 1911              		.loc 1 1342 12 is_stmt 0 view .LVU615
 1912 009e 2368     		ldr	r3, [r4]
1342:Drivers/STM32L4xx_HAL_Driver/Src/stm32l4xx_hal_spi.c ****   {
 1913              		.loc 1 1342 22 view .LVU616
ARM GAS  /tmp/ccl8yU0j.s 			page 120


 1914 00a0 1A68     		ldr	r2, [r3]
1342:Drivers/STM32L4xx_HAL_Driver/Src/stm32l4xx_hal_spi.c ****   {
 1915              		.loc 1 1342 6 view .LVU617
 1916 00a2 12F0400F 		tst	r2, #64
 1917 00a6 03D1     		bne	.L141
1345:Drivers/STM32L4xx_HAL_Driver/Src/stm32l4xx_hal_spi.c ****   }
 1918              		.loc 1 1345 5 is_stmt 1 view .LVU618
 1919 00a8 1A68     		ldr	r2, [r3]
 1920 00aa 42F04002 		orr	r2, r2, #64
 1921 00ae 1A60     		str	r2, [r3]
 1922              	.L141:
1349:Drivers/STM32L4xx_HAL_Driver/Src/stm32l4xx_hal_spi.c ****   {
 1923              		.loc 1 1349 3 view .LVU619
1349:Drivers/STM32L4xx_HAL_Driver/Src/stm32l4xx_hal_spi.c ****   {
 1924              		.loc 1 1349 17 is_stmt 0 view .LVU620
 1925 00b0 E368     		ldr	r3, [r4, #12]
1349:Drivers/STM32L4xx_HAL_Driver/Src/stm32l4xx_hal_spi.c ****   {
 1926              		.loc 1 1349 6 view .LVU621
 1927 00b2 B3F5E06F 		cmp	r3, #1792
 1928 00b6 5FD9     		bls	.L142
1351:Drivers/STM32L4xx_HAL_Driver/Src/stm32l4xx_hal_spi.c ****     {
 1929              		.loc 1 1351 5 is_stmt 1 view .LVU622
1351:Drivers/STM32L4xx_HAL_Driver/Src/stm32l4xx_hal_spi.c ****     {
 1930              		.loc 1 1351 20 is_stmt 0 view .LVU623
 1931 00b8 6368     		ldr	r3, [r4, #4]
1351:Drivers/STM32L4xx_HAL_Driver/Src/stm32l4xx_hal_spi.c ****     {
 1932              		.loc 1 1351 8 view .LVU624
 1933 00ba 0BB1     		cbz	r3, .L143
1351:Drivers/STM32L4xx_HAL_Driver/Src/stm32l4xx_hal_spi.c ****     {
 1934              		.loc 1 1351 45 discriminator 1 view .LVU625
 1935 00bc 012F     		cmp	r7, #1
 1936 00be 0BD1     		bne	.L144
 1937              	.L143:
1353:Drivers/STM32L4xx_HAL_Driver/Src/stm32l4xx_hal_spi.c ****       hspi->pTxBuffPtr += sizeof(uint16_t);
 1938              		.loc 1 1353 7 is_stmt 1 view .LVU626
1353:Drivers/STM32L4xx_HAL_Driver/Src/stm32l4xx_hal_spi.c ****       hspi->pTxBuffPtr += sizeof(uint16_t);
 1939              		.loc 1 1353 52 is_stmt 0 view .LVU627
 1940 00c0 A26B     		ldr	r2, [r4, #56]
1353:Drivers/STM32L4xx_HAL_Driver/Src/stm32l4xx_hal_spi.c ****       hspi->pTxBuffPtr += sizeof(uint16_t);
 1941              		.loc 1 1353 11 view .LVU628
 1942 00c2 2368     		ldr	r3, [r4]
1353:Drivers/STM32L4xx_HAL_Driver/Src/stm32l4xx_hal_spi.c ****       hspi->pTxBuffPtr += sizeof(uint16_t);
 1943              		.loc 1 1353 28 view .LVU629
 1944 00c4 1288     		ldrh	r2, [r2]
1353:Drivers/STM32L4xx_HAL_Driver/Src/stm32l4xx_hal_spi.c ****       hspi->pTxBuffPtr += sizeof(uint16_t);
 1945              		.loc 1 1353 26 view .LVU630
 1946 00c6 DA60     		str	r2, [r3, #12]
1354:Drivers/STM32L4xx_HAL_Driver/Src/stm32l4xx_hal_spi.c ****       hspi->TxXferCount--;
 1947              		.loc 1 1354 7 is_stmt 1 view .LVU631
1354:Drivers/STM32L4xx_HAL_Driver/Src/stm32l4xx_hal_spi.c ****       hspi->TxXferCount--;
 1948              		.loc 1 1354 24 is_stmt 0 view .LVU632
 1949 00c8 A36B     		ldr	r3, [r4, #56]
 1950 00ca 0233     		adds	r3, r3, #2
 1951 00cc A363     		str	r3, [r4, #56]
1355:Drivers/STM32L4xx_HAL_Driver/Src/stm32l4xx_hal_spi.c **** 
 1952              		.loc 1 1355 7 is_stmt 1 view .LVU633
1355:Drivers/STM32L4xx_HAL_Driver/Src/stm32l4xx_hal_spi.c **** 
ARM GAS  /tmp/ccl8yU0j.s 			page 121


 1953              		.loc 1 1355 11 is_stmt 0 view .LVU634
 1954 00ce E38F     		ldrh	r3, [r4, #62]
 1955 00d0 9BB2     		uxth	r3, r3
1355:Drivers/STM32L4xx_HAL_Driver/Src/stm32l4xx_hal_spi.c **** 
 1956              		.loc 1 1355 24 view .LVU635
 1957 00d2 013B     		subs	r3, r3, #1
 1958 00d4 9BB2     		uxth	r3, r3
 1959 00d6 E387     		strh	r3, [r4, #62]	@ movhi
 1960              	.L144:
1403:Drivers/STM32L4xx_HAL_Driver/Src/stm32l4xx_hal_spi.c ****       }
 1961              		.loc 1 1403 19 view .LVU636
 1962 00d8 0127     		movs	r7, #1
 1963              	.LVL88:
1403:Drivers/STM32L4xx_HAL_Driver/Src/stm32l4xx_hal_spi.c ****       }
 1964              		.loc 1 1403 19 view .LVU637
 1965 00da 30E0     		b	.L145
 1966              	.LVL89:
 1967              	.L139:
1338:Drivers/STM32L4xx_HAL_Driver/Src/stm32l4xx_hal_spi.c ****   }
 1968              		.loc 1 1338 5 is_stmt 1 view .LVU638
 1969 00dc 2268     		ldr	r2, [r4]
 1970 00de 5368     		ldr	r3, [r2, #4]
 1971 00e0 43F48053 		orr	r3, r3, #4096
 1972 00e4 5360     		str	r3, [r2, #4]
 1973              	.LVL90:
1338:Drivers/STM32L4xx_HAL_Driver/Src/stm32l4xx_hal_spi.c ****   }
 1974              		.loc 1 1338 5 is_stmt 0 view .LVU639
 1975 00e6 DAE7     		b	.L140
 1976              	.LVL91:
 1977              	.L172:
1376:Drivers/STM32L4xx_HAL_Driver/Src/stm32l4xx_hal_spi.c ****         hspi->pTxBuffPtr += sizeof(uint16_t);
 1978              		.loc 1 1376 9 is_stmt 1 view .LVU640
1376:Drivers/STM32L4xx_HAL_Driver/Src/stm32l4xx_hal_spi.c ****         hspi->pTxBuffPtr += sizeof(uint16_t);
 1979              		.loc 1 1376 54 is_stmt 0 view .LVU641
 1980 00e8 A26B     		ldr	r2, [r4, #56]
1376:Drivers/STM32L4xx_HAL_Driver/Src/stm32l4xx_hal_spi.c ****         hspi->pTxBuffPtr += sizeof(uint16_t);
 1981              		.loc 1 1376 30 view .LVU642
 1982 00ea 1288     		ldrh	r2, [r2]
1376:Drivers/STM32L4xx_HAL_Driver/Src/stm32l4xx_hal_spi.c ****         hspi->pTxBuffPtr += sizeof(uint16_t);
 1983              		.loc 1 1376 28 view .LVU643
 1984 00ec DA60     		str	r2, [r3, #12]
1377:Drivers/STM32L4xx_HAL_Driver/Src/stm32l4xx_hal_spi.c ****         hspi->TxXferCount--;
 1985              		.loc 1 1377 9 is_stmt 1 view .LVU644
1377:Drivers/STM32L4xx_HAL_Driver/Src/stm32l4xx_hal_spi.c ****         hspi->TxXferCount--;
 1986              		.loc 1 1377 26 is_stmt 0 view .LVU645
 1987 00ee A36B     		ldr	r3, [r4, #56]
 1988 00f0 0233     		adds	r3, r3, #2
 1989 00f2 A363     		str	r3, [r4, #56]
1378:Drivers/STM32L4xx_HAL_Driver/Src/stm32l4xx_hal_spi.c ****         /* Next Data is a reception (Rx). Tx not allowed */
 1990              		.loc 1 1378 9 is_stmt 1 view .LVU646
1378:Drivers/STM32L4xx_HAL_Driver/Src/stm32l4xx_hal_spi.c ****         /* Next Data is a reception (Rx). Tx not allowed */
 1991              		.loc 1 1378 13 is_stmt 0 view .LVU647
 1992 00f4 E38F     		ldrh	r3, [r4, #62]
 1993 00f6 9BB2     		uxth	r3, r3
1378:Drivers/STM32L4xx_HAL_Driver/Src/stm32l4xx_hal_spi.c ****         /* Next Data is a reception (Rx). Tx not allowed */
 1994              		.loc 1 1378 26 view .LVU648
 1995 00f8 013B     		subs	r3, r3, #1
ARM GAS  /tmp/ccl8yU0j.s 			page 122


 1996 00fa 9BB2     		uxth	r3, r3
 1997 00fc E387     		strh	r3, [r4, #62]	@ movhi
1380:Drivers/STM32L4xx_HAL_Driver/Src/stm32l4xx_hal_spi.c **** 
 1998              		.loc 1 1380 9 is_stmt 1 view .LVU649
 1999              	.LVL92:
1380:Drivers/STM32L4xx_HAL_Driver/Src/stm32l4xx_hal_spi.c **** 
 2000              		.loc 1 1380 19 is_stmt 0 view .LVU650
 2001 00fe 0027     		movs	r7, #0
 2002              	.LVL93:
 2003              	.L146:
1397:Drivers/STM32L4xx_HAL_Driver/Src/stm32l4xx_hal_spi.c ****       {
 2004              		.loc 1 1397 7 is_stmt 1 view .LVU651
1397:Drivers/STM32L4xx_HAL_Driver/Src/stm32l4xx_hal_spi.c ****       {
 2005              		.loc 1 1397 12 is_stmt 0 view .LVU652
 2006 0100 2368     		ldr	r3, [r4]
 2007 0102 9A68     		ldr	r2, [r3, #8]
1397:Drivers/STM32L4xx_HAL_Driver/Src/stm32l4xx_hal_spi.c ****       {
 2008              		.loc 1 1397 10 view .LVU653
 2009 0104 12F0010F 		tst	r2, #1
 2010 0108 11D0     		beq	.L147
1397:Drivers/STM32L4xx_HAL_Driver/Src/stm32l4xx_hal_spi.c ****       {
 2011              		.loc 1 1397 61 discriminator 1 view .LVU654
 2012 010a B4F84620 		ldrh	r2, [r4, #70]
 2013 010e 92B2     		uxth	r2, r2
1397:Drivers/STM32L4xx_HAL_Driver/Src/stm32l4xx_hal_spi.c ****       {
 2014              		.loc 1 1397 53 discriminator 1 view .LVU655
 2015 0110 6AB1     		cbz	r2, .L147
1399:Drivers/STM32L4xx_HAL_Driver/Src/stm32l4xx_hal_spi.c ****         hspi->pRxBuffPtr += sizeof(uint16_t);
 2016              		.loc 1 1399 9 is_stmt 1 view .LVU656
1399:Drivers/STM32L4xx_HAL_Driver/Src/stm32l4xx_hal_spi.c ****         hspi->pRxBuffPtr += sizeof(uint16_t);
 2017              		.loc 1 1399 67 is_stmt 0 view .LVU657
 2018 0112 DA68     		ldr	r2, [r3, #12]
1399:Drivers/STM32L4xx_HAL_Driver/Src/stm32l4xx_hal_spi.c ****         hspi->pRxBuffPtr += sizeof(uint16_t);
 2019              		.loc 1 1399 27 view .LVU658
 2020 0114 236C     		ldr	r3, [r4, #64]
1399:Drivers/STM32L4xx_HAL_Driver/Src/stm32l4xx_hal_spi.c ****         hspi->pRxBuffPtr += sizeof(uint16_t);
 2021              		.loc 1 1399 41 view .LVU659
 2022 0116 1A80     		strh	r2, [r3]	@ movhi
1400:Drivers/STM32L4xx_HAL_Driver/Src/stm32l4xx_hal_spi.c ****         hspi->RxXferCount--;
 2023              		.loc 1 1400 9 is_stmt 1 view .LVU660
1400:Drivers/STM32L4xx_HAL_Driver/Src/stm32l4xx_hal_spi.c ****         hspi->RxXferCount--;
 2024              		.loc 1 1400 26 is_stmt 0 view .LVU661
 2025 0118 236C     		ldr	r3, [r4, #64]
 2026 011a 0233     		adds	r3, r3, #2
 2027 011c 2364     		str	r3, [r4, #64]
1401:Drivers/STM32L4xx_HAL_Driver/Src/stm32l4xx_hal_spi.c ****         /* Next Data is a Transmission (Tx). Tx is allowed */
 2028              		.loc 1 1401 9 is_stmt 1 view .LVU662
1401:Drivers/STM32L4xx_HAL_Driver/Src/stm32l4xx_hal_spi.c ****         /* Next Data is a Transmission (Tx). Tx is allowed */
 2029              		.loc 1 1401 13 is_stmt 0 view .LVU663
 2030 011e B4F84630 		ldrh	r3, [r4, #70]
 2031 0122 9BB2     		uxth	r3, r3
1401:Drivers/STM32L4xx_HAL_Driver/Src/stm32l4xx_hal_spi.c ****         /* Next Data is a Transmission (Tx). Tx is allowed */
 2032              		.loc 1 1401 26 view .LVU664
 2033 0124 013B     		subs	r3, r3, #1
 2034 0126 9BB2     		uxth	r3, r3
 2035 0128 A4F84630 		strh	r3, [r4, #70]	@ movhi
1403:Drivers/STM32L4xx_HAL_Driver/Src/stm32l4xx_hal_spi.c ****       }
ARM GAS  /tmp/ccl8yU0j.s 			page 123


 2036              		.loc 1 1403 9 is_stmt 1 view .LVU665
 2037              	.LVL94:
1403:Drivers/STM32L4xx_HAL_Driver/Src/stm32l4xx_hal_spi.c ****       }
 2038              		.loc 1 1403 19 is_stmt 0 view .LVU666
 2039 012c 0127     		movs	r7, #1
 2040              	.LVL95:
 2041              	.L147:
1405:Drivers/STM32L4xx_HAL_Driver/Src/stm32l4xx_hal_spi.c ****       {
 2042              		.loc 1 1405 7 is_stmt 1 view .LVU667
1405:Drivers/STM32L4xx_HAL_Driver/Src/stm32l4xx_hal_spi.c ****       {
 2043              		.loc 1 1405 13 is_stmt 0 view .LVU668
 2044 012e FFF7FEFF 		bl	HAL_GetTick
 2045              	.LVL96:
1405:Drivers/STM32L4xx_HAL_Driver/Src/stm32l4xx_hal_spi.c ****       {
 2046              		.loc 1 1405 27 view .LVU669
 2047 0132 831B     		subs	r3, r0, r6
1405:Drivers/STM32L4xx_HAL_Driver/Src/stm32l4xx_hal_spi.c ****       {
 2048              		.loc 1 1405 10 view .LVU670
 2049 0134 AB42     		cmp	r3, r5
 2050 0136 02D3     		bcc	.L145
1405:Drivers/STM32L4xx_HAL_Driver/Src/stm32l4xx_hal_spi.c ****       {
 2051              		.loc 1 1405 53 discriminator 1 view .LVU671
 2052 0138 B5F1FF3F 		cmp	r5, #-1
 2053 013c 14D1     		bne	.L171
 2054              	.LVL97:
 2055              	.L145:
1371:Drivers/STM32L4xx_HAL_Driver/Src/stm32l4xx_hal_spi.c ****     {
 2056              		.loc 1 1371 11 is_stmt 1 view .LVU672
1371:Drivers/STM32L4xx_HAL_Driver/Src/stm32l4xx_hal_spi.c ****     {
 2057              		.loc 1 1371 17 is_stmt 0 view .LVU673
 2058 013e E38F     		ldrh	r3, [r4, #62]
 2059 0140 9BB2     		uxth	r3, r3
1371:Drivers/STM32L4xx_HAL_Driver/Src/stm32l4xx_hal_spi.c ****     {
 2060              		.loc 1 1371 11 view .LVU674
 2061 0142 2BB9     		cbnz	r3, .L148
1371:Drivers/STM32L4xx_HAL_Driver/Src/stm32l4xx_hal_spi.c ****     {
 2062              		.loc 1 1371 45 discriminator 1 view .LVU675
 2063 0144 B4F84630 		ldrh	r3, [r4, #70]
 2064 0148 9BB2     		uxth	r3, r3
1371:Drivers/STM32L4xx_HAL_Driver/Src/stm32l4xx_hal_spi.c ****     {
 2065              		.loc 1 1371 37 discriminator 1 view .LVU676
 2066 014a 002B     		cmp	r3, #0
 2067 014c 00F0B180 		beq	.L149
 2068              	.L148:
1374:Drivers/STM32L4xx_HAL_Driver/Src/stm32l4xx_hal_spi.c ****       {
 2069              		.loc 1 1374 7 is_stmt 1 view .LVU677
1374:Drivers/STM32L4xx_HAL_Driver/Src/stm32l4xx_hal_spi.c ****       {
 2070              		.loc 1 1374 12 is_stmt 0 view .LVU678
 2071 0150 2368     		ldr	r3, [r4]
 2072 0152 9A68     		ldr	r2, [r3, #8]
1374:Drivers/STM32L4xx_HAL_Driver/Src/stm32l4xx_hal_spi.c ****       {
 2073              		.loc 1 1374 10 view .LVU679
 2074 0154 12F0020F 		tst	r2, #2
 2075 0158 D2D0     		beq	.L146
1374:Drivers/STM32L4xx_HAL_Driver/Src/stm32l4xx_hal_spi.c ****       {
 2076              		.loc 1 1374 60 discriminator 1 view .LVU680
 2077 015a E28F     		ldrh	r2, [r4, #62]
ARM GAS  /tmp/ccl8yU0j.s 			page 124


 2078 015c 92B2     		uxth	r2, r2
1374:Drivers/STM32L4xx_HAL_Driver/Src/stm32l4xx_hal_spi.c ****       {
 2079              		.loc 1 1374 52 discriminator 1 view .LVU681
 2080 015e 002A     		cmp	r2, #0
 2081 0160 CED0     		beq	.L146
1374:Drivers/STM32L4xx_HAL_Driver/Src/stm32l4xx_hal_spi.c ****       {
 2082              		.loc 1 1374 80 discriminator 2 view .LVU682
 2083 0162 002F     		cmp	r7, #0
 2084 0164 CCD0     		beq	.L146
 2085 0166 BFE7     		b	.L172
 2086              	.L171:
1407:Drivers/STM32L4xx_HAL_Driver/Src/stm32l4xx_hal_spi.c ****         __HAL_UNLOCK(hspi);
 2087              		.loc 1 1407 9 is_stmt 1 view .LVU683
1407:Drivers/STM32L4xx_HAL_Driver/Src/stm32l4xx_hal_spi.c ****         __HAL_UNLOCK(hspi);
 2088              		.loc 1 1407 21 is_stmt 0 view .LVU684
 2089 0168 0123     		movs	r3, #1
 2090 016a 84F85D30 		strb	r3, [r4, #93]
1408:Drivers/STM32L4xx_HAL_Driver/Src/stm32l4xx_hal_spi.c ****         return HAL_TIMEOUT;
 2091              		.loc 1 1408 9 is_stmt 1 view .LVU685
1408:Drivers/STM32L4xx_HAL_Driver/Src/stm32l4xx_hal_spi.c ****         return HAL_TIMEOUT;
 2092              		.loc 1 1408 9 view .LVU686
 2093 016e 0023     		movs	r3, #0
 2094 0170 84F85C30 		strb	r3, [r4, #92]
1408:Drivers/STM32L4xx_HAL_Driver/Src/stm32l4xx_hal_spi.c ****         return HAL_TIMEOUT;
 2095              		.loc 1 1408 9 view .LVU687
1409:Drivers/STM32L4xx_HAL_Driver/Src/stm32l4xx_hal_spi.c ****       }
 2096              		.loc 1 1409 9 view .LVU688
1409:Drivers/STM32L4xx_HAL_Driver/Src/stm32l4xx_hal_spi.c ****       }
 2097              		.loc 1 1409 16 is_stmt 0 view .LVU689
 2098 0174 0320     		movs	r0, #3
 2099 0176 B4E0     		b	.L136
 2100              	.LVL98:
 2101              	.L142:
1416:Drivers/STM32L4xx_HAL_Driver/Src/stm32l4xx_hal_spi.c ****     {
 2102              		.loc 1 1416 5 is_stmt 1 view .LVU690
1416:Drivers/STM32L4xx_HAL_Driver/Src/stm32l4xx_hal_spi.c ****     {
 2103              		.loc 1 1416 20 is_stmt 0 view .LVU691
 2104 0178 6368     		ldr	r3, [r4, #4]
1416:Drivers/STM32L4xx_HAL_Driver/Src/stm32l4xx_hal_spi.c ****     {
 2105              		.loc 1 1416 8 view .LVU692
 2106 017a 0BB1     		cbz	r3, .L150
1416:Drivers/STM32L4xx_HAL_Driver/Src/stm32l4xx_hal_spi.c ****     {
 2107              		.loc 1 1416 45 discriminator 1 view .LVU693
 2108 017c 012F     		cmp	r7, #1
 2109 017e 0FD1     		bne	.L151
 2110              	.L150:
1418:Drivers/STM32L4xx_HAL_Driver/Src/stm32l4xx_hal_spi.c ****       {
 2111              		.loc 1 1418 7 is_stmt 1 view .LVU694
1418:Drivers/STM32L4xx_HAL_Driver/Src/stm32l4xx_hal_spi.c ****       {
 2112              		.loc 1 1418 15 is_stmt 0 view .LVU695
 2113 0180 E38F     		ldrh	r3, [r4, #62]
 2114 0182 9BB2     		uxth	r3, r3
1418:Drivers/STM32L4xx_HAL_Driver/Src/stm32l4xx_hal_spi.c ****       {
 2115              		.loc 1 1418 10 view .LVU696
 2116 0184 012B     		cmp	r3, #1
 2117 0186 0DD9     		bls	.L152
1420:Drivers/STM32L4xx_HAL_Driver/Src/stm32l4xx_hal_spi.c ****         hspi->pTxBuffPtr += sizeof(uint16_t);
ARM GAS  /tmp/ccl8yU0j.s 			page 125


 2118              		.loc 1 1420 9 is_stmt 1 view .LVU697
1420:Drivers/STM32L4xx_HAL_Driver/Src/stm32l4xx_hal_spi.c ****         hspi->pTxBuffPtr += sizeof(uint16_t);
 2119              		.loc 1 1420 54 is_stmt 0 view .LVU698
 2120 0188 A26B     		ldr	r2, [r4, #56]
1420:Drivers/STM32L4xx_HAL_Driver/Src/stm32l4xx_hal_spi.c ****         hspi->pTxBuffPtr += sizeof(uint16_t);
 2121              		.loc 1 1420 13 view .LVU699
 2122 018a 2368     		ldr	r3, [r4]
1420:Drivers/STM32L4xx_HAL_Driver/Src/stm32l4xx_hal_spi.c ****         hspi->pTxBuffPtr += sizeof(uint16_t);
 2123              		.loc 1 1420 30 view .LVU700
 2124 018c 1288     		ldrh	r2, [r2]
1420:Drivers/STM32L4xx_HAL_Driver/Src/stm32l4xx_hal_spi.c ****         hspi->pTxBuffPtr += sizeof(uint16_t);
 2125              		.loc 1 1420 28 view .LVU701
 2126 018e DA60     		str	r2, [r3, #12]
1421:Drivers/STM32L4xx_HAL_Driver/Src/stm32l4xx_hal_spi.c ****         hspi->TxXferCount -= 2U;
 2127              		.loc 1 1421 9 is_stmt 1 view .LVU702
1421:Drivers/STM32L4xx_HAL_Driver/Src/stm32l4xx_hal_spi.c ****         hspi->TxXferCount -= 2U;
 2128              		.loc 1 1421 26 is_stmt 0 view .LVU703
 2129 0190 A36B     		ldr	r3, [r4, #56]
 2130 0192 0233     		adds	r3, r3, #2
 2131 0194 A363     		str	r3, [r4, #56]
1422:Drivers/STM32L4xx_HAL_Driver/Src/stm32l4xx_hal_spi.c ****       }
 2132              		.loc 1 1422 9 is_stmt 1 view .LVU704
1422:Drivers/STM32L4xx_HAL_Driver/Src/stm32l4xx_hal_spi.c ****       }
 2133              		.loc 1 1422 27 is_stmt 0 view .LVU705
 2134 0196 E38F     		ldrh	r3, [r4, #62]
 2135 0198 9BB2     		uxth	r3, r3
 2136 019a 023B     		subs	r3, r3, #2
 2137 019c 9BB2     		uxth	r3, r3
 2138 019e E387     		strh	r3, [r4, #62]	@ movhi
 2139              	.L151:
1499:Drivers/STM32L4xx_HAL_Driver/Src/stm32l4xx_hal_spi.c ****       }
 2140              		.loc 1 1499 19 view .LVU706
 2141 01a0 0127     		movs	r7, #1
 2142              	.LVL99:
1499:Drivers/STM32L4xx_HAL_Driver/Src/stm32l4xx_hal_spi.c ****       }
 2143              		.loc 1 1499 19 view .LVU707
 2144 01a2 49E0     		b	.L159
 2145              	.LVL100:
 2146              	.L152:
1426:Drivers/STM32L4xx_HAL_Driver/Src/stm32l4xx_hal_spi.c ****         hspi->pTxBuffPtr++;
 2147              		.loc 1 1426 9 is_stmt 1 view .LVU708
1426:Drivers/STM32L4xx_HAL_Driver/Src/stm32l4xx_hal_spi.c ****         hspi->pTxBuffPtr++;
 2148              		.loc 1 1426 71 is_stmt 0 view .LVU709
 2149 01a4 A26B     		ldr	r2, [r4, #56]
1426:Drivers/STM32L4xx_HAL_Driver/Src/stm32l4xx_hal_spi.c ****         hspi->pTxBuffPtr++;
 2150              		.loc 1 1426 31 view .LVU710
 2151 01a6 2368     		ldr	r3, [r4]
1426:Drivers/STM32L4xx_HAL_Driver/Src/stm32l4xx_hal_spi.c ****         hspi->pTxBuffPtr++;
 2152              		.loc 1 1426 48 view .LVU711
 2153 01a8 1278     		ldrb	r2, [r2]	@ zero_extendqisi2
1426:Drivers/STM32L4xx_HAL_Driver/Src/stm32l4xx_hal_spi.c ****         hspi->pTxBuffPtr++;
 2154              		.loc 1 1426 46 view .LVU712
 2155 01aa 1A73     		strb	r2, [r3, #12]
1427:Drivers/STM32L4xx_HAL_Driver/Src/stm32l4xx_hal_spi.c ****         hspi->TxXferCount--;
 2156              		.loc 1 1427 9 is_stmt 1 view .LVU713
1427:Drivers/STM32L4xx_HAL_Driver/Src/stm32l4xx_hal_spi.c ****         hspi->TxXferCount--;
 2157              		.loc 1 1427 13 is_stmt 0 view .LVU714
ARM GAS  /tmp/ccl8yU0j.s 			page 126


 2158 01ac A36B     		ldr	r3, [r4, #56]
1427:Drivers/STM32L4xx_HAL_Driver/Src/stm32l4xx_hal_spi.c ****         hspi->TxXferCount--;
 2159              		.loc 1 1427 25 view .LVU715
 2160 01ae 0133     		adds	r3, r3, #1
 2161 01b0 A363     		str	r3, [r4, #56]
1428:Drivers/STM32L4xx_HAL_Driver/Src/stm32l4xx_hal_spi.c **** 
 2162              		.loc 1 1428 9 is_stmt 1 view .LVU716
1428:Drivers/STM32L4xx_HAL_Driver/Src/stm32l4xx_hal_spi.c **** 
 2163              		.loc 1 1428 13 is_stmt 0 view .LVU717
 2164 01b2 E38F     		ldrh	r3, [r4, #62]
 2165 01b4 9BB2     		uxth	r3, r3
1428:Drivers/STM32L4xx_HAL_Driver/Src/stm32l4xx_hal_spi.c **** 
 2166              		.loc 1 1428 26 view .LVU718
 2167 01b6 013B     		subs	r3, r3, #1
 2168 01b8 9BB2     		uxth	r3, r3
 2169 01ba E387     		strh	r3, [r4, #62]	@ movhi
 2170 01bc F0E7     		b	.L151
 2171              	.LVL101:
 2172              	.L173:
1449:Drivers/STM32L4xx_HAL_Driver/Src/stm32l4xx_hal_spi.c ****         {
 2173              		.loc 1 1449 9 is_stmt 1 view .LVU719
1449:Drivers/STM32L4xx_HAL_Driver/Src/stm32l4xx_hal_spi.c ****         {
 2174              		.loc 1 1449 17 is_stmt 0 view .LVU720
 2175 01be E28F     		ldrh	r2, [r4, #62]
 2176 01c0 92B2     		uxth	r2, r2
1449:Drivers/STM32L4xx_HAL_Driver/Src/stm32l4xx_hal_spi.c ****         {
 2177              		.loc 1 1449 12 view .LVU721
 2178 01c2 012A     		cmp	r2, #1
 2179 01c4 0CD9     		bls	.L154
1451:Drivers/STM32L4xx_HAL_Driver/Src/stm32l4xx_hal_spi.c ****           hspi->pTxBuffPtr += sizeof(uint16_t);
 2180              		.loc 1 1451 11 is_stmt 1 view .LVU722
1451:Drivers/STM32L4xx_HAL_Driver/Src/stm32l4xx_hal_spi.c ****           hspi->pTxBuffPtr += sizeof(uint16_t);
 2181              		.loc 1 1451 56 is_stmt 0 view .LVU723
 2182 01c6 A26B     		ldr	r2, [r4, #56]
1451:Drivers/STM32L4xx_HAL_Driver/Src/stm32l4xx_hal_spi.c ****           hspi->pTxBuffPtr += sizeof(uint16_t);
 2183              		.loc 1 1451 32 view .LVU724
 2184 01c8 1288     		ldrh	r2, [r2]
1451:Drivers/STM32L4xx_HAL_Driver/Src/stm32l4xx_hal_spi.c ****           hspi->pTxBuffPtr += sizeof(uint16_t);
 2185              		.loc 1 1451 30 view .LVU725
 2186 01ca DA60     		str	r2, [r3, #12]
1452:Drivers/STM32L4xx_HAL_Driver/Src/stm32l4xx_hal_spi.c ****           hspi->TxXferCount -= 2U;
 2187              		.loc 1 1452 11 is_stmt 1 view .LVU726
1452:Drivers/STM32L4xx_HAL_Driver/Src/stm32l4xx_hal_spi.c ****           hspi->TxXferCount -= 2U;
 2188              		.loc 1 1452 28 is_stmt 0 view .LVU727
 2189 01cc A36B     		ldr	r3, [r4, #56]
 2190 01ce 0233     		adds	r3, r3, #2
 2191 01d0 A363     		str	r3, [r4, #56]
1453:Drivers/STM32L4xx_HAL_Driver/Src/stm32l4xx_hal_spi.c ****         }
 2192              		.loc 1 1453 11 is_stmt 1 view .LVU728
1453:Drivers/STM32L4xx_HAL_Driver/Src/stm32l4xx_hal_spi.c ****         }
 2193              		.loc 1 1453 29 is_stmt 0 view .LVU729
 2194 01d2 E38F     		ldrh	r3, [r4, #62]
 2195 01d4 9BB2     		uxth	r3, r3
 2196 01d6 023B     		subs	r3, r3, #2
 2197 01d8 9BB2     		uxth	r3, r3
 2198 01da E387     		strh	r3, [r4, #62]	@ movhi
1462:Drivers/STM32L4xx_HAL_Driver/Src/stm32l4xx_hal_spi.c **** 
ARM GAS  /tmp/ccl8yU0j.s 			page 127


 2199              		.loc 1 1462 19 view .LVU730
 2200 01dc 0027     		movs	r7, #0
 2201              	.LVL102:
1462:Drivers/STM32L4xx_HAL_Driver/Src/stm32l4xx_hal_spi.c **** 
 2202              		.loc 1 1462 19 view .LVU731
 2203 01de 3DE0     		b	.L153
 2204              	.LVL103:
 2205              	.L154:
1457:Drivers/STM32L4xx_HAL_Driver/Src/stm32l4xx_hal_spi.c ****           hspi->pTxBuffPtr++;
 2206              		.loc 1 1457 11 is_stmt 1 view .LVU732
1457:Drivers/STM32L4xx_HAL_Driver/Src/stm32l4xx_hal_spi.c ****           hspi->pTxBuffPtr++;
 2207              		.loc 1 1457 73 is_stmt 0 view .LVU733
 2208 01e0 A26B     		ldr	r2, [r4, #56]
1457:Drivers/STM32L4xx_HAL_Driver/Src/stm32l4xx_hal_spi.c ****           hspi->pTxBuffPtr++;
 2209              		.loc 1 1457 50 view .LVU734
 2210 01e2 1278     		ldrb	r2, [r2]	@ zero_extendqisi2
1457:Drivers/STM32L4xx_HAL_Driver/Src/stm32l4xx_hal_spi.c ****           hspi->pTxBuffPtr++;
 2211              		.loc 1 1457 48 view .LVU735
 2212 01e4 1A73     		strb	r2, [r3, #12]
1458:Drivers/STM32L4xx_HAL_Driver/Src/stm32l4xx_hal_spi.c ****           hspi->TxXferCount--;
 2213              		.loc 1 1458 11 is_stmt 1 view .LVU736
1458:Drivers/STM32L4xx_HAL_Driver/Src/stm32l4xx_hal_spi.c ****           hspi->TxXferCount--;
 2214              		.loc 1 1458 15 is_stmt 0 view .LVU737
 2215 01e6 A36B     		ldr	r3, [r4, #56]
1458:Drivers/STM32L4xx_HAL_Driver/Src/stm32l4xx_hal_spi.c ****           hspi->TxXferCount--;
 2216              		.loc 1 1458 27 view .LVU738
 2217 01e8 0133     		adds	r3, r3, #1
 2218 01ea A363     		str	r3, [r4, #56]
1459:Drivers/STM32L4xx_HAL_Driver/Src/stm32l4xx_hal_spi.c ****         }
 2219              		.loc 1 1459 11 is_stmt 1 view .LVU739
1459:Drivers/STM32L4xx_HAL_Driver/Src/stm32l4xx_hal_spi.c ****         }
 2220              		.loc 1 1459 15 is_stmt 0 view .LVU740
 2221 01ec E38F     		ldrh	r3, [r4, #62]
 2222 01ee 9BB2     		uxth	r3, r3
1459:Drivers/STM32L4xx_HAL_Driver/Src/stm32l4xx_hal_spi.c ****         }
 2223              		.loc 1 1459 28 view .LVU741
 2224 01f0 013B     		subs	r3, r3, #1
 2225 01f2 9BB2     		uxth	r3, r3
 2226 01f4 E387     		strh	r3, [r4, #62]	@ movhi
1462:Drivers/STM32L4xx_HAL_Driver/Src/stm32l4xx_hal_spi.c **** 
 2227              		.loc 1 1462 19 view .LVU742
 2228 01f6 0027     		movs	r7, #0
 2229              	.LVL104:
1462:Drivers/STM32L4xx_HAL_Driver/Src/stm32l4xx_hal_spi.c **** 
 2230              		.loc 1 1462 19 view .LVU743
 2231 01f8 30E0     		b	.L153
 2232              	.LVL105:
 2233              	.L174:
1489:Drivers/STM32L4xx_HAL_Driver/Src/stm32l4xx_hal_spi.c ****           }
 2234              		.loc 1 1489 13 is_stmt 1 view .LVU744
 2235 01fa 2268     		ldr	r2, [r4]
 2236 01fc 5368     		ldr	r3, [r2, #4]
 2237 01fe 43F48053 		orr	r3, r3, #4096
 2238 0202 5360     		str	r3, [r2, #4]
1499:Drivers/STM32L4xx_HAL_Driver/Src/stm32l4xx_hal_spi.c ****       }
 2239              		.loc 1 1499 19 is_stmt 0 view .LVU745
 2240 0204 0127     		movs	r7, #1
ARM GAS  /tmp/ccl8yU0j.s 			page 128


 2241              	.LVL106:
1499:Drivers/STM32L4xx_HAL_Driver/Src/stm32l4xx_hal_spi.c ****       }
 2242              		.loc 1 1499 19 view .LVU746
 2243 0206 0DE0     		b	.L155
 2244              	.LVL107:
 2245              	.L156:
1494:Drivers/STM32L4xx_HAL_Driver/Src/stm32l4xx_hal_spi.c ****           hspi->pRxBuffPtr++;
 2246              		.loc 1 1494 11 is_stmt 1 view .LVU747
1494:Drivers/STM32L4xx_HAL_Driver/Src/stm32l4xx_hal_spi.c ****           hspi->pRxBuffPtr++;
 2247              		.loc 1 1494 28 is_stmt 0 view .LVU748
 2248 0208 226C     		ldr	r2, [r4, #64]
1494:Drivers/STM32L4xx_HAL_Driver/Src/stm32l4xx_hal_spi.c ****           hspi->pRxBuffPtr++;
 2249              		.loc 1 1494 44 view .LVU749
 2250 020a 1B7B     		ldrb	r3, [r3, #12]	@ zero_extendqisi2
1494:Drivers/STM32L4xx_HAL_Driver/Src/stm32l4xx_hal_spi.c ****           hspi->pRxBuffPtr++;
 2251              		.loc 1 1494 42 view .LVU750
 2252 020c 1370     		strb	r3, [r2]
1495:Drivers/STM32L4xx_HAL_Driver/Src/stm32l4xx_hal_spi.c ****           hspi->RxXferCount--;
 2253              		.loc 1 1495 11 is_stmt 1 view .LVU751
1495:Drivers/STM32L4xx_HAL_Driver/Src/stm32l4xx_hal_spi.c ****           hspi->RxXferCount--;
 2254              		.loc 1 1495 15 is_stmt 0 view .LVU752
 2255 020e 236C     		ldr	r3, [r4, #64]
1495:Drivers/STM32L4xx_HAL_Driver/Src/stm32l4xx_hal_spi.c ****           hspi->RxXferCount--;
 2256              		.loc 1 1495 27 view .LVU753
 2257 0210 0133     		adds	r3, r3, #1
 2258 0212 2364     		str	r3, [r4, #64]
1496:Drivers/STM32L4xx_HAL_Driver/Src/stm32l4xx_hal_spi.c ****         }
 2259              		.loc 1 1496 11 is_stmt 1 view .LVU754
1496:Drivers/STM32L4xx_HAL_Driver/Src/stm32l4xx_hal_spi.c ****         }
 2260              		.loc 1 1496 15 is_stmt 0 view .LVU755
 2261 0214 B4F84630 		ldrh	r3, [r4, #70]
 2262 0218 9BB2     		uxth	r3, r3
1496:Drivers/STM32L4xx_HAL_Driver/Src/stm32l4xx_hal_spi.c ****         }
 2263              		.loc 1 1496 28 view .LVU756
 2264 021a 013B     		subs	r3, r3, #1
 2265 021c 9BB2     		uxth	r3, r3
 2266 021e A4F84630 		strh	r3, [r4, #70]	@ movhi
1499:Drivers/STM32L4xx_HAL_Driver/Src/stm32l4xx_hal_spi.c ****       }
 2267              		.loc 1 1499 19 view .LVU757
 2268 0222 0127     		movs	r7, #1
 2269              	.LVL108:
 2270              	.L155:
1501:Drivers/STM32L4xx_HAL_Driver/Src/stm32l4xx_hal_spi.c ****       {
 2271              		.loc 1 1501 7 is_stmt 1 view .LVU758
1501:Drivers/STM32L4xx_HAL_Driver/Src/stm32l4xx_hal_spi.c ****       {
 2272              		.loc 1 1501 14 is_stmt 0 view .LVU759
 2273 0224 FFF7FEFF 		bl	HAL_GetTick
 2274              	.LVL109:
1501:Drivers/STM32L4xx_HAL_Driver/Src/stm32l4xx_hal_spi.c ****       {
 2275              		.loc 1 1501 28 view .LVU760
 2276 0228 801B     		subs	r0, r0, r6
1501:Drivers/STM32L4xx_HAL_Driver/Src/stm32l4xx_hal_spi.c ****       {
 2277              		.loc 1 1501 10 view .LVU761
 2278 022a A842     		cmp	r0, r5
 2279 022c 02D3     		bcc	.L157
1501:Drivers/STM32L4xx_HAL_Driver/Src/stm32l4xx_hal_spi.c ****       {
 2280              		.loc 1 1501 54 discriminator 1 view .LVU762
ARM GAS  /tmp/ccl8yU0j.s 			page 129


 2281 022e B5F1FF3F 		cmp	r5, #-1
 2282 0232 36D1     		bne	.L158
 2283              	.L157:
1501:Drivers/STM32L4xx_HAL_Driver/Src/stm32l4xx_hal_spi.c ****       {
 2284              		.loc 1 1501 87 discriminator 3 view .LVU763
 2285 0234 002D     		cmp	r5, #0
 2286 0236 34D0     		beq	.L158
 2287              	.LVL110:
 2288              	.L159:
1444:Drivers/STM32L4xx_HAL_Driver/Src/stm32l4xx_hal_spi.c ****     {
 2289              		.loc 1 1444 11 is_stmt 1 view .LVU764
1444:Drivers/STM32L4xx_HAL_Driver/Src/stm32l4xx_hal_spi.c ****     {
 2290              		.loc 1 1444 17 is_stmt 0 view .LVU765
 2291 0238 E38F     		ldrh	r3, [r4, #62]
 2292 023a 9BB2     		uxth	r3, r3
1444:Drivers/STM32L4xx_HAL_Driver/Src/stm32l4xx_hal_spi.c ****     {
 2293              		.loc 1 1444 11 view .LVU766
 2294 023c 23B9     		cbnz	r3, .L160
1444:Drivers/STM32L4xx_HAL_Driver/Src/stm32l4xx_hal_spi.c ****     {
 2295              		.loc 1 1444 45 discriminator 1 view .LVU767
 2296 023e B4F84630 		ldrh	r3, [r4, #70]
 2297 0242 9BB2     		uxth	r3, r3
1444:Drivers/STM32L4xx_HAL_Driver/Src/stm32l4xx_hal_spi.c ****     {
 2298              		.loc 1 1444 37 discriminator 1 view .LVU768
 2299 0244 002B     		cmp	r3, #0
 2300 0246 34D0     		beq	.L149
 2301              	.L160:
1447:Drivers/STM32L4xx_HAL_Driver/Src/stm32l4xx_hal_spi.c ****       {
 2302              		.loc 1 1447 7 is_stmt 1 view .LVU769
1447:Drivers/STM32L4xx_HAL_Driver/Src/stm32l4xx_hal_spi.c ****       {
 2303              		.loc 1 1447 12 is_stmt 0 view .LVU770
 2304 0248 2368     		ldr	r3, [r4]
 2305 024a 9A68     		ldr	r2, [r3, #8]
1447:Drivers/STM32L4xx_HAL_Driver/Src/stm32l4xx_hal_spi.c ****       {
 2306              		.loc 1 1447 10 view .LVU771
 2307 024c 12F0020F 		tst	r2, #2
 2308 0250 04D0     		beq	.L153
1447:Drivers/STM32L4xx_HAL_Driver/Src/stm32l4xx_hal_spi.c ****       {
 2309              		.loc 1 1447 60 discriminator 1 view .LVU772
 2310 0252 E28F     		ldrh	r2, [r4, #62]
 2311 0254 92B2     		uxth	r2, r2
1447:Drivers/STM32L4xx_HAL_Driver/Src/stm32l4xx_hal_spi.c ****       {
 2312              		.loc 1 1447 52 discriminator 1 view .LVU773
 2313 0256 0AB1     		cbz	r2, .L153
1447:Drivers/STM32L4xx_HAL_Driver/Src/stm32l4xx_hal_spi.c ****       {
 2314              		.loc 1 1447 80 discriminator 2 view .LVU774
 2315 0258 002F     		cmp	r7, #0
 2316 025a B0D1     		bne	.L173
 2317              	.LVL111:
 2318              	.L153:
1479:Drivers/STM32L4xx_HAL_Driver/Src/stm32l4xx_hal_spi.c ****       {
 2319              		.loc 1 1479 7 is_stmt 1 view .LVU775
1479:Drivers/STM32L4xx_HAL_Driver/Src/stm32l4xx_hal_spi.c ****       {
 2320              		.loc 1 1479 12 is_stmt 0 view .LVU776
 2321 025c 2368     		ldr	r3, [r4]
 2322 025e 9A68     		ldr	r2, [r3, #8]
1479:Drivers/STM32L4xx_HAL_Driver/Src/stm32l4xx_hal_spi.c ****       {
ARM GAS  /tmp/ccl8yU0j.s 			page 130


 2323              		.loc 1 1479 10 view .LVU777
 2324 0260 12F0010F 		tst	r2, #1
 2325 0264 DED0     		beq	.L155
1479:Drivers/STM32L4xx_HAL_Driver/Src/stm32l4xx_hal_spi.c ****       {
 2326              		.loc 1 1479 61 discriminator 1 view .LVU778
 2327 0266 B4F84620 		ldrh	r2, [r4, #70]
 2328 026a 92B2     		uxth	r2, r2
1479:Drivers/STM32L4xx_HAL_Driver/Src/stm32l4xx_hal_spi.c ****       {
 2329              		.loc 1 1479 53 discriminator 1 view .LVU779
 2330 026c 002A     		cmp	r2, #0
 2331 026e D9D0     		beq	.L155
1481:Drivers/STM32L4xx_HAL_Driver/Src/stm32l4xx_hal_spi.c ****         {
 2332              		.loc 1 1481 9 is_stmt 1 view .LVU780
1481:Drivers/STM32L4xx_HAL_Driver/Src/stm32l4xx_hal_spi.c ****         {
 2333              		.loc 1 1481 17 is_stmt 0 view .LVU781
 2334 0270 B4F84620 		ldrh	r2, [r4, #70]
 2335 0274 92B2     		uxth	r2, r2
1481:Drivers/STM32L4xx_HAL_Driver/Src/stm32l4xx_hal_spi.c ****         {
 2336              		.loc 1 1481 12 view .LVU782
 2337 0276 012A     		cmp	r2, #1
 2338 0278 C6D9     		bls	.L156
1483:Drivers/STM32L4xx_HAL_Driver/Src/stm32l4xx_hal_spi.c ****           hspi->pRxBuffPtr += sizeof(uint16_t);
 2339              		.loc 1 1483 11 is_stmt 1 view .LVU783
1483:Drivers/STM32L4xx_HAL_Driver/Src/stm32l4xx_hal_spi.c ****           hspi->pRxBuffPtr += sizeof(uint16_t);
 2340              		.loc 1 1483 69 is_stmt 0 view .LVU784
 2341 027a DA68     		ldr	r2, [r3, #12]
1483:Drivers/STM32L4xx_HAL_Driver/Src/stm32l4xx_hal_spi.c ****           hspi->pRxBuffPtr += sizeof(uint16_t);
 2342              		.loc 1 1483 29 view .LVU785
 2343 027c 236C     		ldr	r3, [r4, #64]
1483:Drivers/STM32L4xx_HAL_Driver/Src/stm32l4xx_hal_spi.c ****           hspi->pRxBuffPtr += sizeof(uint16_t);
 2344              		.loc 1 1483 43 view .LVU786
 2345 027e 1A80     		strh	r2, [r3]	@ movhi
1484:Drivers/STM32L4xx_HAL_Driver/Src/stm32l4xx_hal_spi.c ****           hspi->RxXferCount -= 2U;
 2346              		.loc 1 1484 11 is_stmt 1 view .LVU787
1484:Drivers/STM32L4xx_HAL_Driver/Src/stm32l4xx_hal_spi.c ****           hspi->RxXferCount -= 2U;
 2347              		.loc 1 1484 28 is_stmt 0 view .LVU788
 2348 0280 236C     		ldr	r3, [r4, #64]
 2349 0282 0233     		adds	r3, r3, #2
 2350 0284 2364     		str	r3, [r4, #64]
1485:Drivers/STM32L4xx_HAL_Driver/Src/stm32l4xx_hal_spi.c ****           if (hspi->RxXferCount <= 1U)
 2351              		.loc 1 1485 11 is_stmt 1 view .LVU789
1485:Drivers/STM32L4xx_HAL_Driver/Src/stm32l4xx_hal_spi.c ****           if (hspi->RxXferCount <= 1U)
 2352              		.loc 1 1485 29 is_stmt 0 view .LVU790
 2353 0286 B4F84630 		ldrh	r3, [r4, #70]
 2354 028a 9BB2     		uxth	r3, r3
 2355 028c 023B     		subs	r3, r3, #2
 2356 028e 9BB2     		uxth	r3, r3
 2357 0290 A4F84630 		strh	r3, [r4, #70]	@ movhi
1486:Drivers/STM32L4xx_HAL_Driver/Src/stm32l4xx_hal_spi.c ****           {
 2358              		.loc 1 1486 11 is_stmt 1 view .LVU791
1486:Drivers/STM32L4xx_HAL_Driver/Src/stm32l4xx_hal_spi.c ****           {
 2359              		.loc 1 1486 19 is_stmt 0 view .LVU792
 2360 0294 B4F84630 		ldrh	r3, [r4, #70]
 2361 0298 9BB2     		uxth	r3, r3
1486:Drivers/STM32L4xx_HAL_Driver/Src/stm32l4xx_hal_spi.c ****           {
 2362              		.loc 1 1486 14 view .LVU793
 2363 029a 012B     		cmp	r3, #1
ARM GAS  /tmp/ccl8yU0j.s 			page 131


 2364 029c ADD9     		bls	.L174
1499:Drivers/STM32L4xx_HAL_Driver/Src/stm32l4xx_hal_spi.c ****       }
 2365              		.loc 1 1499 19 view .LVU794
 2366 029e 0127     		movs	r7, #1
 2367              	.LVL112:
1499:Drivers/STM32L4xx_HAL_Driver/Src/stm32l4xx_hal_spi.c ****       }
 2368              		.loc 1 1499 19 view .LVU795
 2369 02a0 C0E7     		b	.L155
 2370              	.LVL113:
 2371              	.L158:
1503:Drivers/STM32L4xx_HAL_Driver/Src/stm32l4xx_hal_spi.c ****         __HAL_UNLOCK(hspi);
 2372              		.loc 1 1503 9 is_stmt 1 view .LVU796
1503:Drivers/STM32L4xx_HAL_Driver/Src/stm32l4xx_hal_spi.c ****         __HAL_UNLOCK(hspi);
 2373              		.loc 1 1503 21 is_stmt 0 view .LVU797
 2374 02a2 0123     		movs	r3, #1
 2375 02a4 84F85D30 		strb	r3, [r4, #93]
1504:Drivers/STM32L4xx_HAL_Driver/Src/stm32l4xx_hal_spi.c ****         return HAL_TIMEOUT;
 2376              		.loc 1 1504 9 is_stmt 1 view .LVU798
1504:Drivers/STM32L4xx_HAL_Driver/Src/stm32l4xx_hal_spi.c ****         return HAL_TIMEOUT;
 2377              		.loc 1 1504 9 view .LVU799
 2378 02a8 0023     		movs	r3, #0
 2379 02aa 84F85C30 		strb	r3, [r4, #92]
1504:Drivers/STM32L4xx_HAL_Driver/Src/stm32l4xx_hal_spi.c ****         return HAL_TIMEOUT;
 2380              		.loc 1 1504 9 view .LVU800
1505:Drivers/STM32L4xx_HAL_Driver/Src/stm32l4xx_hal_spi.c ****       }
 2381              		.loc 1 1505 9 view .LVU801
1505:Drivers/STM32L4xx_HAL_Driver/Src/stm32l4xx_hal_spi.c ****       }
 2382              		.loc 1 1505 16 is_stmt 0 view .LVU802
 2383 02ae 0320     		movs	r0, #3
 2384 02b0 17E0     		b	.L136
 2385              	.L149:
1570:Drivers/STM32L4xx_HAL_Driver/Src/stm32l4xx_hal_spi.c ****   {
 2386              		.loc 1 1570 3 is_stmt 1 view .LVU803
1570:Drivers/STM32L4xx_HAL_Driver/Src/stm32l4xx_hal_spi.c ****   {
 2387              		.loc 1 1570 7 is_stmt 0 view .LVU804
 2388 02b2 3246     		mov	r2, r6
 2389 02b4 2946     		mov	r1, r5
 2390 02b6 2046     		mov	r0, r4
 2391 02b8 FFF7FEFF 		bl	SPI_EndRxTxTransaction
 2392              	.LVL114:
1570:Drivers/STM32L4xx_HAL_Driver/Src/stm32l4xx_hal_spi.c ****   {
 2393              		.loc 1 1570 6 view .LVU805
 2394 02bc 48B9     		cbnz	r0, .L175
1578:Drivers/STM32L4xx_HAL_Driver/Src/stm32l4xx_hal_spi.c ****   /* Unlock the process */
 2395              		.loc 1 1578 3 is_stmt 1 view .LVU806
1578:Drivers/STM32L4xx_HAL_Driver/Src/stm32l4xx_hal_spi.c ****   /* Unlock the process */
 2396              		.loc 1 1578 15 is_stmt 0 view .LVU807
 2397 02be 0123     		movs	r3, #1
 2398 02c0 84F85D30 		strb	r3, [r4, #93]
1580:Drivers/STM32L4xx_HAL_Driver/Src/stm32l4xx_hal_spi.c **** 
 2399              		.loc 1 1580 3 is_stmt 1 view .LVU808
1580:Drivers/STM32L4xx_HAL_Driver/Src/stm32l4xx_hal_spi.c **** 
 2400              		.loc 1 1580 3 view .LVU809
 2401 02c4 0023     		movs	r3, #0
 2402 02c6 84F85C30 		strb	r3, [r4, #92]
1580:Drivers/STM32L4xx_HAL_Driver/Src/stm32l4xx_hal_spi.c **** 
 2403              		.loc 1 1580 3 view .LVU810
ARM GAS  /tmp/ccl8yU0j.s 			page 132


1582:Drivers/STM32L4xx_HAL_Driver/Src/stm32l4xx_hal_spi.c ****   {
 2404              		.loc 1 1582 3 view .LVU811
1582:Drivers/STM32L4xx_HAL_Driver/Src/stm32l4xx_hal_spi.c ****   {
 2405              		.loc 1 1582 11 is_stmt 0 view .LVU812
 2406 02ca 236E     		ldr	r3, [r4, #96]
1582:Drivers/STM32L4xx_HAL_Driver/Src/stm32l4xx_hal_spi.c ****   {
 2407              		.loc 1 1582 6 view .LVU813
 2408 02cc 4BB1     		cbz	r3, .L136
1584:Drivers/STM32L4xx_HAL_Driver/Src/stm32l4xx_hal_spi.c ****   }
 2409              		.loc 1 1584 12 view .LVU814
 2410 02ce 0120     		movs	r0, #1
 2411 02d0 07E0     		b	.L136
 2412              	.L175:
1572:Drivers/STM32L4xx_HAL_Driver/Src/stm32l4xx_hal_spi.c ****     __HAL_UNLOCK(hspi);
 2413              		.loc 1 1572 5 is_stmt 1 view .LVU815
1572:Drivers/STM32L4xx_HAL_Driver/Src/stm32l4xx_hal_spi.c ****     __HAL_UNLOCK(hspi);
 2414              		.loc 1 1572 21 is_stmt 0 view .LVU816
 2415 02d2 2023     		movs	r3, #32
 2416 02d4 2366     		str	r3, [r4, #96]
1573:Drivers/STM32L4xx_HAL_Driver/Src/stm32l4xx_hal_spi.c ****     return HAL_ERROR;
 2417              		.loc 1 1573 5 is_stmt 1 view .LVU817
1573:Drivers/STM32L4xx_HAL_Driver/Src/stm32l4xx_hal_spi.c ****     return HAL_ERROR;
 2418              		.loc 1 1573 5 view .LVU818
 2419 02d6 0023     		movs	r3, #0
 2420 02d8 84F85C30 		strb	r3, [r4, #92]
1573:Drivers/STM32L4xx_HAL_Driver/Src/stm32l4xx_hal_spi.c ****     return HAL_ERROR;
 2421              		.loc 1 1573 5 view .LVU819
1574:Drivers/STM32L4xx_HAL_Driver/Src/stm32l4xx_hal_spi.c ****   }
 2422              		.loc 1 1574 5 view .LVU820
1574:Drivers/STM32L4xx_HAL_Driver/Src/stm32l4xx_hal_spi.c ****   }
 2423              		.loc 1 1574 12 is_stmt 0 view .LVU821
 2424 02dc 0120     		movs	r0, #1
 2425 02de 00E0     		b	.L136
 2426              	.LVL115:
 2427              	.L162:
1291:Drivers/STM32L4xx_HAL_Driver/Src/stm32l4xx_hal_spi.c ****   }
 2428              		.loc 1 1291 12 view .LVU822
 2429 02e0 0220     		movs	r0, #2
 2430              	.LVL116:
 2431              	.L136:
1590:Drivers/STM32L4xx_HAL_Driver/Src/stm32l4xx_hal_spi.c **** 
 2432              		.loc 1 1590 1 view .LVU823
 2433 02e2 BDE8F883 		pop	{r3, r4, r5, r6, r7, r8, r9, pc}
 2434              	.LVL117:
 2435              	.L163:
1291:Drivers/STM32L4xx_HAL_Driver/Src/stm32l4xx_hal_spi.c ****   }
 2436              		.loc 1 1291 12 view .LVU824
 2437 02e6 0220     		movs	r0, #2
 2438              	.LVL118:
1291:Drivers/STM32L4xx_HAL_Driver/Src/stm32l4xx_hal_spi.c ****   }
 2439              		.loc 1 1291 12 view .LVU825
 2440 02e8 FBE7     		b	.L136
 2441              	.LVL119:
 2442              	.L164:
1291:Drivers/STM32L4xx_HAL_Driver/Src/stm32l4xx_hal_spi.c ****   }
 2443              		.loc 1 1291 12 view .LVU826
 2444 02ea 0220     		movs	r0, #2
ARM GAS  /tmp/ccl8yU0j.s 			page 133


 2445              	.LVL120:
1291:Drivers/STM32L4xx_HAL_Driver/Src/stm32l4xx_hal_spi.c ****   }
 2446              		.loc 1 1291 12 view .LVU827
 2447 02ec F9E7     		b	.L136
 2448              	.LVL121:
 2449              	.L165:
1296:Drivers/STM32L4xx_HAL_Driver/Src/stm32l4xx_hal_spi.c ****   }
 2450              		.loc 1 1296 12 view .LVU828
 2451 02ee 0120     		movs	r0, #1
 2452              	.LVL122:
1296:Drivers/STM32L4xx_HAL_Driver/Src/stm32l4xx_hal_spi.c ****   }
 2453              		.loc 1 1296 12 view .LVU829
 2454 02f0 F7E7     		b	.L136
 2455              	.LVL123:
 2456              	.L166:
1296:Drivers/STM32L4xx_HAL_Driver/Src/stm32l4xx_hal_spi.c ****   }
 2457              		.loc 1 1296 12 view .LVU830
 2458 02f2 0120     		movs	r0, #1
 2459              	.LVL124:
1296:Drivers/STM32L4xx_HAL_Driver/Src/stm32l4xx_hal_spi.c ****   }
 2460              		.loc 1 1296 12 view .LVU831
 2461 02f4 F5E7     		b	.L136
 2462              	.LVL125:
 2463              	.L167:
1296:Drivers/STM32L4xx_HAL_Driver/Src/stm32l4xx_hal_spi.c ****   }
 2464              		.loc 1 1296 12 view .LVU832
 2465 02f6 0120     		movs	r0, #1
 2466              	.LVL126:
1296:Drivers/STM32L4xx_HAL_Driver/Src/stm32l4xx_hal_spi.c ****   }
 2467              		.loc 1 1296 12 view .LVU833
 2468 02f8 F3E7     		b	.L136
 2469              	.LVL127:
 2470              	.L168:
1300:Drivers/STM32L4xx_HAL_Driver/Src/stm32l4xx_hal_spi.c **** 
 2471              		.loc 1 1300 3 view .LVU834
 2472 02fa 0220     		movs	r0, #2
 2473              	.LVL128:
1300:Drivers/STM32L4xx_HAL_Driver/Src/stm32l4xx_hal_spi.c **** 
 2474              		.loc 1 1300 3 view .LVU835
 2475 02fc F1E7     		b	.L136
 2476              		.cfi_endproc
 2477              	.LFE294:
 2479              		.section	.text.HAL_SPI_Receive,"ax",%progbits
 2480              		.align	1
 2481              		.global	HAL_SPI_Receive
 2482              		.syntax unified
 2483              		.thumb
 2484              		.thumb_func
 2486              	HAL_SPI_Receive:
 2487              	.LVL129:
 2488              	.LFB293:
1010:Drivers/STM32L4xx_HAL_Driver/Src/stm32l4xx_hal_spi.c **** #if (USE_SPI_CRC != 0U)
 2489              		.loc 1 1010 1 is_stmt 1 view -0
 2490              		.cfi_startproc
 2491              		@ args = 0, pretend = 0, frame = 0
 2492              		@ frame_needed = 0, uses_anonymous_args = 0
1010:Drivers/STM32L4xx_HAL_Driver/Src/stm32l4xx_hal_spi.c **** #if (USE_SPI_CRC != 0U)
ARM GAS  /tmp/ccl8yU0j.s 			page 134


 2493              		.loc 1 1010 1 is_stmt 0 view .LVU837
 2494 0000 2DE9F043 		push	{r4, r5, r6, r7, r8, r9, lr}
 2495              	.LCFI29:
 2496              		.cfi_def_cfa_offset 28
 2497              		.cfi_offset 4, -28
 2498              		.cfi_offset 5, -24
 2499              		.cfi_offset 6, -20
 2500              		.cfi_offset 7, -16
 2501              		.cfi_offset 8, -12
 2502              		.cfi_offset 9, -8
 2503              		.cfi_offset 14, -4
 2504 0004 83B0     		sub	sp, sp, #12
 2505              	.LCFI30:
 2506              		.cfi_def_cfa_offset 40
1016:Drivers/STM32L4xx_HAL_Driver/Src/stm32l4xx_hal_spi.c **** 
 2507              		.loc 1 1016 3 is_stmt 1 view .LVU838
1018:Drivers/STM32L4xx_HAL_Driver/Src/stm32l4xx_hal_spi.c ****   {
 2508              		.loc 1 1018 3 view .LVU839
1018:Drivers/STM32L4xx_HAL_Driver/Src/stm32l4xx_hal_spi.c ****   {
 2509              		.loc 1 1018 11 is_stmt 0 view .LVU840
 2510 0006 90F85D60 		ldrb	r6, [r0, #93]	@ zero_extendqisi2
 2511 000a F6B2     		uxtb	r6, r6
1018:Drivers/STM32L4xx_HAL_Driver/Src/stm32l4xx_hal_spi.c ****   {
 2512              		.loc 1 1018 6 view .LVU841
 2513 000c 012E     		cmp	r6, #1
 2514 000e 40F0CA80 		bne	.L197
 2515 0012 0446     		mov	r4, r0
 2516 0014 8946     		mov	r9, r1
 2517 0016 9046     		mov	r8, r2
 2518 0018 1D46     		mov	r5, r3
1023:Drivers/STM32L4xx_HAL_Driver/Src/stm32l4xx_hal_spi.c ****   {
 2519              		.loc 1 1023 3 is_stmt 1 view .LVU842
1023:Drivers/STM32L4xx_HAL_Driver/Src/stm32l4xx_hal_spi.c ****   {
 2520              		.loc 1 1023 18 is_stmt 0 view .LVU843
 2521 001a 4368     		ldr	r3, [r0, #4]
 2522              	.LVL130:
1023:Drivers/STM32L4xx_HAL_Driver/Src/stm32l4xx_hal_spi.c ****   {
 2523              		.loc 1 1023 6 view .LVU844
 2524 001c B3F5827F 		cmp	r3, #260
 2525 0020 02D1     		bne	.L178
1023:Drivers/STM32L4xx_HAL_Driver/Src/stm32l4xx_hal_spi.c ****   {
 2526              		.loc 1 1023 58 discriminator 1 view .LVU845
 2527 0022 8368     		ldr	r3, [r0, #8]
1023:Drivers/STM32L4xx_HAL_Driver/Src/stm32l4xx_hal_spi.c ****   {
 2528              		.loc 1 1023 44 discriminator 1 view .LVU846
 2529 0024 002B     		cmp	r3, #0
 2530 0026 3DD0     		beq	.L201
 2531              	.L178:
1031:Drivers/STM32L4xx_HAL_Driver/Src/stm32l4xx_hal_spi.c **** 
 2532              		.loc 1 1031 3 is_stmt 1 view .LVU847
1031:Drivers/STM32L4xx_HAL_Driver/Src/stm32l4xx_hal_spi.c **** 
 2533              		.loc 1 1031 15 is_stmt 0 view .LVU848
 2534 0028 FFF7FEFF 		bl	HAL_GetTick
 2535              	.LVL131:
1031:Drivers/STM32L4xx_HAL_Driver/Src/stm32l4xx_hal_spi.c **** 
 2536              		.loc 1 1031 15 view .LVU849
 2537 002c 0746     		mov	r7, r0
ARM GAS  /tmp/ccl8yU0j.s 			page 135


 2538              	.LVL132:
1033:Drivers/STM32L4xx_HAL_Driver/Src/stm32l4xx_hal_spi.c ****   {
 2539              		.loc 1 1033 3 is_stmt 1 view .LVU850
1033:Drivers/STM32L4xx_HAL_Driver/Src/stm32l4xx_hal_spi.c ****   {
 2540              		.loc 1 1033 6 is_stmt 0 view .LVU851
 2541 002e B9F1000F 		cmp	r9, #0
 2542 0032 00F0B980 		beq	.L177
1033:Drivers/STM32L4xx_HAL_Driver/Src/stm32l4xx_hal_spi.c ****   {
 2543              		.loc 1 1033 23 discriminator 1 view .LVU852
 2544 0036 B8F1000F 		cmp	r8, #0
 2545 003a 00F0B580 		beq	.L177
1039:Drivers/STM32L4xx_HAL_Driver/Src/stm32l4xx_hal_spi.c **** 
 2546              		.loc 1 1039 3 is_stmt 1 view .LVU853
1039:Drivers/STM32L4xx_HAL_Driver/Src/stm32l4xx_hal_spi.c **** 
 2547              		.loc 1 1039 3 view .LVU854
 2548 003e 94F85C30 		ldrb	r3, [r4, #92]	@ zero_extendqisi2
 2549 0042 012B     		cmp	r3, #1
 2550 0044 00F0B480 		beq	.L198
1039:Drivers/STM32L4xx_HAL_Driver/Src/stm32l4xx_hal_spi.c **** 
 2551              		.loc 1 1039 3 discriminator 2 view .LVU855
 2552 0048 0123     		movs	r3, #1
 2553 004a 84F85C30 		strb	r3, [r4, #92]
1039:Drivers/STM32L4xx_HAL_Driver/Src/stm32l4xx_hal_spi.c **** 
 2554              		.loc 1 1039 3 discriminator 2 view .LVU856
1042:Drivers/STM32L4xx_HAL_Driver/Src/stm32l4xx_hal_spi.c ****   hspi->ErrorCode   = HAL_SPI_ERROR_NONE;
 2555              		.loc 1 1042 3 discriminator 2 view .LVU857
1042:Drivers/STM32L4xx_HAL_Driver/Src/stm32l4xx_hal_spi.c ****   hspi->ErrorCode   = HAL_SPI_ERROR_NONE;
 2556              		.loc 1 1042 21 is_stmt 0 discriminator 2 view .LVU858
 2557 004e 0423     		movs	r3, #4
 2558 0050 84F85D30 		strb	r3, [r4, #93]
1043:Drivers/STM32L4xx_HAL_Driver/Src/stm32l4xx_hal_spi.c ****   hspi->pRxBuffPtr  = (uint8_t *)pData;
 2559              		.loc 1 1043 3 is_stmt 1 discriminator 2 view .LVU859
1043:Drivers/STM32L4xx_HAL_Driver/Src/stm32l4xx_hal_spi.c ****   hspi->pRxBuffPtr  = (uint8_t *)pData;
 2560              		.loc 1 1043 21 is_stmt 0 discriminator 2 view .LVU860
 2561 0054 0023     		movs	r3, #0
 2562 0056 2366     		str	r3, [r4, #96]
1044:Drivers/STM32L4xx_HAL_Driver/Src/stm32l4xx_hal_spi.c ****   hspi->RxXferSize  = Size;
 2563              		.loc 1 1044 3 is_stmt 1 discriminator 2 view .LVU861
1044:Drivers/STM32L4xx_HAL_Driver/Src/stm32l4xx_hal_spi.c ****   hspi->RxXferSize  = Size;
 2564              		.loc 1 1044 21 is_stmt 0 discriminator 2 view .LVU862
 2565 0058 C4F84090 		str	r9, [r4, #64]
1045:Drivers/STM32L4xx_HAL_Driver/Src/stm32l4xx_hal_spi.c ****   hspi->RxXferCount = Size;
 2566              		.loc 1 1045 3 is_stmt 1 discriminator 2 view .LVU863
1045:Drivers/STM32L4xx_HAL_Driver/Src/stm32l4xx_hal_spi.c ****   hspi->RxXferCount = Size;
 2567              		.loc 1 1045 21 is_stmt 0 discriminator 2 view .LVU864
 2568 005c A4F84480 		strh	r8, [r4, #68]	@ movhi
1046:Drivers/STM32L4xx_HAL_Driver/Src/stm32l4xx_hal_spi.c **** 
 2569              		.loc 1 1046 3 is_stmt 1 discriminator 2 view .LVU865
1046:Drivers/STM32L4xx_HAL_Driver/Src/stm32l4xx_hal_spi.c **** 
 2570              		.loc 1 1046 21 is_stmt 0 discriminator 2 view .LVU866
 2571 0060 A4F84680 		strh	r8, [r4, #70]	@ movhi
1049:Drivers/STM32L4xx_HAL_Driver/Src/stm32l4xx_hal_spi.c ****   hspi->TxXferSize  = 0U;
 2572              		.loc 1 1049 3 is_stmt 1 discriminator 2 view .LVU867
1049:Drivers/STM32L4xx_HAL_Driver/Src/stm32l4xx_hal_spi.c ****   hspi->TxXferSize  = 0U;
 2573              		.loc 1 1049 21 is_stmt 0 discriminator 2 view .LVU868
 2574 0064 A363     		str	r3, [r4, #56]
1050:Drivers/STM32L4xx_HAL_Driver/Src/stm32l4xx_hal_spi.c ****   hspi->TxXferCount = 0U;
ARM GAS  /tmp/ccl8yU0j.s 			page 136


 2575              		.loc 1 1050 3 is_stmt 1 discriminator 2 view .LVU869
1050:Drivers/STM32L4xx_HAL_Driver/Src/stm32l4xx_hal_spi.c ****   hspi->TxXferCount = 0U;
 2576              		.loc 1 1050 21 is_stmt 0 discriminator 2 view .LVU870
 2577 0066 A387     		strh	r3, [r4, #60]	@ movhi
1051:Drivers/STM32L4xx_HAL_Driver/Src/stm32l4xx_hal_spi.c ****   hspi->RxISR       = NULL;
 2578              		.loc 1 1051 3 is_stmt 1 discriminator 2 view .LVU871
1051:Drivers/STM32L4xx_HAL_Driver/Src/stm32l4xx_hal_spi.c ****   hspi->RxISR       = NULL;
 2579              		.loc 1 1051 21 is_stmt 0 discriminator 2 view .LVU872
 2580 0068 E387     		strh	r3, [r4, #62]	@ movhi
1052:Drivers/STM32L4xx_HAL_Driver/Src/stm32l4xx_hal_spi.c ****   hspi->TxISR       = NULL;
 2581              		.loc 1 1052 3 is_stmt 1 discriminator 2 view .LVU873
1052:Drivers/STM32L4xx_HAL_Driver/Src/stm32l4xx_hal_spi.c ****   hspi->TxISR       = NULL;
 2582              		.loc 1 1052 21 is_stmt 0 discriminator 2 view .LVU874
 2583 006a E364     		str	r3, [r4, #76]
1053:Drivers/STM32L4xx_HAL_Driver/Src/stm32l4xx_hal_spi.c **** 
 2584              		.loc 1 1053 3 is_stmt 1 discriminator 2 view .LVU875
1053:Drivers/STM32L4xx_HAL_Driver/Src/stm32l4xx_hal_spi.c **** 
 2585              		.loc 1 1053 21 is_stmt 0 discriminator 2 view .LVU876
 2586 006c 2365     		str	r3, [r4, #80]
1066:Drivers/STM32L4xx_HAL_Driver/Src/stm32l4xx_hal_spi.c ****   {
 2587              		.loc 1 1066 3 is_stmt 1 discriminator 2 view .LVU877
1066:Drivers/STM32L4xx_HAL_Driver/Src/stm32l4xx_hal_spi.c ****   {
 2588              		.loc 1 1066 17 is_stmt 0 discriminator 2 view .LVU878
 2589 006e E368     		ldr	r3, [r4, #12]
1066:Drivers/STM32L4xx_HAL_Driver/Src/stm32l4xx_hal_spi.c ****   {
 2590              		.loc 1 1066 6 discriminator 2 view .LVU879
 2591 0070 B3F5E06F 		cmp	r3, #1792
 2592 0074 20D9     		bls	.L179
1069:Drivers/STM32L4xx_HAL_Driver/Src/stm32l4xx_hal_spi.c ****   }
 2593              		.loc 1 1069 5 is_stmt 1 view .LVU880
 2594 0076 2268     		ldr	r2, [r4]
 2595 0078 5368     		ldr	r3, [r2, #4]
 2596 007a 23F48053 		bic	r3, r3, #4096
 2597 007e 5360     		str	r3, [r2, #4]
 2598              	.L180:
1078:Drivers/STM32L4xx_HAL_Driver/Src/stm32l4xx_hal_spi.c ****   {
 2599              		.loc 1 1078 3 view .LVU881
1078:Drivers/STM32L4xx_HAL_Driver/Src/stm32l4xx_hal_spi.c ****   {
 2600              		.loc 1 1078 17 is_stmt 0 view .LVU882
 2601 0080 A368     		ldr	r3, [r4, #8]
1078:Drivers/STM32L4xx_HAL_Driver/Src/stm32l4xx_hal_spi.c ****   {
 2602              		.loc 1 1078 6 view .LVU883
 2603 0082 B3F5004F 		cmp	r3, #32768
 2604 0086 1DD0     		beq	.L202
 2605              	.L181:
1086:Drivers/STM32L4xx_HAL_Driver/Src/stm32l4xx_hal_spi.c ****   {
 2606              		.loc 1 1086 3 is_stmt 1 view .LVU884
1086:Drivers/STM32L4xx_HAL_Driver/Src/stm32l4xx_hal_spi.c ****   {
 2607              		.loc 1 1086 12 is_stmt 0 view .LVU885
 2608 0088 2368     		ldr	r3, [r4]
1086:Drivers/STM32L4xx_HAL_Driver/Src/stm32l4xx_hal_spi.c ****   {
 2609              		.loc 1 1086 22 view .LVU886
 2610 008a 1A68     		ldr	r2, [r3]
1086:Drivers/STM32L4xx_HAL_Driver/Src/stm32l4xx_hal_spi.c ****   {
 2611              		.loc 1 1086 6 view .LVU887
 2612 008c 12F0400F 		tst	r2, #64
 2613 0090 03D1     		bne	.L182
ARM GAS  /tmp/ccl8yU0j.s 			page 137


1089:Drivers/STM32L4xx_HAL_Driver/Src/stm32l4xx_hal_spi.c ****   }
 2614              		.loc 1 1089 5 is_stmt 1 view .LVU888
 2615 0092 1A68     		ldr	r2, [r3]
 2616 0094 42F04002 		orr	r2, r2, #64
 2617 0098 1A60     		str	r2, [r3]
 2618              	.L182:
1093:Drivers/STM32L4xx_HAL_Driver/Src/stm32l4xx_hal_spi.c ****   {
 2619              		.loc 1 1093 3 view .LVU889
1093:Drivers/STM32L4xx_HAL_Driver/Src/stm32l4xx_hal_spi.c ****   {
 2620              		.loc 1 1093 17 is_stmt 0 view .LVU890
 2621 009a E368     		ldr	r3, [r4, #12]
1093:Drivers/STM32L4xx_HAL_Driver/Src/stm32l4xx_hal_spi.c ****   {
 2622              		.loc 1 1093 6 view .LVU891
 2623 009c B3F5E06F 		cmp	r3, #1792
 2624 00a0 24D9     		bls	.L183
 2625 00a2 4CE0     		b	.L184
 2626              	.LVL133:
 2627              	.L201:
1025:Drivers/STM32L4xx_HAL_Driver/Src/stm32l4xx_hal_spi.c ****     /* Call transmit-receive function to send Dummy data on Tx line and generate clock on CLK line 
 2628              		.loc 1 1025 5 is_stmt 1 view .LVU892
1025:Drivers/STM32L4xx_HAL_Driver/Src/stm32l4xx_hal_spi.c ****     /* Call transmit-receive function to send Dummy data on Tx line and generate clock on CLK line 
 2629              		.loc 1 1025 17 is_stmt 0 view .LVU893
 2630 00a4 0423     		movs	r3, #4
 2631 00a6 80F85D30 		strb	r3, [r0, #93]
1027:Drivers/STM32L4xx_HAL_Driver/Src/stm32l4xx_hal_spi.c ****   }
 2632              		.loc 1 1027 5 is_stmt 1 view .LVU894
1027:Drivers/STM32L4xx_HAL_Driver/Src/stm32l4xx_hal_spi.c ****   }
 2633              		.loc 1 1027 12 is_stmt 0 view .LVU895
 2634 00aa 0095     		str	r5, [sp]
 2635 00ac 1346     		mov	r3, r2
 2636 00ae 0A46     		mov	r2, r1
 2637              	.LVL134:
1027:Drivers/STM32L4xx_HAL_Driver/Src/stm32l4xx_hal_spi.c ****   }
 2638              		.loc 1 1027 12 view .LVU896
 2639 00b0 FFF7FEFF 		bl	HAL_SPI_TransmitReceive
 2640              	.LVL135:
1027:Drivers/STM32L4xx_HAL_Driver/Src/stm32l4xx_hal_spi.c ****   }
 2641              		.loc 1 1027 12 view .LVU897
 2642 00b4 0646     		mov	r6, r0
 2643 00b6 77E0     		b	.L177
 2644              	.LVL136:
 2645              	.L179:
1074:Drivers/STM32L4xx_HAL_Driver/Src/stm32l4xx_hal_spi.c ****   }
 2646              		.loc 1 1074 5 is_stmt 1 view .LVU898
 2647 00b8 2268     		ldr	r2, [r4]
 2648 00ba 5368     		ldr	r3, [r2, #4]
 2649 00bc 43F48053 		orr	r3, r3, #4096
 2650 00c0 5360     		str	r3, [r2, #4]
 2651 00c2 DDE7     		b	.L180
 2652              	.L202:
1081:Drivers/STM32L4xx_HAL_Driver/Src/stm32l4xx_hal_spi.c ****     SPI_1LINE_RX(hspi);
 2653              		.loc 1 1081 5 view .LVU899
 2654 00c4 2268     		ldr	r2, [r4]
 2655 00c6 1368     		ldr	r3, [r2]
 2656 00c8 23F04003 		bic	r3, r3, #64
 2657 00cc 1360     		str	r3, [r2]
1082:Drivers/STM32L4xx_HAL_Driver/Src/stm32l4xx_hal_spi.c ****   }
ARM GAS  /tmp/ccl8yU0j.s 			page 138


 2658              		.loc 1 1082 5 view .LVU900
 2659 00ce 2268     		ldr	r2, [r4]
 2660 00d0 1368     		ldr	r3, [r2]
 2661 00d2 23F48043 		bic	r3, r3, #16384
 2662 00d6 1360     		str	r3, [r2]
 2663 00d8 D6E7     		b	.L181
 2664              	.LVL137:
 2665              	.L185:
1109:Drivers/STM32L4xx_HAL_Driver/Src/stm32l4xx_hal_spi.c ****         {
 2666              		.loc 1 1109 9 view .LVU901
1109:Drivers/STM32L4xx_HAL_Driver/Src/stm32l4xx_hal_spi.c ****         {
 2667              		.loc 1 1109 16 is_stmt 0 view .LVU902
 2668 00da FFF7FEFF 		bl	HAL_GetTick
 2669              	.LVL138:
1109:Drivers/STM32L4xx_HAL_Driver/Src/stm32l4xx_hal_spi.c ****         {
 2670              		.loc 1 1109 30 view .LVU903
 2671 00de C01B     		subs	r0, r0, r7
1109:Drivers/STM32L4xx_HAL_Driver/Src/stm32l4xx_hal_spi.c ****         {
 2672              		.loc 1 1109 12 view .LVU904
 2673 00e0 A842     		cmp	r0, r5
 2674 00e2 02D3     		bcc	.L187
1109:Drivers/STM32L4xx_HAL_Driver/Src/stm32l4xx_hal_spi.c ****         {
 2675              		.loc 1 1109 56 discriminator 1 view .LVU905
 2676 00e4 B5F1FF3F 		cmp	r5, #-1
 2677 00e8 18D1     		bne	.L188
 2678              	.L187:
1109:Drivers/STM32L4xx_HAL_Driver/Src/stm32l4xx_hal_spi.c ****         {
 2679              		.loc 1 1109 87 discriminator 3 view .LVU906
 2680 00ea BDB1     		cbz	r5, .L188
 2681              	.L183:
1096:Drivers/STM32L4xx_HAL_Driver/Src/stm32l4xx_hal_spi.c ****     {
 2682              		.loc 1 1096 11 is_stmt 1 view .LVU907
1096:Drivers/STM32L4xx_HAL_Driver/Src/stm32l4xx_hal_spi.c ****     {
 2683              		.loc 1 1096 16 is_stmt 0 view .LVU908
 2684 00ec B4F84630 		ldrh	r3, [r4, #70]
 2685 00f0 9BB2     		uxth	r3, r3
1096:Drivers/STM32L4xx_HAL_Driver/Src/stm32l4xx_hal_spi.c ****     {
 2686              		.loc 1 1096 11 view .LVU909
 2687 00f2 002B     		cmp	r3, #0
 2688 00f4 45D0     		beq	.L190
1099:Drivers/STM32L4xx_HAL_Driver/Src/stm32l4xx_hal_spi.c ****       {
 2689              		.loc 1 1099 7 is_stmt 1 view .LVU910
1099:Drivers/STM32L4xx_HAL_Driver/Src/stm32l4xx_hal_spi.c ****       {
 2690              		.loc 1 1099 11 is_stmt 0 view .LVU911
 2691 00f6 2368     		ldr	r3, [r4]
 2692 00f8 9A68     		ldr	r2, [r3, #8]
1099:Drivers/STM32L4xx_HAL_Driver/Src/stm32l4xx_hal_spi.c ****       {
 2693              		.loc 1 1099 10 view .LVU912
 2694 00fa 12F0010F 		tst	r2, #1
 2695 00fe ECD0     		beq	.L185
1102:Drivers/STM32L4xx_HAL_Driver/Src/stm32l4xx_hal_spi.c ****         hspi->pRxBuffPtr += sizeof(uint8_t);
 2696              		.loc 1 1102 9 is_stmt 1 view .LVU913
1102:Drivers/STM32L4xx_HAL_Driver/Src/stm32l4xx_hal_spi.c ****         hspi->pRxBuffPtr += sizeof(uint8_t);
 2697              		.loc 1 1102 27 is_stmt 0 view .LVU914
 2698 0100 226C     		ldr	r2, [r4, #64]
1102:Drivers/STM32L4xx_HAL_Driver/Src/stm32l4xx_hal_spi.c ****         hspi->pRxBuffPtr += sizeof(uint8_t);
 2699              		.loc 1 1102 43 view .LVU915
ARM GAS  /tmp/ccl8yU0j.s 			page 139


 2700 0102 1B7B     		ldrb	r3, [r3, #12]	@ zero_extendqisi2
1102:Drivers/STM32L4xx_HAL_Driver/Src/stm32l4xx_hal_spi.c ****         hspi->pRxBuffPtr += sizeof(uint8_t);
 2701              		.loc 1 1102 41 view .LVU916
 2702 0104 1370     		strb	r3, [r2]
1103:Drivers/STM32L4xx_HAL_Driver/Src/stm32l4xx_hal_spi.c ****         hspi->RxXferCount--;
 2703              		.loc 1 1103 9 is_stmt 1 view .LVU917
1103:Drivers/STM32L4xx_HAL_Driver/Src/stm32l4xx_hal_spi.c ****         hspi->RxXferCount--;
 2704              		.loc 1 1103 26 is_stmt 0 view .LVU918
 2705 0106 236C     		ldr	r3, [r4, #64]
 2706 0108 0133     		adds	r3, r3, #1
 2707 010a 2364     		str	r3, [r4, #64]
1104:Drivers/STM32L4xx_HAL_Driver/Src/stm32l4xx_hal_spi.c ****       }
 2708              		.loc 1 1104 9 is_stmt 1 view .LVU919
1104:Drivers/STM32L4xx_HAL_Driver/Src/stm32l4xx_hal_spi.c ****       }
 2709              		.loc 1 1104 13 is_stmt 0 view .LVU920
 2710 010c B4F84630 		ldrh	r3, [r4, #70]
 2711 0110 9BB2     		uxth	r3, r3
1104:Drivers/STM32L4xx_HAL_Driver/Src/stm32l4xx_hal_spi.c ****       }
 2712              		.loc 1 1104 26 view .LVU921
 2713 0112 013B     		subs	r3, r3, #1
 2714 0114 9BB2     		uxth	r3, r3
 2715 0116 A4F84630 		strh	r3, [r4, #70]	@ movhi
 2716 011a E7E7     		b	.L183
 2717              	.L188:
1111:Drivers/STM32L4xx_HAL_Driver/Src/stm32l4xx_hal_spi.c ****           __HAL_UNLOCK(hspi);
 2718              		.loc 1 1111 11 is_stmt 1 view .LVU922
1111:Drivers/STM32L4xx_HAL_Driver/Src/stm32l4xx_hal_spi.c ****           __HAL_UNLOCK(hspi);
 2719              		.loc 1 1111 23 is_stmt 0 view .LVU923
 2720 011c 0123     		movs	r3, #1
 2721 011e 84F85D30 		strb	r3, [r4, #93]
1112:Drivers/STM32L4xx_HAL_Driver/Src/stm32l4xx_hal_spi.c ****           return HAL_TIMEOUT;
 2722              		.loc 1 1112 11 is_stmt 1 view .LVU924
1112:Drivers/STM32L4xx_HAL_Driver/Src/stm32l4xx_hal_spi.c ****           return HAL_TIMEOUT;
 2723              		.loc 1 1112 11 view .LVU925
 2724 0122 0023     		movs	r3, #0
 2725 0124 84F85C30 		strb	r3, [r4, #92]
1112:Drivers/STM32L4xx_HAL_Driver/Src/stm32l4xx_hal_spi.c ****           return HAL_TIMEOUT;
 2726              		.loc 1 1112 11 view .LVU926
1113:Drivers/STM32L4xx_HAL_Driver/Src/stm32l4xx_hal_spi.c ****         }
 2727              		.loc 1 1113 11 view .LVU927
1113:Drivers/STM32L4xx_HAL_Driver/Src/stm32l4xx_hal_spi.c ****         }
 2728              		.loc 1 1113 18 is_stmt 0 view .LVU928
 2729 0128 0326     		movs	r6, #3
 2730 012a 3DE0     		b	.L177
 2731              	.L191:
1133:Drivers/STM32L4xx_HAL_Driver/Src/stm32l4xx_hal_spi.c ****         {
 2732              		.loc 1 1133 9 is_stmt 1 view .LVU929
1133:Drivers/STM32L4xx_HAL_Driver/Src/stm32l4xx_hal_spi.c ****         {
 2733              		.loc 1 1133 16 is_stmt 0 view .LVU930
 2734 012c FFF7FEFF 		bl	HAL_GetTick
 2735              	.LVL139:
1133:Drivers/STM32L4xx_HAL_Driver/Src/stm32l4xx_hal_spi.c ****         {
 2736              		.loc 1 1133 30 view .LVU931
 2737 0130 C01B     		subs	r0, r0, r7
1133:Drivers/STM32L4xx_HAL_Driver/Src/stm32l4xx_hal_spi.c ****         {
 2738              		.loc 1 1133 12 view .LVU932
 2739 0132 A842     		cmp	r0, r5
ARM GAS  /tmp/ccl8yU0j.s 			page 140


 2740 0134 02D3     		bcc	.L193
1133:Drivers/STM32L4xx_HAL_Driver/Src/stm32l4xx_hal_spi.c ****         {
 2741              		.loc 1 1133 56 discriminator 1 view .LVU933
 2742 0136 B5F1FF3F 		cmp	r5, #-1
 2743 013a 1AD1     		bne	.L194
 2744              	.L193:
1133:Drivers/STM32L4xx_HAL_Driver/Src/stm32l4xx_hal_spi.c ****         {
 2745              		.loc 1 1133 87 discriminator 3 view .LVU934
 2746 013c CDB1     		cbz	r5, .L194
 2747              	.L184:
1121:Drivers/STM32L4xx_HAL_Driver/Src/stm32l4xx_hal_spi.c ****     {
 2748              		.loc 1 1121 11 is_stmt 1 view .LVU935
1121:Drivers/STM32L4xx_HAL_Driver/Src/stm32l4xx_hal_spi.c ****     {
 2749              		.loc 1 1121 16 is_stmt 0 view .LVU936
 2750 013e B4F84630 		ldrh	r3, [r4, #70]
 2751 0142 9BB2     		uxth	r3, r3
1121:Drivers/STM32L4xx_HAL_Driver/Src/stm32l4xx_hal_spi.c ****     {
 2752              		.loc 1 1121 11 view .LVU937
 2753 0144 EBB1     		cbz	r3, .L190
1124:Drivers/STM32L4xx_HAL_Driver/Src/stm32l4xx_hal_spi.c ****       {
 2754              		.loc 1 1124 7 is_stmt 1 view .LVU938
1124:Drivers/STM32L4xx_HAL_Driver/Src/stm32l4xx_hal_spi.c ****       {
 2755              		.loc 1 1124 11 is_stmt 0 view .LVU939
 2756 0146 2368     		ldr	r3, [r4]
 2757 0148 9A68     		ldr	r2, [r3, #8]
1124:Drivers/STM32L4xx_HAL_Driver/Src/stm32l4xx_hal_spi.c ****       {
 2758              		.loc 1 1124 10 view .LVU940
 2759 014a 12F0010F 		tst	r2, #1
 2760 014e EDD0     		beq	.L191
1126:Drivers/STM32L4xx_HAL_Driver/Src/stm32l4xx_hal_spi.c ****         hspi->pRxBuffPtr += sizeof(uint16_t);
 2761              		.loc 1 1126 9 is_stmt 1 view .LVU941
1126:Drivers/STM32L4xx_HAL_Driver/Src/stm32l4xx_hal_spi.c ****         hspi->pRxBuffPtr += sizeof(uint16_t);
 2762              		.loc 1 1126 67 is_stmt 0 view .LVU942
 2763 0150 DA68     		ldr	r2, [r3, #12]
1126:Drivers/STM32L4xx_HAL_Driver/Src/stm32l4xx_hal_spi.c ****         hspi->pRxBuffPtr += sizeof(uint16_t);
 2764              		.loc 1 1126 27 view .LVU943
 2765 0152 236C     		ldr	r3, [r4, #64]
1126:Drivers/STM32L4xx_HAL_Driver/Src/stm32l4xx_hal_spi.c ****         hspi->pRxBuffPtr += sizeof(uint16_t);
 2766              		.loc 1 1126 41 view .LVU944
 2767 0154 1A80     		strh	r2, [r3]	@ movhi
1127:Drivers/STM32L4xx_HAL_Driver/Src/stm32l4xx_hal_spi.c ****         hspi->RxXferCount--;
 2768              		.loc 1 1127 9 is_stmt 1 view .LVU945
1127:Drivers/STM32L4xx_HAL_Driver/Src/stm32l4xx_hal_spi.c ****         hspi->RxXferCount--;
 2769              		.loc 1 1127 26 is_stmt 0 view .LVU946
 2770 0156 236C     		ldr	r3, [r4, #64]
 2771 0158 0233     		adds	r3, r3, #2
 2772 015a 2364     		str	r3, [r4, #64]
1128:Drivers/STM32L4xx_HAL_Driver/Src/stm32l4xx_hal_spi.c ****       }
 2773              		.loc 1 1128 9 is_stmt 1 view .LVU947
1128:Drivers/STM32L4xx_HAL_Driver/Src/stm32l4xx_hal_spi.c ****       }
 2774              		.loc 1 1128 13 is_stmt 0 view .LVU948
 2775 015c B4F846C0 		ldrh	ip, [r4, #70]
 2776 0160 1FFA8CFC 		uxth	ip, ip
1128:Drivers/STM32L4xx_HAL_Driver/Src/stm32l4xx_hal_spi.c ****       }
 2777              		.loc 1 1128 26 view .LVU949
 2778 0164 0CF1FF3C 		add	ip, ip, #-1
 2779 0168 1FFA8CFC 		uxth	ip, ip
ARM GAS  /tmp/ccl8yU0j.s 			page 141


 2780 016c A4F846C0 		strh	ip, [r4, #70]	@ movhi
 2781 0170 E5E7     		b	.L184
 2782              	.L194:
1135:Drivers/STM32L4xx_HAL_Driver/Src/stm32l4xx_hal_spi.c ****           __HAL_UNLOCK(hspi);
 2783              		.loc 1 1135 11 is_stmt 1 view .LVU950
1135:Drivers/STM32L4xx_HAL_Driver/Src/stm32l4xx_hal_spi.c ****           __HAL_UNLOCK(hspi);
 2784              		.loc 1 1135 23 is_stmt 0 view .LVU951
 2785 0172 0123     		movs	r3, #1
 2786 0174 84F85D30 		strb	r3, [r4, #93]
1136:Drivers/STM32L4xx_HAL_Driver/Src/stm32l4xx_hal_spi.c ****           return HAL_TIMEOUT;
 2787              		.loc 1 1136 11 is_stmt 1 view .LVU952
1136:Drivers/STM32L4xx_HAL_Driver/Src/stm32l4xx_hal_spi.c ****           return HAL_TIMEOUT;
 2788              		.loc 1 1136 11 view .LVU953
 2789 0178 0023     		movs	r3, #0
 2790 017a 84F85C30 		strb	r3, [r4, #92]
1136:Drivers/STM32L4xx_HAL_Driver/Src/stm32l4xx_hal_spi.c ****           return HAL_TIMEOUT;
 2791              		.loc 1 1136 11 view .LVU954
1137:Drivers/STM32L4xx_HAL_Driver/Src/stm32l4xx_hal_spi.c ****         }
 2792              		.loc 1 1137 11 view .LVU955
1137:Drivers/STM32L4xx_HAL_Driver/Src/stm32l4xx_hal_spi.c ****         }
 2793              		.loc 1 1137 18 is_stmt 0 view .LVU956
 2794 017e 0326     		movs	r6, #3
 2795 0180 12E0     		b	.L177
 2796              	.L190:
1215:Drivers/STM32L4xx_HAL_Driver/Src/stm32l4xx_hal_spi.c ****   {
 2797              		.loc 1 1215 3 is_stmt 1 view .LVU957
1215:Drivers/STM32L4xx_HAL_Driver/Src/stm32l4xx_hal_spi.c ****   {
 2798              		.loc 1 1215 7 is_stmt 0 view .LVU958
 2799 0182 3A46     		mov	r2, r7
 2800 0184 2946     		mov	r1, r5
 2801 0186 2046     		mov	r0, r4
 2802 0188 FFF7FEFF 		bl	SPI_EndRxTransaction
 2803              	.LVL140:
1215:Drivers/STM32L4xx_HAL_Driver/Src/stm32l4xx_hal_spi.c ****   {
 2804              		.loc 1 1215 6 view .LVU959
 2805 018c 08B1     		cbz	r0, .L196
1217:Drivers/STM32L4xx_HAL_Driver/Src/stm32l4xx_hal_spi.c ****   }
 2806              		.loc 1 1217 5 is_stmt 1 view .LVU960
1217:Drivers/STM32L4xx_HAL_Driver/Src/stm32l4xx_hal_spi.c ****   }
 2807              		.loc 1 1217 21 is_stmt 0 view .LVU961
 2808 018e 2023     		movs	r3, #32
 2809 0190 2366     		str	r3, [r4, #96]
 2810              	.L196:
1229:Drivers/STM32L4xx_HAL_Driver/Src/stm32l4xx_hal_spi.c ****   /* Unlock the process */
 2811              		.loc 1 1229 3 is_stmt 1 view .LVU962
1229:Drivers/STM32L4xx_HAL_Driver/Src/stm32l4xx_hal_spi.c ****   /* Unlock the process */
 2812              		.loc 1 1229 15 is_stmt 0 view .LVU963
 2813 0192 0123     		movs	r3, #1
 2814 0194 84F85D30 		strb	r3, [r4, #93]
1231:Drivers/STM32L4xx_HAL_Driver/Src/stm32l4xx_hal_spi.c ****   if (hspi->ErrorCode != HAL_SPI_ERROR_NONE)
 2815              		.loc 1 1231 3 is_stmt 1 view .LVU964
1231:Drivers/STM32L4xx_HAL_Driver/Src/stm32l4xx_hal_spi.c ****   if (hspi->ErrorCode != HAL_SPI_ERROR_NONE)
 2816              		.loc 1 1231 3 view .LVU965
 2817 0198 0023     		movs	r3, #0
 2818 019a 84F85C30 		strb	r3, [r4, #92]
1231:Drivers/STM32L4xx_HAL_Driver/Src/stm32l4xx_hal_spi.c ****   if (hspi->ErrorCode != HAL_SPI_ERROR_NONE)
 2819              		.loc 1 1231 3 view .LVU966
ARM GAS  /tmp/ccl8yU0j.s 			page 142


1232:Drivers/STM32L4xx_HAL_Driver/Src/stm32l4xx_hal_spi.c ****   {
 2820              		.loc 1 1232 3 view .LVU967
1232:Drivers/STM32L4xx_HAL_Driver/Src/stm32l4xx_hal_spi.c ****   {
 2821              		.loc 1 1232 11 is_stmt 0 view .LVU968
 2822 019e 236E     		ldr	r3, [r4, #96]
1232:Drivers/STM32L4xx_HAL_Driver/Src/stm32l4xx_hal_spi.c ****   {
 2823              		.loc 1 1232 6 view .LVU969
 2824 01a0 13B9     		cbnz	r3, .L177
1238:Drivers/STM32L4xx_HAL_Driver/Src/stm32l4xx_hal_spi.c ****   }
 2825              		.loc 1 1238 12 view .LVU970
 2826 01a2 0026     		movs	r6, #0
 2827 01a4 00E0     		b	.L177
 2828              	.LVL141:
 2829              	.L197:
1020:Drivers/STM32L4xx_HAL_Driver/Src/stm32l4xx_hal_spi.c ****   }
 2830              		.loc 1 1020 12 view .LVU971
 2831 01a6 0226     		movs	r6, #2
 2832              	.LVL142:
 2833              	.L177:
1240:Drivers/STM32L4xx_HAL_Driver/Src/stm32l4xx_hal_spi.c **** 
 2834              		.loc 1 1240 1 view .LVU972
 2835 01a8 3046     		mov	r0, r6
 2836 01aa 03B0     		add	sp, sp, #12
 2837              	.LCFI31:
 2838              		.cfi_remember_state
 2839              		.cfi_def_cfa_offset 28
 2840              		@ sp needed
 2841 01ac BDE8F083 		pop	{r4, r5, r6, r7, r8, r9, pc}
 2842              	.LVL143:
 2843              	.L198:
 2844              	.LCFI32:
 2845              		.cfi_restore_state
1039:Drivers/STM32L4xx_HAL_Driver/Src/stm32l4xx_hal_spi.c **** 
 2846              		.loc 1 1039 3 view .LVU973
 2847 01b0 0226     		movs	r6, #2
 2848 01b2 F9E7     		b	.L177
 2849              		.cfi_endproc
 2850              	.LFE293:
 2852              		.section	.text.HAL_SPI_Transmit_IT,"ax",%progbits
 2853              		.align	1
 2854              		.global	HAL_SPI_Transmit_IT
 2855              		.syntax unified
 2856              		.thumb
 2857              		.thumb_func
 2859              	HAL_SPI_Transmit_IT:
 2860              	.LVL144:
 2861              	.LFB295:
1601:Drivers/STM32L4xx_HAL_Driver/Src/stm32l4xx_hal_spi.c **** 
 2862              		.loc 1 1601 1 is_stmt 1 view -0
 2863              		.cfi_startproc
 2864              		@ args = 0, pretend = 0, frame = 0
 2865              		@ frame_needed = 0, uses_anonymous_args = 0
 2866              		@ link register save eliminated.
1604:Drivers/STM32L4xx_HAL_Driver/Src/stm32l4xx_hal_spi.c **** 
 2867              		.loc 1 1604 3 view .LVU975
1607:Drivers/STM32L4xx_HAL_Driver/Src/stm32l4xx_hal_spi.c ****   {
 2868              		.loc 1 1607 3 view .LVU976
ARM GAS  /tmp/ccl8yU0j.s 			page 143


1607:Drivers/STM32L4xx_HAL_Driver/Src/stm32l4xx_hal_spi.c ****   {
 2869              		.loc 1 1607 6 is_stmt 0 view .LVU977
 2870 0000 0029     		cmp	r1, #0
 2871 0002 49D0     		beq	.L209
1601:Drivers/STM32L4xx_HAL_Driver/Src/stm32l4xx_hal_spi.c **** 
 2872              		.loc 1 1601 1 discriminator 1 view .LVU978
 2873 0004 10B4     		push	{r4}
 2874              	.LCFI33:
 2875              		.cfi_def_cfa_offset 4
 2876              		.cfi_offset 4, -4
1607:Drivers/STM32L4xx_HAL_Driver/Src/stm32l4xx_hal_spi.c ****   {
 2877              		.loc 1 1607 23 discriminator 1 view .LVU979
 2878 0006 002A     		cmp	r2, #0
 2879 0008 48D0     		beq	.L210
1612:Drivers/STM32L4xx_HAL_Driver/Src/stm32l4xx_hal_spi.c ****   {
 2880              		.loc 1 1612 3 is_stmt 1 view .LVU980
1612:Drivers/STM32L4xx_HAL_Driver/Src/stm32l4xx_hal_spi.c ****   {
 2881              		.loc 1 1612 11 is_stmt 0 view .LVU981
 2882 000a 90F85D30 		ldrb	r3, [r0, #93]	@ zero_extendqisi2
 2883 000e DBB2     		uxtb	r3, r3
1612:Drivers/STM32L4xx_HAL_Driver/Src/stm32l4xx_hal_spi.c ****   {
 2884              		.loc 1 1612 6 view .LVU982
 2885 0010 012B     		cmp	r3, #1
 2886 0012 45D1     		bne	.L211
1618:Drivers/STM32L4xx_HAL_Driver/Src/stm32l4xx_hal_spi.c **** 
 2887              		.loc 1 1618 3 is_stmt 1 view .LVU983
1618:Drivers/STM32L4xx_HAL_Driver/Src/stm32l4xx_hal_spi.c **** 
 2888              		.loc 1 1618 3 view .LVU984
 2889 0014 90F85C30 		ldrb	r3, [r0, #92]	@ zero_extendqisi2
 2890 0018 012B     		cmp	r3, #1
 2891 001a 43D0     		beq	.L212
1618:Drivers/STM32L4xx_HAL_Driver/Src/stm32l4xx_hal_spi.c **** 
 2892              		.loc 1 1618 3 discriminator 2 view .LVU985
 2893 001c 0123     		movs	r3, #1
 2894 001e 80F85C30 		strb	r3, [r0, #92]
1618:Drivers/STM32L4xx_HAL_Driver/Src/stm32l4xx_hal_spi.c **** 
 2895              		.loc 1 1618 3 discriminator 2 view .LVU986
1621:Drivers/STM32L4xx_HAL_Driver/Src/stm32l4xx_hal_spi.c ****   hspi->ErrorCode   = HAL_SPI_ERROR_NONE;
 2896              		.loc 1 1621 3 discriminator 2 view .LVU987
1621:Drivers/STM32L4xx_HAL_Driver/Src/stm32l4xx_hal_spi.c ****   hspi->ErrorCode   = HAL_SPI_ERROR_NONE;
 2897              		.loc 1 1621 21 is_stmt 0 discriminator 2 view .LVU988
 2898 0022 0323     		movs	r3, #3
 2899 0024 80F85D30 		strb	r3, [r0, #93]
1622:Drivers/STM32L4xx_HAL_Driver/Src/stm32l4xx_hal_spi.c ****   hspi->pTxBuffPtr  = (const uint8_t *)pData;
 2900              		.loc 1 1622 3 is_stmt 1 discriminator 2 view .LVU989
1622:Drivers/STM32L4xx_HAL_Driver/Src/stm32l4xx_hal_spi.c ****   hspi->pTxBuffPtr  = (const uint8_t *)pData;
 2901              		.loc 1 1622 21 is_stmt 0 discriminator 2 view .LVU990
 2902 0028 0023     		movs	r3, #0
 2903 002a 0366     		str	r3, [r0, #96]
1623:Drivers/STM32L4xx_HAL_Driver/Src/stm32l4xx_hal_spi.c ****   hspi->TxXferSize  = Size;
 2904              		.loc 1 1623 3 is_stmt 1 discriminator 2 view .LVU991
1623:Drivers/STM32L4xx_HAL_Driver/Src/stm32l4xx_hal_spi.c ****   hspi->TxXferSize  = Size;
 2905              		.loc 1 1623 21 is_stmt 0 discriminator 2 view .LVU992
 2906 002c 8163     		str	r1, [r0, #56]
1624:Drivers/STM32L4xx_HAL_Driver/Src/stm32l4xx_hal_spi.c ****   hspi->TxXferCount = Size;
 2907              		.loc 1 1624 3 is_stmt 1 discriminator 2 view .LVU993
1624:Drivers/STM32L4xx_HAL_Driver/Src/stm32l4xx_hal_spi.c ****   hspi->TxXferCount = Size;
ARM GAS  /tmp/ccl8yU0j.s 			page 144


 2908              		.loc 1 1624 21 is_stmt 0 discriminator 2 view .LVU994
 2909 002e 8287     		strh	r2, [r0, #60]	@ movhi
1625:Drivers/STM32L4xx_HAL_Driver/Src/stm32l4xx_hal_spi.c **** 
 2910              		.loc 1 1625 3 is_stmt 1 discriminator 2 view .LVU995
1625:Drivers/STM32L4xx_HAL_Driver/Src/stm32l4xx_hal_spi.c **** 
 2911              		.loc 1 1625 21 is_stmt 0 discriminator 2 view .LVU996
 2912 0030 C287     		strh	r2, [r0, #62]	@ movhi
1628:Drivers/STM32L4xx_HAL_Driver/Src/stm32l4xx_hal_spi.c ****   hspi->RxXferSize  = 0U;
 2913              		.loc 1 1628 3 is_stmt 1 discriminator 2 view .LVU997
1628:Drivers/STM32L4xx_HAL_Driver/Src/stm32l4xx_hal_spi.c ****   hspi->RxXferSize  = 0U;
 2914              		.loc 1 1628 21 is_stmt 0 discriminator 2 view .LVU998
 2915 0032 0364     		str	r3, [r0, #64]
1629:Drivers/STM32L4xx_HAL_Driver/Src/stm32l4xx_hal_spi.c ****   hspi->RxXferCount = 0U;
 2916              		.loc 1 1629 3 is_stmt 1 discriminator 2 view .LVU999
1629:Drivers/STM32L4xx_HAL_Driver/Src/stm32l4xx_hal_spi.c ****   hspi->RxXferCount = 0U;
 2917              		.loc 1 1629 21 is_stmt 0 discriminator 2 view .LVU1000
 2918 0034 A0F84430 		strh	r3, [r0, #68]	@ movhi
1630:Drivers/STM32L4xx_HAL_Driver/Src/stm32l4xx_hal_spi.c ****   hspi->RxISR       = NULL;
 2919              		.loc 1 1630 3 is_stmt 1 discriminator 2 view .LVU1001
1630:Drivers/STM32L4xx_HAL_Driver/Src/stm32l4xx_hal_spi.c ****   hspi->RxISR       = NULL;
 2920              		.loc 1 1630 21 is_stmt 0 discriminator 2 view .LVU1002
 2921 0038 A0F84630 		strh	r3, [r0, #70]	@ movhi
1631:Drivers/STM32L4xx_HAL_Driver/Src/stm32l4xx_hal_spi.c **** 
 2922              		.loc 1 1631 3 is_stmt 1 discriminator 2 view .LVU1003
1631:Drivers/STM32L4xx_HAL_Driver/Src/stm32l4xx_hal_spi.c **** 
 2923              		.loc 1 1631 21 is_stmt 0 discriminator 2 view .LVU1004
 2924 003c C364     		str	r3, [r0, #76]
1634:Drivers/STM32L4xx_HAL_Driver/Src/stm32l4xx_hal_spi.c ****   {
 2925              		.loc 1 1634 3 is_stmt 1 discriminator 2 view .LVU1005
1634:Drivers/STM32L4xx_HAL_Driver/Src/stm32l4xx_hal_spi.c ****   {
 2926              		.loc 1 1634 17 is_stmt 0 discriminator 2 view .LVU1006
 2927 003e C368     		ldr	r3, [r0, #12]
1634:Drivers/STM32L4xx_HAL_Driver/Src/stm32l4xx_hal_spi.c ****   {
 2928              		.loc 1 1634 6 discriminator 2 view .LVU1007
 2929 0040 B3F5E06F 		cmp	r3, #1792
 2930 0044 1AD9     		bls	.L205
1636:Drivers/STM32L4xx_HAL_Driver/Src/stm32l4xx_hal_spi.c ****   }
 2931              		.loc 1 1636 5 is_stmt 1 view .LVU1008
1636:Drivers/STM32L4xx_HAL_Driver/Src/stm32l4xx_hal_spi.c ****   }
 2932              		.loc 1 1636 17 is_stmt 0 view .LVU1009
 2933 0046 184B     		ldr	r3, .L218
 2934 0048 0365     		str	r3, [r0, #80]
 2935              	.L206:
1644:Drivers/STM32L4xx_HAL_Driver/Src/stm32l4xx_hal_spi.c ****   {
 2936              		.loc 1 1644 3 is_stmt 1 view .LVU1010
1644:Drivers/STM32L4xx_HAL_Driver/Src/stm32l4xx_hal_spi.c ****   {
 2937              		.loc 1 1644 17 is_stmt 0 view .LVU1011
 2938 004a 8368     		ldr	r3, [r0, #8]
1644:Drivers/STM32L4xx_HAL_Driver/Src/stm32l4xx_hal_spi.c ****   {
 2939              		.loc 1 1644 6 view .LVU1012
 2940 004c B3F5004F 		cmp	r3, #32768
 2941 0050 17D0     		beq	.L217
 2942              	.LVL145:
 2943              	.L207:
1660:Drivers/STM32L4xx_HAL_Driver/Src/stm32l4xx_hal_spi.c ****   {
 2944              		.loc 1 1660 3 is_stmt 1 view .LVU1013
1660:Drivers/STM32L4xx_HAL_Driver/Src/stm32l4xx_hal_spi.c ****   {
ARM GAS  /tmp/ccl8yU0j.s 			page 145


 2945              		.loc 1 1660 12 is_stmt 0 view .LVU1014
 2946 0052 0368     		ldr	r3, [r0]
1660:Drivers/STM32L4xx_HAL_Driver/Src/stm32l4xx_hal_spi.c ****   {
 2947              		.loc 1 1660 22 view .LVU1015
 2948 0054 1A68     		ldr	r2, [r3]
1660:Drivers/STM32L4xx_HAL_Driver/Src/stm32l4xx_hal_spi.c ****   {
 2949              		.loc 1 1660 6 view .LVU1016
 2950 0056 12F0400F 		tst	r2, #64
 2951 005a 03D1     		bne	.L208
1663:Drivers/STM32L4xx_HAL_Driver/Src/stm32l4xx_hal_spi.c ****   }
 2952              		.loc 1 1663 5 is_stmt 1 view .LVU1017
 2953 005c 1A68     		ldr	r2, [r3]
 2954 005e 42F04002 		orr	r2, r2, #64
 2955 0062 1A60     		str	r2, [r3]
 2956              	.L208:
1667:Drivers/STM32L4xx_HAL_Driver/Src/stm32l4xx_hal_spi.c ****   /* Enable TXE and ERR interrupt */
 2957              		.loc 1 1667 3 view .LVU1018
1667:Drivers/STM32L4xx_HAL_Driver/Src/stm32l4xx_hal_spi.c ****   /* Enable TXE and ERR interrupt */
 2958              		.loc 1 1667 3 view .LVU1019
 2959 0064 0023     		movs	r3, #0
 2960 0066 80F85C30 		strb	r3, [r0, #92]
1667:Drivers/STM32L4xx_HAL_Driver/Src/stm32l4xx_hal_spi.c ****   /* Enable TXE and ERR interrupt */
 2961              		.loc 1 1667 3 view .LVU1020
1669:Drivers/STM32L4xx_HAL_Driver/Src/stm32l4xx_hal_spi.c **** 
 2962              		.loc 1 1669 3 view .LVU1021
 2963 006a 0168     		ldr	r1, [r0]
 2964              	.LVL146:
1669:Drivers/STM32L4xx_HAL_Driver/Src/stm32l4xx_hal_spi.c **** 
 2965              		.loc 1 1669 3 is_stmt 0 view .LVU1022
 2966 006c 4A68     		ldr	r2, [r1, #4]
 2967 006e 42F0A002 		orr	r2, r2, #160
 2968 0072 4A60     		str	r2, [r1, #4]
1671:Drivers/STM32L4xx_HAL_Driver/Src/stm32l4xx_hal_spi.c **** }
 2969              		.loc 1 1671 3 is_stmt 1 view .LVU1023
1671:Drivers/STM32L4xx_HAL_Driver/Src/stm32l4xx_hal_spi.c **** }
 2970              		.loc 1 1671 10 is_stmt 0 view .LVU1024
 2971 0074 1846     		mov	r0, r3
 2972              	.LVL147:
 2973              	.L204:
1672:Drivers/STM32L4xx_HAL_Driver/Src/stm32l4xx_hal_spi.c **** 
 2974              		.loc 1 1672 1 view .LVU1025
 2975 0076 5DF8044B 		ldr	r4, [sp], #4
 2976              	.LCFI34:
 2977              		.cfi_remember_state
 2978              		.cfi_restore 4
 2979              		.cfi_def_cfa_offset 0
 2980 007a 7047     		bx	lr
 2981              	.LVL148:
 2982              	.L205:
 2983              	.LCFI35:
 2984              		.cfi_restore_state
1640:Drivers/STM32L4xx_HAL_Driver/Src/stm32l4xx_hal_spi.c ****   }
 2985              		.loc 1 1640 5 is_stmt 1 view .LVU1026
1640:Drivers/STM32L4xx_HAL_Driver/Src/stm32l4xx_hal_spi.c ****   }
 2986              		.loc 1 1640 17 is_stmt 0 view .LVU1027
 2987 007c 0B4B     		ldr	r3, .L218+4
 2988 007e 0365     		str	r3, [r0, #80]
ARM GAS  /tmp/ccl8yU0j.s 			page 146


 2989 0080 E3E7     		b	.L206
 2990              	.L217:
1647:Drivers/STM32L4xx_HAL_Driver/Src/stm32l4xx_hal_spi.c ****     SPI_1LINE_TX(hspi);
 2991              		.loc 1 1647 5 is_stmt 1 view .LVU1028
 2992 0082 0268     		ldr	r2, [r0]
 2993              	.LVL149:
1647:Drivers/STM32L4xx_HAL_Driver/Src/stm32l4xx_hal_spi.c ****     SPI_1LINE_TX(hspi);
 2994              		.loc 1 1647 5 is_stmt 0 view .LVU1029
 2995 0084 1368     		ldr	r3, [r2]
 2996 0086 23F04003 		bic	r3, r3, #64
 2997 008a 1360     		str	r3, [r2]
 2998              	.LVL150:
1648:Drivers/STM32L4xx_HAL_Driver/Src/stm32l4xx_hal_spi.c ****   }
 2999              		.loc 1 1648 5 is_stmt 1 view .LVU1030
 3000 008c 0268     		ldr	r2, [r0]
 3001 008e 1368     		ldr	r3, [r2]
 3002 0090 43F48043 		orr	r3, r3, #16384
 3003 0094 1360     		str	r3, [r2]
 3004 0096 DCE7     		b	.L207
 3005              	.LVL151:
 3006              	.L209:
 3007              	.LCFI36:
 3008              		.cfi_def_cfa_offset 0
 3009              		.cfi_restore 4
1609:Drivers/STM32L4xx_HAL_Driver/Src/stm32l4xx_hal_spi.c ****   }
 3010              		.loc 1 1609 12 is_stmt 0 view .LVU1031
 3011 0098 0120     		movs	r0, #1
 3012              	.LVL152:
1672:Drivers/STM32L4xx_HAL_Driver/Src/stm32l4xx_hal_spi.c **** 
 3013              		.loc 1 1672 1 view .LVU1032
 3014 009a 7047     		bx	lr
 3015              	.LVL153:
 3016              	.L210:
 3017              	.LCFI37:
 3018              		.cfi_def_cfa_offset 4
 3019              		.cfi_offset 4, -4
1609:Drivers/STM32L4xx_HAL_Driver/Src/stm32l4xx_hal_spi.c ****   }
 3020              		.loc 1 1609 12 view .LVU1033
 3021 009c 0120     		movs	r0, #1
 3022              	.LVL154:
1609:Drivers/STM32L4xx_HAL_Driver/Src/stm32l4xx_hal_spi.c ****   }
 3023              		.loc 1 1609 12 view .LVU1034
 3024 009e EAE7     		b	.L204
 3025              	.LVL155:
 3026              	.L211:
1614:Drivers/STM32L4xx_HAL_Driver/Src/stm32l4xx_hal_spi.c ****   }
 3027              		.loc 1 1614 12 view .LVU1035
 3028 00a0 0220     		movs	r0, #2
 3029              	.LVL156:
1614:Drivers/STM32L4xx_HAL_Driver/Src/stm32l4xx_hal_spi.c ****   }
 3030              		.loc 1 1614 12 view .LVU1036
 3031 00a2 E8E7     		b	.L204
 3032              	.LVL157:
 3033              	.L212:
1618:Drivers/STM32L4xx_HAL_Driver/Src/stm32l4xx_hal_spi.c **** 
 3034              		.loc 1 1618 3 view .LVU1037
 3035 00a4 0220     		movs	r0, #2
ARM GAS  /tmp/ccl8yU0j.s 			page 147


 3036              	.LVL158:
1618:Drivers/STM32L4xx_HAL_Driver/Src/stm32l4xx_hal_spi.c **** 
 3037              		.loc 1 1618 3 view .LVU1038
 3038 00a6 E6E7     		b	.L204
 3039              	.L219:
 3040              		.align	2
 3041              	.L218:
 3042 00a8 00000000 		.word	SPI_TxISR_16BIT
 3043 00ac 00000000 		.word	SPI_TxISR_8BIT
 3044              		.cfi_endproc
 3045              	.LFE295:
 3047              		.section	.text.HAL_SPI_TransmitReceive_IT,"ax",%progbits
 3048              		.align	1
 3049              		.global	HAL_SPI_TransmitReceive_IT
 3050              		.syntax unified
 3051              		.thumb
 3052              		.thumb_func
 3054              	HAL_SPI_TransmitReceive_IT:
 3055              	.LVL159:
 3056              	.LFB297:
1788:Drivers/STM32L4xx_HAL_Driver/Src/stm32l4xx_hal_spi.c ****   uint32_t             tmp_mode;
 3057              		.loc 1 1788 1 is_stmt 1 view -0
 3058              		.cfi_startproc
 3059              		@ args = 0, pretend = 0, frame = 0
 3060              		@ frame_needed = 0, uses_anonymous_args = 0
 3061              		@ link register save eliminated.
1788:Drivers/STM32L4xx_HAL_Driver/Src/stm32l4xx_hal_spi.c ****   uint32_t             tmp_mode;
 3062              		.loc 1 1788 1 is_stmt 0 view .LVU1040
 3063 0000 10B4     		push	{r4}
 3064              	.LCFI38:
 3065              		.cfi_def_cfa_offset 4
 3066              		.cfi_offset 4, -4
1789:Drivers/STM32L4xx_HAL_Driver/Src/stm32l4xx_hal_spi.c ****   HAL_SPI_StateTypeDef tmp_state;
 3067              		.loc 1 1789 3 is_stmt 1 view .LVU1041
1790:Drivers/STM32L4xx_HAL_Driver/Src/stm32l4xx_hal_spi.c **** 
 3068              		.loc 1 1790 3 view .LVU1042
1793:Drivers/STM32L4xx_HAL_Driver/Src/stm32l4xx_hal_spi.c **** 
 3069              		.loc 1 1793 3 view .LVU1043
1796:Drivers/STM32L4xx_HAL_Driver/Src/stm32l4xx_hal_spi.c ****   tmp_mode            = hspi->Init.Mode;
 3070              		.loc 1 1796 3 view .LVU1044
1796:Drivers/STM32L4xx_HAL_Driver/Src/stm32l4xx_hal_spi.c ****   tmp_mode            = hspi->Init.Mode;
 3071              		.loc 1 1796 23 is_stmt 0 view .LVU1045
 3072 0002 90F85DC0 		ldrb	ip, [r0, #93]	@ zero_extendqisi2
 3073 0006 5FFA8CFC 		uxtb	ip, ip
 3074              	.LVL160:
1797:Drivers/STM32L4xx_HAL_Driver/Src/stm32l4xx_hal_spi.c **** 
 3075              		.loc 1 1797 3 is_stmt 1 view .LVU1046
1797:Drivers/STM32L4xx_HAL_Driver/Src/stm32l4xx_hal_spi.c **** 
 3076              		.loc 1 1797 23 is_stmt 0 view .LVU1047
 3077 000a 4468     		ldr	r4, [r0, #4]
 3078              	.LVL161:
1799:Drivers/STM32L4xx_HAL_Driver/Src/stm32l4xx_hal_spi.c ****         ((tmp_mode == SPI_MODE_MASTER) && (hspi->Init.Direction == SPI_DIRECTION_2LINES) &&
 3079              		.loc 1 1799 3 is_stmt 1 view .LVU1048
1799:Drivers/STM32L4xx_HAL_Driver/Src/stm32l4xx_hal_spi.c ****         ((tmp_mode == SPI_MODE_MASTER) && (hspi->Init.Direction == SPI_DIRECTION_2LINES) &&
 3080              		.loc 1 1799 6 is_stmt 0 view .LVU1049
 3081 000c BCF1010F 		cmp	ip, #1
 3082 0010 08D0     		beq	.L221
ARM GAS  /tmp/ccl8yU0j.s 			page 148


1799:Drivers/STM32L4xx_HAL_Driver/Src/stm32l4xx_hal_spi.c ****         ((tmp_mode == SPI_MODE_MASTER) && (hspi->Init.Direction == SPI_DIRECTION_2LINES) &&
 3083              		.loc 1 1799 7 discriminator 1 view .LVU1050
 3084 0012 B4F5827F 		cmp	r4, #260
 3085 0016 54D1     		bne	.L230
1800:Drivers/STM32L4xx_HAL_Driver/Src/stm32l4xx_hal_spi.c ****          (tmp_state == HAL_SPI_STATE_BUSY_RX))))
 3086              		.loc 1 1800 54 view .LVU1051
 3087 0018 8468     		ldr	r4, [r0, #8]
 3088              	.LVL162:
1800:Drivers/STM32L4xx_HAL_Driver/Src/stm32l4xx_hal_spi.c ****          (tmp_state == HAL_SPI_STATE_BUSY_RX))))
 3089              		.loc 1 1800 40 view .LVU1052
 3090 001a 002C     		cmp	r4, #0
 3091 001c 55D1     		bne	.L231
1800:Drivers/STM32L4xx_HAL_Driver/Src/stm32l4xx_hal_spi.c ****          (tmp_state == HAL_SPI_STATE_BUSY_RX))))
 3092              		.loc 1 1800 90 discriminator 1 view .LVU1053
 3093 001e BCF1040F 		cmp	ip, #4
 3094 0022 54D1     		bne	.L232
 3095              	.L221:
1806:Drivers/STM32L4xx_HAL_Driver/Src/stm32l4xx_hal_spi.c ****   {
 3096              		.loc 1 1806 3 is_stmt 1 view .LVU1054
1806:Drivers/STM32L4xx_HAL_Driver/Src/stm32l4xx_hal_spi.c ****   {
 3097              		.loc 1 1806 6 is_stmt 0 view .LVU1055
 3098 0024 0029     		cmp	r1, #0
 3099 0026 54D0     		beq	.L233
1806:Drivers/STM32L4xx_HAL_Driver/Src/stm32l4xx_hal_spi.c ****   {
 3100              		.loc 1 1806 25 discriminator 1 view .LVU1056
 3101 0028 002A     		cmp	r2, #0
 3102 002a 54D0     		beq	.L234
1806:Drivers/STM32L4xx_HAL_Driver/Src/stm32l4xx_hal_spi.c ****   {
 3103              		.loc 1 1806 46 discriminator 2 view .LVU1057
 3104 002c 002B     		cmp	r3, #0
 3105 002e 54D0     		beq	.L235
1812:Drivers/STM32L4xx_HAL_Driver/Src/stm32l4xx_hal_spi.c **** 
 3106              		.loc 1 1812 3 is_stmt 1 view .LVU1058
1812:Drivers/STM32L4xx_HAL_Driver/Src/stm32l4xx_hal_spi.c **** 
 3107              		.loc 1 1812 3 view .LVU1059
 3108 0030 90F85C40 		ldrb	r4, [r0, #92]	@ zero_extendqisi2
 3109 0034 012C     		cmp	r4, #1
 3110 0036 52D0     		beq	.L236
1812:Drivers/STM32L4xx_HAL_Driver/Src/stm32l4xx_hal_spi.c **** 
 3111              		.loc 1 1812 3 discriminator 2 view .LVU1060
 3112 0038 0124     		movs	r4, #1
 3113 003a 80F85C40 		strb	r4, [r0, #92]
1812:Drivers/STM32L4xx_HAL_Driver/Src/stm32l4xx_hal_spi.c **** 
 3114              		.loc 1 1812 3 discriminator 2 view .LVU1061
1815:Drivers/STM32L4xx_HAL_Driver/Src/stm32l4xx_hal_spi.c ****   {
 3115              		.loc 1 1815 3 discriminator 2 view .LVU1062
1815:Drivers/STM32L4xx_HAL_Driver/Src/stm32l4xx_hal_spi.c ****   {
 3116              		.loc 1 1815 11 is_stmt 0 discriminator 2 view .LVU1063
 3117 003e 90F85D40 		ldrb	r4, [r0, #93]	@ zero_extendqisi2
 3118 0042 E4B2     		uxtb	r4, r4
1815:Drivers/STM32L4xx_HAL_Driver/Src/stm32l4xx_hal_spi.c ****   {
 3119              		.loc 1 1815 6 discriminator 2 view .LVU1064
 3120 0044 042C     		cmp	r4, #4
 3121 0046 02D0     		beq	.L223
1817:Drivers/STM32L4xx_HAL_Driver/Src/stm32l4xx_hal_spi.c ****   }
 3122              		.loc 1 1817 5 is_stmt 1 view .LVU1065
1817:Drivers/STM32L4xx_HAL_Driver/Src/stm32l4xx_hal_spi.c ****   }
ARM GAS  /tmp/ccl8yU0j.s 			page 149


 3123              		.loc 1 1817 17 is_stmt 0 view .LVU1066
 3124 0048 0524     		movs	r4, #5
 3125 004a 80F85D40 		strb	r4, [r0, #93]
 3126              	.L223:
1821:Drivers/STM32L4xx_HAL_Driver/Src/stm32l4xx_hal_spi.c ****   hspi->pTxBuffPtr  = (const uint8_t *)pTxData;
 3127              		.loc 1 1821 3 is_stmt 1 view .LVU1067
1821:Drivers/STM32L4xx_HAL_Driver/Src/stm32l4xx_hal_spi.c ****   hspi->pTxBuffPtr  = (const uint8_t *)pTxData;
 3128              		.loc 1 1821 21 is_stmt 0 view .LVU1068
 3129 004e 0024     		movs	r4, #0
 3130 0050 0466     		str	r4, [r0, #96]
1822:Drivers/STM32L4xx_HAL_Driver/Src/stm32l4xx_hal_spi.c ****   hspi->TxXferSize  = Size;
 3131              		.loc 1 1822 3 is_stmt 1 view .LVU1069
1822:Drivers/STM32L4xx_HAL_Driver/Src/stm32l4xx_hal_spi.c ****   hspi->TxXferSize  = Size;
 3132              		.loc 1 1822 21 is_stmt 0 view .LVU1070
 3133 0052 8163     		str	r1, [r0, #56]
1823:Drivers/STM32L4xx_HAL_Driver/Src/stm32l4xx_hal_spi.c ****   hspi->TxXferCount = Size;
 3134              		.loc 1 1823 3 is_stmt 1 view .LVU1071
1823:Drivers/STM32L4xx_HAL_Driver/Src/stm32l4xx_hal_spi.c ****   hspi->TxXferCount = Size;
 3135              		.loc 1 1823 21 is_stmt 0 view .LVU1072
 3136 0054 8387     		strh	r3, [r0, #60]	@ movhi
1824:Drivers/STM32L4xx_HAL_Driver/Src/stm32l4xx_hal_spi.c ****   hspi->pRxBuffPtr  = (uint8_t *)pRxData;
 3137              		.loc 1 1824 3 is_stmt 1 view .LVU1073
1824:Drivers/STM32L4xx_HAL_Driver/Src/stm32l4xx_hal_spi.c ****   hspi->pRxBuffPtr  = (uint8_t *)pRxData;
 3138              		.loc 1 1824 21 is_stmt 0 view .LVU1074
 3139 0056 C387     		strh	r3, [r0, #62]	@ movhi
1825:Drivers/STM32L4xx_HAL_Driver/Src/stm32l4xx_hal_spi.c ****   hspi->RxXferSize  = Size;
 3140              		.loc 1 1825 3 is_stmt 1 view .LVU1075
1825:Drivers/STM32L4xx_HAL_Driver/Src/stm32l4xx_hal_spi.c ****   hspi->RxXferSize  = Size;
 3141              		.loc 1 1825 21 is_stmt 0 view .LVU1076
 3142 0058 0264     		str	r2, [r0, #64]
1826:Drivers/STM32L4xx_HAL_Driver/Src/stm32l4xx_hal_spi.c ****   hspi->RxXferCount = Size;
 3143              		.loc 1 1826 3 is_stmt 1 view .LVU1077
1826:Drivers/STM32L4xx_HAL_Driver/Src/stm32l4xx_hal_spi.c ****   hspi->RxXferCount = Size;
 3144              		.loc 1 1826 21 is_stmt 0 view .LVU1078
 3145 005a A0F84430 		strh	r3, [r0, #68]	@ movhi
1827:Drivers/STM32L4xx_HAL_Driver/Src/stm32l4xx_hal_spi.c **** 
 3146              		.loc 1 1827 3 is_stmt 1 view .LVU1079
1827:Drivers/STM32L4xx_HAL_Driver/Src/stm32l4xx_hal_spi.c **** 
 3147              		.loc 1 1827 21 is_stmt 0 view .LVU1080
 3148 005e A0F84630 		strh	r3, [r0, #70]	@ movhi
1830:Drivers/STM32L4xx_HAL_Driver/Src/stm32l4xx_hal_spi.c ****   {
 3149              		.loc 1 1830 3 is_stmt 1 view .LVU1081
1830:Drivers/STM32L4xx_HAL_Driver/Src/stm32l4xx_hal_spi.c ****   {
 3150              		.loc 1 1830 17 is_stmt 0 view .LVU1082
 3151 0062 C268     		ldr	r2, [r0, #12]
 3152              	.LVL163:
1830:Drivers/STM32L4xx_HAL_Driver/Src/stm32l4xx_hal_spi.c ****   {
 3153              		.loc 1 1830 6 view .LVU1083
 3154 0064 B2F5E06F 		cmp	r2, #1792
 3155 0068 20D9     		bls	.L224
1832:Drivers/STM32L4xx_HAL_Driver/Src/stm32l4xx_hal_spi.c ****     hspi->TxISR     = SPI_2linesTxISR_16BIT;
 3156              		.loc 1 1832 5 is_stmt 1 view .LVU1084
1832:Drivers/STM32L4xx_HAL_Driver/Src/stm32l4xx_hal_spi.c ****     hspi->TxISR     = SPI_2linesTxISR_16BIT;
 3157              		.loc 1 1832 21 is_stmt 0 view .LVU1085
 3158 006a 1E49     		ldr	r1, .L238
 3159              	.LVL164:
1832:Drivers/STM32L4xx_HAL_Driver/Src/stm32l4xx_hal_spi.c ****     hspi->TxISR     = SPI_2linesTxISR_16BIT;
ARM GAS  /tmp/ccl8yU0j.s 			page 150


 3160              		.loc 1 1832 21 view .LVU1086
 3161 006c C164     		str	r1, [r0, #76]
1833:Drivers/STM32L4xx_HAL_Driver/Src/stm32l4xx_hal_spi.c ****   }
 3162              		.loc 1 1833 5 is_stmt 1 view .LVU1087
1833:Drivers/STM32L4xx_HAL_Driver/Src/stm32l4xx_hal_spi.c ****   }
 3163              		.loc 1 1833 21 is_stmt 0 view .LVU1088
 3164 006e 1E49     		ldr	r1, .L238+4
 3165 0070 0165     		str	r1, [r0, #80]
 3166              	.L225:
1859:Drivers/STM32L4xx_HAL_Driver/Src/stm32l4xx_hal_spi.c ****   {
 3167              		.loc 1 1859 3 is_stmt 1 view .LVU1089
1859:Drivers/STM32L4xx_HAL_Driver/Src/stm32l4xx_hal_spi.c ****   {
 3168              		.loc 1 1859 6 is_stmt 0 view .LVU1090
 3169 0072 B2F5E06F 		cmp	r2, #1792
 3170 0076 01D8     		bhi	.L226
1859:Drivers/STM32L4xx_HAL_Driver/Src/stm32l4xx_hal_spi.c ****   {
 3171              		.loc 1 1859 49 discriminator 1 view .LVU1091
 3172 0078 012B     		cmp	r3, #1
 3173 007a 1CD9     		bls	.L227
 3174              	.L226:
1862:Drivers/STM32L4xx_HAL_Driver/Src/stm32l4xx_hal_spi.c ****   }
 3175              		.loc 1 1862 5 is_stmt 1 view .LVU1092
 3176 007c 0268     		ldr	r2, [r0]
 3177 007e 5368     		ldr	r3, [r2, #4]
 3178              	.LVL165:
1862:Drivers/STM32L4xx_HAL_Driver/Src/stm32l4xx_hal_spi.c ****   }
 3179              		.loc 1 1862 5 is_stmt 0 view .LVU1093
 3180 0080 23F48053 		bic	r3, r3, #4096
 3181 0084 5360     		str	r3, [r2, #4]
 3182              	.LVL166:
 3183              	.L228:
1872:Drivers/STM32L4xx_HAL_Driver/Src/stm32l4xx_hal_spi.c ****   {
 3184              		.loc 1 1872 3 is_stmt 1 view .LVU1094
1872:Drivers/STM32L4xx_HAL_Driver/Src/stm32l4xx_hal_spi.c ****   {
 3185              		.loc 1 1872 12 is_stmt 0 view .LVU1095
 3186 0086 0368     		ldr	r3, [r0]
1872:Drivers/STM32L4xx_HAL_Driver/Src/stm32l4xx_hal_spi.c ****   {
 3187              		.loc 1 1872 22 view .LVU1096
 3188 0088 1A68     		ldr	r2, [r3]
1872:Drivers/STM32L4xx_HAL_Driver/Src/stm32l4xx_hal_spi.c ****   {
 3189              		.loc 1 1872 6 view .LVU1097
 3190 008a 12F0400F 		tst	r2, #64
 3191 008e 03D1     		bne	.L229
1875:Drivers/STM32L4xx_HAL_Driver/Src/stm32l4xx_hal_spi.c ****   }
 3192              		.loc 1 1875 5 is_stmt 1 view .LVU1098
 3193 0090 1A68     		ldr	r2, [r3]
 3194 0092 42F04002 		orr	r2, r2, #64
 3195 0096 1A60     		str	r2, [r3]
 3196              	.L229:
1879:Drivers/STM32L4xx_HAL_Driver/Src/stm32l4xx_hal_spi.c ****   /* Enable TXE, RXNE and ERR interrupt */
 3197              		.loc 1 1879 3 view .LVU1099
1879:Drivers/STM32L4xx_HAL_Driver/Src/stm32l4xx_hal_spi.c ****   /* Enable TXE, RXNE and ERR interrupt */
 3198              		.loc 1 1879 3 view .LVU1100
 3199 0098 0023     		movs	r3, #0
 3200 009a 80F85C30 		strb	r3, [r0, #92]
1879:Drivers/STM32L4xx_HAL_Driver/Src/stm32l4xx_hal_spi.c ****   /* Enable TXE, RXNE and ERR interrupt */
 3201              		.loc 1 1879 3 view .LVU1101
ARM GAS  /tmp/ccl8yU0j.s 			page 151


1881:Drivers/STM32L4xx_HAL_Driver/Src/stm32l4xx_hal_spi.c **** 
 3202              		.loc 1 1881 3 view .LVU1102
 3203 009e 0168     		ldr	r1, [r0]
 3204 00a0 4A68     		ldr	r2, [r1, #4]
 3205 00a2 42F0E002 		orr	r2, r2, #224
 3206 00a6 4A60     		str	r2, [r1, #4]
1883:Drivers/STM32L4xx_HAL_Driver/Src/stm32l4xx_hal_spi.c **** }
 3207              		.loc 1 1883 3 view .LVU1103
1883:Drivers/STM32L4xx_HAL_Driver/Src/stm32l4xx_hal_spi.c **** }
 3208              		.loc 1 1883 10 is_stmt 0 view .LVU1104
 3209 00a8 1846     		mov	r0, r3
 3210              	.LVL167:
1883:Drivers/STM32L4xx_HAL_Driver/Src/stm32l4xx_hal_spi.c **** }
 3211              		.loc 1 1883 10 view .LVU1105
 3212 00aa 0BE0     		b	.L222
 3213              	.LVL168:
 3214              	.L224:
1837:Drivers/STM32L4xx_HAL_Driver/Src/stm32l4xx_hal_spi.c ****     hspi->TxISR     = SPI_2linesTxISR_8BIT;
 3215              		.loc 1 1837 5 is_stmt 1 view .LVU1106
1837:Drivers/STM32L4xx_HAL_Driver/Src/stm32l4xx_hal_spi.c ****     hspi->TxISR     = SPI_2linesTxISR_8BIT;
 3216              		.loc 1 1837 21 is_stmt 0 view .LVU1107
 3217 00ac 0F49     		ldr	r1, .L238+8
 3218              	.LVL169:
1837:Drivers/STM32L4xx_HAL_Driver/Src/stm32l4xx_hal_spi.c ****     hspi->TxISR     = SPI_2linesTxISR_8BIT;
 3219              		.loc 1 1837 21 view .LVU1108
 3220 00ae C164     		str	r1, [r0, #76]
1838:Drivers/STM32L4xx_HAL_Driver/Src/stm32l4xx_hal_spi.c ****   }
 3221              		.loc 1 1838 5 is_stmt 1 view .LVU1109
1838:Drivers/STM32L4xx_HAL_Driver/Src/stm32l4xx_hal_spi.c ****   }
 3222              		.loc 1 1838 21 is_stmt 0 view .LVU1110
 3223 00b0 0F49     		ldr	r1, .L238+12
 3224 00b2 0165     		str	r1, [r0, #80]
 3225 00b4 DDE7     		b	.L225
 3226              	.L227:
1867:Drivers/STM32L4xx_HAL_Driver/Src/stm32l4xx_hal_spi.c ****   }
 3227              		.loc 1 1867 5 is_stmt 1 view .LVU1111
 3228 00b6 0268     		ldr	r2, [r0]
 3229 00b8 5368     		ldr	r3, [r2, #4]
 3230              	.LVL170:
1867:Drivers/STM32L4xx_HAL_Driver/Src/stm32l4xx_hal_spi.c ****   }
 3231              		.loc 1 1867 5 is_stmt 0 view .LVU1112
 3232 00ba 43F48053 		orr	r3, r3, #4096
 3233 00be 5360     		str	r3, [r2, #4]
 3234              	.LVL171:
1867:Drivers/STM32L4xx_HAL_Driver/Src/stm32l4xx_hal_spi.c ****   }
 3235              		.loc 1 1867 5 view .LVU1113
 3236 00c0 E1E7     		b	.L228
 3237              	.LVL172:
 3238              	.L230:
1803:Drivers/STM32L4xx_HAL_Driver/Src/stm32l4xx_hal_spi.c ****   }
 3239              		.loc 1 1803 12 view .LVU1114
 3240 00c2 0220     		movs	r0, #2
 3241              	.LVL173:
 3242              	.L222:
1884:Drivers/STM32L4xx_HAL_Driver/Src/stm32l4xx_hal_spi.c **** 
 3243              		.loc 1 1884 1 view .LVU1115
 3244 00c4 5DF8044B 		ldr	r4, [sp], #4
ARM GAS  /tmp/ccl8yU0j.s 			page 152


 3245              	.LCFI39:
 3246              		.cfi_remember_state
 3247              		.cfi_restore 4
 3248              		.cfi_def_cfa_offset 0
 3249 00c8 7047     		bx	lr
 3250              	.LVL174:
 3251              	.L231:
 3252              	.LCFI40:
 3253              		.cfi_restore_state
1803:Drivers/STM32L4xx_HAL_Driver/Src/stm32l4xx_hal_spi.c ****   }
 3254              		.loc 1 1803 12 view .LVU1116
 3255 00ca 0220     		movs	r0, #2
 3256              	.LVL175:
1803:Drivers/STM32L4xx_HAL_Driver/Src/stm32l4xx_hal_spi.c ****   }
 3257              		.loc 1 1803 12 view .LVU1117
 3258 00cc FAE7     		b	.L222
 3259              	.LVL176:
 3260              	.L232:
1803:Drivers/STM32L4xx_HAL_Driver/Src/stm32l4xx_hal_spi.c ****   }
 3261              		.loc 1 1803 12 view .LVU1118
 3262 00ce 0220     		movs	r0, #2
 3263              	.LVL177:
1803:Drivers/STM32L4xx_HAL_Driver/Src/stm32l4xx_hal_spi.c ****   }
 3264              		.loc 1 1803 12 view .LVU1119
 3265 00d0 F8E7     		b	.L222
 3266              	.LVL178:
 3267              	.L233:
1808:Drivers/STM32L4xx_HAL_Driver/Src/stm32l4xx_hal_spi.c ****   }
 3268              		.loc 1 1808 12 view .LVU1120
 3269 00d2 0120     		movs	r0, #1
 3270              	.LVL179:
1808:Drivers/STM32L4xx_HAL_Driver/Src/stm32l4xx_hal_spi.c ****   }
 3271              		.loc 1 1808 12 view .LVU1121
 3272 00d4 F6E7     		b	.L222
 3273              	.LVL180:
 3274              	.L234:
1808:Drivers/STM32L4xx_HAL_Driver/Src/stm32l4xx_hal_spi.c ****   }
 3275              		.loc 1 1808 12 view .LVU1122
 3276 00d6 0120     		movs	r0, #1
 3277              	.LVL181:
1808:Drivers/STM32L4xx_HAL_Driver/Src/stm32l4xx_hal_spi.c ****   }
 3278              		.loc 1 1808 12 view .LVU1123
 3279 00d8 F4E7     		b	.L222
 3280              	.LVL182:
 3281              	.L235:
1808:Drivers/STM32L4xx_HAL_Driver/Src/stm32l4xx_hal_spi.c ****   }
 3282              		.loc 1 1808 12 view .LVU1124
 3283 00da 0120     		movs	r0, #1
 3284              	.LVL183:
1808:Drivers/STM32L4xx_HAL_Driver/Src/stm32l4xx_hal_spi.c ****   }
 3285              		.loc 1 1808 12 view .LVU1125
 3286 00dc F2E7     		b	.L222
 3287              	.LVL184:
 3288              	.L236:
1812:Drivers/STM32L4xx_HAL_Driver/Src/stm32l4xx_hal_spi.c **** 
 3289              		.loc 1 1812 3 view .LVU1126
 3290 00de 0220     		movs	r0, #2
ARM GAS  /tmp/ccl8yU0j.s 			page 153


 3291              	.LVL185:
1812:Drivers/STM32L4xx_HAL_Driver/Src/stm32l4xx_hal_spi.c **** 
 3292              		.loc 1 1812 3 view .LVU1127
 3293 00e0 F0E7     		b	.L222
 3294              	.L239:
 3295 00e2 00BF     		.align	2
 3296              	.L238:
 3297 00e4 00000000 		.word	SPI_2linesRxISR_16BIT
 3298 00e8 00000000 		.word	SPI_2linesTxISR_16BIT
 3299 00ec 00000000 		.word	SPI_2linesRxISR_8BIT
 3300 00f0 00000000 		.word	SPI_2linesTxISR_8BIT
 3301              		.cfi_endproc
 3302              	.LFE297:
 3304              		.section	.text.HAL_SPI_Receive_IT,"ax",%progbits
 3305              		.align	1
 3306              		.global	HAL_SPI_Receive_IT
 3307              		.syntax unified
 3308              		.thumb
 3309              		.thumb_func
 3311              	HAL_SPI_Receive_IT:
 3312              	.LVL186:
 3313              	.LFB296:
1683:Drivers/STM32L4xx_HAL_Driver/Src/stm32l4xx_hal_spi.c **** 
 3314              		.loc 1 1683 1 is_stmt 1 view -0
 3315              		.cfi_startproc
 3316              		@ args = 0, pretend = 0, frame = 0
 3317              		@ frame_needed = 0, uses_anonymous_args = 0
1683:Drivers/STM32L4xx_HAL_Driver/Src/stm32l4xx_hal_spi.c **** 
 3318              		.loc 1 1683 1 is_stmt 0 view .LVU1129
 3319 0000 8446     		mov	ip, r0
1685:Drivers/STM32L4xx_HAL_Driver/Src/stm32l4xx_hal_spi.c ****   {
 3320              		.loc 1 1685 3 is_stmt 1 view .LVU1130
1685:Drivers/STM32L4xx_HAL_Driver/Src/stm32l4xx_hal_spi.c ****   {
 3321              		.loc 1 1685 11 is_stmt 0 view .LVU1131
 3322 0002 90F85D00 		ldrb	r0, [r0, #93]	@ zero_extendqisi2
 3323              	.LVL187:
1685:Drivers/STM32L4xx_HAL_Driver/Src/stm32l4xx_hal_spi.c ****   {
 3324              		.loc 1 1685 11 view .LVU1132
 3325 0006 C0B2     		uxtb	r0, r0
1685:Drivers/STM32L4xx_HAL_Driver/Src/stm32l4xx_hal_spi.c ****   {
 3326              		.loc 1 1685 6 view .LVU1133
 3327 0008 0128     		cmp	r0, #1
 3328 000a 6ED1     		bne	.L247
1683:Drivers/STM32L4xx_HAL_Driver/Src/stm32l4xx_hal_spi.c **** 
 3329              		.loc 1 1683 1 view .LVU1134
 3330 000c 08B5     		push	{r3, lr}
 3331              	.LCFI41:
 3332              		.cfi_def_cfa_offset 8
 3333              		.cfi_offset 3, -8
 3334              		.cfi_offset 14, -4
1690:Drivers/STM32L4xx_HAL_Driver/Src/stm32l4xx_hal_spi.c ****   {
 3335              		.loc 1 1690 3 is_stmt 1 view .LVU1135
1690:Drivers/STM32L4xx_HAL_Driver/Src/stm32l4xx_hal_spi.c ****   {
 3336              		.loc 1 1690 18 is_stmt 0 view .LVU1136
 3337 000e DCF80830 		ldr	r3, [ip, #8]
1690:Drivers/STM32L4xx_HAL_Driver/Src/stm32l4xx_hal_spi.c ****   {
 3338              		.loc 1 1690 6 view .LVU1137
ARM GAS  /tmp/ccl8yU0j.s 			page 154


 3339 0012 23B9     		cbnz	r3, .L242
1690:Drivers/STM32L4xx_HAL_Driver/Src/stm32l4xx_hal_spi.c ****   {
 3340              		.loc 1 1690 68 discriminator 1 view .LVU1138
 3341 0014 DCF80430 		ldr	r3, [ip, #4]
1690:Drivers/STM32L4xx_HAL_Driver/Src/stm32l4xx_hal_spi.c ****   {
 3342              		.loc 1 1690 54 discriminator 1 view .LVU1139
 3343 0018 B3F5827F 		cmp	r3, #260
 3344 001c 45D0     		beq	.L253
 3345              	.L242:
1698:Drivers/STM32L4xx_HAL_Driver/Src/stm32l4xx_hal_spi.c ****   {
 3346              		.loc 1 1698 3 is_stmt 1 view .LVU1140
1698:Drivers/STM32L4xx_HAL_Driver/Src/stm32l4xx_hal_spi.c ****   {
 3347              		.loc 1 1698 6 is_stmt 0 view .LVU1141
 3348 001e 0029     		cmp	r1, #0
 3349 0020 42D0     		beq	.L241
1698:Drivers/STM32L4xx_HAL_Driver/Src/stm32l4xx_hal_spi.c ****   {
 3350              		.loc 1 1698 23 discriminator 1 view .LVU1142
 3351 0022 002A     		cmp	r2, #0
 3352 0024 40D0     		beq	.L241
1704:Drivers/STM32L4xx_HAL_Driver/Src/stm32l4xx_hal_spi.c **** 
 3353              		.loc 1 1704 3 is_stmt 1 view .LVU1143
1704:Drivers/STM32L4xx_HAL_Driver/Src/stm32l4xx_hal_spi.c **** 
 3354              		.loc 1 1704 3 view .LVU1144
 3355 0026 9CF85C30 		ldrb	r3, [ip, #92]	@ zero_extendqisi2
 3356 002a 012B     		cmp	r3, #1
 3357 002c 5FD0     		beq	.L248
1704:Drivers/STM32L4xx_HAL_Driver/Src/stm32l4xx_hal_spi.c **** 
 3358              		.loc 1 1704 3 discriminator 2 view .LVU1145
 3359 002e 0123     		movs	r3, #1
 3360 0030 8CF85C30 		strb	r3, [ip, #92]
1704:Drivers/STM32L4xx_HAL_Driver/Src/stm32l4xx_hal_spi.c **** 
 3361              		.loc 1 1704 3 discriminator 2 view .LVU1146
1707:Drivers/STM32L4xx_HAL_Driver/Src/stm32l4xx_hal_spi.c ****   hspi->ErrorCode   = HAL_SPI_ERROR_NONE;
 3362              		.loc 1 1707 3 discriminator 2 view .LVU1147
1707:Drivers/STM32L4xx_HAL_Driver/Src/stm32l4xx_hal_spi.c ****   hspi->ErrorCode   = HAL_SPI_ERROR_NONE;
 3363              		.loc 1 1707 21 is_stmt 0 discriminator 2 view .LVU1148
 3364 0034 0423     		movs	r3, #4
 3365 0036 8CF85D30 		strb	r3, [ip, #93]
1708:Drivers/STM32L4xx_HAL_Driver/Src/stm32l4xx_hal_spi.c ****   hspi->pRxBuffPtr  = (uint8_t *)pData;
 3366              		.loc 1 1708 3 is_stmt 1 discriminator 2 view .LVU1149
1708:Drivers/STM32L4xx_HAL_Driver/Src/stm32l4xx_hal_spi.c ****   hspi->pRxBuffPtr  = (uint8_t *)pData;
 3367              		.loc 1 1708 21 is_stmt 0 discriminator 2 view .LVU1150
 3368 003a 0023     		movs	r3, #0
 3369 003c CCF86030 		str	r3, [ip, #96]
1709:Drivers/STM32L4xx_HAL_Driver/Src/stm32l4xx_hal_spi.c ****   hspi->RxXferSize  = Size;
 3370              		.loc 1 1709 3 is_stmt 1 discriminator 2 view .LVU1151
1709:Drivers/STM32L4xx_HAL_Driver/Src/stm32l4xx_hal_spi.c ****   hspi->RxXferSize  = Size;
 3371              		.loc 1 1709 21 is_stmt 0 discriminator 2 view .LVU1152
 3372 0040 CCF84010 		str	r1, [ip, #64]
1710:Drivers/STM32L4xx_HAL_Driver/Src/stm32l4xx_hal_spi.c ****   hspi->RxXferCount = Size;
 3373              		.loc 1 1710 3 is_stmt 1 discriminator 2 view .LVU1153
1710:Drivers/STM32L4xx_HAL_Driver/Src/stm32l4xx_hal_spi.c ****   hspi->RxXferCount = Size;
 3374              		.loc 1 1710 21 is_stmt 0 discriminator 2 view .LVU1154
 3375 0044 ACF84420 		strh	r2, [ip, #68]	@ movhi
1711:Drivers/STM32L4xx_HAL_Driver/Src/stm32l4xx_hal_spi.c **** 
 3376              		.loc 1 1711 3 is_stmt 1 discriminator 2 view .LVU1155
1711:Drivers/STM32L4xx_HAL_Driver/Src/stm32l4xx_hal_spi.c **** 
ARM GAS  /tmp/ccl8yU0j.s 			page 155


 3377              		.loc 1 1711 21 is_stmt 0 discriminator 2 view .LVU1156
 3378 0048 ACF84620 		strh	r2, [ip, #70]	@ movhi
1714:Drivers/STM32L4xx_HAL_Driver/Src/stm32l4xx_hal_spi.c ****   hspi->TxXferSize  = 0U;
 3379              		.loc 1 1714 3 is_stmt 1 discriminator 2 view .LVU1157
1714:Drivers/STM32L4xx_HAL_Driver/Src/stm32l4xx_hal_spi.c ****   hspi->TxXferSize  = 0U;
 3380              		.loc 1 1714 21 is_stmt 0 discriminator 2 view .LVU1158
 3381 004c CCF83830 		str	r3, [ip, #56]
1715:Drivers/STM32L4xx_HAL_Driver/Src/stm32l4xx_hal_spi.c ****   hspi->TxXferCount = 0U;
 3382              		.loc 1 1715 3 is_stmt 1 discriminator 2 view .LVU1159
1715:Drivers/STM32L4xx_HAL_Driver/Src/stm32l4xx_hal_spi.c ****   hspi->TxXferCount = 0U;
 3383              		.loc 1 1715 21 is_stmt 0 discriminator 2 view .LVU1160
 3384 0050 ACF83C30 		strh	r3, [ip, #60]	@ movhi
1716:Drivers/STM32L4xx_HAL_Driver/Src/stm32l4xx_hal_spi.c ****   hspi->TxISR       = NULL;
 3385              		.loc 1 1716 3 is_stmt 1 discriminator 2 view .LVU1161
1716:Drivers/STM32L4xx_HAL_Driver/Src/stm32l4xx_hal_spi.c ****   hspi->TxISR       = NULL;
 3386              		.loc 1 1716 21 is_stmt 0 discriminator 2 view .LVU1162
 3387 0054 ACF83E30 		strh	r3, [ip, #62]	@ movhi
1717:Drivers/STM32L4xx_HAL_Driver/Src/stm32l4xx_hal_spi.c **** 
 3388              		.loc 1 1717 3 is_stmt 1 discriminator 2 view .LVU1163
1717:Drivers/STM32L4xx_HAL_Driver/Src/stm32l4xx_hal_spi.c **** 
 3389              		.loc 1 1717 21 is_stmt 0 discriminator 2 view .LVU1164
 3390 0058 CCF85030 		str	r3, [ip, #80]
1720:Drivers/STM32L4xx_HAL_Driver/Src/stm32l4xx_hal_spi.c ****   {
 3391              		.loc 1 1720 3 is_stmt 1 discriminator 2 view .LVU1165
1720:Drivers/STM32L4xx_HAL_Driver/Src/stm32l4xx_hal_spi.c ****   {
 3392              		.loc 1 1720 17 is_stmt 0 discriminator 2 view .LVU1166
 3393 005c DCF80C30 		ldr	r3, [ip, #12]
1720:Drivers/STM32L4xx_HAL_Driver/Src/stm32l4xx_hal_spi.c ****   {
 3394              		.loc 1 1720 6 discriminator 2 view .LVU1167
 3395 0060 B3F5E06F 		cmp	r3, #1792
 3396 0064 2AD9     		bls	.L243
1723:Drivers/STM32L4xx_HAL_Driver/Src/stm32l4xx_hal_spi.c ****     hspi->RxISR = SPI_RxISR_16BIT;
 3397              		.loc 1 1723 5 is_stmt 1 view .LVU1168
 3398 0066 DCF80020 		ldr	r2, [ip]
 3399              	.LVL188:
1723:Drivers/STM32L4xx_HAL_Driver/Src/stm32l4xx_hal_spi.c ****     hspi->RxISR = SPI_RxISR_16BIT;
 3400              		.loc 1 1723 5 is_stmt 0 view .LVU1169
 3401 006a 5368     		ldr	r3, [r2, #4]
 3402 006c 23F48053 		bic	r3, r3, #4096
 3403 0070 5360     		str	r3, [r2, #4]
 3404              	.LVL189:
1724:Drivers/STM32L4xx_HAL_Driver/Src/stm32l4xx_hal_spi.c ****   }
 3405              		.loc 1 1724 5 is_stmt 1 view .LVU1170
1724:Drivers/STM32L4xx_HAL_Driver/Src/stm32l4xx_hal_spi.c ****   }
 3406              		.loc 1 1724 17 is_stmt 0 view .LVU1171
 3407 0072 204B     		ldr	r3, .L255
 3408 0074 CCF84C30 		str	r3, [ip, #76]
 3409              	.L244:
1734:Drivers/STM32L4xx_HAL_Driver/Src/stm32l4xx_hal_spi.c ****   {
 3410              		.loc 1 1734 3 is_stmt 1 view .LVU1172
1734:Drivers/STM32L4xx_HAL_Driver/Src/stm32l4xx_hal_spi.c ****   {
 3411              		.loc 1 1734 17 is_stmt 0 view .LVU1173
 3412 0078 DCF80830 		ldr	r3, [ip, #8]
1734:Drivers/STM32L4xx_HAL_Driver/Src/stm32l4xx_hal_spi.c ****   {
 3413              		.loc 1 1734 6 view .LVU1174
 3414 007c B3F5004F 		cmp	r3, #32768
 3415 0080 26D0     		beq	.L254
ARM GAS  /tmp/ccl8yU0j.s 			page 156


 3416              	.L245:
1763:Drivers/STM32L4xx_HAL_Driver/Src/stm32l4xx_hal_spi.c ****   {
 3417              		.loc 1 1763 3 is_stmt 1 view .LVU1175
1763:Drivers/STM32L4xx_HAL_Driver/Src/stm32l4xx_hal_spi.c ****   {
 3418              		.loc 1 1763 12 is_stmt 0 view .LVU1176
 3419 0082 DCF80030 		ldr	r3, [ip]
1763:Drivers/STM32L4xx_HAL_Driver/Src/stm32l4xx_hal_spi.c ****   {
 3420              		.loc 1 1763 22 view .LVU1177
 3421 0086 1A68     		ldr	r2, [r3]
1763:Drivers/STM32L4xx_HAL_Driver/Src/stm32l4xx_hal_spi.c ****   {
 3422              		.loc 1 1763 6 view .LVU1178
 3423 0088 12F0400F 		tst	r2, #64
 3424 008c 03D1     		bne	.L246
1766:Drivers/STM32L4xx_HAL_Driver/Src/stm32l4xx_hal_spi.c ****   }
 3425              		.loc 1 1766 5 is_stmt 1 view .LVU1179
 3426 008e 1A68     		ldr	r2, [r3]
 3427 0090 42F04002 		orr	r2, r2, #64
 3428 0094 1A60     		str	r2, [r3]
 3429              	.L246:
1770:Drivers/STM32L4xx_HAL_Driver/Src/stm32l4xx_hal_spi.c ****   /* Enable RXNE and ERR interrupt */
 3430              		.loc 1 1770 3 view .LVU1180
1770:Drivers/STM32L4xx_HAL_Driver/Src/stm32l4xx_hal_spi.c ****   /* Enable RXNE and ERR interrupt */
 3431              		.loc 1 1770 3 view .LVU1181
 3432 0096 0020     		movs	r0, #0
 3433 0098 8CF85C00 		strb	r0, [ip, #92]
1770:Drivers/STM32L4xx_HAL_Driver/Src/stm32l4xx_hal_spi.c ****   /* Enable RXNE and ERR interrupt */
 3434              		.loc 1 1770 3 view .LVU1182
1772:Drivers/STM32L4xx_HAL_Driver/Src/stm32l4xx_hal_spi.c **** 
 3435              		.loc 1 1772 3 view .LVU1183
 3436 009c DCF80020 		ldr	r2, [ip]
 3437 00a0 5368     		ldr	r3, [r2, #4]
 3438 00a2 43F06003 		orr	r3, r3, #96
 3439 00a6 5360     		str	r3, [r2, #4]
1774:Drivers/STM32L4xx_HAL_Driver/Src/stm32l4xx_hal_spi.c **** }
 3440              		.loc 1 1774 3 view .LVU1184
 3441              	.LVL190:
 3442              	.L241:
1775:Drivers/STM32L4xx_HAL_Driver/Src/stm32l4xx_hal_spi.c **** 
 3443              		.loc 1 1775 1 is_stmt 0 view .LVU1185
 3444 00a8 08BD     		pop	{r3, pc}
 3445              	.LVL191:
 3446              	.L253:
1692:Drivers/STM32L4xx_HAL_Driver/Src/stm32l4xx_hal_spi.c ****     /* Call transmit-receive function to send Dummy data on Tx line and generate clock on CLK line 
 3447              		.loc 1 1692 5 is_stmt 1 view .LVU1186
1692:Drivers/STM32L4xx_HAL_Driver/Src/stm32l4xx_hal_spi.c ****     /* Call transmit-receive function to send Dummy data on Tx line and generate clock on CLK line 
 3448              		.loc 1 1692 17 is_stmt 0 view .LVU1187
 3449 00aa 0423     		movs	r3, #4
 3450 00ac 8CF85D30 		strb	r3, [ip, #93]
1694:Drivers/STM32L4xx_HAL_Driver/Src/stm32l4xx_hal_spi.c ****   }
 3451              		.loc 1 1694 5 is_stmt 1 view .LVU1188
1694:Drivers/STM32L4xx_HAL_Driver/Src/stm32l4xx_hal_spi.c ****   }
 3452              		.loc 1 1694 12 is_stmt 0 view .LVU1189
 3453 00b0 1346     		mov	r3, r2
 3454 00b2 0A46     		mov	r2, r1
 3455              	.LVL192:
1694:Drivers/STM32L4xx_HAL_Driver/Src/stm32l4xx_hal_spi.c ****   }
 3456              		.loc 1 1694 12 view .LVU1190
ARM GAS  /tmp/ccl8yU0j.s 			page 157


 3457 00b4 6046     		mov	r0, ip
 3458 00b6 FFF7FEFF 		bl	HAL_SPI_TransmitReceive_IT
 3459              	.LVL193:
1694:Drivers/STM32L4xx_HAL_Driver/Src/stm32l4xx_hal_spi.c ****   }
 3460              		.loc 1 1694 12 view .LVU1191
 3461 00ba F5E7     		b	.L241
 3462              	.LVL194:
 3463              	.L243:
1729:Drivers/STM32L4xx_HAL_Driver/Src/stm32l4xx_hal_spi.c ****     hspi->RxISR = SPI_RxISR_8BIT;
 3464              		.loc 1 1729 5 is_stmt 1 view .LVU1192
 3465 00bc DCF80020 		ldr	r2, [ip]
 3466              	.LVL195:
1729:Drivers/STM32L4xx_HAL_Driver/Src/stm32l4xx_hal_spi.c ****     hspi->RxISR = SPI_RxISR_8BIT;
 3467              		.loc 1 1729 5 is_stmt 0 view .LVU1193
 3468 00c0 5368     		ldr	r3, [r2, #4]
 3469 00c2 43F48053 		orr	r3, r3, #4096
 3470 00c6 5360     		str	r3, [r2, #4]
 3471              	.LVL196:
1730:Drivers/STM32L4xx_HAL_Driver/Src/stm32l4xx_hal_spi.c ****   }
 3472              		.loc 1 1730 5 is_stmt 1 view .LVU1194
1730:Drivers/STM32L4xx_HAL_Driver/Src/stm32l4xx_hal_spi.c ****   }
 3473              		.loc 1 1730 17 is_stmt 0 view .LVU1195
 3474 00c8 0B4B     		ldr	r3, .L255+4
 3475 00ca CCF84C30 		str	r3, [ip, #76]
 3476 00ce D3E7     		b	.L244
 3477              	.L254:
1737:Drivers/STM32L4xx_HAL_Driver/Src/stm32l4xx_hal_spi.c ****     SPI_1LINE_RX(hspi);
 3478              		.loc 1 1737 5 is_stmt 1 view .LVU1196
 3479 00d0 DCF80020 		ldr	r2, [ip]
 3480 00d4 1368     		ldr	r3, [r2]
 3481 00d6 23F04003 		bic	r3, r3, #64
 3482 00da 1360     		str	r3, [r2]
1738:Drivers/STM32L4xx_HAL_Driver/Src/stm32l4xx_hal_spi.c ****   }
 3483              		.loc 1 1738 5 view .LVU1197
 3484 00dc DCF80020 		ldr	r2, [ip]
 3485 00e0 1368     		ldr	r3, [r2]
 3486 00e2 23F48043 		bic	r3, r3, #16384
 3487 00e6 1360     		str	r3, [r2]
 3488 00e8 CBE7     		b	.L245
 3489              	.LVL197:
 3490              	.L247:
 3491              	.LCFI42:
 3492              		.cfi_def_cfa_offset 0
 3493              		.cfi_restore 3
 3494              		.cfi_restore 14
1687:Drivers/STM32L4xx_HAL_Driver/Src/stm32l4xx_hal_spi.c ****   }
 3495              		.loc 1 1687 12 is_stmt 0 view .LVU1198
 3496 00ea 0220     		movs	r0, #2
1775:Drivers/STM32L4xx_HAL_Driver/Src/stm32l4xx_hal_spi.c **** 
 3497              		.loc 1 1775 1 view .LVU1199
 3498 00ec 7047     		bx	lr
 3499              	.L248:
 3500              	.LCFI43:
 3501              		.cfi_def_cfa_offset 8
 3502              		.cfi_offset 3, -8
 3503              		.cfi_offset 14, -4
1704:Drivers/STM32L4xx_HAL_Driver/Src/stm32l4xx_hal_spi.c **** 
ARM GAS  /tmp/ccl8yU0j.s 			page 158


 3504              		.loc 1 1704 3 view .LVU1200
 3505 00ee 0220     		movs	r0, #2
 3506 00f0 DAE7     		b	.L241
 3507              	.L256:
 3508 00f2 00BF     		.align	2
 3509              	.L255:
 3510 00f4 00000000 		.word	SPI_RxISR_16BIT
 3511 00f8 00000000 		.word	SPI_RxISR_8BIT
 3512              		.cfi_endproc
 3513              	.LFE296:
 3515              		.section	.text.HAL_SPI_Transmit_DMA,"ax",%progbits
 3516              		.align	1
 3517              		.global	HAL_SPI_Transmit_DMA
 3518              		.syntax unified
 3519              		.thumb
 3520              		.thumb_func
 3522              	HAL_SPI_Transmit_DMA:
 3523              	.LVL198:
 3524              	.LFB298:
1895:Drivers/STM32L4xx_HAL_Driver/Src/stm32l4xx_hal_spi.c **** 
 3525              		.loc 1 1895 1 is_stmt 1 view -0
 3526              		.cfi_startproc
 3527              		@ args = 0, pretend = 0, frame = 0
 3528              		@ frame_needed = 0, uses_anonymous_args = 0
1895:Drivers/STM32L4xx_HAL_Driver/Src/stm32l4xx_hal_spi.c **** 
 3529              		.loc 1 1895 1 is_stmt 0 view .LVU1202
 3530 0000 38B5     		push	{r3, r4, r5, lr}
 3531              	.LCFI44:
 3532              		.cfi_def_cfa_offset 16
 3533              		.cfi_offset 3, -16
 3534              		.cfi_offset 4, -12
 3535              		.cfi_offset 5, -8
 3536              		.cfi_offset 14, -4
1898:Drivers/STM32L4xx_HAL_Driver/Src/stm32l4xx_hal_spi.c **** 
 3537              		.loc 1 1898 3 is_stmt 1 view .LVU1203
1901:Drivers/STM32L4xx_HAL_Driver/Src/stm32l4xx_hal_spi.c **** 
 3538              		.loc 1 1901 3 view .LVU1204
1903:Drivers/STM32L4xx_HAL_Driver/Src/stm32l4xx_hal_spi.c ****   {
 3539              		.loc 1 1903 3 view .LVU1205
1903:Drivers/STM32L4xx_HAL_Driver/Src/stm32l4xx_hal_spi.c ****   {
 3540              		.loc 1 1903 11 is_stmt 0 view .LVU1206
 3541 0002 90F85D50 		ldrb	r5, [r0, #93]	@ zero_extendqisi2
 3542 0006 EDB2     		uxtb	r5, r5
1903:Drivers/STM32L4xx_HAL_Driver/Src/stm32l4xx_hal_spi.c ****   {
 3543              		.loc 1 1903 6 view .LVU1207
 3544 0008 012D     		cmp	r5, #1
 3545 000a 40F08B80 		bne	.L264
 3546 000e 0446     		mov	r4, r0
1908:Drivers/STM32L4xx_HAL_Driver/Src/stm32l4xx_hal_spi.c ****   {
 3547              		.loc 1 1908 3 is_stmt 1 view .LVU1208
1908:Drivers/STM32L4xx_HAL_Driver/Src/stm32l4xx_hal_spi.c ****   {
 3548              		.loc 1 1908 6 is_stmt 0 view .LVU1209
 3549 0010 0029     		cmp	r1, #0
 3550 0012 00F08880 		beq	.L258
1908:Drivers/STM32L4xx_HAL_Driver/Src/stm32l4xx_hal_spi.c ****   {
 3551              		.loc 1 1908 23 discriminator 1 view .LVU1210
 3552 0016 002A     		cmp	r2, #0
ARM GAS  /tmp/ccl8yU0j.s 			page 159


 3553 0018 00F08580 		beq	.L258
1914:Drivers/STM32L4xx_HAL_Driver/Src/stm32l4xx_hal_spi.c **** 
 3554              		.loc 1 1914 3 is_stmt 1 view .LVU1211
1914:Drivers/STM32L4xx_HAL_Driver/Src/stm32l4xx_hal_spi.c **** 
 3555              		.loc 1 1914 3 view .LVU1212
 3556 001c 90F85C30 		ldrb	r3, [r0, #92]	@ zero_extendqisi2
 3557 0020 012B     		cmp	r3, #1
 3558 0022 00F08280 		beq	.L265
1914:Drivers/STM32L4xx_HAL_Driver/Src/stm32l4xx_hal_spi.c **** 
 3559              		.loc 1 1914 3 discriminator 2 view .LVU1213
 3560 0026 0123     		movs	r3, #1
 3561 0028 80F85C30 		strb	r3, [r0, #92]
1914:Drivers/STM32L4xx_HAL_Driver/Src/stm32l4xx_hal_spi.c **** 
 3562              		.loc 1 1914 3 discriminator 2 view .LVU1214
1917:Drivers/STM32L4xx_HAL_Driver/Src/stm32l4xx_hal_spi.c ****   hspi->ErrorCode   = HAL_SPI_ERROR_NONE;
 3563              		.loc 1 1917 3 discriminator 2 view .LVU1215
1917:Drivers/STM32L4xx_HAL_Driver/Src/stm32l4xx_hal_spi.c ****   hspi->ErrorCode   = HAL_SPI_ERROR_NONE;
 3564              		.loc 1 1917 21 is_stmt 0 discriminator 2 view .LVU1216
 3565 002c 0323     		movs	r3, #3
 3566 002e 80F85D30 		strb	r3, [r0, #93]
1918:Drivers/STM32L4xx_HAL_Driver/Src/stm32l4xx_hal_spi.c ****   hspi->pTxBuffPtr  = (const uint8_t *)pData;
 3567              		.loc 1 1918 3 is_stmt 1 discriminator 2 view .LVU1217
1918:Drivers/STM32L4xx_HAL_Driver/Src/stm32l4xx_hal_spi.c ****   hspi->pTxBuffPtr  = (const uint8_t *)pData;
 3568              		.loc 1 1918 21 is_stmt 0 discriminator 2 view .LVU1218
 3569 0032 0023     		movs	r3, #0
 3570 0034 0366     		str	r3, [r0, #96]
1919:Drivers/STM32L4xx_HAL_Driver/Src/stm32l4xx_hal_spi.c ****   hspi->TxXferSize  = Size;
 3571              		.loc 1 1919 3 is_stmt 1 discriminator 2 view .LVU1219
1919:Drivers/STM32L4xx_HAL_Driver/Src/stm32l4xx_hal_spi.c ****   hspi->TxXferSize  = Size;
 3572              		.loc 1 1919 21 is_stmt 0 discriminator 2 view .LVU1220
 3573 0036 8163     		str	r1, [r0, #56]
1920:Drivers/STM32L4xx_HAL_Driver/Src/stm32l4xx_hal_spi.c ****   hspi->TxXferCount = Size;
 3574              		.loc 1 1920 3 is_stmt 1 discriminator 2 view .LVU1221
1920:Drivers/STM32L4xx_HAL_Driver/Src/stm32l4xx_hal_spi.c ****   hspi->TxXferCount = Size;
 3575              		.loc 1 1920 21 is_stmt 0 discriminator 2 view .LVU1222
 3576 0038 8287     		strh	r2, [r0, #60]	@ movhi
1921:Drivers/STM32L4xx_HAL_Driver/Src/stm32l4xx_hal_spi.c **** 
 3577              		.loc 1 1921 3 is_stmt 1 discriminator 2 view .LVU1223
1921:Drivers/STM32L4xx_HAL_Driver/Src/stm32l4xx_hal_spi.c **** 
 3578              		.loc 1 1921 21 is_stmt 0 discriminator 2 view .LVU1224
 3579 003a C287     		strh	r2, [r0, #62]	@ movhi
1924:Drivers/STM32L4xx_HAL_Driver/Src/stm32l4xx_hal_spi.c ****   hspi->TxISR       = NULL;
 3580              		.loc 1 1924 3 is_stmt 1 discriminator 2 view .LVU1225
1924:Drivers/STM32L4xx_HAL_Driver/Src/stm32l4xx_hal_spi.c ****   hspi->TxISR       = NULL;
 3581              		.loc 1 1924 21 is_stmt 0 discriminator 2 view .LVU1226
 3582 003c 0364     		str	r3, [r0, #64]
1925:Drivers/STM32L4xx_HAL_Driver/Src/stm32l4xx_hal_spi.c ****   hspi->RxISR       = NULL;
 3583              		.loc 1 1925 3 is_stmt 1 discriminator 2 view .LVU1227
1925:Drivers/STM32L4xx_HAL_Driver/Src/stm32l4xx_hal_spi.c ****   hspi->RxISR       = NULL;
 3584              		.loc 1 1925 21 is_stmt 0 discriminator 2 view .LVU1228
 3585 003e 0365     		str	r3, [r0, #80]
1926:Drivers/STM32L4xx_HAL_Driver/Src/stm32l4xx_hal_spi.c ****   hspi->RxXferSize  = 0U;
 3586              		.loc 1 1926 3 is_stmt 1 discriminator 2 view .LVU1229
1926:Drivers/STM32L4xx_HAL_Driver/Src/stm32l4xx_hal_spi.c ****   hspi->RxXferSize  = 0U;
 3587              		.loc 1 1926 21 is_stmt 0 discriminator 2 view .LVU1230
 3588 0040 C364     		str	r3, [r0, #76]
1927:Drivers/STM32L4xx_HAL_Driver/Src/stm32l4xx_hal_spi.c ****   hspi->RxXferCount = 0U;
ARM GAS  /tmp/ccl8yU0j.s 			page 160


 3589              		.loc 1 1927 3 is_stmt 1 discriminator 2 view .LVU1231
1927:Drivers/STM32L4xx_HAL_Driver/Src/stm32l4xx_hal_spi.c ****   hspi->RxXferCount = 0U;
 3590              		.loc 1 1927 21 is_stmt 0 discriminator 2 view .LVU1232
 3591 0042 A0F84430 		strh	r3, [r0, #68]	@ movhi
1928:Drivers/STM32L4xx_HAL_Driver/Src/stm32l4xx_hal_spi.c **** 
 3592              		.loc 1 1928 3 is_stmt 1 discriminator 2 view .LVU1233
1928:Drivers/STM32L4xx_HAL_Driver/Src/stm32l4xx_hal_spi.c **** 
 3593              		.loc 1 1928 21 is_stmt 0 discriminator 2 view .LVU1234
 3594 0046 A0F84630 		strh	r3, [r0, #70]	@ movhi
1931:Drivers/STM32L4xx_HAL_Driver/Src/stm32l4xx_hal_spi.c ****   {
 3595              		.loc 1 1931 3 is_stmt 1 discriminator 2 view .LVU1235
1931:Drivers/STM32L4xx_HAL_Driver/Src/stm32l4xx_hal_spi.c ****   {
 3596              		.loc 1 1931 17 is_stmt 0 discriminator 2 view .LVU1236
 3597 004a 8368     		ldr	r3, [r0, #8]
1931:Drivers/STM32L4xx_HAL_Driver/Src/stm32l4xx_hal_spi.c ****   {
 3598              		.loc 1 1931 6 discriminator 2 view .LVU1237
 3599 004c B3F5004F 		cmp	r3, #32768
 3600 0050 3CD0     		beq	.L267
 3601              	.LVL199:
 3602              	.L259:
1947:Drivers/STM32L4xx_HAL_Driver/Src/stm32l4xx_hal_spi.c **** 
 3603              		.loc 1 1947 3 is_stmt 1 view .LVU1238
1947:Drivers/STM32L4xx_HAL_Driver/Src/stm32l4xx_hal_spi.c **** 
 3604              		.loc 1 1947 7 is_stmt 0 view .LVU1239
 3605 0052 636D     		ldr	r3, [r4, #84]
1947:Drivers/STM32L4xx_HAL_Driver/Src/stm32l4xx_hal_spi.c **** 
 3606              		.loc 1 1947 38 view .LVU1240
 3607 0054 364A     		ldr	r2, .L270
 3608 0056 1A63     		str	r2, [r3, #48]
1950:Drivers/STM32L4xx_HAL_Driver/Src/stm32l4xx_hal_spi.c **** 
 3609              		.loc 1 1950 3 is_stmt 1 view .LVU1241
1950:Drivers/STM32L4xx_HAL_Driver/Src/stm32l4xx_hal_spi.c **** 
 3610              		.loc 1 1950 7 is_stmt 0 view .LVU1242
 3611 0058 636D     		ldr	r3, [r4, #84]
1950:Drivers/STM32L4xx_HAL_Driver/Src/stm32l4xx_hal_spi.c **** 
 3612              		.loc 1 1950 34 view .LVU1243
 3613 005a 364A     		ldr	r2, .L270+4
 3614 005c DA62     		str	r2, [r3, #44]
1953:Drivers/STM32L4xx_HAL_Driver/Src/stm32l4xx_hal_spi.c **** 
 3615              		.loc 1 1953 3 is_stmt 1 view .LVU1244
1953:Drivers/STM32L4xx_HAL_Driver/Src/stm32l4xx_hal_spi.c **** 
 3616              		.loc 1 1953 7 is_stmt 0 view .LVU1245
 3617 005e 636D     		ldr	r3, [r4, #84]
1953:Drivers/STM32L4xx_HAL_Driver/Src/stm32l4xx_hal_spi.c **** 
 3618              		.loc 1 1953 35 view .LVU1246
 3619 0060 354A     		ldr	r2, .L270+8
 3620 0062 5A63     		str	r2, [r3, #52]
1956:Drivers/STM32L4xx_HAL_Driver/Src/stm32l4xx_hal_spi.c **** 
 3621              		.loc 1 1956 3 is_stmt 1 view .LVU1247
1956:Drivers/STM32L4xx_HAL_Driver/Src/stm32l4xx_hal_spi.c **** 
 3622              		.loc 1 1956 7 is_stmt 0 view .LVU1248
 3623 0064 636D     		ldr	r3, [r4, #84]
1956:Drivers/STM32L4xx_HAL_Driver/Src/stm32l4xx_hal_spi.c **** 
 3624              		.loc 1 1956 35 view .LVU1249
 3625 0066 0022     		movs	r2, #0
 3626 0068 9A63     		str	r2, [r3, #56]
1958:Drivers/STM32L4xx_HAL_Driver/Src/stm32l4xx_hal_spi.c ****   /* Packing mode is enabled only if the DMA setting is HALWORD */
ARM GAS  /tmp/ccl8yU0j.s 			page 161


 3627              		.loc 1 1958 3 is_stmt 1 view .LVU1250
 3628 006a 2268     		ldr	r2, [r4]
 3629 006c 5368     		ldr	r3, [r2, #4]
 3630 006e 23F48043 		bic	r3, r3, #16384
 3631 0072 5360     		str	r3, [r2, #4]
1960:Drivers/STM32L4xx_HAL_Driver/Src/stm32l4xx_hal_spi.c ****   {
 3632              		.loc 1 1960 3 view .LVU1251
1960:Drivers/STM32L4xx_HAL_Driver/Src/stm32l4xx_hal_spi.c ****   {
 3633              		.loc 1 1960 18 is_stmt 0 view .LVU1252
 3634 0074 E368     		ldr	r3, [r4, #12]
1960:Drivers/STM32L4xx_HAL_Driver/Src/stm32l4xx_hal_spi.c ****   {
 3635              		.loc 1 1960 6 view .LVU1253
 3636 0076 B3F5E06F 		cmp	r3, #1792
 3637 007a 04D8     		bhi	.L260
1960:Drivers/STM32L4xx_HAL_Driver/Src/stm32l4xx_hal_spi.c ****   {
 3638              		.loc 1 1960 58 discriminator 1 view .LVU1254
 3639 007c 636D     		ldr	r3, [r4, #84]
1960:Drivers/STM32L4xx_HAL_Driver/Src/stm32l4xx_hal_spi.c ****   {
 3640              		.loc 1 1960 72 discriminator 1 view .LVU1255
 3641 007e 9B69     		ldr	r3, [r3, #24]
1960:Drivers/STM32L4xx_HAL_Driver/Src/stm32l4xx_hal_spi.c ****   {
 3642              		.loc 1 1960 50 discriminator 1 view .LVU1256
 3643 0080 B3F5806F 		cmp	r3, #1024
 3644 0084 2DD0     		beq	.L268
 3645              	.L260:
1976:Drivers/STM32L4xx_HAL_Driver/Src/stm32l4xx_hal_spi.c ****                                  hspi->TxXferCount))
 3646              		.loc 1 1976 3 is_stmt 1 view .LVU1257
1976:Drivers/STM32L4xx_HAL_Driver/Src/stm32l4xx_hal_spi.c ****                                  hspi->TxXferCount))
 3647              		.loc 1 1976 91 is_stmt 0 view .LVU1258
 3648 0086 2268     		ldr	r2, [r4]
1977:Drivers/STM32L4xx_HAL_Driver/Src/stm32l4xx_hal_spi.c ****   {
 3649              		.loc 1 1977 38 view .LVU1259
 3650 0088 E38F     		ldrh	r3, [r4, #62]
1976:Drivers/STM32L4xx_HAL_Driver/Src/stm32l4xx_hal_spi.c ****                                  hspi->TxXferCount))
 3651              		.loc 1 1976 17 view .LVU1260
 3652 008a 9BB2     		uxth	r3, r3
 3653 008c 0C32     		adds	r2, r2, #12
 3654 008e A16B     		ldr	r1, [r4, #56]
 3655              	.LVL200:
1976:Drivers/STM32L4xx_HAL_Driver/Src/stm32l4xx_hal_spi.c ****                                  hspi->TxXferCount))
 3656              		.loc 1 1976 17 view .LVU1261
 3657 0090 606D     		ldr	r0, [r4, #84]
 3658              	.LVL201:
1976:Drivers/STM32L4xx_HAL_Driver/Src/stm32l4xx_hal_spi.c ****                                  hspi->TxXferCount))
 3659              		.loc 1 1976 17 view .LVU1262
 3660 0092 FFF7FEFF 		bl	HAL_DMA_Start_IT
 3661              	.LVL202:
1976:Drivers/STM32L4xx_HAL_Driver/Src/stm32l4xx_hal_spi.c ****                                  hspi->TxXferCount))
 3662              		.loc 1 1976 6 view .LVU1263
 3663 0096 0146     		mov	r1, r0
 3664 0098 0028     		cmp	r0, #0
 3665 009a 3BD1     		bne	.L269
1987:Drivers/STM32L4xx_HAL_Driver/Src/stm32l4xx_hal_spi.c ****   {
 3666              		.loc 1 1987 3 is_stmt 1 view .LVU1264
1987:Drivers/STM32L4xx_HAL_Driver/Src/stm32l4xx_hal_spi.c ****   {
 3667              		.loc 1 1987 12 is_stmt 0 view .LVU1265
 3668 009c 2368     		ldr	r3, [r4]
ARM GAS  /tmp/ccl8yU0j.s 			page 162


1987:Drivers/STM32L4xx_HAL_Driver/Src/stm32l4xx_hal_spi.c ****   {
 3669              		.loc 1 1987 22 view .LVU1266
 3670 009e 1A68     		ldr	r2, [r3]
1987:Drivers/STM32L4xx_HAL_Driver/Src/stm32l4xx_hal_spi.c ****   {
 3671              		.loc 1 1987 6 view .LVU1267
 3672 00a0 12F0400F 		tst	r2, #64
 3673 00a4 03D1     		bne	.L263
1990:Drivers/STM32L4xx_HAL_Driver/Src/stm32l4xx_hal_spi.c ****   }
 3674              		.loc 1 1990 5 is_stmt 1 view .LVU1268
 3675 00a6 1A68     		ldr	r2, [r3]
 3676 00a8 42F04002 		orr	r2, r2, #64
 3677 00ac 1A60     		str	r2, [r3]
 3678              	.L263:
1994:Drivers/STM32L4xx_HAL_Driver/Src/stm32l4xx_hal_spi.c **** 
 3679              		.loc 1 1994 3 view .LVU1269
1994:Drivers/STM32L4xx_HAL_Driver/Src/stm32l4xx_hal_spi.c **** 
 3680              		.loc 1 1994 3 view .LVU1270
 3681 00ae 0023     		movs	r3, #0
 3682 00b0 84F85C30 		strb	r3, [r4, #92]
1994:Drivers/STM32L4xx_HAL_Driver/Src/stm32l4xx_hal_spi.c **** 
 3683              		.loc 1 1994 3 view .LVU1271
1997:Drivers/STM32L4xx_HAL_Driver/Src/stm32l4xx_hal_spi.c **** 
 3684              		.loc 1 1997 3 view .LVU1272
 3685 00b4 2268     		ldr	r2, [r4]
 3686 00b6 5368     		ldr	r3, [r2, #4]
 3687 00b8 43F02003 		orr	r3, r3, #32
 3688 00bc 5360     		str	r3, [r2, #4]
2000:Drivers/STM32L4xx_HAL_Driver/Src/stm32l4xx_hal_spi.c **** 
 3689              		.loc 1 2000 3 view .LVU1273
 3690 00be 2268     		ldr	r2, [r4]
 3691 00c0 5368     		ldr	r3, [r2, #4]
 3692 00c2 43F00203 		orr	r3, r3, #2
 3693 00c6 5360     		str	r3, [r2, #4]
2002:Drivers/STM32L4xx_HAL_Driver/Src/stm32l4xx_hal_spi.c **** }
 3694              		.loc 1 2002 3 view .LVU1274
2002:Drivers/STM32L4xx_HAL_Driver/Src/stm32l4xx_hal_spi.c **** }
 3695              		.loc 1 2002 10 is_stmt 0 view .LVU1275
 3696 00c8 0D46     		mov	r5, r1
 3697 00ca 2CE0     		b	.L258
 3698              	.LVL203:
 3699              	.L267:
1934:Drivers/STM32L4xx_HAL_Driver/Src/stm32l4xx_hal_spi.c ****     SPI_1LINE_TX(hspi);
 3700              		.loc 1 1934 5 is_stmt 1 view .LVU1276
 3701 00cc 0268     		ldr	r2, [r0]
 3702              	.LVL204:
1934:Drivers/STM32L4xx_HAL_Driver/Src/stm32l4xx_hal_spi.c ****     SPI_1LINE_TX(hspi);
 3703              		.loc 1 1934 5 is_stmt 0 view .LVU1277
 3704 00ce 1368     		ldr	r3, [r2]
 3705 00d0 23F04003 		bic	r3, r3, #64
 3706 00d4 1360     		str	r3, [r2]
 3707              	.LVL205:
1935:Drivers/STM32L4xx_HAL_Driver/Src/stm32l4xx_hal_spi.c ****   }
 3708              		.loc 1 1935 5 is_stmt 1 view .LVU1278
 3709 00d6 0268     		ldr	r2, [r0]
 3710 00d8 1368     		ldr	r3, [r2]
 3711 00da 43F48043 		orr	r3, r3, #16384
 3712 00de 1360     		str	r3, [r2]
ARM GAS  /tmp/ccl8yU0j.s 			page 163


 3713 00e0 B7E7     		b	.L259
 3714              	.L268:
1963:Drivers/STM32L4xx_HAL_Driver/Src/stm32l4xx_hal_spi.c ****     {
 3715              		.loc 1 1963 5 view .LVU1279
1963:Drivers/STM32L4xx_HAL_Driver/Src/stm32l4xx_hal_spi.c ****     {
 3716              		.loc 1 1963 14 is_stmt 0 view .LVU1280
 3717 00e2 E38F     		ldrh	r3, [r4, #62]
1963:Drivers/STM32L4xx_HAL_Driver/Src/stm32l4xx_hal_spi.c ****     {
 3718              		.loc 1 1963 8 view .LVU1281
 3719 00e4 13F0010F 		tst	r3, #1
 3720 00e8 09D1     		bne	.L261
1965:Drivers/STM32L4xx_HAL_Driver/Src/stm32l4xx_hal_spi.c ****       hspi->TxXferCount = (hspi->TxXferCount >> 1U);
 3721              		.loc 1 1965 7 is_stmt 1 view .LVU1282
 3722 00ea 2268     		ldr	r2, [r4]
 3723 00ec 5368     		ldr	r3, [r2, #4]
 3724 00ee 23F48043 		bic	r3, r3, #16384
 3725 00f2 5360     		str	r3, [r2, #4]
1966:Drivers/STM32L4xx_HAL_Driver/Src/stm32l4xx_hal_spi.c ****     }
 3726              		.loc 1 1966 7 view .LVU1283
1966:Drivers/STM32L4xx_HAL_Driver/Src/stm32l4xx_hal_spi.c ****     }
 3727              		.loc 1 1966 32 is_stmt 0 view .LVU1284
 3728 00f4 E38F     		ldrh	r3, [r4, #62]
1966:Drivers/STM32L4xx_HAL_Driver/Src/stm32l4xx_hal_spi.c ****     }
 3729              		.loc 1 1966 25 view .LVU1285
 3730 00f6 C3F34E03 		ubfx	r3, r3, #1, #15
 3731 00fa E387     		strh	r3, [r4, #62]	@ movhi
 3732 00fc C3E7     		b	.L260
 3733              	.L261:
1970:Drivers/STM32L4xx_HAL_Driver/Src/stm32l4xx_hal_spi.c ****       hspi->TxXferCount = (hspi->TxXferCount >> 1U) + 1U;
 3734              		.loc 1 1970 7 is_stmt 1 view .LVU1286
 3735 00fe 2268     		ldr	r2, [r4]
 3736 0100 5368     		ldr	r3, [r2, #4]
 3737 0102 43F48043 		orr	r3, r3, #16384
 3738 0106 5360     		str	r3, [r2, #4]
1971:Drivers/STM32L4xx_HAL_Driver/Src/stm32l4xx_hal_spi.c ****     }
 3739              		.loc 1 1971 7 view .LVU1287
1971:Drivers/STM32L4xx_HAL_Driver/Src/stm32l4xx_hal_spi.c ****     }
 3740              		.loc 1 1971 32 is_stmt 0 view .LVU1288
 3741 0108 E38F     		ldrh	r3, [r4, #62]
1971:Drivers/STM32L4xx_HAL_Driver/Src/stm32l4xx_hal_spi.c ****     }
 3742              		.loc 1 1971 53 view .LVU1289
 3743 010a C3F34E03 		ubfx	r3, r3, #1, #15
 3744 010e 0133     		adds	r3, r3, #1
1971:Drivers/STM32L4xx_HAL_Driver/Src/stm32l4xx_hal_spi.c ****     }
 3745              		.loc 1 1971 25 view .LVU1290
 3746 0110 E387     		strh	r3, [r4, #62]	@ movhi
 3747 0112 B8E7     		b	.L260
 3748              	.LVL206:
 3749              	.L269:
1980:Drivers/STM32L4xx_HAL_Driver/Src/stm32l4xx_hal_spi.c ****     /* Process Unlocked */
 3750              		.loc 1 1980 5 is_stmt 1 view .LVU1291
 3751 0114 236E     		ldr	r3, [r4, #96]
 3752 0116 43F01003 		orr	r3, r3, #16
 3753 011a 2366     		str	r3, [r4, #96]
1982:Drivers/STM32L4xx_HAL_Driver/Src/stm32l4xx_hal_spi.c ****     return HAL_ERROR;
 3754              		.loc 1 1982 5 view .LVU1292
1982:Drivers/STM32L4xx_HAL_Driver/Src/stm32l4xx_hal_spi.c ****     return HAL_ERROR;
ARM GAS  /tmp/ccl8yU0j.s 			page 164


 3755              		.loc 1 1982 5 view .LVU1293
 3756 011c 0023     		movs	r3, #0
 3757 011e 84F85C30 		strb	r3, [r4, #92]
1982:Drivers/STM32L4xx_HAL_Driver/Src/stm32l4xx_hal_spi.c ****     return HAL_ERROR;
 3758              		.loc 1 1982 5 view .LVU1294
1983:Drivers/STM32L4xx_HAL_Driver/Src/stm32l4xx_hal_spi.c ****   }
 3759              		.loc 1 1983 5 view .LVU1295
1983:Drivers/STM32L4xx_HAL_Driver/Src/stm32l4xx_hal_spi.c ****   }
 3760              		.loc 1 1983 12 is_stmt 0 view .LVU1296
 3761 0122 00E0     		b	.L258
 3762              	.LVL207:
 3763              	.L264:
1905:Drivers/STM32L4xx_HAL_Driver/Src/stm32l4xx_hal_spi.c ****   }
 3764              		.loc 1 1905 12 view .LVU1297
 3765 0124 0225     		movs	r5, #2
 3766              	.LVL208:
 3767              	.L258:
2003:Drivers/STM32L4xx_HAL_Driver/Src/stm32l4xx_hal_spi.c **** 
 3768              		.loc 1 2003 1 view .LVU1298
 3769 0126 2846     		mov	r0, r5
 3770 0128 38BD     		pop	{r3, r4, r5, pc}
 3771              	.LVL209:
 3772              	.L265:
1914:Drivers/STM32L4xx_HAL_Driver/Src/stm32l4xx_hal_spi.c **** 
 3773              		.loc 1 1914 3 view .LVU1299
 3774 012a 0225     		movs	r5, #2
 3775 012c FBE7     		b	.L258
 3776              	.L271:
 3777 012e 00BF     		.align	2
 3778              	.L270:
 3779 0130 00000000 		.word	SPI_DMAHalfTransmitCplt
 3780 0134 00000000 		.word	SPI_DMATransmitCplt
 3781 0138 00000000 		.word	SPI_DMAError
 3782              		.cfi_endproc
 3783              	.LFE298:
 3785              		.section	.text.HAL_SPI_TransmitReceive_DMA,"ax",%progbits
 3786              		.align	1
 3787              		.global	HAL_SPI_TransmitReceive_DMA
 3788              		.syntax unified
 3789              		.thumb
 3790              		.thumb_func
 3792              	HAL_SPI_TransmitReceive_DMA:
 3793              	.LVL210:
 3794              	.LFB300:
2157:Drivers/STM32L4xx_HAL_Driver/Src/stm32l4xx_hal_spi.c ****   uint32_t             tmp_mode;
 3795              		.loc 1 2157 1 is_stmt 1 view -0
 3796              		.cfi_startproc
 3797              		@ args = 0, pretend = 0, frame = 0
 3798              		@ frame_needed = 0, uses_anonymous_args = 0
2157:Drivers/STM32L4xx_HAL_Driver/Src/stm32l4xx_hal_spi.c ****   uint32_t             tmp_mode;
 3799              		.loc 1 2157 1 is_stmt 0 view .LVU1301
 3800 0000 38B5     		push	{r3, r4, r5, lr}
 3801              	.LCFI45:
 3802              		.cfi_def_cfa_offset 16
 3803              		.cfi_offset 3, -16
 3804              		.cfi_offset 4, -12
 3805              		.cfi_offset 5, -8
ARM GAS  /tmp/ccl8yU0j.s 			page 165


 3806              		.cfi_offset 14, -4
 3807 0002 0446     		mov	r4, r0
2158:Drivers/STM32L4xx_HAL_Driver/Src/stm32l4xx_hal_spi.c ****   HAL_SPI_StateTypeDef tmp_state;
 3808              		.loc 1 2158 3 is_stmt 1 view .LVU1302
2159:Drivers/STM32L4xx_HAL_Driver/Src/stm32l4xx_hal_spi.c **** 
 3809              		.loc 1 2159 3 view .LVU1303
2162:Drivers/STM32L4xx_HAL_Driver/Src/stm32l4xx_hal_spi.c ****   assert_param(IS_SPI_DMA_HANDLE(hspi->hdmatx));
 3810              		.loc 1 2162 3 view .LVU1304
2163:Drivers/STM32L4xx_HAL_Driver/Src/stm32l4xx_hal_spi.c **** 
 3811              		.loc 1 2163 3 view .LVU1305
2166:Drivers/STM32L4xx_HAL_Driver/Src/stm32l4xx_hal_spi.c **** 
 3812              		.loc 1 2166 3 view .LVU1306
2169:Drivers/STM32L4xx_HAL_Driver/Src/stm32l4xx_hal_spi.c ****   tmp_mode            = hspi->Init.Mode;
 3813              		.loc 1 2169 3 view .LVU1307
2169:Drivers/STM32L4xx_HAL_Driver/Src/stm32l4xx_hal_spi.c ****   tmp_mode            = hspi->Init.Mode;
 3814              		.loc 1 2169 23 is_stmt 0 view .LVU1308
 3815 0004 90F85D00 		ldrb	r0, [r0, #93]	@ zero_extendqisi2
 3816              	.LVL211:
2169:Drivers/STM32L4xx_HAL_Driver/Src/stm32l4xx_hal_spi.c ****   tmp_mode            = hspi->Init.Mode;
 3817              		.loc 1 2169 23 view .LVU1309
 3818 0008 C0B2     		uxtb	r0, r0
 3819              	.LVL212:
2170:Drivers/STM32L4xx_HAL_Driver/Src/stm32l4xx_hal_spi.c **** 
 3820              		.loc 1 2170 3 is_stmt 1 view .LVU1310
2170:Drivers/STM32L4xx_HAL_Driver/Src/stm32l4xx_hal_spi.c **** 
 3821              		.loc 1 2170 23 is_stmt 0 view .LVU1311
 3822 000a 6568     		ldr	r5, [r4, #4]
 3823              	.LVL213:
2172:Drivers/STM32L4xx_HAL_Driver/Src/stm32l4xx_hal_spi.c ****         ((tmp_mode == SPI_MODE_MASTER) && (hspi->Init.Direction == SPI_DIRECTION_2LINES) &&
 3824              		.loc 1 2172 3 is_stmt 1 view .LVU1312
2172:Drivers/STM32L4xx_HAL_Driver/Src/stm32l4xx_hal_spi.c ****         ((tmp_mode == SPI_MODE_MASTER) && (hspi->Init.Direction == SPI_DIRECTION_2LINES) &&
 3825              		.loc 1 2172 6 is_stmt 0 view .LVU1313
 3826 000c 0128     		cmp	r0, #1
 3827 000e 0AD0     		beq	.L273
2172:Drivers/STM32L4xx_HAL_Driver/Src/stm32l4xx_hal_spi.c ****         ((tmp_mode == SPI_MODE_MASTER) && (hspi->Init.Direction == SPI_DIRECTION_2LINES) &&
 3828              		.loc 1 2172 7 discriminator 1 view .LVU1314
 3829 0010 B5F5827F 		cmp	r5, #260
 3830 0014 40F0E880 		bne	.L286
2173:Drivers/STM32L4xx_HAL_Driver/Src/stm32l4xx_hal_spi.c ****          (tmp_state == HAL_SPI_STATE_BUSY_RX))))
 3831              		.loc 1 2173 54 view .LVU1315
 3832 0018 A568     		ldr	r5, [r4, #8]
 3833              	.LVL214:
2173:Drivers/STM32L4xx_HAL_Driver/Src/stm32l4xx_hal_spi.c ****          (tmp_state == HAL_SPI_STATE_BUSY_RX))))
 3834              		.loc 1 2173 40 view .LVU1316
 3835 001a 002D     		cmp	r5, #0
 3836 001c 40F0E680 		bne	.L287
2173:Drivers/STM32L4xx_HAL_Driver/Src/stm32l4xx_hal_spi.c ****          (tmp_state == HAL_SPI_STATE_BUSY_RX))))
 3837              		.loc 1 2173 90 discriminator 1 view .LVU1317
 3838 0020 0428     		cmp	r0, #4
 3839 0022 40F0E580 		bne	.L288
 3840              	.L273:
2179:Drivers/STM32L4xx_HAL_Driver/Src/stm32l4xx_hal_spi.c ****   {
 3841              		.loc 1 2179 3 is_stmt 1 view .LVU1318
2179:Drivers/STM32L4xx_HAL_Driver/Src/stm32l4xx_hal_spi.c ****   {
 3842              		.loc 1 2179 6 is_stmt 0 view .LVU1319
 3843 0026 0029     		cmp	r1, #0
 3844 0028 00F0E480 		beq	.L289
ARM GAS  /tmp/ccl8yU0j.s 			page 166


2179:Drivers/STM32L4xx_HAL_Driver/Src/stm32l4xx_hal_spi.c ****   {
 3845              		.loc 1 2179 25 discriminator 1 view .LVU1320
 3846 002c 002A     		cmp	r2, #0
 3847 002e 00F0E380 		beq	.L290
2179:Drivers/STM32L4xx_HAL_Driver/Src/stm32l4xx_hal_spi.c ****   {
 3848              		.loc 1 2179 46 discriminator 2 view .LVU1321
 3849 0032 002B     		cmp	r3, #0
 3850 0034 00F0E280 		beq	.L291
2185:Drivers/STM32L4xx_HAL_Driver/Src/stm32l4xx_hal_spi.c **** 
 3851              		.loc 1 2185 3 is_stmt 1 view .LVU1322
2185:Drivers/STM32L4xx_HAL_Driver/Src/stm32l4xx_hal_spi.c **** 
 3852              		.loc 1 2185 3 view .LVU1323
 3853 0038 94F85C00 		ldrb	r0, [r4, #92]	@ zero_extendqisi2
 3854              	.LVL215:
2185:Drivers/STM32L4xx_HAL_Driver/Src/stm32l4xx_hal_spi.c **** 
 3855              		.loc 1 2185 3 is_stmt 0 view .LVU1324
 3856 003c 0128     		cmp	r0, #1
 3857 003e 00F0DF80 		beq	.L292
2185:Drivers/STM32L4xx_HAL_Driver/Src/stm32l4xx_hal_spi.c **** 
 3858              		.loc 1 2185 3 is_stmt 1 discriminator 2 view .LVU1325
 3859 0042 0120     		movs	r0, #1
 3860 0044 84F85C00 		strb	r0, [r4, #92]
2185:Drivers/STM32L4xx_HAL_Driver/Src/stm32l4xx_hal_spi.c **** 
 3861              		.loc 1 2185 3 discriminator 2 view .LVU1326
2188:Drivers/STM32L4xx_HAL_Driver/Src/stm32l4xx_hal_spi.c ****   {
 3862              		.loc 1 2188 3 discriminator 2 view .LVU1327
2188:Drivers/STM32L4xx_HAL_Driver/Src/stm32l4xx_hal_spi.c ****   {
 3863              		.loc 1 2188 11 is_stmt 0 discriminator 2 view .LVU1328
 3864 0048 94F85D00 		ldrb	r0, [r4, #93]	@ zero_extendqisi2
 3865 004c C0B2     		uxtb	r0, r0
2188:Drivers/STM32L4xx_HAL_Driver/Src/stm32l4xx_hal_spi.c ****   {
 3866              		.loc 1 2188 6 discriminator 2 view .LVU1329
 3867 004e 0428     		cmp	r0, #4
 3868 0050 02D0     		beq	.L275
2190:Drivers/STM32L4xx_HAL_Driver/Src/stm32l4xx_hal_spi.c ****   }
 3869              		.loc 1 2190 5 is_stmt 1 view .LVU1330
2190:Drivers/STM32L4xx_HAL_Driver/Src/stm32l4xx_hal_spi.c ****   }
 3870              		.loc 1 2190 17 is_stmt 0 view .LVU1331
 3871 0052 0520     		movs	r0, #5
 3872 0054 84F85D00 		strb	r0, [r4, #93]
 3873              	.L275:
2194:Drivers/STM32L4xx_HAL_Driver/Src/stm32l4xx_hal_spi.c ****   hspi->pTxBuffPtr  = (const uint8_t *)pTxData;
 3874              		.loc 1 2194 3 is_stmt 1 view .LVU1332
2194:Drivers/STM32L4xx_HAL_Driver/Src/stm32l4xx_hal_spi.c ****   hspi->pTxBuffPtr  = (const uint8_t *)pTxData;
 3875              		.loc 1 2194 21 is_stmt 0 view .LVU1333
 3876 0058 0020     		movs	r0, #0
 3877 005a 2066     		str	r0, [r4, #96]
2195:Drivers/STM32L4xx_HAL_Driver/Src/stm32l4xx_hal_spi.c ****   hspi->TxXferSize  = Size;
 3878              		.loc 1 2195 3 is_stmt 1 view .LVU1334
2195:Drivers/STM32L4xx_HAL_Driver/Src/stm32l4xx_hal_spi.c ****   hspi->TxXferSize  = Size;
 3879              		.loc 1 2195 21 is_stmt 0 view .LVU1335
 3880 005c A163     		str	r1, [r4, #56]
2196:Drivers/STM32L4xx_HAL_Driver/Src/stm32l4xx_hal_spi.c ****   hspi->TxXferCount = Size;
 3881              		.loc 1 2196 3 is_stmt 1 view .LVU1336
2196:Drivers/STM32L4xx_HAL_Driver/Src/stm32l4xx_hal_spi.c ****   hspi->TxXferCount = Size;
 3882              		.loc 1 2196 21 is_stmt 0 view .LVU1337
 3883 005e A387     		strh	r3, [r4, #60]	@ movhi
ARM GAS  /tmp/ccl8yU0j.s 			page 167


2197:Drivers/STM32L4xx_HAL_Driver/Src/stm32l4xx_hal_spi.c ****   hspi->pRxBuffPtr  = (uint8_t *)pRxData;
 3884              		.loc 1 2197 3 is_stmt 1 view .LVU1338
2197:Drivers/STM32L4xx_HAL_Driver/Src/stm32l4xx_hal_spi.c ****   hspi->pRxBuffPtr  = (uint8_t *)pRxData;
 3885              		.loc 1 2197 21 is_stmt 0 view .LVU1339
 3886 0060 E387     		strh	r3, [r4, #62]	@ movhi
2198:Drivers/STM32L4xx_HAL_Driver/Src/stm32l4xx_hal_spi.c ****   hspi->RxXferSize  = Size;
 3887              		.loc 1 2198 3 is_stmt 1 view .LVU1340
2198:Drivers/STM32L4xx_HAL_Driver/Src/stm32l4xx_hal_spi.c ****   hspi->RxXferSize  = Size;
 3888              		.loc 1 2198 21 is_stmt 0 view .LVU1341
 3889 0062 2264     		str	r2, [r4, #64]
2199:Drivers/STM32L4xx_HAL_Driver/Src/stm32l4xx_hal_spi.c ****   hspi->RxXferCount = Size;
 3890              		.loc 1 2199 3 is_stmt 1 view .LVU1342
2199:Drivers/STM32L4xx_HAL_Driver/Src/stm32l4xx_hal_spi.c ****   hspi->RxXferCount = Size;
 3891              		.loc 1 2199 21 is_stmt 0 view .LVU1343
 3892 0064 A4F84430 		strh	r3, [r4, #68]	@ movhi
2200:Drivers/STM32L4xx_HAL_Driver/Src/stm32l4xx_hal_spi.c **** 
 3893              		.loc 1 2200 3 is_stmt 1 view .LVU1344
2200:Drivers/STM32L4xx_HAL_Driver/Src/stm32l4xx_hal_spi.c **** 
 3894              		.loc 1 2200 21 is_stmt 0 view .LVU1345
 3895 0068 A4F84630 		strh	r3, [r4, #70]	@ movhi
2203:Drivers/STM32L4xx_HAL_Driver/Src/stm32l4xx_hal_spi.c ****   hspi->TxISR       = NULL;
 3896              		.loc 1 2203 3 is_stmt 1 view .LVU1346
2203:Drivers/STM32L4xx_HAL_Driver/Src/stm32l4xx_hal_spi.c ****   hspi->TxISR       = NULL;
 3897              		.loc 1 2203 21 is_stmt 0 view .LVU1347
 3898 006c E064     		str	r0, [r4, #76]
2204:Drivers/STM32L4xx_HAL_Driver/Src/stm32l4xx_hal_spi.c **** 
 3899              		.loc 1 2204 3 is_stmt 1 view .LVU1348
2204:Drivers/STM32L4xx_HAL_Driver/Src/stm32l4xx_hal_spi.c **** 
 3900              		.loc 1 2204 21 is_stmt 0 view .LVU1349
 3901 006e 2065     		str	r0, [r4, #80]
2215:Drivers/STM32L4xx_HAL_Driver/Src/stm32l4xx_hal_spi.c **** 
 3902              		.loc 1 2215 3 is_stmt 1 view .LVU1350
 3903 0070 2268     		ldr	r2, [r4]
 3904              	.LVL216:
2215:Drivers/STM32L4xx_HAL_Driver/Src/stm32l4xx_hal_spi.c **** 
 3905              		.loc 1 2215 3 is_stmt 0 view .LVU1351
 3906 0072 5368     		ldr	r3, [r2, #4]
 3907              	.LVL217:
2215:Drivers/STM32L4xx_HAL_Driver/Src/stm32l4xx_hal_spi.c **** 
 3908              		.loc 1 2215 3 view .LVU1352
 3909 0074 23F4C043 		bic	r3, r3, #24576
 3910 0078 5360     		str	r3, [r2, #4]
 3911              	.LVL218:
2218:Drivers/STM32L4xx_HAL_Driver/Src/stm32l4xx_hal_spi.c ****   {
 3912              		.loc 1 2218 3 is_stmt 1 view .LVU1353
2218:Drivers/STM32L4xx_HAL_Driver/Src/stm32l4xx_hal_spi.c ****   {
 3913              		.loc 1 2218 17 is_stmt 0 view .LVU1354
 3914 007a E368     		ldr	r3, [r4, #12]
2218:Drivers/STM32L4xx_HAL_Driver/Src/stm32l4xx_hal_spi.c ****   {
 3915              		.loc 1 2218 6 view .LVU1355
 3916 007c B3F5E06F 		cmp	r3, #1792
 3917 0080 29D9     		bls	.L276
2221:Drivers/STM32L4xx_HAL_Driver/Src/stm32l4xx_hal_spi.c ****   }
 3918              		.loc 1 2221 5 is_stmt 1 view .LVU1356
 3919 0082 2268     		ldr	r2, [r4]
 3920 0084 5368     		ldr	r3, [r2, #4]
 3921 0086 23F48053 		bic	r3, r3, #4096
ARM GAS  /tmp/ccl8yU0j.s 			page 168


 3922 008a 5360     		str	r3, [r2, #4]
 3923              	.L277:
2261:Drivers/STM32L4xx_HAL_Driver/Src/stm32l4xx_hal_spi.c ****   {
 3924              		.loc 1 2261 3 view .LVU1357
2261:Drivers/STM32L4xx_HAL_Driver/Src/stm32l4xx_hal_spi.c ****   {
 3925              		.loc 1 2261 11 is_stmt 0 view .LVU1358
 3926 008c 94F85D30 		ldrb	r3, [r4, #93]	@ zero_extendqisi2
 3927 0090 DBB2     		uxtb	r3, r3
2261:Drivers/STM32L4xx_HAL_Driver/Src/stm32l4xx_hal_spi.c ****   {
 3928              		.loc 1 2261 6 view .LVU1359
 3929 0092 042B     		cmp	r3, #4
 3930 0094 6AD0     		beq	.L294
2270:Drivers/STM32L4xx_HAL_Driver/Src/stm32l4xx_hal_spi.c ****     hspi->hdmarx->XferCpltCallback     = SPI_DMATransmitReceiveCplt;
 3931              		.loc 1 2270 5 is_stmt 1 view .LVU1360
2270:Drivers/STM32L4xx_HAL_Driver/Src/stm32l4xx_hal_spi.c ****     hspi->hdmarx->XferCpltCallback     = SPI_DMATransmitReceiveCplt;
 3932              		.loc 1 2270 9 is_stmt 0 view .LVU1361
 3933 0096 A36D     		ldr	r3, [r4, #88]
2270:Drivers/STM32L4xx_HAL_Driver/Src/stm32l4xx_hal_spi.c ****     hspi->hdmarx->XferCpltCallback     = SPI_DMATransmitReceiveCplt;
 3934              		.loc 1 2270 40 view .LVU1362
 3935 0098 5A4A     		ldr	r2, .L297
 3936 009a 1A63     		str	r2, [r3, #48]
2271:Drivers/STM32L4xx_HAL_Driver/Src/stm32l4xx_hal_spi.c ****   }
 3937              		.loc 1 2271 5 is_stmt 1 view .LVU1363
2271:Drivers/STM32L4xx_HAL_Driver/Src/stm32l4xx_hal_spi.c ****   }
 3938              		.loc 1 2271 9 is_stmt 0 view .LVU1364
 3939 009c A36D     		ldr	r3, [r4, #88]
2271:Drivers/STM32L4xx_HAL_Driver/Src/stm32l4xx_hal_spi.c ****   }
 3940              		.loc 1 2271 40 view .LVU1365
 3941 009e 5A4A     		ldr	r2, .L297+4
 3942 00a0 DA62     		str	r2, [r3, #44]
 3943              	.L282:
2275:Drivers/STM32L4xx_HAL_Driver/Src/stm32l4xx_hal_spi.c **** 
 3944              		.loc 1 2275 3 is_stmt 1 view .LVU1366
2275:Drivers/STM32L4xx_HAL_Driver/Src/stm32l4xx_hal_spi.c **** 
 3945              		.loc 1 2275 7 is_stmt 0 view .LVU1367
 3946 00a2 A36D     		ldr	r3, [r4, #88]
2275:Drivers/STM32L4xx_HAL_Driver/Src/stm32l4xx_hal_spi.c **** 
 3947              		.loc 1 2275 35 view .LVU1368
 3948 00a4 594A     		ldr	r2, .L297+8
 3949 00a6 5A63     		str	r2, [r3, #52]
2278:Drivers/STM32L4xx_HAL_Driver/Src/stm32l4xx_hal_spi.c **** 
 3950              		.loc 1 2278 3 is_stmt 1 view .LVU1369
2278:Drivers/STM32L4xx_HAL_Driver/Src/stm32l4xx_hal_spi.c **** 
 3951              		.loc 1 2278 7 is_stmt 0 view .LVU1370
 3952 00a8 A36D     		ldr	r3, [r4, #88]
2278:Drivers/STM32L4xx_HAL_Driver/Src/stm32l4xx_hal_spi.c **** 
 3953              		.loc 1 2278 35 view .LVU1371
 3954 00aa 0022     		movs	r2, #0
 3955 00ac 9A63     		str	r2, [r3, #56]
2281:Drivers/STM32L4xx_HAL_Driver/Src/stm32l4xx_hal_spi.c ****                                  hspi->RxXferCount))
 3956              		.loc 1 2281 3 is_stmt 1 view .LVU1372
2281:Drivers/STM32L4xx_HAL_Driver/Src/stm32l4xx_hal_spi.c ****                                  hspi->RxXferCount))
 3957              		.loc 1 2281 63 is_stmt 0 view .LVU1373
 3958 00ae 2168     		ldr	r1, [r4]
 3959              	.LVL219:
2282:Drivers/STM32L4xx_HAL_Driver/Src/stm32l4xx_hal_spi.c ****   {
 3960              		.loc 1 2282 38 view .LVU1374
ARM GAS  /tmp/ccl8yU0j.s 			page 169


 3961 00b0 B4F84630 		ldrh	r3, [r4, #70]
2281:Drivers/STM32L4xx_HAL_Driver/Src/stm32l4xx_hal_spi.c ****                                  hspi->RxXferCount))
 3962              		.loc 1 2281 17 view .LVU1375
 3963 00b4 9BB2     		uxth	r3, r3
 3964 00b6 226C     		ldr	r2, [r4, #64]
 3965 00b8 0C31     		adds	r1, r1, #12
 3966 00ba A06D     		ldr	r0, [r4, #88]
 3967 00bc FFF7FEFF 		bl	HAL_DMA_Start_IT
 3968              	.LVL220:
2281:Drivers/STM32L4xx_HAL_Driver/Src/stm32l4xx_hal_spi.c ****                                  hspi->RxXferCount))
 3969              		.loc 1 2281 6 view .LVU1376
 3970 00c0 0028     		cmp	r0, #0
 3971 00c2 5AD0     		beq	.L283
2285:Drivers/STM32L4xx_HAL_Driver/Src/stm32l4xx_hal_spi.c ****     /* Process Unlocked */
 3972              		.loc 1 2285 5 is_stmt 1 view .LVU1377
 3973 00c4 236E     		ldr	r3, [r4, #96]
 3974 00c6 43F01003 		orr	r3, r3, #16
 3975 00ca 2366     		str	r3, [r4, #96]
2287:Drivers/STM32L4xx_HAL_Driver/Src/stm32l4xx_hal_spi.c ****     return HAL_ERROR;
 3976              		.loc 1 2287 5 view .LVU1378
2287:Drivers/STM32L4xx_HAL_Driver/Src/stm32l4xx_hal_spi.c ****     return HAL_ERROR;
 3977              		.loc 1 2287 5 view .LVU1379
 3978 00cc 0023     		movs	r3, #0
 3979 00ce 84F85C30 		strb	r3, [r4, #92]
2287:Drivers/STM32L4xx_HAL_Driver/Src/stm32l4xx_hal_spi.c ****     return HAL_ERROR;
 3980              		.loc 1 2287 5 view .LVU1380
2288:Drivers/STM32L4xx_HAL_Driver/Src/stm32l4xx_hal_spi.c ****   }
 3981              		.loc 1 2288 5 view .LVU1381
2288:Drivers/STM32L4xx_HAL_Driver/Src/stm32l4xx_hal_spi.c ****   }
 3982              		.loc 1 2288 12 is_stmt 0 view .LVU1382
 3983 00d2 0120     		movs	r0, #1
 3984 00d4 89E0     		b	.L274
 3985              	.LVL221:
 3986              	.L276:
2226:Drivers/STM32L4xx_HAL_Driver/Src/stm32l4xx_hal_spi.c **** 
 3987              		.loc 1 2226 5 is_stmt 1 view .LVU1383
 3988 00d6 2268     		ldr	r2, [r4]
 3989 00d8 5368     		ldr	r3, [r2, #4]
 3990 00da 43F48053 		orr	r3, r3, #4096
 3991 00de 5360     		str	r3, [r2, #4]
2228:Drivers/STM32L4xx_HAL_Driver/Src/stm32l4xx_hal_spi.c ****     {
 3992              		.loc 1 2228 5 view .LVU1384
2228:Drivers/STM32L4xx_HAL_Driver/Src/stm32l4xx_hal_spi.c ****     {
 3993              		.loc 1 2228 13 is_stmt 0 view .LVU1385
 3994 00e0 636D     		ldr	r3, [r4, #84]
2228:Drivers/STM32L4xx_HAL_Driver/Src/stm32l4xx_hal_spi.c ****     {
 3995              		.loc 1 2228 27 view .LVU1386
 3996 00e2 9B69     		ldr	r3, [r3, #24]
2228:Drivers/STM32L4xx_HAL_Driver/Src/stm32l4xx_hal_spi.c ****     {
 3997              		.loc 1 2228 8 view .LVU1387
 3998 00e4 B3F5806F 		cmp	r3, #1024
 3999 00e8 1AD0     		beq	.L295
 4000              	.L278:
2242:Drivers/STM32L4xx_HAL_Driver/Src/stm32l4xx_hal_spi.c ****     {
 4001              		.loc 1 2242 5 is_stmt 1 view .LVU1388
2242:Drivers/STM32L4xx_HAL_Driver/Src/stm32l4xx_hal_spi.c ****     {
 4002              		.loc 1 2242 13 is_stmt 0 view .LVU1389
ARM GAS  /tmp/ccl8yU0j.s 			page 170


 4003 00ea A36D     		ldr	r3, [r4, #88]
2242:Drivers/STM32L4xx_HAL_Driver/Src/stm32l4xx_hal_spi.c ****     {
 4004              		.loc 1 2242 27 view .LVU1390
 4005 00ec 9B69     		ldr	r3, [r3, #24]
2242:Drivers/STM32L4xx_HAL_Driver/Src/stm32l4xx_hal_spi.c ****     {
 4006              		.loc 1 2242 8 view .LVU1391
 4007 00ee B3F5806F 		cmp	r3, #1024
 4008 00f2 CBD1     		bne	.L277
2245:Drivers/STM32L4xx_HAL_Driver/Src/stm32l4xx_hal_spi.c **** 
 4009              		.loc 1 2245 7 is_stmt 1 view .LVU1392
 4010 00f4 2268     		ldr	r2, [r4]
 4011 00f6 5368     		ldr	r3, [r2, #4]
 4012 00f8 23F48053 		bic	r3, r3, #4096
 4013 00fc 5360     		str	r3, [r2, #4]
2247:Drivers/STM32L4xx_HAL_Driver/Src/stm32l4xx_hal_spi.c ****       {
 4014              		.loc 1 2247 7 view .LVU1393
2247:Drivers/STM32L4xx_HAL_Driver/Src/stm32l4xx_hal_spi.c ****       {
 4015              		.loc 1 2247 16 is_stmt 0 view .LVU1394
 4016 00fe B4F84630 		ldrh	r3, [r4, #70]
2247:Drivers/STM32L4xx_HAL_Driver/Src/stm32l4xx_hal_spi.c ****       {
 4017              		.loc 1 2247 10 view .LVU1395
 4018 0102 13F0010F 		tst	r3, #1
 4019 0106 24D1     		bne	.L280
2249:Drivers/STM32L4xx_HAL_Driver/Src/stm32l4xx_hal_spi.c ****         hspi->RxXferCount = hspi->RxXferCount >> 1U;
 4020              		.loc 1 2249 9 is_stmt 1 view .LVU1396
 4021 0108 2268     		ldr	r2, [r4]
 4022 010a 5368     		ldr	r3, [r2, #4]
 4023 010c 23F40053 		bic	r3, r3, #8192
 4024 0110 5360     		str	r3, [r2, #4]
2250:Drivers/STM32L4xx_HAL_Driver/Src/stm32l4xx_hal_spi.c ****       }
 4025              		.loc 1 2250 9 view .LVU1397
2250:Drivers/STM32L4xx_HAL_Driver/Src/stm32l4xx_hal_spi.c ****       }
 4026              		.loc 1 2250 33 is_stmt 0 view .LVU1398
 4027 0112 B4F84630 		ldrh	r3, [r4, #70]
2250:Drivers/STM32L4xx_HAL_Driver/Src/stm32l4xx_hal_spi.c ****       }
 4028              		.loc 1 2250 27 view .LVU1399
 4029 0116 C3F34E03 		ubfx	r3, r3, #1, #15
 4030 011a A4F84630 		strh	r3, [r4, #70]	@ movhi
 4031 011e B5E7     		b	.L277
 4032              	.L295:
2230:Drivers/STM32L4xx_HAL_Driver/Src/stm32l4xx_hal_spi.c ****       {
 4033              		.loc 1 2230 7 is_stmt 1 view .LVU1400
2230:Drivers/STM32L4xx_HAL_Driver/Src/stm32l4xx_hal_spi.c ****       {
 4034              		.loc 1 2230 16 is_stmt 0 view .LVU1401
 4035 0120 A38F     		ldrh	r3, [r4, #60]
2230:Drivers/STM32L4xx_HAL_Driver/Src/stm32l4xx_hal_spi.c ****       {
 4036              		.loc 1 2230 10 view .LVU1402
 4037 0122 13F0010F 		tst	r3, #1
 4038 0126 09D1     		bne	.L279
2232:Drivers/STM32L4xx_HAL_Driver/Src/stm32l4xx_hal_spi.c ****         hspi->TxXferCount = hspi->TxXferCount >> 1U;
 4039              		.loc 1 2232 9 is_stmt 1 view .LVU1403
 4040 0128 2268     		ldr	r2, [r4]
 4041 012a 5368     		ldr	r3, [r2, #4]
 4042 012c 23F48043 		bic	r3, r3, #16384
 4043 0130 5360     		str	r3, [r2, #4]
2233:Drivers/STM32L4xx_HAL_Driver/Src/stm32l4xx_hal_spi.c ****       }
 4044              		.loc 1 2233 9 view .LVU1404
ARM GAS  /tmp/ccl8yU0j.s 			page 171


2233:Drivers/STM32L4xx_HAL_Driver/Src/stm32l4xx_hal_spi.c ****       }
 4045              		.loc 1 2233 33 is_stmt 0 view .LVU1405
 4046 0132 E38F     		ldrh	r3, [r4, #62]
2233:Drivers/STM32L4xx_HAL_Driver/Src/stm32l4xx_hal_spi.c ****       }
 4047              		.loc 1 2233 27 view .LVU1406
 4048 0134 C3F34E03 		ubfx	r3, r3, #1, #15
 4049 0138 E387     		strh	r3, [r4, #62]	@ movhi
 4050 013a D6E7     		b	.L278
 4051              	.L279:
2237:Drivers/STM32L4xx_HAL_Driver/Src/stm32l4xx_hal_spi.c ****         hspi->TxXferCount = (hspi->TxXferCount >> 1U) + 1U;
 4052              		.loc 1 2237 9 is_stmt 1 view .LVU1407
 4053 013c 2268     		ldr	r2, [r4]
 4054 013e 5368     		ldr	r3, [r2, #4]
 4055 0140 43F48043 		orr	r3, r3, #16384
 4056 0144 5360     		str	r3, [r2, #4]
2238:Drivers/STM32L4xx_HAL_Driver/Src/stm32l4xx_hal_spi.c ****       }
 4057              		.loc 1 2238 9 view .LVU1408
2238:Drivers/STM32L4xx_HAL_Driver/Src/stm32l4xx_hal_spi.c ****       }
 4058              		.loc 1 2238 34 is_stmt 0 view .LVU1409
 4059 0146 E38F     		ldrh	r3, [r4, #62]
2238:Drivers/STM32L4xx_HAL_Driver/Src/stm32l4xx_hal_spi.c ****       }
 4060              		.loc 1 2238 55 view .LVU1410
 4061 0148 C3F34E03 		ubfx	r3, r3, #1, #15
 4062 014c 0133     		adds	r3, r3, #1
2238:Drivers/STM32L4xx_HAL_Driver/Src/stm32l4xx_hal_spi.c ****       }
 4063              		.loc 1 2238 27 view .LVU1411
 4064 014e E387     		strh	r3, [r4, #62]	@ movhi
 4065 0150 CBE7     		b	.L278
 4066              	.L280:
2254:Drivers/STM32L4xx_HAL_Driver/Src/stm32l4xx_hal_spi.c ****         hspi->RxXferCount = (hspi->RxXferCount >> 1U) + 1U;
 4067              		.loc 1 2254 9 is_stmt 1 view .LVU1412
 4068 0152 2268     		ldr	r2, [r4]
 4069 0154 5368     		ldr	r3, [r2, #4]
 4070 0156 43F40053 		orr	r3, r3, #8192
 4071 015a 5360     		str	r3, [r2, #4]
2255:Drivers/STM32L4xx_HAL_Driver/Src/stm32l4xx_hal_spi.c ****       }
 4072              		.loc 1 2255 9 view .LVU1413
2255:Drivers/STM32L4xx_HAL_Driver/Src/stm32l4xx_hal_spi.c ****       }
 4073              		.loc 1 2255 34 is_stmt 0 view .LVU1414
 4074 015c B4F84630 		ldrh	r3, [r4, #70]
2255:Drivers/STM32L4xx_HAL_Driver/Src/stm32l4xx_hal_spi.c ****       }
 4075              		.loc 1 2255 55 view .LVU1415
 4076 0160 C3F34E03 		ubfx	r3, r3, #1, #15
 4077 0164 0133     		adds	r3, r3, #1
2255:Drivers/STM32L4xx_HAL_Driver/Src/stm32l4xx_hal_spi.c ****       }
 4078              		.loc 1 2255 27 view .LVU1416
 4079 0166 A4F84630 		strh	r3, [r4, #70]	@ movhi
 4080 016a 8FE7     		b	.L277
 4081              	.L294:
2264:Drivers/STM32L4xx_HAL_Driver/Src/stm32l4xx_hal_spi.c ****     hspi->hdmarx->XferCpltCallback     = SPI_DMAReceiveCplt;
 4082              		.loc 1 2264 5 is_stmt 1 view .LVU1417
2264:Drivers/STM32L4xx_HAL_Driver/Src/stm32l4xx_hal_spi.c ****     hspi->hdmarx->XferCpltCallback     = SPI_DMAReceiveCplt;
 4083              		.loc 1 2264 9 is_stmt 0 view .LVU1418
 4084 016c A36D     		ldr	r3, [r4, #88]
2264:Drivers/STM32L4xx_HAL_Driver/Src/stm32l4xx_hal_spi.c ****     hspi->hdmarx->XferCpltCallback     = SPI_DMAReceiveCplt;
 4085              		.loc 1 2264 40 view .LVU1419
 4086 016e 284A     		ldr	r2, .L297+12
ARM GAS  /tmp/ccl8yU0j.s 			page 172


 4087 0170 1A63     		str	r2, [r3, #48]
2265:Drivers/STM32L4xx_HAL_Driver/Src/stm32l4xx_hal_spi.c ****   }
 4088              		.loc 1 2265 5 is_stmt 1 view .LVU1420
2265:Drivers/STM32L4xx_HAL_Driver/Src/stm32l4xx_hal_spi.c ****   }
 4089              		.loc 1 2265 9 is_stmt 0 view .LVU1421
 4090 0172 A36D     		ldr	r3, [r4, #88]
2265:Drivers/STM32L4xx_HAL_Driver/Src/stm32l4xx_hal_spi.c ****   }
 4091              		.loc 1 2265 40 view .LVU1422
 4092 0174 274A     		ldr	r2, .L297+16
 4093 0176 DA62     		str	r2, [r3, #44]
 4094 0178 93E7     		b	.L282
 4095              	.LVL222:
 4096              	.L283:
2292:Drivers/STM32L4xx_HAL_Driver/Src/stm32l4xx_hal_spi.c **** 
 4097              		.loc 1 2292 3 is_stmt 1 view .LVU1423
 4098 017a 2268     		ldr	r2, [r4]
 4099 017c 5368     		ldr	r3, [r2, #4]
 4100 017e 43F00103 		orr	r3, r3, #1
 4101 0182 5360     		str	r3, [r2, #4]
2296:Drivers/STM32L4xx_HAL_Driver/Src/stm32l4xx_hal_spi.c ****   hspi->hdmatx->XferCpltCallback     = NULL;
 4102              		.loc 1 2296 3 view .LVU1424
2296:Drivers/STM32L4xx_HAL_Driver/Src/stm32l4xx_hal_spi.c ****   hspi->hdmatx->XferCpltCallback     = NULL;
 4103              		.loc 1 2296 7 is_stmt 0 view .LVU1425
 4104 0184 626D     		ldr	r2, [r4, #84]
2296:Drivers/STM32L4xx_HAL_Driver/Src/stm32l4xx_hal_spi.c ****   hspi->hdmatx->XferCpltCallback     = NULL;
 4105              		.loc 1 2296 38 view .LVU1426
 4106 0186 0023     		movs	r3, #0
 4107 0188 1363     		str	r3, [r2, #48]
2297:Drivers/STM32L4xx_HAL_Driver/Src/stm32l4xx_hal_spi.c ****   hspi->hdmatx->XferErrorCallback    = NULL;
 4108              		.loc 1 2297 3 is_stmt 1 view .LVU1427
2297:Drivers/STM32L4xx_HAL_Driver/Src/stm32l4xx_hal_spi.c ****   hspi->hdmatx->XferErrorCallback    = NULL;
 4109              		.loc 1 2297 7 is_stmt 0 view .LVU1428
 4110 018a 626D     		ldr	r2, [r4, #84]
2297:Drivers/STM32L4xx_HAL_Driver/Src/stm32l4xx_hal_spi.c ****   hspi->hdmatx->XferErrorCallback    = NULL;
 4111              		.loc 1 2297 38 view .LVU1429
 4112 018c D362     		str	r3, [r2, #44]
2298:Drivers/STM32L4xx_HAL_Driver/Src/stm32l4xx_hal_spi.c ****   hspi->hdmatx->XferAbortCallback    = NULL;
 4113              		.loc 1 2298 3 is_stmt 1 view .LVU1430
2298:Drivers/STM32L4xx_HAL_Driver/Src/stm32l4xx_hal_spi.c ****   hspi->hdmatx->XferAbortCallback    = NULL;
 4114              		.loc 1 2298 7 is_stmt 0 view .LVU1431
 4115 018e 626D     		ldr	r2, [r4, #84]
2298:Drivers/STM32L4xx_HAL_Driver/Src/stm32l4xx_hal_spi.c ****   hspi->hdmatx->XferAbortCallback    = NULL;
 4116              		.loc 1 2298 38 view .LVU1432
 4117 0190 5363     		str	r3, [r2, #52]
2299:Drivers/STM32L4xx_HAL_Driver/Src/stm32l4xx_hal_spi.c **** 
 4118              		.loc 1 2299 3 is_stmt 1 view .LVU1433
2299:Drivers/STM32L4xx_HAL_Driver/Src/stm32l4xx_hal_spi.c **** 
 4119              		.loc 1 2299 7 is_stmt 0 view .LVU1434
 4120 0192 626D     		ldr	r2, [r4, #84]
2299:Drivers/STM32L4xx_HAL_Driver/Src/stm32l4xx_hal_spi.c **** 
 4121              		.loc 1 2299 38 view .LVU1435
 4122 0194 9363     		str	r3, [r2, #56]
2302:Drivers/STM32L4xx_HAL_Driver/Src/stm32l4xx_hal_spi.c ****                                  hspi->TxXferCount))
 4123              		.loc 1 2302 3 is_stmt 1 view .LVU1436
2302:Drivers/STM32L4xx_HAL_Driver/Src/stm32l4xx_hal_spi.c ****                                  hspi->TxXferCount))
 4124              		.loc 1 2302 91 is_stmt 0 view .LVU1437
 4125 0196 2268     		ldr	r2, [r4]
ARM GAS  /tmp/ccl8yU0j.s 			page 173


2303:Drivers/STM32L4xx_HAL_Driver/Src/stm32l4xx_hal_spi.c ****   {
 4126              		.loc 1 2303 38 view .LVU1438
 4127 0198 E38F     		ldrh	r3, [r4, #62]
2302:Drivers/STM32L4xx_HAL_Driver/Src/stm32l4xx_hal_spi.c ****                                  hspi->TxXferCount))
 4128              		.loc 1 2302 17 view .LVU1439
 4129 019a 9BB2     		uxth	r3, r3
 4130 019c 0C32     		adds	r2, r2, #12
 4131 019e A16B     		ldr	r1, [r4, #56]
 4132 01a0 606D     		ldr	r0, [r4, #84]
 4133 01a2 FFF7FEFF 		bl	HAL_DMA_Start_IT
 4134              	.LVL223:
2302:Drivers/STM32L4xx_HAL_Driver/Src/stm32l4xx_hal_spi.c ****                                  hspi->TxXferCount))
 4135              		.loc 1 2302 6 view .LVU1440
 4136 01a6 B0B9     		cbnz	r0, .L296
2313:Drivers/STM32L4xx_HAL_Driver/Src/stm32l4xx_hal_spi.c ****   {
 4137              		.loc 1 2313 3 is_stmt 1 view .LVU1441
2313:Drivers/STM32L4xx_HAL_Driver/Src/stm32l4xx_hal_spi.c ****   {
 4138              		.loc 1 2313 12 is_stmt 0 view .LVU1442
 4139 01a8 2368     		ldr	r3, [r4]
2313:Drivers/STM32L4xx_HAL_Driver/Src/stm32l4xx_hal_spi.c ****   {
 4140              		.loc 1 2313 22 view .LVU1443
 4141 01aa 1A68     		ldr	r2, [r3]
2313:Drivers/STM32L4xx_HAL_Driver/Src/stm32l4xx_hal_spi.c ****   {
 4142              		.loc 1 2313 6 view .LVU1444
 4143 01ac 12F0400F 		tst	r2, #64
 4144 01b0 03D1     		bne	.L285
2316:Drivers/STM32L4xx_HAL_Driver/Src/stm32l4xx_hal_spi.c ****   }
 4145              		.loc 1 2316 5 is_stmt 1 view .LVU1445
 4146 01b2 1A68     		ldr	r2, [r3]
 4147 01b4 42F04002 		orr	r2, r2, #64
 4148 01b8 1A60     		str	r2, [r3]
 4149              	.L285:
2320:Drivers/STM32L4xx_HAL_Driver/Src/stm32l4xx_hal_spi.c **** 
 4150              		.loc 1 2320 3 view .LVU1446
2320:Drivers/STM32L4xx_HAL_Driver/Src/stm32l4xx_hal_spi.c **** 
 4151              		.loc 1 2320 3 view .LVU1447
 4152 01ba 0023     		movs	r3, #0
 4153 01bc 84F85C30 		strb	r3, [r4, #92]
2320:Drivers/STM32L4xx_HAL_Driver/Src/stm32l4xx_hal_spi.c **** 
 4154              		.loc 1 2320 3 view .LVU1448
2323:Drivers/STM32L4xx_HAL_Driver/Src/stm32l4xx_hal_spi.c **** 
 4155              		.loc 1 2323 3 view .LVU1449
 4156 01c0 2268     		ldr	r2, [r4]
 4157 01c2 5368     		ldr	r3, [r2, #4]
 4158 01c4 43F02003 		orr	r3, r3, #32
 4159 01c8 5360     		str	r3, [r2, #4]
2326:Drivers/STM32L4xx_HAL_Driver/Src/stm32l4xx_hal_spi.c **** 
 4160              		.loc 1 2326 3 view .LVU1450
 4161 01ca 2268     		ldr	r2, [r4]
 4162 01cc 5368     		ldr	r3, [r2, #4]
 4163 01ce 43F00203 		orr	r3, r3, #2
 4164 01d2 5360     		str	r3, [r2, #4]
2328:Drivers/STM32L4xx_HAL_Driver/Src/stm32l4xx_hal_spi.c **** }
 4165              		.loc 1 2328 3 view .LVU1451
2328:Drivers/STM32L4xx_HAL_Driver/Src/stm32l4xx_hal_spi.c **** }
 4166              		.loc 1 2328 10 is_stmt 0 view .LVU1452
 4167 01d4 09E0     		b	.L274
ARM GAS  /tmp/ccl8yU0j.s 			page 174


 4168              	.L296:
2306:Drivers/STM32L4xx_HAL_Driver/Src/stm32l4xx_hal_spi.c ****     /* Process Unlocked */
 4169              		.loc 1 2306 5 is_stmt 1 view .LVU1453
 4170 01d6 236E     		ldr	r3, [r4, #96]
 4171 01d8 43F01003 		orr	r3, r3, #16
 4172 01dc 2366     		str	r3, [r4, #96]
2308:Drivers/STM32L4xx_HAL_Driver/Src/stm32l4xx_hal_spi.c ****     return HAL_ERROR;
 4173              		.loc 1 2308 5 view .LVU1454
2308:Drivers/STM32L4xx_HAL_Driver/Src/stm32l4xx_hal_spi.c ****     return HAL_ERROR;
 4174              		.loc 1 2308 5 view .LVU1455
 4175 01de 0023     		movs	r3, #0
 4176 01e0 84F85C30 		strb	r3, [r4, #92]
2308:Drivers/STM32L4xx_HAL_Driver/Src/stm32l4xx_hal_spi.c ****     return HAL_ERROR;
 4177              		.loc 1 2308 5 view .LVU1456
2309:Drivers/STM32L4xx_HAL_Driver/Src/stm32l4xx_hal_spi.c ****   }
 4178              		.loc 1 2309 5 view .LVU1457
2309:Drivers/STM32L4xx_HAL_Driver/Src/stm32l4xx_hal_spi.c ****   }
 4179              		.loc 1 2309 12 is_stmt 0 view .LVU1458
 4180 01e4 0120     		movs	r0, #1
 4181 01e6 00E0     		b	.L274
 4182              	.LVL224:
 4183              	.L286:
2176:Drivers/STM32L4xx_HAL_Driver/Src/stm32l4xx_hal_spi.c ****   }
 4184              		.loc 1 2176 12 view .LVU1459
 4185 01e8 0220     		movs	r0, #2
 4186              	.LVL225:
 4187              	.L274:
2329:Drivers/STM32L4xx_HAL_Driver/Src/stm32l4xx_hal_spi.c **** 
 4188              		.loc 1 2329 1 view .LVU1460
 4189 01ea 38BD     		pop	{r3, r4, r5, pc}
 4190              	.LVL226:
 4191              	.L287:
2176:Drivers/STM32L4xx_HAL_Driver/Src/stm32l4xx_hal_spi.c ****   }
 4192              		.loc 1 2176 12 view .LVU1461
 4193 01ec 0220     		movs	r0, #2
 4194              	.LVL227:
2176:Drivers/STM32L4xx_HAL_Driver/Src/stm32l4xx_hal_spi.c ****   }
 4195              		.loc 1 2176 12 view .LVU1462
 4196 01ee FCE7     		b	.L274
 4197              	.LVL228:
 4198              	.L288:
2176:Drivers/STM32L4xx_HAL_Driver/Src/stm32l4xx_hal_spi.c ****   }
 4199              		.loc 1 2176 12 view .LVU1463
 4200 01f0 0220     		movs	r0, #2
 4201              	.LVL229:
2176:Drivers/STM32L4xx_HAL_Driver/Src/stm32l4xx_hal_spi.c ****   }
 4202              		.loc 1 2176 12 view .LVU1464
 4203 01f2 FAE7     		b	.L274
 4204              	.LVL230:
 4205              	.L289:
2181:Drivers/STM32L4xx_HAL_Driver/Src/stm32l4xx_hal_spi.c ****   }
 4206              		.loc 1 2181 12 view .LVU1465
 4207 01f4 0120     		movs	r0, #1
 4208              	.LVL231:
2181:Drivers/STM32L4xx_HAL_Driver/Src/stm32l4xx_hal_spi.c ****   }
 4209              		.loc 1 2181 12 view .LVU1466
 4210 01f6 F8E7     		b	.L274
ARM GAS  /tmp/ccl8yU0j.s 			page 175


 4211              	.LVL232:
 4212              	.L290:
2181:Drivers/STM32L4xx_HAL_Driver/Src/stm32l4xx_hal_spi.c ****   }
 4213              		.loc 1 2181 12 view .LVU1467
 4214 01f8 0120     		movs	r0, #1
 4215              	.LVL233:
2181:Drivers/STM32L4xx_HAL_Driver/Src/stm32l4xx_hal_spi.c ****   }
 4216              		.loc 1 2181 12 view .LVU1468
 4217 01fa F6E7     		b	.L274
 4218              	.LVL234:
 4219              	.L291:
2181:Drivers/STM32L4xx_HAL_Driver/Src/stm32l4xx_hal_spi.c ****   }
 4220              		.loc 1 2181 12 view .LVU1469
 4221 01fc 0120     		movs	r0, #1
 4222              	.LVL235:
2181:Drivers/STM32L4xx_HAL_Driver/Src/stm32l4xx_hal_spi.c ****   }
 4223              		.loc 1 2181 12 view .LVU1470
 4224 01fe F4E7     		b	.L274
 4225              	.L292:
2185:Drivers/STM32L4xx_HAL_Driver/Src/stm32l4xx_hal_spi.c **** 
 4226              		.loc 1 2185 3 view .LVU1471
 4227 0200 0220     		movs	r0, #2
 4228 0202 F2E7     		b	.L274
 4229              	.L298:
 4230              		.align	2
 4231              	.L297:
 4232 0204 00000000 		.word	SPI_DMAHalfTransmitReceiveCplt
 4233 0208 00000000 		.word	SPI_DMATransmitReceiveCplt
 4234 020c 00000000 		.word	SPI_DMAError
 4235 0210 00000000 		.word	SPI_DMAHalfReceiveCplt
 4236 0214 00000000 		.word	SPI_DMAReceiveCplt
 4237              		.cfi_endproc
 4238              	.LFE300:
 4240              		.section	.text.HAL_SPI_Receive_DMA,"ax",%progbits
 4241              		.align	1
 4242              		.global	HAL_SPI_Receive_DMA
 4243              		.syntax unified
 4244              		.thumb
 4245              		.thumb_func
 4247              	HAL_SPI_Receive_DMA:
 4248              	.LVL236:
 4249              	.LFB299:
2016:Drivers/STM32L4xx_HAL_Driver/Src/stm32l4xx_hal_spi.c ****   /* Check rx dma handle */
 4250              		.loc 1 2016 1 is_stmt 1 view -0
 4251              		.cfi_startproc
 4252              		@ args = 0, pretend = 0, frame = 0
 4253              		@ frame_needed = 0, uses_anonymous_args = 0
2016:Drivers/STM32L4xx_HAL_Driver/Src/stm32l4xx_hal_spi.c ****   /* Check rx dma handle */
 4254              		.loc 1 2016 1 is_stmt 0 view .LVU1473
 4255 0000 38B5     		push	{r3, r4, r5, lr}
 4256              	.LCFI46:
 4257              		.cfi_def_cfa_offset 16
 4258              		.cfi_offset 3, -16
 4259              		.cfi_offset 4, -12
 4260              		.cfi_offset 5, -8
 4261              		.cfi_offset 14, -4
2018:Drivers/STM32L4xx_HAL_Driver/Src/stm32l4xx_hal_spi.c **** 
ARM GAS  /tmp/ccl8yU0j.s 			page 176


 4262              		.loc 1 2018 3 is_stmt 1 view .LVU1474
2020:Drivers/STM32L4xx_HAL_Driver/Src/stm32l4xx_hal_spi.c ****   {
 4263              		.loc 1 2020 3 view .LVU1475
2020:Drivers/STM32L4xx_HAL_Driver/Src/stm32l4xx_hal_spi.c ****   {
 4264              		.loc 1 2020 11 is_stmt 0 view .LVU1476
 4265 0002 90F85D50 		ldrb	r5, [r0, #93]	@ zero_extendqisi2
 4266 0006 EDB2     		uxtb	r5, r5
2020:Drivers/STM32L4xx_HAL_Driver/Src/stm32l4xx_hal_spi.c ****   {
 4267              		.loc 1 2020 6 view .LVU1477
 4268 0008 012D     		cmp	r5, #1
 4269 000a 40F0AE80 		bne	.L308
 4270 000e 0446     		mov	r4, r0
2025:Drivers/STM32L4xx_HAL_Driver/Src/stm32l4xx_hal_spi.c ****   {
 4271              		.loc 1 2025 3 is_stmt 1 view .LVU1478
2025:Drivers/STM32L4xx_HAL_Driver/Src/stm32l4xx_hal_spi.c ****   {
 4272              		.loc 1 2025 18 is_stmt 0 view .LVU1479
 4273 0010 8068     		ldr	r0, [r0, #8]
 4274              	.LVL237:
2025:Drivers/STM32L4xx_HAL_Driver/Src/stm32l4xx_hal_spi.c ****   {
 4275              		.loc 1 2025 6 view .LVU1480
 4276 0012 18B9     		cbnz	r0, .L301
2025:Drivers/STM32L4xx_HAL_Driver/Src/stm32l4xx_hal_spi.c ****   {
 4277              		.loc 1 2025 68 discriminator 1 view .LVU1481
 4278 0014 6368     		ldr	r3, [r4, #4]
2025:Drivers/STM32L4xx_HAL_Driver/Src/stm32l4xx_hal_spi.c ****   {
 4279              		.loc 1 2025 54 discriminator 1 view .LVU1482
 4280 0016 B3F5827F 		cmp	r3, #260
 4281 001a 5CD0     		beq	.L311
 4282              	.L301:
2036:Drivers/STM32L4xx_HAL_Driver/Src/stm32l4xx_hal_spi.c ****   {
 4283              		.loc 1 2036 3 is_stmt 1 view .LVU1483
2036:Drivers/STM32L4xx_HAL_Driver/Src/stm32l4xx_hal_spi.c ****   {
 4284              		.loc 1 2036 6 is_stmt 0 view .LVU1484
 4285 001c 0029     		cmp	r1, #0
 4286 001e 00F0A580 		beq	.L300
2036:Drivers/STM32L4xx_HAL_Driver/Src/stm32l4xx_hal_spi.c ****   {
 4287              		.loc 1 2036 23 discriminator 1 view .LVU1485
 4288 0022 002A     		cmp	r2, #0
 4289 0024 00F0A280 		beq	.L300
2042:Drivers/STM32L4xx_HAL_Driver/Src/stm32l4xx_hal_spi.c **** 
 4290              		.loc 1 2042 3 is_stmt 1 view .LVU1486
2042:Drivers/STM32L4xx_HAL_Driver/Src/stm32l4xx_hal_spi.c **** 
 4291              		.loc 1 2042 3 view .LVU1487
 4292 0028 94F85C30 		ldrb	r3, [r4, #92]	@ zero_extendqisi2
 4293 002c 012B     		cmp	r3, #1
 4294 002e 00F09F80 		beq	.L309
2042:Drivers/STM32L4xx_HAL_Driver/Src/stm32l4xx_hal_spi.c **** 
 4295              		.loc 1 2042 3 discriminator 2 view .LVU1488
 4296 0032 0123     		movs	r3, #1
 4297 0034 84F85C30 		strb	r3, [r4, #92]
2042:Drivers/STM32L4xx_HAL_Driver/Src/stm32l4xx_hal_spi.c **** 
 4298              		.loc 1 2042 3 discriminator 2 view .LVU1489
2045:Drivers/STM32L4xx_HAL_Driver/Src/stm32l4xx_hal_spi.c ****   hspi->ErrorCode   = HAL_SPI_ERROR_NONE;
 4299              		.loc 1 2045 3 discriminator 2 view .LVU1490
2045:Drivers/STM32L4xx_HAL_Driver/Src/stm32l4xx_hal_spi.c ****   hspi->ErrorCode   = HAL_SPI_ERROR_NONE;
 4300              		.loc 1 2045 21 is_stmt 0 discriminator 2 view .LVU1491
 4301 0038 0423     		movs	r3, #4
ARM GAS  /tmp/ccl8yU0j.s 			page 177


 4302 003a 84F85D30 		strb	r3, [r4, #93]
2046:Drivers/STM32L4xx_HAL_Driver/Src/stm32l4xx_hal_spi.c ****   hspi->pRxBuffPtr  = (uint8_t *)pData;
 4303              		.loc 1 2046 3 is_stmt 1 discriminator 2 view .LVU1492
2046:Drivers/STM32L4xx_HAL_Driver/Src/stm32l4xx_hal_spi.c ****   hspi->pRxBuffPtr  = (uint8_t *)pData;
 4304              		.loc 1 2046 21 is_stmt 0 discriminator 2 view .LVU1493
 4305 003e 0023     		movs	r3, #0
 4306 0040 2366     		str	r3, [r4, #96]
2047:Drivers/STM32L4xx_HAL_Driver/Src/stm32l4xx_hal_spi.c ****   hspi->RxXferSize  = Size;
 4307              		.loc 1 2047 3 is_stmt 1 discriminator 2 view .LVU1494
2047:Drivers/STM32L4xx_HAL_Driver/Src/stm32l4xx_hal_spi.c ****   hspi->RxXferSize  = Size;
 4308              		.loc 1 2047 21 is_stmt 0 discriminator 2 view .LVU1495
 4309 0042 2164     		str	r1, [r4, #64]
2048:Drivers/STM32L4xx_HAL_Driver/Src/stm32l4xx_hal_spi.c ****   hspi->RxXferCount = Size;
 4310              		.loc 1 2048 3 is_stmt 1 discriminator 2 view .LVU1496
2048:Drivers/STM32L4xx_HAL_Driver/Src/stm32l4xx_hal_spi.c ****   hspi->RxXferCount = Size;
 4311              		.loc 1 2048 21 is_stmt 0 discriminator 2 view .LVU1497
 4312 0044 A4F84420 		strh	r2, [r4, #68]	@ movhi
2049:Drivers/STM32L4xx_HAL_Driver/Src/stm32l4xx_hal_spi.c **** 
 4313              		.loc 1 2049 3 is_stmt 1 discriminator 2 view .LVU1498
2049:Drivers/STM32L4xx_HAL_Driver/Src/stm32l4xx_hal_spi.c **** 
 4314              		.loc 1 2049 21 is_stmt 0 discriminator 2 view .LVU1499
 4315 0048 A4F84620 		strh	r2, [r4, #70]	@ movhi
2052:Drivers/STM32L4xx_HAL_Driver/Src/stm32l4xx_hal_spi.c ****   hspi->TxISR       = NULL;
 4316              		.loc 1 2052 3 is_stmt 1 discriminator 2 view .LVU1500
2052:Drivers/STM32L4xx_HAL_Driver/Src/stm32l4xx_hal_spi.c ****   hspi->TxISR       = NULL;
 4317              		.loc 1 2052 21 is_stmt 0 discriminator 2 view .LVU1501
 4318 004c E364     		str	r3, [r4, #76]
2053:Drivers/STM32L4xx_HAL_Driver/Src/stm32l4xx_hal_spi.c ****   hspi->TxXferSize  = 0U;
 4319              		.loc 1 2053 3 is_stmt 1 discriminator 2 view .LVU1502
2053:Drivers/STM32L4xx_HAL_Driver/Src/stm32l4xx_hal_spi.c ****   hspi->TxXferSize  = 0U;
 4320              		.loc 1 2053 21 is_stmt 0 discriminator 2 view .LVU1503
 4321 004e 2365     		str	r3, [r4, #80]
2054:Drivers/STM32L4xx_HAL_Driver/Src/stm32l4xx_hal_spi.c ****   hspi->TxXferCount = 0U;
 4322              		.loc 1 2054 3 is_stmt 1 discriminator 2 view .LVU1504
2054:Drivers/STM32L4xx_HAL_Driver/Src/stm32l4xx_hal_spi.c ****   hspi->TxXferCount = 0U;
 4323              		.loc 1 2054 21 is_stmt 0 discriminator 2 view .LVU1505
 4324 0050 A387     		strh	r3, [r4, #60]	@ movhi
2055:Drivers/STM32L4xx_HAL_Driver/Src/stm32l4xx_hal_spi.c **** 
 4325              		.loc 1 2055 3 is_stmt 1 discriminator 2 view .LVU1506
2055:Drivers/STM32L4xx_HAL_Driver/Src/stm32l4xx_hal_spi.c **** 
 4326              		.loc 1 2055 21 is_stmt 0 discriminator 2 view .LVU1507
 4327 0052 E387     		strh	r3, [r4, #62]	@ movhi
2058:Drivers/STM32L4xx_HAL_Driver/Src/stm32l4xx_hal_spi.c ****   {
 4328              		.loc 1 2058 3 is_stmt 1 discriminator 2 view .LVU1508
2058:Drivers/STM32L4xx_HAL_Driver/Src/stm32l4xx_hal_spi.c ****   {
 4329              		.loc 1 2058 6 is_stmt 0 discriminator 2 view .LVU1509
 4330 0054 B0F5004F 		cmp	r0, #32768
 4331 0058 47D0     		beq	.L312
 4332              	.LVL238:
 4333              	.L302:
2074:Drivers/STM32L4xx_HAL_Driver/Src/stm32l4xx_hal_spi.c ****   if (hspi->Init.DataSize > SPI_DATASIZE_8BIT)
 4334              		.loc 1 2074 3 is_stmt 1 view .LVU1510
 4335 005a 2268     		ldr	r2, [r4]
 4336 005c 5368     		ldr	r3, [r2, #4]
 4337 005e 23F40053 		bic	r3, r3, #8192
 4338 0062 5360     		str	r3, [r2, #4]
2075:Drivers/STM32L4xx_HAL_Driver/Src/stm32l4xx_hal_spi.c ****   {
ARM GAS  /tmp/ccl8yU0j.s 			page 178


 4339              		.loc 1 2075 3 view .LVU1511
2075:Drivers/STM32L4xx_HAL_Driver/Src/stm32l4xx_hal_spi.c ****   {
 4340              		.loc 1 2075 17 is_stmt 0 view .LVU1512
 4341 0064 E368     		ldr	r3, [r4, #12]
2075:Drivers/STM32L4xx_HAL_Driver/Src/stm32l4xx_hal_spi.c ****   {
 4342              		.loc 1 2075 6 view .LVU1513
 4343 0066 B3F5E06F 		cmp	r3, #1792
 4344 006a 49D9     		bls	.L303
2078:Drivers/STM32L4xx_HAL_Driver/Src/stm32l4xx_hal_spi.c ****   }
 4345              		.loc 1 2078 5 is_stmt 1 view .LVU1514
 4346 006c 2268     		ldr	r2, [r4]
 4347 006e 5368     		ldr	r3, [r2, #4]
 4348 0070 23F48053 		bic	r3, r3, #4096
 4349 0074 5360     		str	r3, [r2, #4]
 4350              	.L304:
2104:Drivers/STM32L4xx_HAL_Driver/Src/stm32l4xx_hal_spi.c **** 
 4351              		.loc 1 2104 3 view .LVU1515
2104:Drivers/STM32L4xx_HAL_Driver/Src/stm32l4xx_hal_spi.c **** 
 4352              		.loc 1 2104 7 is_stmt 0 view .LVU1516
 4353 0076 A36D     		ldr	r3, [r4, #88]
2104:Drivers/STM32L4xx_HAL_Driver/Src/stm32l4xx_hal_spi.c **** 
 4354              		.loc 1 2104 38 view .LVU1517
 4355 0078 3E4A     		ldr	r2, .L314
 4356 007a 1A63     		str	r2, [r3, #48]
2107:Drivers/STM32L4xx_HAL_Driver/Src/stm32l4xx_hal_spi.c **** 
 4357              		.loc 1 2107 3 is_stmt 1 view .LVU1518
2107:Drivers/STM32L4xx_HAL_Driver/Src/stm32l4xx_hal_spi.c **** 
 4358              		.loc 1 2107 7 is_stmt 0 view .LVU1519
 4359 007c A36D     		ldr	r3, [r4, #88]
2107:Drivers/STM32L4xx_HAL_Driver/Src/stm32l4xx_hal_spi.c **** 
 4360              		.loc 1 2107 34 view .LVU1520
 4361 007e 3E4A     		ldr	r2, .L314+4
 4362 0080 DA62     		str	r2, [r3, #44]
2110:Drivers/STM32L4xx_HAL_Driver/Src/stm32l4xx_hal_spi.c **** 
 4363              		.loc 1 2110 3 is_stmt 1 view .LVU1521
2110:Drivers/STM32L4xx_HAL_Driver/Src/stm32l4xx_hal_spi.c **** 
 4364              		.loc 1 2110 7 is_stmt 0 view .LVU1522
 4365 0082 A36D     		ldr	r3, [r4, #88]
2110:Drivers/STM32L4xx_HAL_Driver/Src/stm32l4xx_hal_spi.c **** 
 4366              		.loc 1 2110 35 view .LVU1523
 4367 0084 3D4A     		ldr	r2, .L314+8
 4368 0086 5A63     		str	r2, [r3, #52]
2113:Drivers/STM32L4xx_HAL_Driver/Src/stm32l4xx_hal_spi.c **** 
 4369              		.loc 1 2113 3 is_stmt 1 view .LVU1524
2113:Drivers/STM32L4xx_HAL_Driver/Src/stm32l4xx_hal_spi.c **** 
 4370              		.loc 1 2113 7 is_stmt 0 view .LVU1525
 4371 0088 A36D     		ldr	r3, [r4, #88]
2113:Drivers/STM32L4xx_HAL_Driver/Src/stm32l4xx_hal_spi.c **** 
 4372              		.loc 1 2113 35 view .LVU1526
 4373 008a 0022     		movs	r2, #0
 4374 008c 9A63     		str	r2, [r3, #56]
2116:Drivers/STM32L4xx_HAL_Driver/Src/stm32l4xx_hal_spi.c ****                                  hspi->RxXferCount))
 4375              		.loc 1 2116 3 is_stmt 1 view .LVU1527
2116:Drivers/STM32L4xx_HAL_Driver/Src/stm32l4xx_hal_spi.c ****                                  hspi->RxXferCount))
 4376              		.loc 1 2116 63 is_stmt 0 view .LVU1528
 4377 008e 2168     		ldr	r1, [r4]
 4378              	.LVL239:
ARM GAS  /tmp/ccl8yU0j.s 			page 179


2117:Drivers/STM32L4xx_HAL_Driver/Src/stm32l4xx_hal_spi.c ****   {
 4379              		.loc 1 2117 38 view .LVU1529
 4380 0090 B4F84630 		ldrh	r3, [r4, #70]
2116:Drivers/STM32L4xx_HAL_Driver/Src/stm32l4xx_hal_spi.c ****                                  hspi->RxXferCount))
 4381              		.loc 1 2116 17 view .LVU1530
 4382 0094 9BB2     		uxth	r3, r3
 4383 0096 226C     		ldr	r2, [r4, #64]
 4384 0098 0C31     		adds	r1, r1, #12
 4385 009a A06D     		ldr	r0, [r4, #88]
 4386 009c FFF7FEFF 		bl	HAL_DMA_Start_IT
 4387              	.LVL240:
2116:Drivers/STM32L4xx_HAL_Driver/Src/stm32l4xx_hal_spi.c ****                                  hspi->RxXferCount))
 4388              		.loc 1 2116 6 view .LVU1531
 4389 00a0 0146     		mov	r1, r0
 4390 00a2 0028     		cmp	r0, #0
 4391 00a4 59D1     		bne	.L313
2127:Drivers/STM32L4xx_HAL_Driver/Src/stm32l4xx_hal_spi.c ****   {
 4392              		.loc 1 2127 3 is_stmt 1 view .LVU1532
2127:Drivers/STM32L4xx_HAL_Driver/Src/stm32l4xx_hal_spi.c ****   {
 4393              		.loc 1 2127 12 is_stmt 0 view .LVU1533
 4394 00a6 2368     		ldr	r3, [r4]
2127:Drivers/STM32L4xx_HAL_Driver/Src/stm32l4xx_hal_spi.c ****   {
 4395              		.loc 1 2127 22 view .LVU1534
 4396 00a8 1A68     		ldr	r2, [r3]
2127:Drivers/STM32L4xx_HAL_Driver/Src/stm32l4xx_hal_spi.c ****   {
 4397              		.loc 1 2127 6 view .LVU1535
 4398 00aa 12F0400F 		tst	r2, #64
 4399 00ae 03D1     		bne	.L307
2130:Drivers/STM32L4xx_HAL_Driver/Src/stm32l4xx_hal_spi.c ****   }
 4400              		.loc 1 2130 5 is_stmt 1 view .LVU1536
 4401 00b0 1A68     		ldr	r2, [r3]
 4402 00b2 42F04002 		orr	r2, r2, #64
 4403 00b6 1A60     		str	r2, [r3]
 4404              	.L307:
2134:Drivers/STM32L4xx_HAL_Driver/Src/stm32l4xx_hal_spi.c **** 
 4405              		.loc 1 2134 3 view .LVU1537
2134:Drivers/STM32L4xx_HAL_Driver/Src/stm32l4xx_hal_spi.c **** 
 4406              		.loc 1 2134 3 view .LVU1538
 4407 00b8 0023     		movs	r3, #0
 4408 00ba 84F85C30 		strb	r3, [r4, #92]
2134:Drivers/STM32L4xx_HAL_Driver/Src/stm32l4xx_hal_spi.c **** 
 4409              		.loc 1 2134 3 view .LVU1539
2137:Drivers/STM32L4xx_HAL_Driver/Src/stm32l4xx_hal_spi.c **** 
 4410              		.loc 1 2137 3 view .LVU1540
 4411 00be 2268     		ldr	r2, [r4]
 4412 00c0 5368     		ldr	r3, [r2, #4]
 4413 00c2 43F02003 		orr	r3, r3, #32
 4414 00c6 5360     		str	r3, [r2, #4]
2140:Drivers/STM32L4xx_HAL_Driver/Src/stm32l4xx_hal_spi.c **** 
 4415              		.loc 1 2140 3 view .LVU1541
 4416 00c8 2268     		ldr	r2, [r4]
 4417 00ca 5368     		ldr	r3, [r2, #4]
 4418 00cc 43F00103 		orr	r3, r3, #1
 4419 00d0 5360     		str	r3, [r2, #4]
2142:Drivers/STM32L4xx_HAL_Driver/Src/stm32l4xx_hal_spi.c **** }
 4420              		.loc 1 2142 3 view .LVU1542
2142:Drivers/STM32L4xx_HAL_Driver/Src/stm32l4xx_hal_spi.c **** }
ARM GAS  /tmp/ccl8yU0j.s 			page 180


 4421              		.loc 1 2142 10 is_stmt 0 view .LVU1543
 4422 00d2 0D46     		mov	r5, r1
 4423 00d4 4AE0     		b	.L300
 4424              	.LVL241:
 4425              	.L311:
2027:Drivers/STM32L4xx_HAL_Driver/Src/stm32l4xx_hal_spi.c **** 
 4426              		.loc 1 2027 5 is_stmt 1 view .LVU1544
2027:Drivers/STM32L4xx_HAL_Driver/Src/stm32l4xx_hal_spi.c **** 
 4427              		.loc 1 2027 17 is_stmt 0 view .LVU1545
 4428 00d6 0423     		movs	r3, #4
 4429 00d8 84F85D30 		strb	r3, [r4, #93]
2030:Drivers/STM32L4xx_HAL_Driver/Src/stm32l4xx_hal_spi.c **** 
 4430              		.loc 1 2030 5 is_stmt 1 view .LVU1546
2033:Drivers/STM32L4xx_HAL_Driver/Src/stm32l4xx_hal_spi.c ****   }
 4431              		.loc 1 2033 5 view .LVU1547
2033:Drivers/STM32L4xx_HAL_Driver/Src/stm32l4xx_hal_spi.c ****   }
 4432              		.loc 1 2033 12 is_stmt 0 view .LVU1548
 4433 00dc 1346     		mov	r3, r2
 4434 00de 0A46     		mov	r2, r1
 4435              	.LVL242:
2033:Drivers/STM32L4xx_HAL_Driver/Src/stm32l4xx_hal_spi.c ****   }
 4436              		.loc 1 2033 12 view .LVU1549
 4437 00e0 2046     		mov	r0, r4
 4438 00e2 FFF7FEFF 		bl	HAL_SPI_TransmitReceive_DMA
 4439              	.LVL243:
2033:Drivers/STM32L4xx_HAL_Driver/Src/stm32l4xx_hal_spi.c ****   }
 4440              		.loc 1 2033 12 view .LVU1550
 4441 00e6 0546     		mov	r5, r0
 4442 00e8 40E0     		b	.L300
 4443              	.LVL244:
 4444              	.L312:
2061:Drivers/STM32L4xx_HAL_Driver/Src/stm32l4xx_hal_spi.c ****     SPI_1LINE_RX(hspi);
 4445              		.loc 1 2061 5 is_stmt 1 view .LVU1551
 4446 00ea 2268     		ldr	r2, [r4]
 4447              	.LVL245:
2061:Drivers/STM32L4xx_HAL_Driver/Src/stm32l4xx_hal_spi.c ****     SPI_1LINE_RX(hspi);
 4448              		.loc 1 2061 5 is_stmt 0 view .LVU1552
 4449 00ec 1368     		ldr	r3, [r2]
 4450 00ee 23F04003 		bic	r3, r3, #64
 4451 00f2 1360     		str	r3, [r2]
 4452              	.LVL246:
2062:Drivers/STM32L4xx_HAL_Driver/Src/stm32l4xx_hal_spi.c ****   }
 4453              		.loc 1 2062 5 is_stmt 1 view .LVU1553
 4454 00f4 2268     		ldr	r2, [r4]
 4455 00f6 1368     		ldr	r3, [r2]
 4456 00f8 23F48043 		bic	r3, r3, #16384
 4457 00fc 1360     		str	r3, [r2]
 4458 00fe ACE7     		b	.L302
 4459              	.L303:
2083:Drivers/STM32L4xx_HAL_Driver/Src/stm32l4xx_hal_spi.c **** 
 4460              		.loc 1 2083 5 view .LVU1554
 4461 0100 2268     		ldr	r2, [r4]
 4462 0102 5368     		ldr	r3, [r2, #4]
 4463 0104 43F48053 		orr	r3, r3, #4096
 4464 0108 5360     		str	r3, [r2, #4]
2085:Drivers/STM32L4xx_HAL_Driver/Src/stm32l4xx_hal_spi.c ****     {
 4465              		.loc 1 2085 5 view .LVU1555
ARM GAS  /tmp/ccl8yU0j.s 			page 181


2085:Drivers/STM32L4xx_HAL_Driver/Src/stm32l4xx_hal_spi.c ****     {
 4466              		.loc 1 2085 13 is_stmt 0 view .LVU1556
 4467 010a A36D     		ldr	r3, [r4, #88]
2085:Drivers/STM32L4xx_HAL_Driver/Src/stm32l4xx_hal_spi.c ****     {
 4468              		.loc 1 2085 27 view .LVU1557
 4469 010c 9B69     		ldr	r3, [r3, #24]
2085:Drivers/STM32L4xx_HAL_Driver/Src/stm32l4xx_hal_spi.c ****     {
 4470              		.loc 1 2085 8 view .LVU1558
 4471 010e B3F5806F 		cmp	r3, #1024
 4472 0112 B0D1     		bne	.L304
2088:Drivers/STM32L4xx_HAL_Driver/Src/stm32l4xx_hal_spi.c **** 
 4473              		.loc 1 2088 7 is_stmt 1 view .LVU1559
 4474 0114 2268     		ldr	r2, [r4]
 4475 0116 5368     		ldr	r3, [r2, #4]
 4476 0118 23F48053 		bic	r3, r3, #4096
 4477 011c 5360     		str	r3, [r2, #4]
2090:Drivers/STM32L4xx_HAL_Driver/Src/stm32l4xx_hal_spi.c ****       {
 4478              		.loc 1 2090 7 view .LVU1560
2090:Drivers/STM32L4xx_HAL_Driver/Src/stm32l4xx_hal_spi.c ****       {
 4479              		.loc 1 2090 16 is_stmt 0 view .LVU1561
 4480 011e B4F84630 		ldrh	r3, [r4, #70]
2090:Drivers/STM32L4xx_HAL_Driver/Src/stm32l4xx_hal_spi.c ****       {
 4481              		.loc 1 2090 10 view .LVU1562
 4482 0122 13F0010F 		tst	r3, #1
 4483 0126 0BD1     		bne	.L305
2092:Drivers/STM32L4xx_HAL_Driver/Src/stm32l4xx_hal_spi.c ****         hspi->RxXferCount = hspi->RxXferCount >> 1U;
 4484              		.loc 1 2092 9 is_stmt 1 view .LVU1563
 4485 0128 2268     		ldr	r2, [r4]
 4486 012a 5368     		ldr	r3, [r2, #4]
 4487 012c 23F40053 		bic	r3, r3, #8192
 4488 0130 5360     		str	r3, [r2, #4]
2093:Drivers/STM32L4xx_HAL_Driver/Src/stm32l4xx_hal_spi.c ****       }
 4489              		.loc 1 2093 9 view .LVU1564
2093:Drivers/STM32L4xx_HAL_Driver/Src/stm32l4xx_hal_spi.c ****       }
 4490              		.loc 1 2093 33 is_stmt 0 view .LVU1565
 4491 0132 B4F84630 		ldrh	r3, [r4, #70]
2093:Drivers/STM32L4xx_HAL_Driver/Src/stm32l4xx_hal_spi.c ****       }
 4492              		.loc 1 2093 27 view .LVU1566
 4493 0136 C3F34E03 		ubfx	r3, r3, #1, #15
 4494 013a A4F84630 		strh	r3, [r4, #70]	@ movhi
 4495 013e 9AE7     		b	.L304
 4496              	.L305:
2097:Drivers/STM32L4xx_HAL_Driver/Src/stm32l4xx_hal_spi.c ****         hspi->RxXferCount = (hspi->RxXferCount >> 1U) + 1U;
 4497              		.loc 1 2097 9 is_stmt 1 view .LVU1567
 4498 0140 2268     		ldr	r2, [r4]
 4499 0142 5368     		ldr	r3, [r2, #4]
 4500 0144 43F40053 		orr	r3, r3, #8192
 4501 0148 5360     		str	r3, [r2, #4]
2098:Drivers/STM32L4xx_HAL_Driver/Src/stm32l4xx_hal_spi.c ****       }
 4502              		.loc 1 2098 9 view .LVU1568
2098:Drivers/STM32L4xx_HAL_Driver/Src/stm32l4xx_hal_spi.c ****       }
 4503              		.loc 1 2098 34 is_stmt 0 view .LVU1569
 4504 014a B4F84630 		ldrh	r3, [r4, #70]
2098:Drivers/STM32L4xx_HAL_Driver/Src/stm32l4xx_hal_spi.c ****       }
 4505              		.loc 1 2098 55 view .LVU1570
 4506 014e C3F34E03 		ubfx	r3, r3, #1, #15
 4507 0152 0133     		adds	r3, r3, #1
ARM GAS  /tmp/ccl8yU0j.s 			page 182


2098:Drivers/STM32L4xx_HAL_Driver/Src/stm32l4xx_hal_spi.c ****       }
 4508              		.loc 1 2098 27 view .LVU1571
 4509 0154 A4F84630 		strh	r3, [r4, #70]	@ movhi
 4510 0158 8DE7     		b	.L304
 4511              	.LVL247:
 4512              	.L313:
2120:Drivers/STM32L4xx_HAL_Driver/Src/stm32l4xx_hal_spi.c ****     /* Process Unlocked */
 4513              		.loc 1 2120 5 is_stmt 1 view .LVU1572
 4514 015a 236E     		ldr	r3, [r4, #96]
 4515 015c 43F01003 		orr	r3, r3, #16
 4516 0160 2366     		str	r3, [r4, #96]
2122:Drivers/STM32L4xx_HAL_Driver/Src/stm32l4xx_hal_spi.c ****     return HAL_ERROR;
 4517              		.loc 1 2122 5 view .LVU1573
2122:Drivers/STM32L4xx_HAL_Driver/Src/stm32l4xx_hal_spi.c ****     return HAL_ERROR;
 4518              		.loc 1 2122 5 view .LVU1574
 4519 0162 0023     		movs	r3, #0
 4520 0164 84F85C30 		strb	r3, [r4, #92]
2122:Drivers/STM32L4xx_HAL_Driver/Src/stm32l4xx_hal_spi.c ****     return HAL_ERROR;
 4521              		.loc 1 2122 5 view .LVU1575
2123:Drivers/STM32L4xx_HAL_Driver/Src/stm32l4xx_hal_spi.c ****   }
 4522              		.loc 1 2123 5 view .LVU1576
2123:Drivers/STM32L4xx_HAL_Driver/Src/stm32l4xx_hal_spi.c ****   }
 4523              		.loc 1 2123 12 is_stmt 0 view .LVU1577
 4524 0168 00E0     		b	.L300
 4525              	.LVL248:
 4526              	.L308:
2022:Drivers/STM32L4xx_HAL_Driver/Src/stm32l4xx_hal_spi.c ****   }
 4527              		.loc 1 2022 12 view .LVU1578
 4528 016a 0225     		movs	r5, #2
 4529              	.LVL249:
 4530              	.L300:
2143:Drivers/STM32L4xx_HAL_Driver/Src/stm32l4xx_hal_spi.c **** 
 4531              		.loc 1 2143 1 view .LVU1579
 4532 016c 2846     		mov	r0, r5
 4533 016e 38BD     		pop	{r3, r4, r5, pc}
 4534              	.LVL250:
 4535              	.L309:
2042:Drivers/STM32L4xx_HAL_Driver/Src/stm32l4xx_hal_spi.c **** 
 4536              		.loc 1 2042 3 view .LVU1580
 4537 0170 0225     		movs	r5, #2
 4538 0172 FBE7     		b	.L300
 4539              	.L315:
 4540              		.align	2
 4541              	.L314:
 4542 0174 00000000 		.word	SPI_DMAHalfReceiveCplt
 4543 0178 00000000 		.word	SPI_DMAReceiveCplt
 4544 017c 00000000 		.word	SPI_DMAError
 4545              		.cfi_endproc
 4546              	.LFE299:
 4548              		.section	.text.HAL_SPI_Abort,"ax",%progbits
 4549              		.align	1
 4550              		.global	HAL_SPI_Abort
 4551              		.syntax unified
 4552              		.thumb
 4553              		.thumb_func
 4555              	HAL_SPI_Abort:
 4556              	.LVL251:
ARM GAS  /tmp/ccl8yU0j.s 			page 183


 4557              	.LFB301:
2345:Drivers/STM32L4xx_HAL_Driver/Src/stm32l4xx_hal_spi.c ****   HAL_StatusTypeDef errorcode;
 4558              		.loc 1 2345 1 is_stmt 1 view -0
 4559              		.cfi_startproc
 4560              		@ args = 0, pretend = 0, frame = 16
 4561              		@ frame_needed = 0, uses_anonymous_args = 0
2345:Drivers/STM32L4xx_HAL_Driver/Src/stm32l4xx_hal_spi.c ****   HAL_StatusTypeDef errorcode;
 4562              		.loc 1 2345 1 is_stmt 0 view .LVU1582
 4563 0000 10B5     		push	{r4, lr}
 4564              	.LCFI47:
 4565              		.cfi_def_cfa_offset 8
 4566              		.cfi_offset 4, -8
 4567              		.cfi_offset 14, -4
 4568 0002 86B0     		sub	sp, sp, #24
 4569              	.LCFI48:
 4570              		.cfi_def_cfa_offset 32
 4571 0004 0446     		mov	r4, r0
2346:Drivers/STM32L4xx_HAL_Driver/Src/stm32l4xx_hal_spi.c ****   __IO uint32_t count;
 4572              		.loc 1 2346 3 is_stmt 1 view .LVU1583
2347:Drivers/STM32L4xx_HAL_Driver/Src/stm32l4xx_hal_spi.c ****   __IO uint32_t resetcount;
 4573              		.loc 1 2347 3 view .LVU1584
2348:Drivers/STM32L4xx_HAL_Driver/Src/stm32l4xx_hal_spi.c **** 
 4574              		.loc 1 2348 3 view .LVU1585
2351:Drivers/STM32L4xx_HAL_Driver/Src/stm32l4xx_hal_spi.c ****   resetcount = SPI_DEFAULT_TIMEOUT * (SystemCoreClock / 24U / 1000U);
 4575              		.loc 1 2351 3 view .LVU1586
 4576              	.LVL252:
2352:Drivers/STM32L4xx_HAL_Driver/Src/stm32l4xx_hal_spi.c ****   count = resetcount;
 4577              		.loc 1 2352 3 view .LVU1587
2352:Drivers/STM32L4xx_HAL_Driver/Src/stm32l4xx_hal_spi.c ****   count = resetcount;
 4578              		.loc 1 2352 61 is_stmt 0 view .LVU1588
 4579 0006 5E4B     		ldr	r3, .L337
 4580 0008 1B68     		ldr	r3, [r3]
 4581 000a 5E4A     		ldr	r2, .L337+4
 4582 000c A2FB0323 		umull	r2, r3, r2, r3
 4583 0010 5B0A     		lsrs	r3, r3, #9
2352:Drivers/STM32L4xx_HAL_Driver/Src/stm32l4xx_hal_spi.c ****   count = resetcount;
 4584              		.loc 1 2352 36 view .LVU1589
 4585 0012 6422     		movs	r2, #100
 4586 0014 02FB03F3 		mul	r3, r2, r3
2352:Drivers/STM32L4xx_HAL_Driver/Src/stm32l4xx_hal_spi.c ****   count = resetcount;
 4587              		.loc 1 2352 14 view .LVU1590
 4588 0018 0493     		str	r3, [sp, #16]
2353:Drivers/STM32L4xx_HAL_Driver/Src/stm32l4xx_hal_spi.c **** 
 4589              		.loc 1 2353 3 is_stmt 1 view .LVU1591
2353:Drivers/STM32L4xx_HAL_Driver/Src/stm32l4xx_hal_spi.c **** 
 4590              		.loc 1 2353 9 is_stmt 0 view .LVU1592
 4591 001a 049B     		ldr	r3, [sp, #16]
 4592 001c 0593     		str	r3, [sp, #20]
2356:Drivers/STM32L4xx_HAL_Driver/Src/stm32l4xx_hal_spi.c **** 
 4593              		.loc 1 2356 3 is_stmt 1 view .LVU1593
 4594 001e 0268     		ldr	r2, [r0]
 4595 0020 5368     		ldr	r3, [r2, #4]
 4596 0022 23F02003 		bic	r3, r3, #32
 4597 0026 5360     		str	r3, [r2, #4]
2359:Drivers/STM32L4xx_HAL_Driver/Src/stm32l4xx_hal_spi.c ****   {
 4598              		.loc 1 2359 3 view .LVU1594
2359:Drivers/STM32L4xx_HAL_Driver/Src/stm32l4xx_hal_spi.c ****   {
ARM GAS  /tmp/ccl8yU0j.s 			page 184


 4599              		.loc 1 2359 7 is_stmt 0 view .LVU1595
 4600 0028 0268     		ldr	r2, [r0]
 4601 002a 5368     		ldr	r3, [r2, #4]
2359:Drivers/STM32L4xx_HAL_Driver/Src/stm32l4xx_hal_spi.c ****   {
 4602              		.loc 1 2359 6 view .LVU1596
 4603 002c 13F0800F 		tst	r3, #128
 4604 0030 12D0     		beq	.L317
2361:Drivers/STM32L4xx_HAL_Driver/Src/stm32l4xx_hal_spi.c ****     /* Wait HAL_SPI_STATE_ABORT state */
 4605              		.loc 1 2361 5 is_stmt 1 view .LVU1597
2361:Drivers/STM32L4xx_HAL_Driver/Src/stm32l4xx_hal_spi.c ****     /* Wait HAL_SPI_STATE_ABORT state */
 4606              		.loc 1 2361 17 is_stmt 0 view .LVU1598
 4607 0032 554B     		ldr	r3, .L337+8
 4608 0034 0365     		str	r3, [r0, #80]
 4609              	.L320:
2363:Drivers/STM32L4xx_HAL_Driver/Src/stm32l4xx_hal_spi.c ****     {
 4610              		.loc 1 2363 5 is_stmt 1 view .LVU1599
2365:Drivers/STM32L4xx_HAL_Driver/Src/stm32l4xx_hal_spi.c ****       {
 4611              		.loc 1 2365 7 view .LVU1600
2365:Drivers/STM32L4xx_HAL_Driver/Src/stm32l4xx_hal_spi.c ****       {
 4612              		.loc 1 2365 17 is_stmt 0 view .LVU1601
 4613 0036 059B     		ldr	r3, [sp, #20]
2365:Drivers/STM32L4xx_HAL_Driver/Src/stm32l4xx_hal_spi.c ****       {
 4614              		.loc 1 2365 10 view .LVU1602
 4615 0038 43B1     		cbz	r3, .L335
2370:Drivers/STM32L4xx_HAL_Driver/Src/stm32l4xx_hal_spi.c ****     } while (hspi->State != HAL_SPI_STATE_ABORT);
 4616              		.loc 1 2370 7 is_stmt 1 view .LVU1603
2370:Drivers/STM32L4xx_HAL_Driver/Src/stm32l4xx_hal_spi.c ****     } while (hspi->State != HAL_SPI_STATE_ABORT);
 4617              		.loc 1 2370 12 is_stmt 0 view .LVU1604
 4618 003a 059B     		ldr	r3, [sp, #20]
 4619 003c 013B     		subs	r3, r3, #1
 4620 003e 0593     		str	r3, [sp, #20]
2371:Drivers/STM32L4xx_HAL_Driver/Src/stm32l4xx_hal_spi.c ****     /* Reset Timeout Counter */
 4621              		.loc 1 2371 13 is_stmt 1 view .LVU1605
2371:Drivers/STM32L4xx_HAL_Driver/Src/stm32l4xx_hal_spi.c ****     /* Reset Timeout Counter */
 4622              		.loc 1 2371 18 is_stmt 0 view .LVU1606
 4623 0040 94F85D30 		ldrb	r3, [r4, #93]	@ zero_extendqisi2
 4624 0044 DBB2     		uxtb	r3, r3
2371:Drivers/STM32L4xx_HAL_Driver/Src/stm32l4xx_hal_spi.c ****     /* Reset Timeout Counter */
 4625              		.loc 1 2371 5 view .LVU1607
 4626 0046 072B     		cmp	r3, #7
 4627 0048 F5D1     		bne	.L320
 4628 004a 03E0     		b	.L319
 4629              	.L335:
2367:Drivers/STM32L4xx_HAL_Driver/Src/stm32l4xx_hal_spi.c ****         break;
 4630              		.loc 1 2367 9 is_stmt 1 view .LVU1608
 4631 004c 236E     		ldr	r3, [r4, #96]
 4632 004e 43F04003 		orr	r3, r3, #64
 4633 0052 2366     		str	r3, [r4, #96]
2368:Drivers/STM32L4xx_HAL_Driver/Src/stm32l4xx_hal_spi.c ****       }
 4634              		.loc 1 2368 9 view .LVU1609
 4635              	.L319:
2373:Drivers/STM32L4xx_HAL_Driver/Src/stm32l4xx_hal_spi.c ****   }
 4636              		.loc 1 2373 5 view .LVU1610
2373:Drivers/STM32L4xx_HAL_Driver/Src/stm32l4xx_hal_spi.c ****   }
 4637              		.loc 1 2373 11 is_stmt 0 view .LVU1611
 4638 0054 049B     		ldr	r3, [sp, #16]
 4639 0056 0593     		str	r3, [sp, #20]
ARM GAS  /tmp/ccl8yU0j.s 			page 185


 4640              	.L317:
2376:Drivers/STM32L4xx_HAL_Driver/Src/stm32l4xx_hal_spi.c ****   {
 4641              		.loc 1 2376 3 is_stmt 1 view .LVU1612
2376:Drivers/STM32L4xx_HAL_Driver/Src/stm32l4xx_hal_spi.c ****   {
 4642              		.loc 1 2376 7 is_stmt 0 view .LVU1613
 4643 0058 5368     		ldr	r3, [r2, #4]
2376:Drivers/STM32L4xx_HAL_Driver/Src/stm32l4xx_hal_spi.c ****   {
 4644              		.loc 1 2376 6 view .LVU1614
 4645 005a 13F0400F 		tst	r3, #64
 4646 005e 12D0     		beq	.L321
2378:Drivers/STM32L4xx_HAL_Driver/Src/stm32l4xx_hal_spi.c ****     /* Wait HAL_SPI_STATE_ABORT state */
 4647              		.loc 1 2378 5 is_stmt 1 view .LVU1615
2378:Drivers/STM32L4xx_HAL_Driver/Src/stm32l4xx_hal_spi.c ****     /* Wait HAL_SPI_STATE_ABORT state */
 4648              		.loc 1 2378 17 is_stmt 0 view .LVU1616
 4649 0060 4A4B     		ldr	r3, .L337+12
 4650 0062 E364     		str	r3, [r4, #76]
 4651              	.L324:
2380:Drivers/STM32L4xx_HAL_Driver/Src/stm32l4xx_hal_spi.c ****     {
 4652              		.loc 1 2380 5 is_stmt 1 view .LVU1617
2382:Drivers/STM32L4xx_HAL_Driver/Src/stm32l4xx_hal_spi.c ****       {
 4653              		.loc 1 2382 7 view .LVU1618
2382:Drivers/STM32L4xx_HAL_Driver/Src/stm32l4xx_hal_spi.c ****       {
 4654              		.loc 1 2382 17 is_stmt 0 view .LVU1619
 4655 0064 059B     		ldr	r3, [sp, #20]
2382:Drivers/STM32L4xx_HAL_Driver/Src/stm32l4xx_hal_spi.c ****       {
 4656              		.loc 1 2382 10 view .LVU1620
 4657 0066 43B1     		cbz	r3, .L336
2387:Drivers/STM32L4xx_HAL_Driver/Src/stm32l4xx_hal_spi.c ****     } while (hspi->State != HAL_SPI_STATE_ABORT);
 4658              		.loc 1 2387 7 is_stmt 1 view .LVU1621
2387:Drivers/STM32L4xx_HAL_Driver/Src/stm32l4xx_hal_spi.c ****     } while (hspi->State != HAL_SPI_STATE_ABORT);
 4659              		.loc 1 2387 12 is_stmt 0 view .LVU1622
 4660 0068 059B     		ldr	r3, [sp, #20]
 4661 006a 013B     		subs	r3, r3, #1
 4662 006c 0593     		str	r3, [sp, #20]
2388:Drivers/STM32L4xx_HAL_Driver/Src/stm32l4xx_hal_spi.c ****     /* Reset Timeout Counter */
 4663              		.loc 1 2388 13 is_stmt 1 view .LVU1623
2388:Drivers/STM32L4xx_HAL_Driver/Src/stm32l4xx_hal_spi.c ****     /* Reset Timeout Counter */
 4664              		.loc 1 2388 18 is_stmt 0 view .LVU1624
 4665 006e 94F85D30 		ldrb	r3, [r4, #93]	@ zero_extendqisi2
 4666 0072 DBB2     		uxtb	r3, r3
2388:Drivers/STM32L4xx_HAL_Driver/Src/stm32l4xx_hal_spi.c ****     /* Reset Timeout Counter */
 4667              		.loc 1 2388 5 view .LVU1625
 4668 0074 072B     		cmp	r3, #7
 4669 0076 F5D1     		bne	.L324
 4670 0078 03E0     		b	.L323
 4671              	.L336:
2384:Drivers/STM32L4xx_HAL_Driver/Src/stm32l4xx_hal_spi.c ****         break;
 4672              		.loc 1 2384 9 is_stmt 1 view .LVU1626
 4673 007a 236E     		ldr	r3, [r4, #96]
 4674 007c 43F04003 		orr	r3, r3, #64
 4675 0080 2366     		str	r3, [r4, #96]
2385:Drivers/STM32L4xx_HAL_Driver/Src/stm32l4xx_hal_spi.c ****       }
 4676              		.loc 1 2385 9 view .LVU1627
 4677              	.L323:
2390:Drivers/STM32L4xx_HAL_Driver/Src/stm32l4xx_hal_spi.c ****   }
 4678              		.loc 1 2390 5 view .LVU1628
2390:Drivers/STM32L4xx_HAL_Driver/Src/stm32l4xx_hal_spi.c ****   }
ARM GAS  /tmp/ccl8yU0j.s 			page 186


 4679              		.loc 1 2390 11 is_stmt 0 view .LVU1629
 4680 0082 049B     		ldr	r3, [sp, #16]
 4681 0084 0593     		str	r3, [sp, #20]
 4682              	.L321:
2394:Drivers/STM32L4xx_HAL_Driver/Src/stm32l4xx_hal_spi.c ****   {
 4683              		.loc 1 2394 3 is_stmt 1 view .LVU1630
2394:Drivers/STM32L4xx_HAL_Driver/Src/stm32l4xx_hal_spi.c ****   {
 4684              		.loc 1 2394 7 is_stmt 0 view .LVU1631
 4685 0086 5368     		ldr	r3, [r2, #4]
2394:Drivers/STM32L4xx_HAL_Driver/Src/stm32l4xx_hal_spi.c ****   {
 4686              		.loc 1 2394 6 view .LVU1632
 4687 0088 13F0020F 		tst	r3, #2
 4688 008c 2AD0     		beq	.L325
2397:Drivers/STM32L4xx_HAL_Driver/Src/stm32l4xx_hal_spi.c ****     {
 4689              		.loc 1 2397 5 is_stmt 1 view .LVU1633
2397:Drivers/STM32L4xx_HAL_Driver/Src/stm32l4xx_hal_spi.c ****     {
 4690              		.loc 1 2397 13 is_stmt 0 view .LVU1634
 4691 008e 636D     		ldr	r3, [r4, #84]
2397:Drivers/STM32L4xx_HAL_Driver/Src/stm32l4xx_hal_spi.c ****     {
 4692              		.loc 1 2397 8 view .LVU1635
 4693 0090 43B3     		cbz	r3, .L325
2401:Drivers/STM32L4xx_HAL_Driver/Src/stm32l4xx_hal_spi.c **** 
 4694              		.loc 1 2401 7 is_stmt 1 view .LVU1636
2401:Drivers/STM32L4xx_HAL_Driver/Src/stm32l4xx_hal_spi.c **** 
 4695              		.loc 1 2401 39 is_stmt 0 view .LVU1637
 4696 0092 0022     		movs	r2, #0
 4697 0094 9A63     		str	r2, [r3, #56]
2404:Drivers/STM32L4xx_HAL_Driver/Src/stm32l4xx_hal_spi.c ****       {
 4698              		.loc 1 2404 7 is_stmt 1 view .LVU1638
2404:Drivers/STM32L4xx_HAL_Driver/Src/stm32l4xx_hal_spi.c ****       {
 4699              		.loc 1 2404 11 is_stmt 0 view .LVU1639
 4700 0096 606D     		ldr	r0, [r4, #84]
 4701              	.LVL253:
2404:Drivers/STM32L4xx_HAL_Driver/Src/stm32l4xx_hal_spi.c ****       {
 4702              		.loc 1 2404 11 view .LVU1640
 4703 0098 FFF7FEFF 		bl	HAL_DMA_Abort
 4704              	.LVL254:
2404:Drivers/STM32L4xx_HAL_Driver/Src/stm32l4xx_hal_spi.c ****       {
 4705              		.loc 1 2404 10 view .LVU1641
 4706 009c 08B1     		cbz	r0, .L326
2406:Drivers/STM32L4xx_HAL_Driver/Src/stm32l4xx_hal_spi.c ****       }
 4707              		.loc 1 2406 9 is_stmt 1 view .LVU1642
2406:Drivers/STM32L4xx_HAL_Driver/Src/stm32l4xx_hal_spi.c ****       }
 4708              		.loc 1 2406 25 is_stmt 0 view .LVU1643
 4709 009e 4023     		movs	r3, #64
 4710 00a0 2366     		str	r3, [r4, #96]
 4711              	.L326:
2410:Drivers/STM32L4xx_HAL_Driver/Src/stm32l4xx_hal_spi.c **** 
 4712              		.loc 1 2410 7 is_stmt 1 view .LVU1644
 4713 00a2 2268     		ldr	r2, [r4]
 4714 00a4 5368     		ldr	r3, [r2, #4]
 4715 00a6 23F00203 		bic	r3, r3, #2
 4716 00aa 5360     		str	r3, [r2, #4]
2412:Drivers/STM32L4xx_HAL_Driver/Src/stm32l4xx_hal_spi.c ****       {
 4717              		.loc 1 2412 7 view .LVU1645
2412:Drivers/STM32L4xx_HAL_Driver/Src/stm32l4xx_hal_spi.c ****       {
 4718              		.loc 1 2412 11 is_stmt 0 view .LVU1646
ARM GAS  /tmp/ccl8yU0j.s 			page 187


 4719 00ac FFF7FEFF 		bl	HAL_GetTick
 4720              	.LVL255:
 4721 00b0 0246     		mov	r2, r0
 4722 00b2 6421     		movs	r1, #100
 4723 00b4 2046     		mov	r0, r4
 4724 00b6 FFF7FEFF 		bl	SPI_EndRxTxTransaction
 4725              	.LVL256:
2412:Drivers/STM32L4xx_HAL_Driver/Src/stm32l4xx_hal_spi.c ****       {
 4726              		.loc 1 2412 10 view .LVU1647
 4727 00ba 08B1     		cbz	r0, .L327
2414:Drivers/STM32L4xx_HAL_Driver/Src/stm32l4xx_hal_spi.c ****       }
 4728              		.loc 1 2414 9 is_stmt 1 view .LVU1648
2414:Drivers/STM32L4xx_HAL_Driver/Src/stm32l4xx_hal_spi.c ****       }
 4729              		.loc 1 2414 25 is_stmt 0 view .LVU1649
 4730 00bc 4023     		movs	r3, #64
 4731 00be 2366     		str	r3, [r4, #96]
 4732              	.L327:
2418:Drivers/STM32L4xx_HAL_Driver/Src/stm32l4xx_hal_spi.c **** 
 4733              		.loc 1 2418 7 is_stmt 1 view .LVU1650
 4734 00c0 2268     		ldr	r2, [r4]
 4735 00c2 1368     		ldr	r3, [r2]
 4736 00c4 23F04003 		bic	r3, r3, #64
 4737 00c8 1360     		str	r3, [r2]
2421:Drivers/STM32L4xx_HAL_Driver/Src/stm32l4xx_hal_spi.c ****                                         HAL_GetTick()) != HAL_OK)
 4738              		.loc 1 2421 7 view .LVU1651
2421:Drivers/STM32L4xx_HAL_Driver/Src/stm32l4xx_hal_spi.c ****                                         HAL_GetTick()) != HAL_OK)
 4739              		.loc 1 2421 11 is_stmt 0 view .LVU1652
 4740 00ca FFF7FEFF 		bl	HAL_GetTick
 4741              	.LVL257:
 4742 00ce 0090     		str	r0, [sp]
 4743 00d0 6423     		movs	r3, #100
 4744 00d2 0022     		movs	r2, #0
 4745 00d4 4FF4C061 		mov	r1, #1536
 4746 00d8 2046     		mov	r0, r4
 4747 00da FFF7FEFF 		bl	SPI_WaitFifoStateUntilTimeout
 4748              	.LVL258:
2421:Drivers/STM32L4xx_HAL_Driver/Src/stm32l4xx_hal_spi.c ****                                         HAL_GetTick()) != HAL_OK)
 4749              		.loc 1 2421 10 view .LVU1653
 4750 00de 08B1     		cbz	r0, .L325
2424:Drivers/STM32L4xx_HAL_Driver/Src/stm32l4xx_hal_spi.c ****       }
 4751              		.loc 1 2424 9 is_stmt 1 view .LVU1654
2424:Drivers/STM32L4xx_HAL_Driver/Src/stm32l4xx_hal_spi.c ****       }
 4752              		.loc 1 2424 25 is_stmt 0 view .LVU1655
 4753 00e0 4023     		movs	r3, #64
 4754 00e2 2366     		str	r3, [r4, #96]
 4755              	.L325:
2430:Drivers/STM32L4xx_HAL_Driver/Src/stm32l4xx_hal_spi.c ****   {
 4756              		.loc 1 2430 3 is_stmt 1 view .LVU1656
2430:Drivers/STM32L4xx_HAL_Driver/Src/stm32l4xx_hal_spi.c ****   {
 4757              		.loc 1 2430 7 is_stmt 0 view .LVU1657
 4758 00e4 2368     		ldr	r3, [r4]
 4759 00e6 5B68     		ldr	r3, [r3, #4]
2430:Drivers/STM32L4xx_HAL_Driver/Src/stm32l4xx_hal_spi.c ****   {
 4760              		.loc 1 2430 6 view .LVU1658
 4761 00e8 13F0010F 		tst	r3, #1
 4762 00ec 2CD0     		beq	.L328
2433:Drivers/STM32L4xx_HAL_Driver/Src/stm32l4xx_hal_spi.c ****     {
ARM GAS  /tmp/ccl8yU0j.s 			page 188


 4763              		.loc 1 2433 5 is_stmt 1 view .LVU1659
2433:Drivers/STM32L4xx_HAL_Driver/Src/stm32l4xx_hal_spi.c ****     {
 4764              		.loc 1 2433 13 is_stmt 0 view .LVU1660
 4765 00ee A36D     		ldr	r3, [r4, #88]
2433:Drivers/STM32L4xx_HAL_Driver/Src/stm32l4xx_hal_spi.c ****     {
 4766              		.loc 1 2433 8 view .LVU1661
 4767 00f0 53B3     		cbz	r3, .L328
2437:Drivers/STM32L4xx_HAL_Driver/Src/stm32l4xx_hal_spi.c **** 
 4768              		.loc 1 2437 7 is_stmt 1 view .LVU1662
2437:Drivers/STM32L4xx_HAL_Driver/Src/stm32l4xx_hal_spi.c **** 
 4769              		.loc 1 2437 39 is_stmt 0 view .LVU1663
 4770 00f2 0022     		movs	r2, #0
 4771 00f4 9A63     		str	r2, [r3, #56]
2440:Drivers/STM32L4xx_HAL_Driver/Src/stm32l4xx_hal_spi.c ****       {
 4772              		.loc 1 2440 7 is_stmt 1 view .LVU1664
2440:Drivers/STM32L4xx_HAL_Driver/Src/stm32l4xx_hal_spi.c ****       {
 4773              		.loc 1 2440 11 is_stmt 0 view .LVU1665
 4774 00f6 A06D     		ldr	r0, [r4, #88]
 4775 00f8 FFF7FEFF 		bl	HAL_DMA_Abort
 4776              	.LVL259:
2440:Drivers/STM32L4xx_HAL_Driver/Src/stm32l4xx_hal_spi.c ****       {
 4777              		.loc 1 2440 10 view .LVU1666
 4778 00fc 08B1     		cbz	r0, .L329
2442:Drivers/STM32L4xx_HAL_Driver/Src/stm32l4xx_hal_spi.c ****       }
 4779              		.loc 1 2442 9 is_stmt 1 view .LVU1667
2442:Drivers/STM32L4xx_HAL_Driver/Src/stm32l4xx_hal_spi.c ****       }
 4780              		.loc 1 2442 25 is_stmt 0 view .LVU1668
 4781 00fe 4023     		movs	r3, #64
 4782 0100 2366     		str	r3, [r4, #96]
 4783              	.L329:
2446:Drivers/STM32L4xx_HAL_Driver/Src/stm32l4xx_hal_spi.c **** 
 4784              		.loc 1 2446 7 is_stmt 1 view .LVU1669
 4785 0102 2268     		ldr	r2, [r4]
 4786 0104 1368     		ldr	r3, [r2]
 4787 0106 23F04003 		bic	r3, r3, #64
 4788 010a 1360     		str	r3, [r2]
2449:Drivers/STM32L4xx_HAL_Driver/Src/stm32l4xx_hal_spi.c ****       {
 4789              		.loc 1 2449 7 view .LVU1670
2449:Drivers/STM32L4xx_HAL_Driver/Src/stm32l4xx_hal_spi.c ****       {
 4790              		.loc 1 2449 11 is_stmt 0 view .LVU1671
 4791 010c FFF7FEFF 		bl	HAL_GetTick
 4792              	.LVL260:
 4793 0110 0090     		str	r0, [sp]
 4794 0112 6423     		movs	r3, #100
 4795 0114 0022     		movs	r2, #0
 4796 0116 8021     		movs	r1, #128
 4797 0118 2046     		mov	r0, r4
 4798 011a FFF7FEFF 		bl	SPI_WaitFlagStateUntilTimeout
 4799              	.LVL261:
2449:Drivers/STM32L4xx_HAL_Driver/Src/stm32l4xx_hal_spi.c ****       {
 4800              		.loc 1 2449 10 view .LVU1672
 4801 011e 08B1     		cbz	r0, .L330
2451:Drivers/STM32L4xx_HAL_Driver/Src/stm32l4xx_hal_spi.c ****       }
 4802              		.loc 1 2451 9 is_stmt 1 view .LVU1673
2451:Drivers/STM32L4xx_HAL_Driver/Src/stm32l4xx_hal_spi.c ****       }
 4803              		.loc 1 2451 25 is_stmt 0 view .LVU1674
 4804 0120 4023     		movs	r3, #64
ARM GAS  /tmp/ccl8yU0j.s 			page 189


 4805 0122 2366     		str	r3, [r4, #96]
 4806              	.L330:
2455:Drivers/STM32L4xx_HAL_Driver/Src/stm32l4xx_hal_spi.c ****                                         HAL_GetTick()) != HAL_OK)
 4807              		.loc 1 2455 7 is_stmt 1 view .LVU1675
2455:Drivers/STM32L4xx_HAL_Driver/Src/stm32l4xx_hal_spi.c ****                                         HAL_GetTick()) != HAL_OK)
 4808              		.loc 1 2455 11 is_stmt 0 view .LVU1676
 4809 0124 FFF7FEFF 		bl	HAL_GetTick
 4810              	.LVL262:
 4811 0128 0090     		str	r0, [sp]
 4812 012a 6423     		movs	r3, #100
 4813 012c 0022     		movs	r2, #0
 4814 012e 4FF4C061 		mov	r1, #1536
 4815 0132 2046     		mov	r0, r4
 4816 0134 FFF7FEFF 		bl	SPI_WaitFifoStateUntilTimeout
 4817              	.LVL263:
2455:Drivers/STM32L4xx_HAL_Driver/Src/stm32l4xx_hal_spi.c ****                                         HAL_GetTick()) != HAL_OK)
 4818              		.loc 1 2455 10 view .LVU1677
 4819 0138 08B1     		cbz	r0, .L331
2458:Drivers/STM32L4xx_HAL_Driver/Src/stm32l4xx_hal_spi.c ****       }
 4820              		.loc 1 2458 9 is_stmt 1 view .LVU1678
2458:Drivers/STM32L4xx_HAL_Driver/Src/stm32l4xx_hal_spi.c ****       }
 4821              		.loc 1 2458 25 is_stmt 0 view .LVU1679
 4822 013a 4023     		movs	r3, #64
 4823 013c 2366     		str	r3, [r4, #96]
 4824              	.L331:
2462:Drivers/STM32L4xx_HAL_Driver/Src/stm32l4xx_hal_spi.c ****     }
 4825              		.loc 1 2462 7 is_stmt 1 view .LVU1680
 4826 013e 2268     		ldr	r2, [r4]
 4827 0140 5368     		ldr	r3, [r2, #4]
 4828 0142 23F00103 		bic	r3, r3, #1
 4829 0146 5360     		str	r3, [r2, #4]
 4830              	.L328:
2466:Drivers/STM32L4xx_HAL_Driver/Src/stm32l4xx_hal_spi.c ****   hspi->TxXferCount = 0U;
 4831              		.loc 1 2466 3 view .LVU1681
2466:Drivers/STM32L4xx_HAL_Driver/Src/stm32l4xx_hal_spi.c ****   hspi->TxXferCount = 0U;
 4832              		.loc 1 2466 21 is_stmt 0 view .LVU1682
 4833 0148 0023     		movs	r3, #0
 4834 014a A4F84630 		strh	r3, [r4, #70]	@ movhi
2467:Drivers/STM32L4xx_HAL_Driver/Src/stm32l4xx_hal_spi.c **** 
 4835              		.loc 1 2467 3 is_stmt 1 view .LVU1683
2467:Drivers/STM32L4xx_HAL_Driver/Src/stm32l4xx_hal_spi.c **** 
 4836              		.loc 1 2467 21 is_stmt 0 view .LVU1684
 4837 014e E387     		strh	r3, [r4, #62]	@ movhi
2470:Drivers/STM32L4xx_HAL_Driver/Src/stm32l4xx_hal_spi.c ****   {
 4838              		.loc 1 2470 3 is_stmt 1 view .LVU1685
2470:Drivers/STM32L4xx_HAL_Driver/Src/stm32l4xx_hal_spi.c ****   {
 4839              		.loc 1 2470 11 is_stmt 0 view .LVU1686
 4840 0150 236E     		ldr	r3, [r4, #96]
2470:Drivers/STM32L4xx_HAL_Driver/Src/stm32l4xx_hal_spi.c ****   {
 4841              		.loc 1 2470 6 view .LVU1687
 4842 0152 402B     		cmp	r3, #64
 4843 0154 12D0     		beq	.L333
2478:Drivers/STM32L4xx_HAL_Driver/Src/stm32l4xx_hal_spi.c ****   }
 4844              		.loc 1 2478 5 is_stmt 1 view .LVU1688
2478:Drivers/STM32L4xx_HAL_Driver/Src/stm32l4xx_hal_spi.c ****   }
 4845              		.loc 1 2478 21 is_stmt 0 view .LVU1689
 4846 0156 0020     		movs	r0, #0
ARM GAS  /tmp/ccl8yU0j.s 			page 190


 4847 0158 2066     		str	r0, [r4, #96]
 4848              	.L332:
 4849              	.LVL264:
2482:Drivers/STM32L4xx_HAL_Driver/Src/stm32l4xx_hal_spi.c ****   __HAL_SPI_CLEAR_FREFLAG(hspi);
 4850              		.loc 1 2482 3 is_stmt 1 view .LVU1690
 4851              	.LBB3:
2482:Drivers/STM32L4xx_HAL_Driver/Src/stm32l4xx_hal_spi.c ****   __HAL_SPI_CLEAR_FREFLAG(hspi);
 4852              		.loc 1 2482 3 view .LVU1691
 4853 015a 0022     		movs	r2, #0
 4854 015c 0292     		str	r2, [sp, #8]
2482:Drivers/STM32L4xx_HAL_Driver/Src/stm32l4xx_hal_spi.c ****   __HAL_SPI_CLEAR_FREFLAG(hspi);
 4855              		.loc 1 2482 3 view .LVU1692
 4856 015e 2368     		ldr	r3, [r4]
 4857 0160 D968     		ldr	r1, [r3, #12]
 4858 0162 0291     		str	r1, [sp, #8]
2482:Drivers/STM32L4xx_HAL_Driver/Src/stm32l4xx_hal_spi.c ****   __HAL_SPI_CLEAR_FREFLAG(hspi);
 4859              		.loc 1 2482 3 view .LVU1693
 4860 0164 9968     		ldr	r1, [r3, #8]
 4861 0166 0291     		str	r1, [sp, #8]
2482:Drivers/STM32L4xx_HAL_Driver/Src/stm32l4xx_hal_spi.c ****   __HAL_SPI_CLEAR_FREFLAG(hspi);
 4862              		.loc 1 2482 3 view .LVU1694
 4863 0168 0299     		ldr	r1, [sp, #8]
 4864              	.LBE3:
2482:Drivers/STM32L4xx_HAL_Driver/Src/stm32l4xx_hal_spi.c ****   __HAL_SPI_CLEAR_FREFLAG(hspi);
 4865              		.loc 1 2482 3 view .LVU1695
2483:Drivers/STM32L4xx_HAL_Driver/Src/stm32l4xx_hal_spi.c **** 
 4866              		.loc 1 2483 3 view .LVU1696
 4867              	.LBB4:
2483:Drivers/STM32L4xx_HAL_Driver/Src/stm32l4xx_hal_spi.c **** 
 4868              		.loc 1 2483 3 view .LVU1697
 4869 016a 0392     		str	r2, [sp, #12]
2483:Drivers/STM32L4xx_HAL_Driver/Src/stm32l4xx_hal_spi.c **** 
 4870              		.loc 1 2483 3 view .LVU1698
 4871 016c 9B68     		ldr	r3, [r3, #8]
 4872 016e 0393     		str	r3, [sp, #12]
2483:Drivers/STM32L4xx_HAL_Driver/Src/stm32l4xx_hal_spi.c **** 
 4873              		.loc 1 2483 3 view .LVU1699
 4874 0170 039B     		ldr	r3, [sp, #12]
 4875              	.LBE4:
2483:Drivers/STM32L4xx_HAL_Driver/Src/stm32l4xx_hal_spi.c **** 
 4876              		.loc 1 2483 3 view .LVU1700
2486:Drivers/STM32L4xx_HAL_Driver/Src/stm32l4xx_hal_spi.c **** 
 4877              		.loc 1 2486 3 view .LVU1701
2486:Drivers/STM32L4xx_HAL_Driver/Src/stm32l4xx_hal_spi.c **** 
 4878              		.loc 1 2486 15 is_stmt 0 view .LVU1702
 4879 0172 0123     		movs	r3, #1
 4880 0174 84F85D30 		strb	r3, [r4, #93]
2488:Drivers/STM32L4xx_HAL_Driver/Src/stm32l4xx_hal_spi.c **** }
 4881              		.loc 1 2488 3 is_stmt 1 view .LVU1703
2489:Drivers/STM32L4xx_HAL_Driver/Src/stm32l4xx_hal_spi.c **** 
 4882              		.loc 1 2489 1 is_stmt 0 view .LVU1704
 4883 0178 06B0     		add	sp, sp, #24
 4884              	.LCFI49:
 4885              		.cfi_remember_state
 4886              		.cfi_def_cfa_offset 8
 4887              		@ sp needed
 4888 017a 10BD     		pop	{r4, pc}
ARM GAS  /tmp/ccl8yU0j.s 			page 191


 4889              	.LVL265:
 4890              	.L333:
 4891              	.LCFI50:
 4892              		.cfi_restore_state
2473:Drivers/STM32L4xx_HAL_Driver/Src/stm32l4xx_hal_spi.c ****   }
 4893              		.loc 1 2473 15 view .LVU1705
 4894 017c 0120     		movs	r0, #1
 4895 017e ECE7     		b	.L332
 4896              	.L338:
 4897              		.align	2
 4898              	.L337:
 4899 0180 00000000 		.word	SystemCoreClock
 4900 0184 F1197605 		.word	91625969
 4901 0188 00000000 		.word	SPI_AbortTx_ISR
 4902 018c 00000000 		.word	SPI_AbortRx_ISR
 4903              		.cfi_endproc
 4904              	.LFE301:
 4906              		.section	.text.HAL_SPI_DMAPause,"ax",%progbits
 4907              		.align	1
 4908              		.global	HAL_SPI_DMAPause
 4909              		.syntax unified
 4910              		.thumb
 4911              		.thumb_func
 4913              	HAL_SPI_DMAPause:
 4914              	.LVL266:
 4915              	.LFB303:
2668:Drivers/STM32L4xx_HAL_Driver/Src/stm32l4xx_hal_spi.c ****   /* Process Locked */
 4916              		.loc 1 2668 1 is_stmt 1 view -0
 4917              		.cfi_startproc
 4918              		@ args = 0, pretend = 0, frame = 0
 4919              		@ frame_needed = 0, uses_anonymous_args = 0
 4920              		@ link register save eliminated.
2670:Drivers/STM32L4xx_HAL_Driver/Src/stm32l4xx_hal_spi.c **** 
 4921              		.loc 1 2670 3 view .LVU1707
2670:Drivers/STM32L4xx_HAL_Driver/Src/stm32l4xx_hal_spi.c **** 
 4922              		.loc 1 2670 3 view .LVU1708
 4923 0000 90F85C30 		ldrb	r3, [r0, #92]	@ zero_extendqisi2
 4924 0004 012B     		cmp	r3, #1
 4925 0006 0CD0     		beq	.L341
2670:Drivers/STM32L4xx_HAL_Driver/Src/stm32l4xx_hal_spi.c **** 
 4926              		.loc 1 2670 3 discriminator 2 view .LVU1709
 4927 0008 0123     		movs	r3, #1
 4928 000a 80F85C30 		strb	r3, [r0, #92]
2670:Drivers/STM32L4xx_HAL_Driver/Src/stm32l4xx_hal_spi.c **** 
 4929              		.loc 1 2670 3 discriminator 2 view .LVU1710
2673:Drivers/STM32L4xx_HAL_Driver/Src/stm32l4xx_hal_spi.c **** 
 4930              		.loc 1 2673 3 discriminator 2 view .LVU1711
 4931 000e 0268     		ldr	r2, [r0]
 4932 0010 5368     		ldr	r3, [r2, #4]
 4933 0012 23F00303 		bic	r3, r3, #3
 4934 0016 5360     		str	r3, [r2, #4]
2676:Drivers/STM32L4xx_HAL_Driver/Src/stm32l4xx_hal_spi.c **** 
 4935              		.loc 1 2676 3 discriminator 2 view .LVU1712
2676:Drivers/STM32L4xx_HAL_Driver/Src/stm32l4xx_hal_spi.c **** 
 4936              		.loc 1 2676 3 discriminator 2 view .LVU1713
 4937 0018 0023     		movs	r3, #0
 4938 001a 80F85C30 		strb	r3, [r0, #92]
ARM GAS  /tmp/ccl8yU0j.s 			page 192


2676:Drivers/STM32L4xx_HAL_Driver/Src/stm32l4xx_hal_spi.c **** 
 4939              		.loc 1 2676 3 discriminator 2 view .LVU1714
2678:Drivers/STM32L4xx_HAL_Driver/Src/stm32l4xx_hal_spi.c **** }
 4940              		.loc 1 2678 3 discriminator 2 view .LVU1715
2678:Drivers/STM32L4xx_HAL_Driver/Src/stm32l4xx_hal_spi.c **** }
 4941              		.loc 1 2678 10 is_stmt 0 discriminator 2 view .LVU1716
 4942 001e 1846     		mov	r0, r3
 4943              	.LVL267:
2678:Drivers/STM32L4xx_HAL_Driver/Src/stm32l4xx_hal_spi.c **** }
 4944              		.loc 1 2678 10 discriminator 2 view .LVU1717
 4945 0020 7047     		bx	lr
 4946              	.LVL268:
 4947              	.L341:
2670:Drivers/STM32L4xx_HAL_Driver/Src/stm32l4xx_hal_spi.c **** 
 4948              		.loc 1 2670 3 view .LVU1718
 4949 0022 0220     		movs	r0, #2
 4950              	.LVL269:
2679:Drivers/STM32L4xx_HAL_Driver/Src/stm32l4xx_hal_spi.c **** 
 4951              		.loc 1 2679 1 view .LVU1719
 4952 0024 7047     		bx	lr
 4953              		.cfi_endproc
 4954              	.LFE303:
 4956              		.section	.text.HAL_SPI_DMAResume,"ax",%progbits
 4957              		.align	1
 4958              		.global	HAL_SPI_DMAResume
 4959              		.syntax unified
 4960              		.thumb
 4961              		.thumb_func
 4963              	HAL_SPI_DMAResume:
 4964              	.LVL270:
 4965              	.LFB304:
2688:Drivers/STM32L4xx_HAL_Driver/Src/stm32l4xx_hal_spi.c ****   /* Process Locked */
 4966              		.loc 1 2688 1 is_stmt 1 view -0
 4967              		.cfi_startproc
 4968              		@ args = 0, pretend = 0, frame = 0
 4969              		@ frame_needed = 0, uses_anonymous_args = 0
 4970              		@ link register save eliminated.
2690:Drivers/STM32L4xx_HAL_Driver/Src/stm32l4xx_hal_spi.c **** 
 4971              		.loc 1 2690 3 view .LVU1721
2690:Drivers/STM32L4xx_HAL_Driver/Src/stm32l4xx_hal_spi.c **** 
 4972              		.loc 1 2690 3 view .LVU1722
 4973 0000 90F85C30 		ldrb	r3, [r0, #92]	@ zero_extendqisi2
 4974 0004 012B     		cmp	r3, #1
 4975 0006 0CD0     		beq	.L344
2690:Drivers/STM32L4xx_HAL_Driver/Src/stm32l4xx_hal_spi.c **** 
 4976              		.loc 1 2690 3 discriminator 2 view .LVU1723
 4977 0008 0123     		movs	r3, #1
 4978 000a 80F85C30 		strb	r3, [r0, #92]
2690:Drivers/STM32L4xx_HAL_Driver/Src/stm32l4xx_hal_spi.c **** 
 4979              		.loc 1 2690 3 discriminator 2 view .LVU1724
2693:Drivers/STM32L4xx_HAL_Driver/Src/stm32l4xx_hal_spi.c **** 
 4980              		.loc 1 2693 3 discriminator 2 view .LVU1725
 4981 000e 0268     		ldr	r2, [r0]
 4982 0010 5368     		ldr	r3, [r2, #4]
 4983 0012 43F00303 		orr	r3, r3, #3
 4984 0016 5360     		str	r3, [r2, #4]
2696:Drivers/STM32L4xx_HAL_Driver/Src/stm32l4xx_hal_spi.c **** 
ARM GAS  /tmp/ccl8yU0j.s 			page 193


 4985              		.loc 1 2696 3 discriminator 2 view .LVU1726
2696:Drivers/STM32L4xx_HAL_Driver/Src/stm32l4xx_hal_spi.c **** 
 4986              		.loc 1 2696 3 discriminator 2 view .LVU1727
 4987 0018 0023     		movs	r3, #0
 4988 001a 80F85C30 		strb	r3, [r0, #92]
2696:Drivers/STM32L4xx_HAL_Driver/Src/stm32l4xx_hal_spi.c **** 
 4989              		.loc 1 2696 3 discriminator 2 view .LVU1728
2698:Drivers/STM32L4xx_HAL_Driver/Src/stm32l4xx_hal_spi.c **** }
 4990              		.loc 1 2698 3 discriminator 2 view .LVU1729
2698:Drivers/STM32L4xx_HAL_Driver/Src/stm32l4xx_hal_spi.c **** }
 4991              		.loc 1 2698 10 is_stmt 0 discriminator 2 view .LVU1730
 4992 001e 1846     		mov	r0, r3
 4993              	.LVL271:
2698:Drivers/STM32L4xx_HAL_Driver/Src/stm32l4xx_hal_spi.c **** }
 4994              		.loc 1 2698 10 discriminator 2 view .LVU1731
 4995 0020 7047     		bx	lr
 4996              	.LVL272:
 4997              	.L344:
2690:Drivers/STM32L4xx_HAL_Driver/Src/stm32l4xx_hal_spi.c **** 
 4998              		.loc 1 2690 3 view .LVU1732
 4999 0022 0220     		movs	r0, #2
 5000              	.LVL273:
2699:Drivers/STM32L4xx_HAL_Driver/Src/stm32l4xx_hal_spi.c **** 
 5001              		.loc 1 2699 1 view .LVU1733
 5002 0024 7047     		bx	lr
 5003              		.cfi_endproc
 5004              	.LFE304:
 5006              		.section	.text.HAL_SPI_DMAStop,"ax",%progbits
 5007              		.align	1
 5008              		.global	HAL_SPI_DMAStop
 5009              		.syntax unified
 5010              		.thumb
 5011              		.thumb_func
 5013              	HAL_SPI_DMAStop:
 5014              	.LVL274:
 5015              	.LFB305:
2708:Drivers/STM32L4xx_HAL_Driver/Src/stm32l4xx_hal_spi.c ****   HAL_StatusTypeDef errorcode = HAL_OK;
 5016              		.loc 1 2708 1 is_stmt 1 view -0
 5017              		.cfi_startproc
 5018              		@ args = 0, pretend = 0, frame = 0
 5019              		@ frame_needed = 0, uses_anonymous_args = 0
2708:Drivers/STM32L4xx_HAL_Driver/Src/stm32l4xx_hal_spi.c ****   HAL_StatusTypeDef errorcode = HAL_OK;
 5020              		.loc 1 2708 1 is_stmt 0 view .LVU1735
 5021 0000 38B5     		push	{r3, r4, r5, lr}
 5022              	.LCFI51:
 5023              		.cfi_def_cfa_offset 16
 5024              		.cfi_offset 3, -16
 5025              		.cfi_offset 4, -12
 5026              		.cfi_offset 5, -8
 5027              		.cfi_offset 14, -4
 5028 0002 0446     		mov	r4, r0
2709:Drivers/STM32L4xx_HAL_Driver/Src/stm32l4xx_hal_spi.c ****   /* The Lock is not implemented on this API to allow the user application
 5029              		.loc 1 2709 3 is_stmt 1 view .LVU1736
 5030              	.LVL275:
2719:Drivers/STM32L4xx_HAL_Driver/Src/stm32l4xx_hal_spi.c ****   {
 5031              		.loc 1 2719 3 view .LVU1737
2719:Drivers/STM32L4xx_HAL_Driver/Src/stm32l4xx_hal_spi.c ****   {
ARM GAS  /tmp/ccl8yU0j.s 			page 194


 5032              		.loc 1 2719 11 is_stmt 0 view .LVU1738
 5033 0004 406D     		ldr	r0, [r0, #84]
 5034              	.LVL276:
2719:Drivers/STM32L4xx_HAL_Driver/Src/stm32l4xx_hal_spi.c ****   {
 5035              		.loc 1 2719 6 view .LVU1739
 5036 0006 48B1     		cbz	r0, .L348
2721:Drivers/STM32L4xx_HAL_Driver/Src/stm32l4xx_hal_spi.c ****     {
 5037              		.loc 1 2721 5 is_stmt 1 view .LVU1740
2721:Drivers/STM32L4xx_HAL_Driver/Src/stm32l4xx_hal_spi.c ****     {
 5038              		.loc 1 2721 19 is_stmt 0 view .LVU1741
 5039 0008 FFF7FEFF 		bl	HAL_DMA_Abort
 5040              	.LVL277:
2721:Drivers/STM32L4xx_HAL_Driver/Src/stm32l4xx_hal_spi.c ****     {
 5041              		.loc 1 2721 8 view .LVU1742
 5042 000c 0546     		mov	r5, r0
 5043 000e 30B1     		cbz	r0, .L346
2723:Drivers/STM32L4xx_HAL_Driver/Src/stm32l4xx_hal_spi.c ****       errorcode = HAL_ERROR;
 5044              		.loc 1 2723 7 is_stmt 1 view .LVU1743
 5045 0010 236E     		ldr	r3, [r4, #96]
 5046 0012 43F01003 		orr	r3, r3, #16
 5047 0016 2366     		str	r3, [r4, #96]
2724:Drivers/STM32L4xx_HAL_Driver/Src/stm32l4xx_hal_spi.c ****     }
 5048              		.loc 1 2724 7 view .LVU1744
 5049              	.LVL278:
2724:Drivers/STM32L4xx_HAL_Driver/Src/stm32l4xx_hal_spi.c ****     }
 5050              		.loc 1 2724 17 is_stmt 0 view .LVU1745
 5051 0018 0125     		movs	r5, #1
 5052 001a 00E0     		b	.L346
 5053              	.LVL279:
 5054              	.L348:
2709:Drivers/STM32L4xx_HAL_Driver/Src/stm32l4xx_hal_spi.c ****   /* The Lock is not implemented on this API to allow the user application
 5055              		.loc 1 2709 21 view .LVU1746
 5056 001c 0025     		movs	r5, #0
 5057              	.LVL280:
 5058              	.L346:
2728:Drivers/STM32L4xx_HAL_Driver/Src/stm32l4xx_hal_spi.c ****   {
 5059              		.loc 1 2728 3 is_stmt 1 view .LVU1747
2728:Drivers/STM32L4xx_HAL_Driver/Src/stm32l4xx_hal_spi.c ****   {
 5060              		.loc 1 2728 11 is_stmt 0 view .LVU1748
 5061 001e A06D     		ldr	r0, [r4, #88]
2728:Drivers/STM32L4xx_HAL_Driver/Src/stm32l4xx_hal_spi.c ****   {
 5062              		.loc 1 2728 6 view .LVU1749
 5063 0020 38B1     		cbz	r0, .L347
2730:Drivers/STM32L4xx_HAL_Driver/Src/stm32l4xx_hal_spi.c ****     {
 5064              		.loc 1 2730 5 is_stmt 1 view .LVU1750
2730:Drivers/STM32L4xx_HAL_Driver/Src/stm32l4xx_hal_spi.c ****     {
 5065              		.loc 1 2730 19 is_stmt 0 view .LVU1751
 5066 0022 FFF7FEFF 		bl	HAL_DMA_Abort
 5067              	.LVL281:
2730:Drivers/STM32L4xx_HAL_Driver/Src/stm32l4xx_hal_spi.c ****     {
 5068              		.loc 1 2730 8 view .LVU1752
 5069 0026 20B1     		cbz	r0, .L347
2732:Drivers/STM32L4xx_HAL_Driver/Src/stm32l4xx_hal_spi.c ****       errorcode = HAL_ERROR;
 5070              		.loc 1 2732 7 is_stmt 1 view .LVU1753
 5071 0028 236E     		ldr	r3, [r4, #96]
 5072 002a 43F01003 		orr	r3, r3, #16
 5073 002e 2366     		str	r3, [r4, #96]
ARM GAS  /tmp/ccl8yU0j.s 			page 195


2733:Drivers/STM32L4xx_HAL_Driver/Src/stm32l4xx_hal_spi.c ****     }
 5074              		.loc 1 2733 7 view .LVU1754
 5075              	.LVL282:
2733:Drivers/STM32L4xx_HAL_Driver/Src/stm32l4xx_hal_spi.c ****     }
 5076              		.loc 1 2733 17 is_stmt 0 view .LVU1755
 5077 0030 0125     		movs	r5, #1
 5078              	.LVL283:
 5079              	.L347:
2738:Drivers/STM32L4xx_HAL_Driver/Src/stm32l4xx_hal_spi.c ****   hspi->State = HAL_SPI_STATE_READY;
 5080              		.loc 1 2738 3 is_stmt 1 view .LVU1756
 5081 0032 2268     		ldr	r2, [r4]
 5082 0034 5368     		ldr	r3, [r2, #4]
 5083 0036 23F00303 		bic	r3, r3, #3
 5084 003a 5360     		str	r3, [r2, #4]
2739:Drivers/STM32L4xx_HAL_Driver/Src/stm32l4xx_hal_spi.c ****   return errorcode;
 5085              		.loc 1 2739 3 view .LVU1757
2739:Drivers/STM32L4xx_HAL_Driver/Src/stm32l4xx_hal_spi.c ****   return errorcode;
 5086              		.loc 1 2739 15 is_stmt 0 view .LVU1758
 5087 003c 0123     		movs	r3, #1
 5088 003e 84F85D30 		strb	r3, [r4, #93]
2740:Drivers/STM32L4xx_HAL_Driver/Src/stm32l4xx_hal_spi.c **** }
 5089              		.loc 1 2740 3 is_stmt 1 view .LVU1759
2741:Drivers/STM32L4xx_HAL_Driver/Src/stm32l4xx_hal_spi.c **** 
 5090              		.loc 1 2741 1 is_stmt 0 view .LVU1760
 5091 0042 2846     		mov	r0, r5
 5092 0044 38BD     		pop	{r3, r4, r5, pc}
2741:Drivers/STM32L4xx_HAL_Driver/Src/stm32l4xx_hal_spi.c **** 
 5093              		.loc 1 2741 1 view .LVU1761
 5094              		.cfi_endproc
 5095              	.LFE305:
 5097              		.section	.text.HAL_SPI_TxCpltCallback,"ax",%progbits
 5098              		.align	1
 5099              		.weak	HAL_SPI_TxCpltCallback
 5100              		.syntax unified
 5101              		.thumb
 5102              		.thumb_func
 5104              	HAL_SPI_TxCpltCallback:
 5105              	.LVL284:
 5106              	.LFB307:
2857:Drivers/STM32L4xx_HAL_Driver/Src/stm32l4xx_hal_spi.c ****   /* Prevent unused argument(s) compilation warning */
 5107              		.loc 1 2857 1 is_stmt 1 view -0
 5108              		.cfi_startproc
 5109              		@ args = 0, pretend = 0, frame = 0
 5110              		@ frame_needed = 0, uses_anonymous_args = 0
 5111              		@ link register save eliminated.
2859:Drivers/STM32L4xx_HAL_Driver/Src/stm32l4xx_hal_spi.c **** 
 5112              		.loc 1 2859 3 view .LVU1763
2864:Drivers/STM32L4xx_HAL_Driver/Src/stm32l4xx_hal_spi.c **** 
 5113              		.loc 1 2864 1 is_stmt 0 view .LVU1764
 5114 0000 7047     		bx	lr
 5115              		.cfi_endproc
 5116              	.LFE307:
 5118              		.section	.text.HAL_SPI_RxCpltCallback,"ax",%progbits
 5119              		.align	1
 5120              		.weak	HAL_SPI_RxCpltCallback
 5121              		.syntax unified
 5122              		.thumb
ARM GAS  /tmp/ccl8yU0j.s 			page 196


 5123              		.thumb_func
 5125              	HAL_SPI_RxCpltCallback:
 5126              	.LVL285:
 5127              	.LFB308:
2873:Drivers/STM32L4xx_HAL_Driver/Src/stm32l4xx_hal_spi.c ****   /* Prevent unused argument(s) compilation warning */
 5128              		.loc 1 2873 1 is_stmt 1 view -0
 5129              		.cfi_startproc
 5130              		@ args = 0, pretend = 0, frame = 0
 5131              		@ frame_needed = 0, uses_anonymous_args = 0
 5132              		@ link register save eliminated.
2875:Drivers/STM32L4xx_HAL_Driver/Src/stm32l4xx_hal_spi.c **** 
 5133              		.loc 1 2875 3 view .LVU1766
2880:Drivers/STM32L4xx_HAL_Driver/Src/stm32l4xx_hal_spi.c **** 
 5134              		.loc 1 2880 1 is_stmt 0 view .LVU1767
 5135 0000 7047     		bx	lr
 5136              		.cfi_endproc
 5137              	.LFE308:
 5139              		.section	.text.HAL_SPI_TxRxCpltCallback,"ax",%progbits
 5140              		.align	1
 5141              		.weak	HAL_SPI_TxRxCpltCallback
 5142              		.syntax unified
 5143              		.thumb
 5144              		.thumb_func
 5146              	HAL_SPI_TxRxCpltCallback:
 5147              	.LVL286:
 5148              	.LFB309:
2889:Drivers/STM32L4xx_HAL_Driver/Src/stm32l4xx_hal_spi.c ****   /* Prevent unused argument(s) compilation warning */
 5149              		.loc 1 2889 1 is_stmt 1 view -0
 5150              		.cfi_startproc
 5151              		@ args = 0, pretend = 0, frame = 0
 5152              		@ frame_needed = 0, uses_anonymous_args = 0
 5153              		@ link register save eliminated.
2891:Drivers/STM32L4xx_HAL_Driver/Src/stm32l4xx_hal_spi.c **** 
 5154              		.loc 1 2891 3 view .LVU1769
2896:Drivers/STM32L4xx_HAL_Driver/Src/stm32l4xx_hal_spi.c **** 
 5155              		.loc 1 2896 1 is_stmt 0 view .LVU1770
 5156 0000 7047     		bx	lr
 5157              		.cfi_endproc
 5158              	.LFE309:
 5160              		.section	.text.HAL_SPI_TxHalfCpltCallback,"ax",%progbits
 5161              		.align	1
 5162              		.weak	HAL_SPI_TxHalfCpltCallback
 5163              		.syntax unified
 5164              		.thumb
 5165              		.thumb_func
 5167              	HAL_SPI_TxHalfCpltCallback:
 5168              	.LVL287:
 5169              	.LFB310:
2905:Drivers/STM32L4xx_HAL_Driver/Src/stm32l4xx_hal_spi.c ****   /* Prevent unused argument(s) compilation warning */
 5170              		.loc 1 2905 1 is_stmt 1 view -0
 5171              		.cfi_startproc
 5172              		@ args = 0, pretend = 0, frame = 0
 5173              		@ frame_needed = 0, uses_anonymous_args = 0
 5174              		@ link register save eliminated.
2907:Drivers/STM32L4xx_HAL_Driver/Src/stm32l4xx_hal_spi.c **** 
 5175              		.loc 1 2907 3 view .LVU1772
2912:Drivers/STM32L4xx_HAL_Driver/Src/stm32l4xx_hal_spi.c **** 
ARM GAS  /tmp/ccl8yU0j.s 			page 197


 5176              		.loc 1 2912 1 is_stmt 0 view .LVU1773
 5177 0000 7047     		bx	lr
 5178              		.cfi_endproc
 5179              	.LFE310:
 5181              		.section	.text.SPI_DMAHalfTransmitCplt,"ax",%progbits
 5182              		.align	1
 5183              		.syntax unified
 5184              		.thumb
 5185              		.thumb_func
 5187              	SPI_DMAHalfTransmitCplt:
 5188              	.LVL288:
 5189              	.LFB320:
3318:Drivers/STM32L4xx_HAL_Driver/Src/stm32l4xx_hal_spi.c ****   SPI_HandleTypeDef *hspi = (SPI_HandleTypeDef *)(((DMA_HandleTypeDef *)hdma)->Parent);
 5190              		.loc 1 3318 1 is_stmt 1 view -0
 5191              		.cfi_startproc
 5192              		@ args = 0, pretend = 0, frame = 0
 5193              		@ frame_needed = 0, uses_anonymous_args = 0
3318:Drivers/STM32L4xx_HAL_Driver/Src/stm32l4xx_hal_spi.c ****   SPI_HandleTypeDef *hspi = (SPI_HandleTypeDef *)(((DMA_HandleTypeDef *)hdma)->Parent);
 5194              		.loc 1 3318 1 is_stmt 0 view .LVU1775
 5195 0000 08B5     		push	{r3, lr}
 5196              	.LCFI52:
 5197              		.cfi_def_cfa_offset 8
 5198              		.cfi_offset 3, -8
 5199              		.cfi_offset 14, -4
3319:Drivers/STM32L4xx_HAL_Driver/Src/stm32l4xx_hal_spi.c **** 
 5200              		.loc 1 3319 3 is_stmt 1 view .LVU1776
 5201              	.LVL289:
3325:Drivers/STM32L4xx_HAL_Driver/Src/stm32l4xx_hal_spi.c **** #endif /* USE_HAL_SPI_REGISTER_CALLBACKS */
 5202              		.loc 1 3325 3 view .LVU1777
 5203 0002 806A     		ldr	r0, [r0, #40]
 5204              	.LVL290:
3325:Drivers/STM32L4xx_HAL_Driver/Src/stm32l4xx_hal_spi.c **** #endif /* USE_HAL_SPI_REGISTER_CALLBACKS */
 5205              		.loc 1 3325 3 is_stmt 0 view .LVU1778
 5206 0004 FFF7FEFF 		bl	HAL_SPI_TxHalfCpltCallback
 5207              	.LVL291:
3327:Drivers/STM32L4xx_HAL_Driver/Src/stm32l4xx_hal_spi.c **** 
 5208              		.loc 1 3327 1 view .LVU1779
 5209 0008 08BD     		pop	{r3, pc}
 5210              		.cfi_endproc
 5211              	.LFE320:
 5213              		.section	.text.HAL_SPI_RxHalfCpltCallback,"ax",%progbits
 5214              		.align	1
 5215              		.weak	HAL_SPI_RxHalfCpltCallback
 5216              		.syntax unified
 5217              		.thumb
 5218              		.thumb_func
 5220              	HAL_SPI_RxHalfCpltCallback:
 5221              	.LVL292:
 5222              	.LFB311:
2921:Drivers/STM32L4xx_HAL_Driver/Src/stm32l4xx_hal_spi.c ****   /* Prevent unused argument(s) compilation warning */
 5223              		.loc 1 2921 1 is_stmt 1 view -0
 5224              		.cfi_startproc
 5225              		@ args = 0, pretend = 0, frame = 0
 5226              		@ frame_needed = 0, uses_anonymous_args = 0
 5227              		@ link register save eliminated.
2923:Drivers/STM32L4xx_HAL_Driver/Src/stm32l4xx_hal_spi.c **** 
 5228              		.loc 1 2923 3 view .LVU1781
ARM GAS  /tmp/ccl8yU0j.s 			page 198


2928:Drivers/STM32L4xx_HAL_Driver/Src/stm32l4xx_hal_spi.c **** 
 5229              		.loc 1 2928 1 is_stmt 0 view .LVU1782
 5230 0000 7047     		bx	lr
 5231              		.cfi_endproc
 5232              	.LFE311:
 5234              		.section	.text.SPI_DMAHalfReceiveCplt,"ax",%progbits
 5235              		.align	1
 5236              		.syntax unified
 5237              		.thumb
 5238              		.thumb_func
 5240              	SPI_DMAHalfReceiveCplt:
 5241              	.LVL293:
 5242              	.LFB321:
3336:Drivers/STM32L4xx_HAL_Driver/Src/stm32l4xx_hal_spi.c ****   SPI_HandleTypeDef *hspi = (SPI_HandleTypeDef *)(((DMA_HandleTypeDef *)hdma)->Parent);
 5243              		.loc 1 3336 1 is_stmt 1 view -0
 5244              		.cfi_startproc
 5245              		@ args = 0, pretend = 0, frame = 0
 5246              		@ frame_needed = 0, uses_anonymous_args = 0
3336:Drivers/STM32L4xx_HAL_Driver/Src/stm32l4xx_hal_spi.c ****   SPI_HandleTypeDef *hspi = (SPI_HandleTypeDef *)(((DMA_HandleTypeDef *)hdma)->Parent);
 5247              		.loc 1 3336 1 is_stmt 0 view .LVU1784
 5248 0000 08B5     		push	{r3, lr}
 5249              	.LCFI53:
 5250              		.cfi_def_cfa_offset 8
 5251              		.cfi_offset 3, -8
 5252              		.cfi_offset 14, -4
3337:Drivers/STM32L4xx_HAL_Driver/Src/stm32l4xx_hal_spi.c **** 
 5253              		.loc 1 3337 3 is_stmt 1 view .LVU1785
 5254              	.LVL294:
3343:Drivers/STM32L4xx_HAL_Driver/Src/stm32l4xx_hal_spi.c **** #endif /* USE_HAL_SPI_REGISTER_CALLBACKS */
 5255              		.loc 1 3343 3 view .LVU1786
 5256 0002 806A     		ldr	r0, [r0, #40]
 5257              	.LVL295:
3343:Drivers/STM32L4xx_HAL_Driver/Src/stm32l4xx_hal_spi.c **** #endif /* USE_HAL_SPI_REGISTER_CALLBACKS */
 5258              		.loc 1 3343 3 is_stmt 0 view .LVU1787
 5259 0004 FFF7FEFF 		bl	HAL_SPI_RxHalfCpltCallback
 5260              	.LVL296:
3345:Drivers/STM32L4xx_HAL_Driver/Src/stm32l4xx_hal_spi.c **** 
 5261              		.loc 1 3345 1 view .LVU1788
 5262 0008 08BD     		pop	{r3, pc}
 5263              		.cfi_endproc
 5264              	.LFE321:
 5266              		.section	.text.HAL_SPI_TxRxHalfCpltCallback,"ax",%progbits
 5267              		.align	1
 5268              		.weak	HAL_SPI_TxRxHalfCpltCallback
 5269              		.syntax unified
 5270              		.thumb
 5271              		.thumb_func
 5273              	HAL_SPI_TxRxHalfCpltCallback:
 5274              	.LVL297:
 5275              	.LFB312:
2937:Drivers/STM32L4xx_HAL_Driver/Src/stm32l4xx_hal_spi.c ****   /* Prevent unused argument(s) compilation warning */
 5276              		.loc 1 2937 1 is_stmt 1 view -0
 5277              		.cfi_startproc
 5278              		@ args = 0, pretend = 0, frame = 0
 5279              		@ frame_needed = 0, uses_anonymous_args = 0
 5280              		@ link register save eliminated.
2939:Drivers/STM32L4xx_HAL_Driver/Src/stm32l4xx_hal_spi.c **** 
ARM GAS  /tmp/ccl8yU0j.s 			page 199


 5281              		.loc 1 2939 3 view .LVU1790
2944:Drivers/STM32L4xx_HAL_Driver/Src/stm32l4xx_hal_spi.c **** 
 5282              		.loc 1 2944 1 is_stmt 0 view .LVU1791
 5283 0000 7047     		bx	lr
 5284              		.cfi_endproc
 5285              	.LFE312:
 5287              		.section	.text.SPI_DMAHalfTransmitReceiveCplt,"ax",%progbits
 5288              		.align	1
 5289              		.syntax unified
 5290              		.thumb
 5291              		.thumb_func
 5293              	SPI_DMAHalfTransmitReceiveCplt:
 5294              	.LVL298:
 5295              	.LFB322:
3354:Drivers/STM32L4xx_HAL_Driver/Src/stm32l4xx_hal_spi.c ****   SPI_HandleTypeDef *hspi = (SPI_HandleTypeDef *)(((DMA_HandleTypeDef *)hdma)->Parent);
 5296              		.loc 1 3354 1 is_stmt 1 view -0
 5297              		.cfi_startproc
 5298              		@ args = 0, pretend = 0, frame = 0
 5299              		@ frame_needed = 0, uses_anonymous_args = 0
3354:Drivers/STM32L4xx_HAL_Driver/Src/stm32l4xx_hal_spi.c ****   SPI_HandleTypeDef *hspi = (SPI_HandleTypeDef *)(((DMA_HandleTypeDef *)hdma)->Parent);
 5300              		.loc 1 3354 1 is_stmt 0 view .LVU1793
 5301 0000 08B5     		push	{r3, lr}
 5302              	.LCFI54:
 5303              		.cfi_def_cfa_offset 8
 5304              		.cfi_offset 3, -8
 5305              		.cfi_offset 14, -4
3355:Drivers/STM32L4xx_HAL_Driver/Src/stm32l4xx_hal_spi.c **** 
 5306              		.loc 1 3355 3 is_stmt 1 view .LVU1794
 5307              	.LVL299:
3361:Drivers/STM32L4xx_HAL_Driver/Src/stm32l4xx_hal_spi.c **** #endif /* USE_HAL_SPI_REGISTER_CALLBACKS */
 5308              		.loc 1 3361 3 view .LVU1795
 5309 0002 806A     		ldr	r0, [r0, #40]
 5310              	.LVL300:
3361:Drivers/STM32L4xx_HAL_Driver/Src/stm32l4xx_hal_spi.c **** #endif /* USE_HAL_SPI_REGISTER_CALLBACKS */
 5311              		.loc 1 3361 3 is_stmt 0 view .LVU1796
 5312 0004 FFF7FEFF 		bl	HAL_SPI_TxRxHalfCpltCallback
 5313              	.LVL301:
3363:Drivers/STM32L4xx_HAL_Driver/Src/stm32l4xx_hal_spi.c **** 
 5314              		.loc 1 3363 1 view .LVU1797
 5315 0008 08BD     		pop	{r3, pc}
 5316              		.cfi_endproc
 5317              	.LFE322:
 5319              		.section	.text.HAL_SPI_ErrorCallback,"ax",%progbits
 5320              		.align	1
 5321              		.weak	HAL_SPI_ErrorCallback
 5322              		.syntax unified
 5323              		.thumb
 5324              		.thumb_func
 5326              	HAL_SPI_ErrorCallback:
 5327              	.LVL302:
 5328              	.LFB313:
2953:Drivers/STM32L4xx_HAL_Driver/Src/stm32l4xx_hal_spi.c ****   /* Prevent unused argument(s) compilation warning */
 5329              		.loc 1 2953 1 is_stmt 1 view -0
 5330              		.cfi_startproc
 5331              		@ args = 0, pretend = 0, frame = 0
 5332              		@ frame_needed = 0, uses_anonymous_args = 0
 5333              		@ link register save eliminated.
ARM GAS  /tmp/ccl8yU0j.s 			page 200


2955:Drivers/STM32L4xx_HAL_Driver/Src/stm32l4xx_hal_spi.c **** 
 5334              		.loc 1 2955 3 view .LVU1799
2963:Drivers/STM32L4xx_HAL_Driver/Src/stm32l4xx_hal_spi.c **** 
 5335              		.loc 1 2963 1 is_stmt 0 view .LVU1800
 5336 0000 7047     		bx	lr
 5337              		.cfi_endproc
 5338              	.LFE313:
 5340              		.section	.text.SPI_CloseTx_ISR,"ax",%progbits
 5341              		.align	1
 5342              		.syntax unified
 5343              		.thumb
 5344              		.thumb_func
 5346              	SPI_CloseTx_ISR:
 5347              	.LVL303:
 5348              	.LFB341:
4298:Drivers/STM32L4xx_HAL_Driver/Src/stm32l4xx_hal_spi.c ****   uint32_t tickstart;
 5349              		.loc 1 4298 1 is_stmt 1 view -0
 5350              		.cfi_startproc
 5351              		@ args = 0, pretend = 0, frame = 8
 5352              		@ frame_needed = 0, uses_anonymous_args = 0
4298:Drivers/STM32L4xx_HAL_Driver/Src/stm32l4xx_hal_spi.c ****   uint32_t tickstart;
 5353              		.loc 1 4298 1 is_stmt 0 view .LVU1802
 5354 0000 10B5     		push	{r4, lr}
 5355              	.LCFI55:
 5356              		.cfi_def_cfa_offset 8
 5357              		.cfi_offset 4, -8
 5358              		.cfi_offset 14, -4
 5359 0002 82B0     		sub	sp, sp, #8
 5360              	.LCFI56:
 5361              		.cfi_def_cfa_offset 16
 5362 0004 0446     		mov	r4, r0
4299:Drivers/STM32L4xx_HAL_Driver/Src/stm32l4xx_hal_spi.c **** 
 5363              		.loc 1 4299 3 is_stmt 1 view .LVU1803
4302:Drivers/STM32L4xx_HAL_Driver/Src/stm32l4xx_hal_spi.c **** 
 5364              		.loc 1 4302 3 view .LVU1804
4302:Drivers/STM32L4xx_HAL_Driver/Src/stm32l4xx_hal_spi.c **** 
 5365              		.loc 1 4302 15 is_stmt 0 view .LVU1805
 5366 0006 FFF7FEFF 		bl	HAL_GetTick
 5367              	.LVL304:
4302:Drivers/STM32L4xx_HAL_Driver/Src/stm32l4xx_hal_spi.c **** 
 5368              		.loc 1 4302 15 view .LVU1806
 5369 000a 0246     		mov	r2, r0
 5370              	.LVL305:
4305:Drivers/STM32L4xx_HAL_Driver/Src/stm32l4xx_hal_spi.c **** 
 5371              		.loc 1 4305 3 is_stmt 1 view .LVU1807
 5372 000c 2168     		ldr	r1, [r4]
 5373 000e 4B68     		ldr	r3, [r1, #4]
 5374 0010 23F0A003 		bic	r3, r3, #160
 5375 0014 4B60     		str	r3, [r1, #4]
4308:Drivers/STM32L4xx_HAL_Driver/Src/stm32l4xx_hal_spi.c ****   {
 5376              		.loc 1 4308 3 view .LVU1808
4308:Drivers/STM32L4xx_HAL_Driver/Src/stm32l4xx_hal_spi.c ****   {
 5377              		.loc 1 4308 7 is_stmt 0 view .LVU1809
 5378 0016 6421     		movs	r1, #100
 5379 0018 2046     		mov	r0, r4
 5380              	.LVL306:
4308:Drivers/STM32L4xx_HAL_Driver/Src/stm32l4xx_hal_spi.c ****   {
ARM GAS  /tmp/ccl8yU0j.s 			page 201


 5381              		.loc 1 4308 7 view .LVU1810
 5382 001a FFF7FEFF 		bl	SPI_EndRxTxTransaction
 5383              	.LVL307:
4308:Drivers/STM32L4xx_HAL_Driver/Src/stm32l4xx_hal_spi.c ****   {
 5384              		.loc 1 4308 6 view .LVU1811
 5385 001e 18B1     		cbz	r0, .L364
4310:Drivers/STM32L4xx_HAL_Driver/Src/stm32l4xx_hal_spi.c ****   }
 5386              		.loc 1 4310 5 is_stmt 1 view .LVU1812
 5387 0020 236E     		ldr	r3, [r4, #96]
 5388 0022 43F02003 		orr	r3, r3, #32
 5389 0026 2366     		str	r3, [r4, #96]
 5390              	.L364:
4314:Drivers/STM32L4xx_HAL_Driver/Src/stm32l4xx_hal_spi.c ****   {
 5391              		.loc 1 4314 3 view .LVU1813
4314:Drivers/STM32L4xx_HAL_Driver/Src/stm32l4xx_hal_spi.c ****   {
 5392              		.loc 1 4314 17 is_stmt 0 view .LVU1814
 5393 0028 A368     		ldr	r3, [r4, #8]
4314:Drivers/STM32L4xx_HAL_Driver/Src/stm32l4xx_hal_spi.c ****   {
 5394              		.loc 1 4314 6 view .LVU1815
 5395 002a 33B9     		cbnz	r3, .L365
4316:Drivers/STM32L4xx_HAL_Driver/Src/stm32l4xx_hal_spi.c ****   }
 5396              		.loc 1 4316 5 is_stmt 1 view .LVU1816
 5397              	.LBB5:
4316:Drivers/STM32L4xx_HAL_Driver/Src/stm32l4xx_hal_spi.c ****   }
 5398              		.loc 1 4316 5 view .LVU1817
 5399 002c 0193     		str	r3, [sp, #4]
4316:Drivers/STM32L4xx_HAL_Driver/Src/stm32l4xx_hal_spi.c ****   }
 5400              		.loc 1 4316 5 view .LVU1818
 5401 002e 2368     		ldr	r3, [r4]
 5402 0030 DA68     		ldr	r2, [r3, #12]
 5403 0032 0192     		str	r2, [sp, #4]
4316:Drivers/STM32L4xx_HAL_Driver/Src/stm32l4xx_hal_spi.c ****   }
 5404              		.loc 1 4316 5 view .LVU1819
 5405 0034 9B68     		ldr	r3, [r3, #8]
 5406 0036 0193     		str	r3, [sp, #4]
4316:Drivers/STM32L4xx_HAL_Driver/Src/stm32l4xx_hal_spi.c ****   }
 5407              		.loc 1 4316 5 view .LVU1820
 5408 0038 019B     		ldr	r3, [sp, #4]
 5409              	.L365:
 5410              	.LBE5:
4316:Drivers/STM32L4xx_HAL_Driver/Src/stm32l4xx_hal_spi.c ****   }
 5411              		.loc 1 4316 5 discriminator 1 view .LVU1821
4319:Drivers/STM32L4xx_HAL_Driver/Src/stm32l4xx_hal_spi.c ****   if (hspi->ErrorCode != HAL_SPI_ERROR_NONE)
 5412              		.loc 1 4319 3 discriminator 1 view .LVU1822
4319:Drivers/STM32L4xx_HAL_Driver/Src/stm32l4xx_hal_spi.c ****   if (hspi->ErrorCode != HAL_SPI_ERROR_NONE)
 5413              		.loc 1 4319 15 is_stmt 0 discriminator 1 view .LVU1823
 5414 003a 0123     		movs	r3, #1
 5415 003c 84F85D30 		strb	r3, [r4, #93]
4320:Drivers/STM32L4xx_HAL_Driver/Src/stm32l4xx_hal_spi.c ****   {
 5416              		.loc 1 4320 3 is_stmt 1 discriminator 1 view .LVU1824
4320:Drivers/STM32L4xx_HAL_Driver/Src/stm32l4xx_hal_spi.c ****   {
 5417              		.loc 1 4320 11 is_stmt 0 discriminator 1 view .LVU1825
 5418 0040 236E     		ldr	r3, [r4, #96]
4320:Drivers/STM32L4xx_HAL_Driver/Src/stm32l4xx_hal_spi.c ****   {
 5419              		.loc 1 4320 6 discriminator 1 view .LVU1826
 5420 0042 23B1     		cbz	r3, .L366
4326:Drivers/STM32L4xx_HAL_Driver/Src/stm32l4xx_hal_spi.c **** #endif /* USE_HAL_SPI_REGISTER_CALLBACKS */
ARM GAS  /tmp/ccl8yU0j.s 			page 202


 5421              		.loc 1 4326 5 is_stmt 1 view .LVU1827
 5422 0044 2046     		mov	r0, r4
 5423 0046 FFF7FEFF 		bl	HAL_SPI_ErrorCallback
 5424              	.LVL308:
 5425              	.L363:
4338:Drivers/STM32L4xx_HAL_Driver/Src/stm32l4xx_hal_spi.c **** 
 5426              		.loc 1 4338 1 is_stmt 0 view .LVU1828
 5427 004a 02B0     		add	sp, sp, #8
 5428              	.LCFI57:
 5429              		.cfi_remember_state
 5430              		.cfi_def_cfa_offset 8
 5431              		@ sp needed
 5432 004c 10BD     		pop	{r4, pc}
 5433              	.LVL309:
 5434              	.L366:
 5435              	.LCFI58:
 5436              		.cfi_restore_state
4335:Drivers/STM32L4xx_HAL_Driver/Src/stm32l4xx_hal_spi.c **** #endif /* USE_HAL_SPI_REGISTER_CALLBACKS */
 5437              		.loc 1 4335 5 is_stmt 1 view .LVU1829
 5438 004e 2046     		mov	r0, r4
 5439 0050 FFF7FEFF 		bl	HAL_SPI_TxCpltCallback
 5440              	.LVL310:
4338:Drivers/STM32L4xx_HAL_Driver/Src/stm32l4xx_hal_spi.c **** 
 5441              		.loc 1 4338 1 is_stmt 0 view .LVU1830
 5442 0054 F9E7     		b	.L363
 5443              		.cfi_endproc
 5444              	.LFE341:
 5446              		.section	.text.SPI_TxISR_8BIT,"ax",%progbits
 5447              		.align	1
 5448              		.syntax unified
 5449              		.thumb
 5450              		.thumb_func
 5452              	SPI_TxISR_8BIT:
 5453              	.LVL311:
 5454              	.LFB333:
3892:Drivers/STM32L4xx_HAL_Driver/Src/stm32l4xx_hal_spi.c ****   *(__IO uint8_t *)&hspi->Instance->DR = *((const uint8_t *)hspi->pTxBuffPtr);
 5455              		.loc 1 3892 1 is_stmt 1 view -0
 5456              		.cfi_startproc
 5457              		@ args = 0, pretend = 0, frame = 0
 5458              		@ frame_needed = 0, uses_anonymous_args = 0
3892:Drivers/STM32L4xx_HAL_Driver/Src/stm32l4xx_hal_spi.c ****   *(__IO uint8_t *)&hspi->Instance->DR = *((const uint8_t *)hspi->pTxBuffPtr);
 5459              		.loc 1 3892 1 is_stmt 0 view .LVU1832
 5460 0000 08B5     		push	{r3, lr}
 5461              	.LCFI59:
 5462              		.cfi_def_cfa_offset 8
 5463              		.cfi_offset 3, -8
 5464              		.cfi_offset 14, -4
3893:Drivers/STM32L4xx_HAL_Driver/Src/stm32l4xx_hal_spi.c ****   hspi->pTxBuffPtr++;
 5465              		.loc 1 3893 3 is_stmt 1 view .LVU1833
3893:Drivers/STM32L4xx_HAL_Driver/Src/stm32l4xx_hal_spi.c ****   hspi->pTxBuffPtr++;
 5466              		.loc 1 3893 65 is_stmt 0 view .LVU1834
 5467 0002 826B     		ldr	r2, [r0, #56]
3893:Drivers/STM32L4xx_HAL_Driver/Src/stm32l4xx_hal_spi.c ****   hspi->pTxBuffPtr++;
 5468              		.loc 1 3893 25 view .LVU1835
 5469 0004 0368     		ldr	r3, [r0]
3893:Drivers/STM32L4xx_HAL_Driver/Src/stm32l4xx_hal_spi.c ****   hspi->pTxBuffPtr++;
 5470              		.loc 1 3893 42 view .LVU1836
ARM GAS  /tmp/ccl8yU0j.s 			page 203


 5471 0006 1278     		ldrb	r2, [r2]	@ zero_extendqisi2
3893:Drivers/STM32L4xx_HAL_Driver/Src/stm32l4xx_hal_spi.c ****   hspi->pTxBuffPtr++;
 5472              		.loc 1 3893 40 view .LVU1837
 5473 0008 1A73     		strb	r2, [r3, #12]
3894:Drivers/STM32L4xx_HAL_Driver/Src/stm32l4xx_hal_spi.c ****   hspi->TxXferCount--;
 5474              		.loc 1 3894 3 is_stmt 1 view .LVU1838
3894:Drivers/STM32L4xx_HAL_Driver/Src/stm32l4xx_hal_spi.c ****   hspi->TxXferCount--;
 5475              		.loc 1 3894 7 is_stmt 0 view .LVU1839
 5476 000a 836B     		ldr	r3, [r0, #56]
3894:Drivers/STM32L4xx_HAL_Driver/Src/stm32l4xx_hal_spi.c ****   hspi->TxXferCount--;
 5477              		.loc 1 3894 19 view .LVU1840
 5478 000c 0133     		adds	r3, r3, #1
 5479 000e 8363     		str	r3, [r0, #56]
3895:Drivers/STM32L4xx_HAL_Driver/Src/stm32l4xx_hal_spi.c **** 
 5480              		.loc 1 3895 3 is_stmt 1 view .LVU1841
3895:Drivers/STM32L4xx_HAL_Driver/Src/stm32l4xx_hal_spi.c **** 
 5481              		.loc 1 3895 7 is_stmt 0 view .LVU1842
 5482 0010 C38F     		ldrh	r3, [r0, #62]
 5483 0012 9BB2     		uxth	r3, r3
3895:Drivers/STM32L4xx_HAL_Driver/Src/stm32l4xx_hal_spi.c **** 
 5484              		.loc 1 3895 20 view .LVU1843
 5485 0014 013B     		subs	r3, r3, #1
 5486 0016 9BB2     		uxth	r3, r3
 5487 0018 C387     		strh	r3, [r0, #62]	@ movhi
3897:Drivers/STM32L4xx_HAL_Driver/Src/stm32l4xx_hal_spi.c ****   {
 5488              		.loc 1 3897 3 is_stmt 1 view .LVU1844
3897:Drivers/STM32L4xx_HAL_Driver/Src/stm32l4xx_hal_spi.c ****   {
 5489              		.loc 1 3897 11 is_stmt 0 view .LVU1845
 5490 001a C38F     		ldrh	r3, [r0, #62]
 5491 001c 9BB2     		uxth	r3, r3
3897:Drivers/STM32L4xx_HAL_Driver/Src/stm32l4xx_hal_spi.c ****   {
 5492              		.loc 1 3897 6 view .LVU1846
 5493 001e 03B1     		cbz	r3, .L372
 5494              	.LVL312:
 5495              	.L369:
3908:Drivers/STM32L4xx_HAL_Driver/Src/stm32l4xx_hal_spi.c **** 
 5496              		.loc 1 3908 1 view .LVU1847
 5497 0020 08BD     		pop	{r3, pc}
 5498              	.LVL313:
 5499              	.L372:
3906:Drivers/STM32L4xx_HAL_Driver/Src/stm32l4xx_hal_spi.c ****   }
 5500              		.loc 1 3906 5 is_stmt 1 view .LVU1848
 5501 0022 FFF7FEFF 		bl	SPI_CloseTx_ISR
 5502              	.LVL314:
3908:Drivers/STM32L4xx_HAL_Driver/Src/stm32l4xx_hal_spi.c **** 
 5503              		.loc 1 3908 1 is_stmt 0 view .LVU1849
 5504 0026 FBE7     		b	.L369
 5505              		.cfi_endproc
 5506              	.LFE333:
 5508              		.section	.text.SPI_TxISR_16BIT,"ax",%progbits
 5509              		.align	1
 5510              		.syntax unified
 5511              		.thumb
 5512              		.thumb_func
 5514              	SPI_TxISR_16BIT:
 5515              	.LVL315:
 5516              	.LFB334:
ARM GAS  /tmp/ccl8yU0j.s 			page 204


3917:Drivers/STM32L4xx_HAL_Driver/Src/stm32l4xx_hal_spi.c ****   /* Transmit data in 16 Bit mode */
 5517              		.loc 1 3917 1 is_stmt 1 view -0
 5518              		.cfi_startproc
 5519              		@ args = 0, pretend = 0, frame = 0
 5520              		@ frame_needed = 0, uses_anonymous_args = 0
3917:Drivers/STM32L4xx_HAL_Driver/Src/stm32l4xx_hal_spi.c ****   /* Transmit data in 16 Bit mode */
 5521              		.loc 1 3917 1 is_stmt 0 view .LVU1851
 5522 0000 08B5     		push	{r3, lr}
 5523              	.LCFI60:
 5524              		.cfi_def_cfa_offset 8
 5525              		.cfi_offset 3, -8
 5526              		.cfi_offset 14, -4
3919:Drivers/STM32L4xx_HAL_Driver/Src/stm32l4xx_hal_spi.c ****   hspi->pTxBuffPtr += sizeof(uint16_t);
 5527              		.loc 1 3919 3 is_stmt 1 view .LVU1852
3919:Drivers/STM32L4xx_HAL_Driver/Src/stm32l4xx_hal_spi.c ****   hspi->pTxBuffPtr += sizeof(uint16_t);
 5528              		.loc 1 3919 48 is_stmt 0 view .LVU1853
 5529 0002 826B     		ldr	r2, [r0, #56]
3919:Drivers/STM32L4xx_HAL_Driver/Src/stm32l4xx_hal_spi.c ****   hspi->pTxBuffPtr += sizeof(uint16_t);
 5530              		.loc 1 3919 7 view .LVU1854
 5531 0004 0368     		ldr	r3, [r0]
3919:Drivers/STM32L4xx_HAL_Driver/Src/stm32l4xx_hal_spi.c ****   hspi->pTxBuffPtr += sizeof(uint16_t);
 5532              		.loc 1 3919 24 view .LVU1855
 5533 0006 1288     		ldrh	r2, [r2]
3919:Drivers/STM32L4xx_HAL_Driver/Src/stm32l4xx_hal_spi.c ****   hspi->pTxBuffPtr += sizeof(uint16_t);
 5534              		.loc 1 3919 22 view .LVU1856
 5535 0008 DA60     		str	r2, [r3, #12]
3920:Drivers/STM32L4xx_HAL_Driver/Src/stm32l4xx_hal_spi.c ****   hspi->TxXferCount--;
 5536              		.loc 1 3920 3 is_stmt 1 view .LVU1857
3920:Drivers/STM32L4xx_HAL_Driver/Src/stm32l4xx_hal_spi.c ****   hspi->TxXferCount--;
 5537              		.loc 1 3920 20 is_stmt 0 view .LVU1858
 5538 000a 836B     		ldr	r3, [r0, #56]
 5539 000c 0233     		adds	r3, r3, #2
 5540 000e 8363     		str	r3, [r0, #56]
3921:Drivers/STM32L4xx_HAL_Driver/Src/stm32l4xx_hal_spi.c **** 
 5541              		.loc 1 3921 3 is_stmt 1 view .LVU1859
3921:Drivers/STM32L4xx_HAL_Driver/Src/stm32l4xx_hal_spi.c **** 
 5542              		.loc 1 3921 7 is_stmt 0 view .LVU1860
 5543 0010 C38F     		ldrh	r3, [r0, #62]
 5544 0012 9BB2     		uxth	r3, r3
3921:Drivers/STM32L4xx_HAL_Driver/Src/stm32l4xx_hal_spi.c **** 
 5545              		.loc 1 3921 20 view .LVU1861
 5546 0014 013B     		subs	r3, r3, #1
 5547 0016 9BB2     		uxth	r3, r3
 5548 0018 C387     		strh	r3, [r0, #62]	@ movhi
3923:Drivers/STM32L4xx_HAL_Driver/Src/stm32l4xx_hal_spi.c ****   {
 5549              		.loc 1 3923 3 is_stmt 1 view .LVU1862
3923:Drivers/STM32L4xx_HAL_Driver/Src/stm32l4xx_hal_spi.c ****   {
 5550              		.loc 1 3923 11 is_stmt 0 view .LVU1863
 5551 001a C38F     		ldrh	r3, [r0, #62]
 5552 001c 9BB2     		uxth	r3, r3
3923:Drivers/STM32L4xx_HAL_Driver/Src/stm32l4xx_hal_spi.c ****   {
 5553              		.loc 1 3923 6 view .LVU1864
 5554 001e 03B1     		cbz	r3, .L376
 5555              	.LVL316:
 5556              	.L373:
3934:Drivers/STM32L4xx_HAL_Driver/Src/stm32l4xx_hal_spi.c **** 
 5557              		.loc 1 3934 1 view .LVU1865
ARM GAS  /tmp/ccl8yU0j.s 			page 205


 5558 0020 08BD     		pop	{r3, pc}
 5559              	.LVL317:
 5560              	.L376:
3932:Drivers/STM32L4xx_HAL_Driver/Src/stm32l4xx_hal_spi.c ****   }
 5561              		.loc 1 3932 5 is_stmt 1 view .LVU1866
 5562 0022 FFF7FEFF 		bl	SPI_CloseTx_ISR
 5563              	.LVL318:
3934:Drivers/STM32L4xx_HAL_Driver/Src/stm32l4xx_hal_spi.c **** 
 5564              		.loc 1 3934 1 is_stmt 0 view .LVU1867
 5565 0026 FBE7     		b	.L373
 5566              		.cfi_endproc
 5567              	.LFE334:
 5569              		.section	.text.SPI_CloseRx_ISR,"ax",%progbits
 5570              		.align	1
 5571              		.syntax unified
 5572              		.thumb
 5573              		.thumb_func
 5575              	SPI_CloseRx_ISR:
 5576              	.LVL319:
 5577              	.LFB340:
4241:Drivers/STM32L4xx_HAL_Driver/Src/stm32l4xx_hal_spi.c ****   /* Disable RXNE and ERR interrupt */
 5578              		.loc 1 4241 1 is_stmt 1 view -0
 5579              		.cfi_startproc
 5580              		@ args = 0, pretend = 0, frame = 0
 5581              		@ frame_needed = 0, uses_anonymous_args = 0
4241:Drivers/STM32L4xx_HAL_Driver/Src/stm32l4xx_hal_spi.c ****   /* Disable RXNE and ERR interrupt */
 5582              		.loc 1 4241 1 is_stmt 0 view .LVU1869
 5583 0000 10B5     		push	{r4, lr}
 5584              	.LCFI61:
 5585              		.cfi_def_cfa_offset 8
 5586              		.cfi_offset 4, -8
 5587              		.cfi_offset 14, -4
 5588 0002 0446     		mov	r4, r0
4243:Drivers/STM32L4xx_HAL_Driver/Src/stm32l4xx_hal_spi.c **** 
 5589              		.loc 1 4243 3 is_stmt 1 view .LVU1870
 5590 0004 0268     		ldr	r2, [r0]
 5591 0006 5368     		ldr	r3, [r2, #4]
 5592 0008 23F06003 		bic	r3, r3, #96
 5593 000c 5360     		str	r3, [r2, #4]
4246:Drivers/STM32L4xx_HAL_Driver/Src/stm32l4xx_hal_spi.c ****   {
 5594              		.loc 1 4246 3 view .LVU1871
4246:Drivers/STM32L4xx_HAL_Driver/Src/stm32l4xx_hal_spi.c ****   {
 5595              		.loc 1 4246 7 is_stmt 0 view .LVU1872
 5596 000e FFF7FEFF 		bl	HAL_GetTick
 5597              	.LVL320:
4246:Drivers/STM32L4xx_HAL_Driver/Src/stm32l4xx_hal_spi.c ****   {
 5598              		.loc 1 4246 7 view .LVU1873
 5599 0012 0246     		mov	r2, r0
 5600 0014 6421     		movs	r1, #100
 5601 0016 2046     		mov	r0, r4
 5602 0018 FFF7FEFF 		bl	SPI_EndRxTransaction
 5603              	.LVL321:
4246:Drivers/STM32L4xx_HAL_Driver/Src/stm32l4xx_hal_spi.c ****   {
 5604              		.loc 1 4246 6 view .LVU1874
 5605 001c 18B1     		cbz	r0, .L378
4248:Drivers/STM32L4xx_HAL_Driver/Src/stm32l4xx_hal_spi.c ****   }
 5606              		.loc 1 4248 5 is_stmt 1 view .LVU1875
ARM GAS  /tmp/ccl8yU0j.s 			page 206


 5607 001e 236E     		ldr	r3, [r4, #96]
 5608 0020 43F02003 		orr	r3, r3, #32
 5609 0024 2366     		str	r3, [r4, #96]
 5610              	.L378:
4250:Drivers/STM32L4xx_HAL_Driver/Src/stm32l4xx_hal_spi.c **** 
 5611              		.loc 1 4250 3 view .LVU1876
4250:Drivers/STM32L4xx_HAL_Driver/Src/stm32l4xx_hal_spi.c **** 
 5612              		.loc 1 4250 15 is_stmt 0 view .LVU1877
 5613 0026 0123     		movs	r3, #1
 5614 0028 84F85D30 		strb	r3, [r4, #93]
4268:Drivers/STM32L4xx_HAL_Driver/Src/stm32l4xx_hal_spi.c ****     {
 5615              		.loc 1 4268 5 is_stmt 1 view .LVU1878
4268:Drivers/STM32L4xx_HAL_Driver/Src/stm32l4xx_hal_spi.c ****     {
 5616              		.loc 1 4268 13 is_stmt 0 view .LVU1879
 5617 002c 236E     		ldr	r3, [r4, #96]
4268:Drivers/STM32L4xx_HAL_Driver/Src/stm32l4xx_hal_spi.c ****     {
 5618              		.loc 1 4268 8 view .LVU1880
 5619 002e 1BB9     		cbnz	r3, .L379
4274:Drivers/STM32L4xx_HAL_Driver/Src/stm32l4xx_hal_spi.c **** #endif /* USE_HAL_SPI_REGISTER_CALLBACKS */
 5620              		.loc 1 4274 7 is_stmt 1 view .LVU1881
 5621 0030 2046     		mov	r0, r4
 5622 0032 FFF7FEFF 		bl	HAL_SPI_RxCpltCallback
 5623              	.LVL322:
 5624              	.L377:
4289:Drivers/STM32L4xx_HAL_Driver/Src/stm32l4xx_hal_spi.c **** 
 5625              		.loc 1 4289 1 is_stmt 0 view .LVU1882
 5626 0036 10BD     		pop	{r4, pc}
 5627              	.LVL323:
 5628              	.L379:
4283:Drivers/STM32L4xx_HAL_Driver/Src/stm32l4xx_hal_spi.c **** #endif /* USE_HAL_SPI_REGISTER_CALLBACKS */
 5629              		.loc 1 4283 7 is_stmt 1 view .LVU1883
 5630 0038 2046     		mov	r0, r4
 5631 003a FFF7FEFF 		bl	HAL_SPI_ErrorCallback
 5632              	.LVL324:
4289:Drivers/STM32L4xx_HAL_Driver/Src/stm32l4xx_hal_spi.c **** 
 5633              		.loc 1 4289 1 is_stmt 0 view .LVU1884
 5634 003e FAE7     		b	.L377
 5635              		.cfi_endproc
 5636              	.LFE340:
 5638              		.section	.text.SPI_RxISR_8BIT,"ax",%progbits
 5639              		.align	1
 5640              		.syntax unified
 5641              		.thumb
 5642              		.thumb_func
 5644              	SPI_RxISR_8BIT:
 5645              	.LVL325:
 5646              	.LFB331:
3803:Drivers/STM32L4xx_HAL_Driver/Src/stm32l4xx_hal_spi.c ****   *hspi->pRxBuffPtr = (*(__IO uint8_t *)&hspi->Instance->DR);
 5647              		.loc 1 3803 1 is_stmt 1 view -0
 5648              		.cfi_startproc
 5649              		@ args = 0, pretend = 0, frame = 0
 5650              		@ frame_needed = 0, uses_anonymous_args = 0
3803:Drivers/STM32L4xx_HAL_Driver/Src/stm32l4xx_hal_spi.c ****   *hspi->pRxBuffPtr = (*(__IO uint8_t *)&hspi->Instance->DR);
 5651              		.loc 1 3803 1 is_stmt 0 view .LVU1886
 5652 0000 08B5     		push	{r3, lr}
 5653              	.LCFI62:
 5654              		.cfi_def_cfa_offset 8
ARM GAS  /tmp/ccl8yU0j.s 			page 207


 5655              		.cfi_offset 3, -8
 5656              		.cfi_offset 14, -4
3804:Drivers/STM32L4xx_HAL_Driver/Src/stm32l4xx_hal_spi.c ****   hspi->pRxBuffPtr++;
 5657              		.loc 1 3804 3 is_stmt 1 view .LVU1887
3804:Drivers/STM32L4xx_HAL_Driver/Src/stm32l4xx_hal_spi.c ****   hspi->pRxBuffPtr++;
 5658              		.loc 1 3804 46 is_stmt 0 view .LVU1888
 5659 0002 0268     		ldr	r2, [r0]
3804:Drivers/STM32L4xx_HAL_Driver/Src/stm32l4xx_hal_spi.c ****   hspi->pRxBuffPtr++;
 5660              		.loc 1 3804 8 view .LVU1889
 5661 0004 036C     		ldr	r3, [r0, #64]
3804:Drivers/STM32L4xx_HAL_Driver/Src/stm32l4xx_hal_spi.c ****   hspi->pRxBuffPtr++;
 5662              		.loc 1 3804 24 view .LVU1890
 5663 0006 127B     		ldrb	r2, [r2, #12]	@ zero_extendqisi2
3804:Drivers/STM32L4xx_HAL_Driver/Src/stm32l4xx_hal_spi.c ****   hspi->pRxBuffPtr++;
 5664              		.loc 1 3804 21 view .LVU1891
 5665 0008 1A70     		strb	r2, [r3]
3805:Drivers/STM32L4xx_HAL_Driver/Src/stm32l4xx_hal_spi.c ****   hspi->RxXferCount--;
 5666              		.loc 1 3805 3 is_stmt 1 view .LVU1892
3805:Drivers/STM32L4xx_HAL_Driver/Src/stm32l4xx_hal_spi.c ****   hspi->RxXferCount--;
 5667              		.loc 1 3805 7 is_stmt 0 view .LVU1893
 5668 000a 036C     		ldr	r3, [r0, #64]
3805:Drivers/STM32L4xx_HAL_Driver/Src/stm32l4xx_hal_spi.c ****   hspi->RxXferCount--;
 5669              		.loc 1 3805 19 view .LVU1894
 5670 000c 0133     		adds	r3, r3, #1
 5671 000e 0364     		str	r3, [r0, #64]
3806:Drivers/STM32L4xx_HAL_Driver/Src/stm32l4xx_hal_spi.c **** 
 5672              		.loc 1 3806 3 is_stmt 1 view .LVU1895
3806:Drivers/STM32L4xx_HAL_Driver/Src/stm32l4xx_hal_spi.c **** 
 5673              		.loc 1 3806 7 is_stmt 0 view .LVU1896
 5674 0010 B0F84630 		ldrh	r3, [r0, #70]
 5675 0014 9BB2     		uxth	r3, r3
3806:Drivers/STM32L4xx_HAL_Driver/Src/stm32l4xx_hal_spi.c **** 
 5676              		.loc 1 3806 20 view .LVU1897
 5677 0016 013B     		subs	r3, r3, #1
 5678 0018 9BB2     		uxth	r3, r3
 5679 001a A0F84630 		strh	r3, [r0, #70]	@ movhi
3816:Drivers/STM32L4xx_HAL_Driver/Src/stm32l4xx_hal_spi.c ****   {
 5680              		.loc 1 3816 3 is_stmt 1 view .LVU1898
3816:Drivers/STM32L4xx_HAL_Driver/Src/stm32l4xx_hal_spi.c ****   {
 5681              		.loc 1 3816 11 is_stmt 0 view .LVU1899
 5682 001e B0F84630 		ldrh	r3, [r0, #70]
 5683 0022 9BB2     		uxth	r3, r3
3816:Drivers/STM32L4xx_HAL_Driver/Src/stm32l4xx_hal_spi.c ****   {
 5684              		.loc 1 3816 6 view .LVU1900
 5685 0024 03B1     		cbz	r3, .L385
 5686              	.LVL326:
 5687              	.L382:
3827:Drivers/STM32L4xx_HAL_Driver/Src/stm32l4xx_hal_spi.c **** 
 5688              		.loc 1 3827 1 view .LVU1901
 5689 0026 08BD     		pop	{r3, pc}
 5690              	.LVL327:
 5691              	.L385:
3825:Drivers/STM32L4xx_HAL_Driver/Src/stm32l4xx_hal_spi.c ****   }
 5692              		.loc 1 3825 5 is_stmt 1 view .LVU1902
 5693 0028 FFF7FEFF 		bl	SPI_CloseRx_ISR
 5694              	.LVL328:
3827:Drivers/STM32L4xx_HAL_Driver/Src/stm32l4xx_hal_spi.c **** 
ARM GAS  /tmp/ccl8yU0j.s 			page 208


 5695              		.loc 1 3827 1 is_stmt 0 view .LVU1903
 5696 002c FBE7     		b	.L382
 5697              		.cfi_endproc
 5698              	.LFE331:
 5700              		.section	.text.SPI_RxISR_16BIT,"ax",%progbits
 5701              		.align	1
 5702              		.syntax unified
 5703              		.thumb
 5704              		.thumb_func
 5706              	SPI_RxISR_16BIT:
 5707              	.LVL329:
 5708              	.LFB332:
3859:Drivers/STM32L4xx_HAL_Driver/Src/stm32l4xx_hal_spi.c ****   *((uint16_t *)hspi->pRxBuffPtr) = (uint16_t)(hspi->Instance->DR);
 5709              		.loc 1 3859 1 is_stmt 1 view -0
 5710              		.cfi_startproc
 5711              		@ args = 0, pretend = 0, frame = 0
 5712              		@ frame_needed = 0, uses_anonymous_args = 0
3859:Drivers/STM32L4xx_HAL_Driver/Src/stm32l4xx_hal_spi.c ****   *((uint16_t *)hspi->pRxBuffPtr) = (uint16_t)(hspi->Instance->DR);
 5713              		.loc 1 3859 1 is_stmt 0 view .LVU1905
 5714 0000 08B5     		push	{r3, lr}
 5715              	.LCFI63:
 5716              		.cfi_def_cfa_offset 8
 5717              		.cfi_offset 3, -8
 5718              		.cfi_offset 14, -4
3860:Drivers/STM32L4xx_HAL_Driver/Src/stm32l4xx_hal_spi.c ****   hspi->pRxBuffPtr += sizeof(uint16_t);
 5719              		.loc 1 3860 3 is_stmt 1 view .LVU1906
3860:Drivers/STM32L4xx_HAL_Driver/Src/stm32l4xx_hal_spi.c ****   hspi->pRxBuffPtr += sizeof(uint16_t);
 5720              		.loc 1 3860 52 is_stmt 0 view .LVU1907
 5721 0002 0368     		ldr	r3, [r0]
3860:Drivers/STM32L4xx_HAL_Driver/Src/stm32l4xx_hal_spi.c ****   hspi->pRxBuffPtr += sizeof(uint16_t);
 5722              		.loc 1 3860 62 view .LVU1908
 5723 0004 DA68     		ldr	r2, [r3, #12]
3860:Drivers/STM32L4xx_HAL_Driver/Src/stm32l4xx_hal_spi.c ****   hspi->pRxBuffPtr += sizeof(uint16_t);
 5724              		.loc 1 3860 21 view .LVU1909
 5725 0006 036C     		ldr	r3, [r0, #64]
3860:Drivers/STM32L4xx_HAL_Driver/Src/stm32l4xx_hal_spi.c ****   hspi->pRxBuffPtr += sizeof(uint16_t);
 5726              		.loc 1 3860 35 view .LVU1910
 5727 0008 1A80     		strh	r2, [r3]	@ movhi
3861:Drivers/STM32L4xx_HAL_Driver/Src/stm32l4xx_hal_spi.c ****   hspi->RxXferCount--;
 5728              		.loc 1 3861 3 is_stmt 1 view .LVU1911
3861:Drivers/STM32L4xx_HAL_Driver/Src/stm32l4xx_hal_spi.c ****   hspi->RxXferCount--;
 5729              		.loc 1 3861 20 is_stmt 0 view .LVU1912
 5730 000a 036C     		ldr	r3, [r0, #64]
 5731 000c 0233     		adds	r3, r3, #2
 5732 000e 0364     		str	r3, [r0, #64]
3862:Drivers/STM32L4xx_HAL_Driver/Src/stm32l4xx_hal_spi.c **** 
 5733              		.loc 1 3862 3 is_stmt 1 view .LVU1913
3862:Drivers/STM32L4xx_HAL_Driver/Src/stm32l4xx_hal_spi.c **** 
 5734              		.loc 1 3862 7 is_stmt 0 view .LVU1914
 5735 0010 B0F84630 		ldrh	r3, [r0, #70]
 5736 0014 9BB2     		uxth	r3, r3
3862:Drivers/STM32L4xx_HAL_Driver/Src/stm32l4xx_hal_spi.c **** 
 5737              		.loc 1 3862 20 view .LVU1915
 5738 0016 013B     		subs	r3, r3, #1
 5739 0018 9BB2     		uxth	r3, r3
 5740 001a A0F84630 		strh	r3, [r0, #70]	@ movhi
3872:Drivers/STM32L4xx_HAL_Driver/Src/stm32l4xx_hal_spi.c ****   {
ARM GAS  /tmp/ccl8yU0j.s 			page 209


 5741              		.loc 1 3872 3 is_stmt 1 view .LVU1916
3872:Drivers/STM32L4xx_HAL_Driver/Src/stm32l4xx_hal_spi.c ****   {
 5742              		.loc 1 3872 11 is_stmt 0 view .LVU1917
 5743 001e B0F84630 		ldrh	r3, [r0, #70]
 5744 0022 9BB2     		uxth	r3, r3
3872:Drivers/STM32L4xx_HAL_Driver/Src/stm32l4xx_hal_spi.c ****   {
 5745              		.loc 1 3872 6 view .LVU1918
 5746 0024 03B1     		cbz	r3, .L389
 5747              	.LVL330:
 5748              	.L386:
3883:Drivers/STM32L4xx_HAL_Driver/Src/stm32l4xx_hal_spi.c **** 
 5749              		.loc 1 3883 1 view .LVU1919
 5750 0026 08BD     		pop	{r3, pc}
 5751              	.LVL331:
 5752              	.L389:
3881:Drivers/STM32L4xx_HAL_Driver/Src/stm32l4xx_hal_spi.c ****   }
 5753              		.loc 1 3881 5 is_stmt 1 view .LVU1920
 5754 0028 FFF7FEFF 		bl	SPI_CloseRx_ISR
 5755              	.LVL332:
3883:Drivers/STM32L4xx_HAL_Driver/Src/stm32l4xx_hal_spi.c **** 
 5756              		.loc 1 3883 1 is_stmt 0 view .LVU1921
 5757 002c FBE7     		b	.L386
 5758              		.cfi_endproc
 5759              	.LFE332:
 5761              		.section	.text.SPI_CloseRxTx_ISR,"ax",%progbits
 5762              		.align	1
 5763              		.syntax unified
 5764              		.thumb
 5765              		.thumb_func
 5767              	SPI_CloseRxTx_ISR:
 5768              	.LVL333:
 5769              	.LFB339:
4164:Drivers/STM32L4xx_HAL_Driver/Src/stm32l4xx_hal_spi.c ****   uint32_t tickstart;
 5770              		.loc 1 4164 1 is_stmt 1 view -0
 5771              		.cfi_startproc
 5772              		@ args = 0, pretend = 0, frame = 0
 5773              		@ frame_needed = 0, uses_anonymous_args = 0
4164:Drivers/STM32L4xx_HAL_Driver/Src/stm32l4xx_hal_spi.c ****   uint32_t tickstart;
 5774              		.loc 1 4164 1 is_stmt 0 view .LVU1923
 5775 0000 10B5     		push	{r4, lr}
 5776              	.LCFI64:
 5777              		.cfi_def_cfa_offset 8
 5778              		.cfi_offset 4, -8
 5779              		.cfi_offset 14, -4
 5780 0002 0446     		mov	r4, r0
4165:Drivers/STM32L4xx_HAL_Driver/Src/stm32l4xx_hal_spi.c **** 
 5781              		.loc 1 4165 3 is_stmt 1 view .LVU1924
4168:Drivers/STM32L4xx_HAL_Driver/Src/stm32l4xx_hal_spi.c **** 
 5782              		.loc 1 4168 3 view .LVU1925
4168:Drivers/STM32L4xx_HAL_Driver/Src/stm32l4xx_hal_spi.c **** 
 5783              		.loc 1 4168 15 is_stmt 0 view .LVU1926
 5784 0004 FFF7FEFF 		bl	HAL_GetTick
 5785              	.LVL334:
4168:Drivers/STM32L4xx_HAL_Driver/Src/stm32l4xx_hal_spi.c **** 
 5786              		.loc 1 4168 15 view .LVU1927
 5787 0008 0246     		mov	r2, r0
 5788              	.LVL335:
ARM GAS  /tmp/ccl8yU0j.s 			page 210


4171:Drivers/STM32L4xx_HAL_Driver/Src/stm32l4xx_hal_spi.c **** 
 5789              		.loc 1 4171 3 is_stmt 1 view .LVU1928
 5790 000a 2168     		ldr	r1, [r4]
 5791 000c 4B68     		ldr	r3, [r1, #4]
 5792 000e 23F02003 		bic	r3, r3, #32
 5793 0012 4B60     		str	r3, [r1, #4]
4174:Drivers/STM32L4xx_HAL_Driver/Src/stm32l4xx_hal_spi.c ****   {
 5794              		.loc 1 4174 3 view .LVU1929
4174:Drivers/STM32L4xx_HAL_Driver/Src/stm32l4xx_hal_spi.c ****   {
 5795              		.loc 1 4174 7 is_stmt 0 view .LVU1930
 5796 0014 6421     		movs	r1, #100
 5797 0016 2046     		mov	r0, r4
 5798              	.LVL336:
4174:Drivers/STM32L4xx_HAL_Driver/Src/stm32l4xx_hal_spi.c ****   {
 5799              		.loc 1 4174 7 view .LVU1931
 5800 0018 FFF7FEFF 		bl	SPI_EndRxTxTransaction
 5801              	.LVL337:
4174:Drivers/STM32L4xx_HAL_Driver/Src/stm32l4xx_hal_spi.c ****   {
 5802              		.loc 1 4174 6 view .LVU1932
 5803 001c 18B1     		cbz	r0, .L391
4176:Drivers/STM32L4xx_HAL_Driver/Src/stm32l4xx_hal_spi.c ****   }
 5804              		.loc 1 4176 5 is_stmt 1 view .LVU1933
 5805 001e 236E     		ldr	r3, [r4, #96]
 5806 0020 43F02003 		orr	r3, r3, #32
 5807 0024 2366     		str	r3, [r4, #96]
 5808              	.L391:
4196:Drivers/STM32L4xx_HAL_Driver/Src/stm32l4xx_hal_spi.c ****     {
 5809              		.loc 1 4196 5 view .LVU1934
4196:Drivers/STM32L4xx_HAL_Driver/Src/stm32l4xx_hal_spi.c ****     {
 5810              		.loc 1 4196 13 is_stmt 0 view .LVU1935
 5811 0026 236E     		ldr	r3, [r4, #96]
4196:Drivers/STM32L4xx_HAL_Driver/Src/stm32l4xx_hal_spi.c ****     {
 5812              		.loc 1 4196 8 view .LVU1936
 5813 0028 93B9     		cbnz	r3, .L392
4198:Drivers/STM32L4xx_HAL_Driver/Src/stm32l4xx_hal_spi.c ****       {
 5814              		.loc 1 4198 7 is_stmt 1 view .LVU1937
4198:Drivers/STM32L4xx_HAL_Driver/Src/stm32l4xx_hal_spi.c ****       {
 5815              		.loc 1 4198 15 is_stmt 0 view .LVU1938
 5816 002a 94F85D30 		ldrb	r3, [r4, #93]	@ zero_extendqisi2
 5817 002e DBB2     		uxtb	r3, r3
4198:Drivers/STM32L4xx_HAL_Driver/Src/stm32l4xx_hal_spi.c ****       {
 5818              		.loc 1 4198 10 view .LVU1939
 5819 0030 042B     		cmp	r3, #4
 5820 0032 06D0     		beq	.L396
4210:Drivers/STM32L4xx_HAL_Driver/Src/stm32l4xx_hal_spi.c ****         /* Call user TxRx complete callback */
 5821              		.loc 1 4210 9 is_stmt 1 view .LVU1940
4210:Drivers/STM32L4xx_HAL_Driver/Src/stm32l4xx_hal_spi.c ****         /* Call user TxRx complete callback */
 5822              		.loc 1 4210 21 is_stmt 0 view .LVU1941
 5823 0034 0123     		movs	r3, #1
 5824 0036 84F85D30 		strb	r3, [r4, #93]
4215:Drivers/STM32L4xx_HAL_Driver/Src/stm32l4xx_hal_spi.c **** #endif /* USE_HAL_SPI_REGISTER_CALLBACKS */
 5825              		.loc 1 4215 9 is_stmt 1 view .LVU1942
 5826 003a 2046     		mov	r0, r4
 5827 003c FFF7FEFF 		bl	HAL_SPI_TxRxCpltCallback
 5828              	.LVL338:
 5829              	.L390:
4232:Drivers/STM32L4xx_HAL_Driver/Src/stm32l4xx_hal_spi.c **** 
ARM GAS  /tmp/ccl8yU0j.s 			page 211


 5830              		.loc 1 4232 1 is_stmt 0 view .LVU1943
 5831 0040 10BD     		pop	{r4, pc}
 5832              	.LVL339:
 5833              	.L396:
4200:Drivers/STM32L4xx_HAL_Driver/Src/stm32l4xx_hal_spi.c ****         /* Call user Rx complete callback */
 5834              		.loc 1 4200 9 is_stmt 1 view .LVU1944
4200:Drivers/STM32L4xx_HAL_Driver/Src/stm32l4xx_hal_spi.c ****         /* Call user Rx complete callback */
 5835              		.loc 1 4200 21 is_stmt 0 view .LVU1945
 5836 0042 0123     		movs	r3, #1
 5837 0044 84F85D30 		strb	r3, [r4, #93]
4205:Drivers/STM32L4xx_HAL_Driver/Src/stm32l4xx_hal_spi.c **** #endif /* USE_HAL_SPI_REGISTER_CALLBACKS */
 5838              		.loc 1 4205 9 is_stmt 1 view .LVU1946
 5839 0048 2046     		mov	r0, r4
 5840 004a FFF7FEFF 		bl	HAL_SPI_RxCpltCallback
 5841              	.LVL340:
 5842 004e F7E7     		b	.L390
 5843              	.L392:
4221:Drivers/STM32L4xx_HAL_Driver/Src/stm32l4xx_hal_spi.c ****       /* Call user error callback */
 5844              		.loc 1 4221 7 view .LVU1947
4221:Drivers/STM32L4xx_HAL_Driver/Src/stm32l4xx_hal_spi.c ****       /* Call user error callback */
 5845              		.loc 1 4221 19 is_stmt 0 view .LVU1948
 5846 0050 0123     		movs	r3, #1
 5847 0052 84F85D30 		strb	r3, [r4, #93]
4226:Drivers/STM32L4xx_HAL_Driver/Src/stm32l4xx_hal_spi.c **** #endif /* USE_HAL_SPI_REGISTER_CALLBACKS */
 5848              		.loc 1 4226 7 is_stmt 1 view .LVU1949
 5849 0056 2046     		mov	r0, r4
 5850 0058 FFF7FEFF 		bl	HAL_SPI_ErrorCallback
 5851              	.LVL341:
4232:Drivers/STM32L4xx_HAL_Driver/Src/stm32l4xx_hal_spi.c **** 
 5852              		.loc 1 4232 1 is_stmt 0 view .LVU1950
 5853 005c F0E7     		b	.L390
 5854              		.cfi_endproc
 5855              	.LFE339:
 5857              		.section	.text.SPI_2linesTxISR_8BIT,"ax",%progbits
 5858              		.align	1
 5859              		.syntax unified
 5860              		.thumb
 5861              		.thumb_func
 5863              	SPI_2linesTxISR_8BIT:
 5864              	.LVL342:
 5865              	.LFB328:
3635:Drivers/STM32L4xx_HAL_Driver/Src/stm32l4xx_hal_spi.c ****   /* Transmit data in packing Bit mode */
 5866              		.loc 1 3635 1 is_stmt 1 view -0
 5867              		.cfi_startproc
 5868              		@ args = 0, pretend = 0, frame = 0
 5869              		@ frame_needed = 0, uses_anonymous_args = 0
3635:Drivers/STM32L4xx_HAL_Driver/Src/stm32l4xx_hal_spi.c ****   /* Transmit data in packing Bit mode */
 5870              		.loc 1 3635 1 is_stmt 0 view .LVU1952
 5871 0000 08B5     		push	{r3, lr}
 5872              	.LCFI65:
 5873              		.cfi_def_cfa_offset 8
 5874              		.cfi_offset 3, -8
 5875              		.cfi_offset 14, -4
3637:Drivers/STM32L4xx_HAL_Driver/Src/stm32l4xx_hal_spi.c ****   {
 5876              		.loc 1 3637 3 is_stmt 1 view .LVU1953
3637:Drivers/STM32L4xx_HAL_Driver/Src/stm32l4xx_hal_spi.c ****   {
 5877              		.loc 1 3637 11 is_stmt 0 view .LVU1954
ARM GAS  /tmp/ccl8yU0j.s 			page 212


 5878 0002 C38F     		ldrh	r3, [r0, #62]
 5879 0004 9BB2     		uxth	r3, r3
3637:Drivers/STM32L4xx_HAL_Driver/Src/stm32l4xx_hal_spi.c ****   {
 5880              		.loc 1 3637 6 view .LVU1955
 5881 0006 012B     		cmp	r3, #1
 5882 0008 18D9     		bls	.L398
3639:Drivers/STM32L4xx_HAL_Driver/Src/stm32l4xx_hal_spi.c ****     hspi->pTxBuffPtr += sizeof(uint16_t);
 5883              		.loc 1 3639 5 is_stmt 1 view .LVU1956
3639:Drivers/STM32L4xx_HAL_Driver/Src/stm32l4xx_hal_spi.c ****     hspi->pTxBuffPtr += sizeof(uint16_t);
 5884              		.loc 1 3639 50 is_stmt 0 view .LVU1957
 5885 000a 826B     		ldr	r2, [r0, #56]
3639:Drivers/STM32L4xx_HAL_Driver/Src/stm32l4xx_hal_spi.c ****     hspi->pTxBuffPtr += sizeof(uint16_t);
 5886              		.loc 1 3639 9 view .LVU1958
 5887 000c 0368     		ldr	r3, [r0]
3639:Drivers/STM32L4xx_HAL_Driver/Src/stm32l4xx_hal_spi.c ****     hspi->pTxBuffPtr += sizeof(uint16_t);
 5888              		.loc 1 3639 26 view .LVU1959
 5889 000e 1288     		ldrh	r2, [r2]
3639:Drivers/STM32L4xx_HAL_Driver/Src/stm32l4xx_hal_spi.c ****     hspi->pTxBuffPtr += sizeof(uint16_t);
 5890              		.loc 1 3639 24 view .LVU1960
 5891 0010 DA60     		str	r2, [r3, #12]
3640:Drivers/STM32L4xx_HAL_Driver/Src/stm32l4xx_hal_spi.c ****     hspi->TxXferCount -= 2U;
 5892              		.loc 1 3640 5 is_stmt 1 view .LVU1961
3640:Drivers/STM32L4xx_HAL_Driver/Src/stm32l4xx_hal_spi.c ****     hspi->TxXferCount -= 2U;
 5893              		.loc 1 3640 22 is_stmt 0 view .LVU1962
 5894 0012 836B     		ldr	r3, [r0, #56]
 5895 0014 0233     		adds	r3, r3, #2
 5896 0016 8363     		str	r3, [r0, #56]
3641:Drivers/STM32L4xx_HAL_Driver/Src/stm32l4xx_hal_spi.c ****   }
 5897              		.loc 1 3641 5 is_stmt 1 view .LVU1963
3641:Drivers/STM32L4xx_HAL_Driver/Src/stm32l4xx_hal_spi.c ****   }
 5898              		.loc 1 3641 23 is_stmt 0 view .LVU1964
 5899 0018 C38F     		ldrh	r3, [r0, #62]
 5900 001a 9BB2     		uxth	r3, r3
 5901 001c 023B     		subs	r3, r3, #2
 5902 001e 9BB2     		uxth	r3, r3
 5903 0020 C387     		strh	r3, [r0, #62]	@ movhi
 5904              	.L399:
3652:Drivers/STM32L4xx_HAL_Driver/Src/stm32l4xx_hal_spi.c ****   {
 5905              		.loc 1 3652 3 is_stmt 1 view .LVU1965
3652:Drivers/STM32L4xx_HAL_Driver/Src/stm32l4xx_hal_spi.c ****   {
 5906              		.loc 1 3652 11 is_stmt 0 view .LVU1966
 5907 0022 C38F     		ldrh	r3, [r0, #62]
 5908 0024 9BB2     		uxth	r3, r3
3652:Drivers/STM32L4xx_HAL_Driver/Src/stm32l4xx_hal_spi.c ****   {
 5909              		.loc 1 3652 6 view .LVU1967
 5910 0026 43B9     		cbnz	r3, .L397
3666:Drivers/STM32L4xx_HAL_Driver/Src/stm32l4xx_hal_spi.c **** 
 5911              		.loc 1 3666 5 is_stmt 1 view .LVU1968
 5912 0028 0268     		ldr	r2, [r0]
 5913 002a 5368     		ldr	r3, [r2, #4]
 5914 002c 23F08003 		bic	r3, r3, #128
 5915 0030 5360     		str	r3, [r2, #4]
3668:Drivers/STM32L4xx_HAL_Driver/Src/stm32l4xx_hal_spi.c ****     {
 5916              		.loc 1 3668 5 view .LVU1969
3668:Drivers/STM32L4xx_HAL_Driver/Src/stm32l4xx_hal_spi.c ****     {
 5917              		.loc 1 3668 13 is_stmt 0 view .LVU1970
 5918 0032 B0F84630 		ldrh	r3, [r0, #70]
ARM GAS  /tmp/ccl8yU0j.s 			page 213


 5919 0036 9BB2     		uxth	r3, r3
3668:Drivers/STM32L4xx_HAL_Driver/Src/stm32l4xx_hal_spi.c ****     {
 5920              		.loc 1 3668 8 view .LVU1971
 5921 0038 6BB1     		cbz	r3, .L402
 5922              	.LVL343:
 5923              	.L397:
3673:Drivers/STM32L4xx_HAL_Driver/Src/stm32l4xx_hal_spi.c **** 
 5924              		.loc 1 3673 1 view .LVU1972
 5925 003a 08BD     		pop	{r3, pc}
 5926              	.LVL344:
 5927              	.L398:
3646:Drivers/STM32L4xx_HAL_Driver/Src/stm32l4xx_hal_spi.c ****     hspi->pTxBuffPtr++;
 5928              		.loc 1 3646 5 is_stmt 1 view .LVU1973
3646:Drivers/STM32L4xx_HAL_Driver/Src/stm32l4xx_hal_spi.c ****     hspi->pTxBuffPtr++;
 5929              		.loc 1 3646 67 is_stmt 0 view .LVU1974
 5930 003c 826B     		ldr	r2, [r0, #56]
3646:Drivers/STM32L4xx_HAL_Driver/Src/stm32l4xx_hal_spi.c ****     hspi->pTxBuffPtr++;
 5931              		.loc 1 3646 27 view .LVU1975
 5932 003e 0368     		ldr	r3, [r0]
3646:Drivers/STM32L4xx_HAL_Driver/Src/stm32l4xx_hal_spi.c ****     hspi->pTxBuffPtr++;
 5933              		.loc 1 3646 44 view .LVU1976
 5934 0040 1278     		ldrb	r2, [r2]	@ zero_extendqisi2
3646:Drivers/STM32L4xx_HAL_Driver/Src/stm32l4xx_hal_spi.c ****     hspi->pTxBuffPtr++;
 5935              		.loc 1 3646 42 view .LVU1977
 5936 0042 1A73     		strb	r2, [r3, #12]
3647:Drivers/STM32L4xx_HAL_Driver/Src/stm32l4xx_hal_spi.c ****     hspi->TxXferCount--;
 5937              		.loc 1 3647 5 is_stmt 1 view .LVU1978
3647:Drivers/STM32L4xx_HAL_Driver/Src/stm32l4xx_hal_spi.c ****     hspi->TxXferCount--;
 5938              		.loc 1 3647 9 is_stmt 0 view .LVU1979
 5939 0044 836B     		ldr	r3, [r0, #56]
3647:Drivers/STM32L4xx_HAL_Driver/Src/stm32l4xx_hal_spi.c ****     hspi->TxXferCount--;
 5940              		.loc 1 3647 21 view .LVU1980
 5941 0046 0133     		adds	r3, r3, #1
 5942 0048 8363     		str	r3, [r0, #56]
3648:Drivers/STM32L4xx_HAL_Driver/Src/stm32l4xx_hal_spi.c ****   }
 5943              		.loc 1 3648 5 is_stmt 1 view .LVU1981
3648:Drivers/STM32L4xx_HAL_Driver/Src/stm32l4xx_hal_spi.c ****   }
 5944              		.loc 1 3648 9 is_stmt 0 view .LVU1982
 5945 004a C38F     		ldrh	r3, [r0, #62]
 5946 004c 9BB2     		uxth	r3, r3
3648:Drivers/STM32L4xx_HAL_Driver/Src/stm32l4xx_hal_spi.c ****   }
 5947              		.loc 1 3648 22 view .LVU1983
 5948 004e 013B     		subs	r3, r3, #1
 5949 0050 9BB2     		uxth	r3, r3
 5950 0052 C387     		strh	r3, [r0, #62]	@ movhi
 5951 0054 E5E7     		b	.L399
 5952              	.L402:
3670:Drivers/STM32L4xx_HAL_Driver/Src/stm32l4xx_hal_spi.c ****     }
 5953              		.loc 1 3670 7 is_stmt 1 view .LVU1984
 5954 0056 FFF7FEFF 		bl	SPI_CloseRxTx_ISR
 5955              	.LVL345:
3673:Drivers/STM32L4xx_HAL_Driver/Src/stm32l4xx_hal_spi.c **** 
 5956              		.loc 1 3673 1 is_stmt 0 view .LVU1985
 5957 005a EEE7     		b	.L397
 5958              		.cfi_endproc
 5959              	.LFE328:
 5961              		.section	.text.SPI_2linesRxISR_8BIT,"ax",%progbits
ARM GAS  /tmp/ccl8yU0j.s 			page 214


 5962              		.align	1
 5963              		.syntax unified
 5964              		.thumb
 5965              		.thumb_func
 5967              	SPI_2linesRxISR_8BIT:
 5968              	.LVL346:
 5969              	.LFB327:
3550:Drivers/STM32L4xx_HAL_Driver/Src/stm32l4xx_hal_spi.c ****   /* Receive data in packing mode */
 5970              		.loc 1 3550 1 is_stmt 1 view -0
 5971              		.cfi_startproc
 5972              		@ args = 0, pretend = 0, frame = 0
 5973              		@ frame_needed = 0, uses_anonymous_args = 0
3550:Drivers/STM32L4xx_HAL_Driver/Src/stm32l4xx_hal_spi.c ****   /* Receive data in packing mode */
 5974              		.loc 1 3550 1 is_stmt 0 view .LVU1987
 5975 0000 08B5     		push	{r3, lr}
 5976              	.LCFI66:
 5977              		.cfi_def_cfa_offset 8
 5978              		.cfi_offset 3, -8
 5979              		.cfi_offset 14, -4
3552:Drivers/STM32L4xx_HAL_Driver/Src/stm32l4xx_hal_spi.c ****   {
 5980              		.loc 1 3552 3 is_stmt 1 view .LVU1988
3552:Drivers/STM32L4xx_HAL_Driver/Src/stm32l4xx_hal_spi.c ****   {
 5981              		.loc 1 3552 11 is_stmt 0 view .LVU1989
 5982 0002 B0F84630 		ldrh	r3, [r0, #70]
 5983 0006 9BB2     		uxth	r3, r3
3552:Drivers/STM32L4xx_HAL_Driver/Src/stm32l4xx_hal_spi.c ****   {
 5984              		.loc 1 3552 6 view .LVU1990
 5985 0008 012B     		cmp	r3, #1
 5986 000a 18D9     		bls	.L404
3554:Drivers/STM32L4xx_HAL_Driver/Src/stm32l4xx_hal_spi.c ****     hspi->pRxBuffPtr += sizeof(uint16_t);
 5987              		.loc 1 3554 5 is_stmt 1 view .LVU1991
3554:Drivers/STM32L4xx_HAL_Driver/Src/stm32l4xx_hal_spi.c ****     hspi->pRxBuffPtr += sizeof(uint16_t);
 5988              		.loc 1 3554 54 is_stmt 0 view .LVU1992
 5989 000c 0368     		ldr	r3, [r0]
3554:Drivers/STM32L4xx_HAL_Driver/Src/stm32l4xx_hal_spi.c ****     hspi->pRxBuffPtr += sizeof(uint16_t);
 5990              		.loc 1 3554 64 view .LVU1993
 5991 000e DA68     		ldr	r2, [r3, #12]
3554:Drivers/STM32L4xx_HAL_Driver/Src/stm32l4xx_hal_spi.c ****     hspi->pRxBuffPtr += sizeof(uint16_t);
 5992              		.loc 1 3554 23 view .LVU1994
 5993 0010 036C     		ldr	r3, [r0, #64]
3554:Drivers/STM32L4xx_HAL_Driver/Src/stm32l4xx_hal_spi.c ****     hspi->pRxBuffPtr += sizeof(uint16_t);
 5994              		.loc 1 3554 37 view .LVU1995
 5995 0012 1A80     		strh	r2, [r3]	@ movhi
3555:Drivers/STM32L4xx_HAL_Driver/Src/stm32l4xx_hal_spi.c ****     hspi->RxXferCount -= 2U;
 5996              		.loc 1 3555 5 is_stmt 1 view .LVU1996
3555:Drivers/STM32L4xx_HAL_Driver/Src/stm32l4xx_hal_spi.c ****     hspi->RxXferCount -= 2U;
 5997              		.loc 1 3555 22 is_stmt 0 view .LVU1997
 5998 0014 036C     		ldr	r3, [r0, #64]
 5999 0016 0233     		adds	r3, r3, #2
 6000 0018 0364     		str	r3, [r0, #64]
3556:Drivers/STM32L4xx_HAL_Driver/Src/stm32l4xx_hal_spi.c ****     if (hspi->RxXferCount == 1U)
 6001              		.loc 1 3556 5 is_stmt 1 view .LVU1998
3556:Drivers/STM32L4xx_HAL_Driver/Src/stm32l4xx_hal_spi.c ****     if (hspi->RxXferCount == 1U)
 6002              		.loc 1 3556 23 is_stmt 0 view .LVU1999
 6003 001a B0F84630 		ldrh	r3, [r0, #70]
 6004 001e 9BB2     		uxth	r3, r3
 6005 0020 023B     		subs	r3, r3, #2
ARM GAS  /tmp/ccl8yU0j.s 			page 215


 6006 0022 9BB2     		uxth	r3, r3
 6007 0024 A0F84630 		strh	r3, [r0, #70]	@ movhi
3557:Drivers/STM32L4xx_HAL_Driver/Src/stm32l4xx_hal_spi.c ****     {
 6008              		.loc 1 3557 5 is_stmt 1 view .LVU2000
3557:Drivers/STM32L4xx_HAL_Driver/Src/stm32l4xx_hal_spi.c ****     {
 6009              		.loc 1 3557 13 is_stmt 0 view .LVU2001
 6010 0028 B0F84630 		ldrh	r3, [r0, #70]
 6011 002c 9BB2     		uxth	r3, r3
3557:Drivers/STM32L4xx_HAL_Driver/Src/stm32l4xx_hal_spi.c ****     {
 6012              		.loc 1 3557 8 view .LVU2002
 6013 002e 012B     		cmp	r3, #1
 6014 0030 13D1     		bne	.L405
3560:Drivers/STM32L4xx_HAL_Driver/Src/stm32l4xx_hal_spi.c ****     }
 6015              		.loc 1 3560 7 is_stmt 1 view .LVU2003
 6016 0032 0268     		ldr	r2, [r0]
 6017 0034 5368     		ldr	r3, [r2, #4]
 6018 0036 43F48053 		orr	r3, r3, #4096
 6019 003a 5360     		str	r3, [r2, #4]
 6020 003c 0DE0     		b	.L405
 6021              	.L404:
3566:Drivers/STM32L4xx_HAL_Driver/Src/stm32l4xx_hal_spi.c ****     hspi->pRxBuffPtr++;
 6022              		.loc 1 3566 5 view .LVU2004
3566:Drivers/STM32L4xx_HAL_Driver/Src/stm32l4xx_hal_spi.c ****     hspi->pRxBuffPtr++;
 6023              		.loc 1 3566 48 is_stmt 0 view .LVU2005
 6024 003e 0268     		ldr	r2, [r0]
3566:Drivers/STM32L4xx_HAL_Driver/Src/stm32l4xx_hal_spi.c ****     hspi->pRxBuffPtr++;
 6025              		.loc 1 3566 10 view .LVU2006
 6026 0040 036C     		ldr	r3, [r0, #64]
3566:Drivers/STM32L4xx_HAL_Driver/Src/stm32l4xx_hal_spi.c ****     hspi->pRxBuffPtr++;
 6027              		.loc 1 3566 25 view .LVU2007
 6028 0042 127B     		ldrb	r2, [r2, #12]	@ zero_extendqisi2
3566:Drivers/STM32L4xx_HAL_Driver/Src/stm32l4xx_hal_spi.c ****     hspi->pRxBuffPtr++;
 6029              		.loc 1 3566 23 view .LVU2008
 6030 0044 1A70     		strb	r2, [r3]
3567:Drivers/STM32L4xx_HAL_Driver/Src/stm32l4xx_hal_spi.c ****     hspi->RxXferCount--;
 6031              		.loc 1 3567 5 is_stmt 1 view .LVU2009
3567:Drivers/STM32L4xx_HAL_Driver/Src/stm32l4xx_hal_spi.c ****     hspi->RxXferCount--;
 6032              		.loc 1 3567 9 is_stmt 0 view .LVU2010
 6033 0046 036C     		ldr	r3, [r0, #64]
3567:Drivers/STM32L4xx_HAL_Driver/Src/stm32l4xx_hal_spi.c ****     hspi->RxXferCount--;
 6034              		.loc 1 3567 21 view .LVU2011
 6035 0048 0133     		adds	r3, r3, #1
 6036 004a 0364     		str	r3, [r0, #64]
3568:Drivers/STM32L4xx_HAL_Driver/Src/stm32l4xx_hal_spi.c ****   }
 6037              		.loc 1 3568 5 is_stmt 1 view .LVU2012
3568:Drivers/STM32L4xx_HAL_Driver/Src/stm32l4xx_hal_spi.c ****   }
 6038              		.loc 1 3568 9 is_stmt 0 view .LVU2013
 6039 004c B0F84630 		ldrh	r3, [r0, #70]
 6040 0050 9BB2     		uxth	r3, r3
3568:Drivers/STM32L4xx_HAL_Driver/Src/stm32l4xx_hal_spi.c ****   }
 6041              		.loc 1 3568 22 view .LVU2014
 6042 0052 013B     		subs	r3, r3, #1
 6043 0054 9BB2     		uxth	r3, r3
 6044 0056 A0F84630 		strh	r3, [r0, #70]	@ movhi
 6045              	.L405:
3572:Drivers/STM32L4xx_HAL_Driver/Src/stm32l4xx_hal_spi.c ****   {
 6046              		.loc 1 3572 3 is_stmt 1 view .LVU2015
ARM GAS  /tmp/ccl8yU0j.s 			page 216


3572:Drivers/STM32L4xx_HAL_Driver/Src/stm32l4xx_hal_spi.c ****   {
 6047              		.loc 1 3572 11 is_stmt 0 view .LVU2016
 6048 005a B0F84630 		ldrh	r3, [r0, #70]
 6049 005e 9BB2     		uxth	r3, r3
3572:Drivers/STM32L4xx_HAL_Driver/Src/stm32l4xx_hal_spi.c ****   {
 6050              		.loc 1 3572 6 view .LVU2017
 6051 0060 3BB9     		cbnz	r3, .L403
3584:Drivers/STM32L4xx_HAL_Driver/Src/stm32l4xx_hal_spi.c **** 
 6052              		.loc 1 3584 5 is_stmt 1 view .LVU2018
 6053 0062 0268     		ldr	r2, [r0]
 6054 0064 5368     		ldr	r3, [r2, #4]
 6055 0066 23F06003 		bic	r3, r3, #96
 6056 006a 5360     		str	r3, [r2, #4]
3586:Drivers/STM32L4xx_HAL_Driver/Src/stm32l4xx_hal_spi.c ****     {
 6057              		.loc 1 3586 5 view .LVU2019
3586:Drivers/STM32L4xx_HAL_Driver/Src/stm32l4xx_hal_spi.c ****     {
 6058              		.loc 1 3586 13 is_stmt 0 view .LVU2020
 6059 006c C38F     		ldrh	r3, [r0, #62]
 6060 006e 9BB2     		uxth	r3, r3
3586:Drivers/STM32L4xx_HAL_Driver/Src/stm32l4xx_hal_spi.c ****     {
 6061              		.loc 1 3586 8 view .LVU2021
 6062 0070 03B1     		cbz	r3, .L408
 6063              	.LVL347:
 6064              	.L403:
3591:Drivers/STM32L4xx_HAL_Driver/Src/stm32l4xx_hal_spi.c **** 
 6065              		.loc 1 3591 1 view .LVU2022
 6066 0072 08BD     		pop	{r3, pc}
 6067              	.LVL348:
 6068              	.L408:
3588:Drivers/STM32L4xx_HAL_Driver/Src/stm32l4xx_hal_spi.c ****     }
 6069              		.loc 1 3588 7 is_stmt 1 view .LVU2023
 6070 0074 FFF7FEFF 		bl	SPI_CloseRxTx_ISR
 6071              	.LVL349:
3591:Drivers/STM32L4xx_HAL_Driver/Src/stm32l4xx_hal_spi.c **** 
 6072              		.loc 1 3591 1 is_stmt 0 view .LVU2024
 6073 0078 FBE7     		b	.L403
 6074              		.cfi_endproc
 6075              	.LFE327:
 6077              		.section	.text.SPI_2linesTxISR_16BIT,"ax",%progbits
 6078              		.align	1
 6079              		.syntax unified
 6080              		.thumb
 6081              		.thumb_func
 6083              	SPI_2linesTxISR_16BIT:
 6084              	.LVL350:
 6085              	.LFB330:
3738:Drivers/STM32L4xx_HAL_Driver/Src/stm32l4xx_hal_spi.c ****   /* Transmit data in 16 Bit mode */
 6086              		.loc 1 3738 1 is_stmt 1 view -0
 6087              		.cfi_startproc
 6088              		@ args = 0, pretend = 0, frame = 0
 6089              		@ frame_needed = 0, uses_anonymous_args = 0
3738:Drivers/STM32L4xx_HAL_Driver/Src/stm32l4xx_hal_spi.c ****   /* Transmit data in 16 Bit mode */
 6090              		.loc 1 3738 1 is_stmt 0 view .LVU2026
 6091 0000 08B5     		push	{r3, lr}
 6092              	.LCFI67:
 6093              		.cfi_def_cfa_offset 8
 6094              		.cfi_offset 3, -8
ARM GAS  /tmp/ccl8yU0j.s 			page 217


 6095              		.cfi_offset 14, -4
3740:Drivers/STM32L4xx_HAL_Driver/Src/stm32l4xx_hal_spi.c ****   hspi->pTxBuffPtr += sizeof(uint16_t);
 6096              		.loc 1 3740 3 is_stmt 1 view .LVU2027
3740:Drivers/STM32L4xx_HAL_Driver/Src/stm32l4xx_hal_spi.c ****   hspi->pTxBuffPtr += sizeof(uint16_t);
 6097              		.loc 1 3740 48 is_stmt 0 view .LVU2028
 6098 0002 826B     		ldr	r2, [r0, #56]
3740:Drivers/STM32L4xx_HAL_Driver/Src/stm32l4xx_hal_spi.c ****   hspi->pTxBuffPtr += sizeof(uint16_t);
 6099              		.loc 1 3740 7 view .LVU2029
 6100 0004 0368     		ldr	r3, [r0]
3740:Drivers/STM32L4xx_HAL_Driver/Src/stm32l4xx_hal_spi.c ****   hspi->pTxBuffPtr += sizeof(uint16_t);
 6101              		.loc 1 3740 24 view .LVU2030
 6102 0006 1288     		ldrh	r2, [r2]
3740:Drivers/STM32L4xx_HAL_Driver/Src/stm32l4xx_hal_spi.c ****   hspi->pTxBuffPtr += sizeof(uint16_t);
 6103              		.loc 1 3740 22 view .LVU2031
 6104 0008 DA60     		str	r2, [r3, #12]
3741:Drivers/STM32L4xx_HAL_Driver/Src/stm32l4xx_hal_spi.c ****   hspi->TxXferCount--;
 6105              		.loc 1 3741 3 is_stmt 1 view .LVU2032
3741:Drivers/STM32L4xx_HAL_Driver/Src/stm32l4xx_hal_spi.c ****   hspi->TxXferCount--;
 6106              		.loc 1 3741 20 is_stmt 0 view .LVU2033
 6107 000a 836B     		ldr	r3, [r0, #56]
 6108 000c 0233     		adds	r3, r3, #2
 6109 000e 8363     		str	r3, [r0, #56]
3742:Drivers/STM32L4xx_HAL_Driver/Src/stm32l4xx_hal_spi.c **** 
 6110              		.loc 1 3742 3 is_stmt 1 view .LVU2034
3742:Drivers/STM32L4xx_HAL_Driver/Src/stm32l4xx_hal_spi.c **** 
 6111              		.loc 1 3742 7 is_stmt 0 view .LVU2035
 6112 0010 C38F     		ldrh	r3, [r0, #62]
 6113 0012 9BB2     		uxth	r3, r3
3742:Drivers/STM32L4xx_HAL_Driver/Src/stm32l4xx_hal_spi.c **** 
 6114              		.loc 1 3742 20 view .LVU2036
 6115 0014 013B     		subs	r3, r3, #1
 6116 0016 9BB2     		uxth	r3, r3
 6117 0018 C387     		strh	r3, [r0, #62]	@ movhi
3745:Drivers/STM32L4xx_HAL_Driver/Src/stm32l4xx_hal_spi.c ****   {
 6118              		.loc 1 3745 3 is_stmt 1 view .LVU2037
3745:Drivers/STM32L4xx_HAL_Driver/Src/stm32l4xx_hal_spi.c ****   {
 6119              		.loc 1 3745 11 is_stmt 0 view .LVU2038
 6120 001a C38F     		ldrh	r3, [r0, #62]
 6121 001c 9BB2     		uxth	r3, r3
3745:Drivers/STM32L4xx_HAL_Driver/Src/stm32l4xx_hal_spi.c ****   {
 6122              		.loc 1 3745 6 view .LVU2039
 6123 001e 43B9     		cbnz	r3, .L409
3759:Drivers/STM32L4xx_HAL_Driver/Src/stm32l4xx_hal_spi.c **** 
 6124              		.loc 1 3759 5 is_stmt 1 view .LVU2040
 6125 0020 0268     		ldr	r2, [r0]
 6126 0022 5368     		ldr	r3, [r2, #4]
 6127 0024 23F08003 		bic	r3, r3, #128
 6128 0028 5360     		str	r3, [r2, #4]
3761:Drivers/STM32L4xx_HAL_Driver/Src/stm32l4xx_hal_spi.c ****     {
 6129              		.loc 1 3761 5 view .LVU2041
3761:Drivers/STM32L4xx_HAL_Driver/Src/stm32l4xx_hal_spi.c ****     {
 6130              		.loc 1 3761 13 is_stmt 0 view .LVU2042
 6131 002a B0F84630 		ldrh	r3, [r0, #70]
 6132 002e 9BB2     		uxth	r3, r3
3761:Drivers/STM32L4xx_HAL_Driver/Src/stm32l4xx_hal_spi.c ****     {
 6133              		.loc 1 3761 8 view .LVU2043
 6134 0030 03B1     		cbz	r3, .L412
ARM GAS  /tmp/ccl8yU0j.s 			page 218


 6135              	.LVL351:
 6136              	.L409:
3766:Drivers/STM32L4xx_HAL_Driver/Src/stm32l4xx_hal_spi.c **** 
 6137              		.loc 1 3766 1 view .LVU2044
 6138 0032 08BD     		pop	{r3, pc}
 6139              	.LVL352:
 6140              	.L412:
3763:Drivers/STM32L4xx_HAL_Driver/Src/stm32l4xx_hal_spi.c ****     }
 6141              		.loc 1 3763 7 is_stmt 1 view .LVU2045
 6142 0034 FFF7FEFF 		bl	SPI_CloseRxTx_ISR
 6143              	.LVL353:
3766:Drivers/STM32L4xx_HAL_Driver/Src/stm32l4xx_hal_spi.c **** 
 6144              		.loc 1 3766 1 is_stmt 0 view .LVU2046
 6145 0038 FBE7     		b	.L409
 6146              		.cfi_endproc
 6147              	.LFE330:
 6149              		.section	.text.SPI_2linesRxISR_16BIT,"ax",%progbits
 6150              		.align	1
 6151              		.syntax unified
 6152              		.thumb
 6153              		.thumb_func
 6155              	SPI_2linesRxISR_16BIT:
 6156              	.LVL354:
 6157              	.LFB329:
3682:Drivers/STM32L4xx_HAL_Driver/Src/stm32l4xx_hal_spi.c ****   /* Receive data in 16 Bit mode */
 6158              		.loc 1 3682 1 is_stmt 1 view -0
 6159              		.cfi_startproc
 6160              		@ args = 0, pretend = 0, frame = 0
 6161              		@ frame_needed = 0, uses_anonymous_args = 0
3682:Drivers/STM32L4xx_HAL_Driver/Src/stm32l4xx_hal_spi.c ****   /* Receive data in 16 Bit mode */
 6162              		.loc 1 3682 1 is_stmt 0 view .LVU2048
 6163 0000 08B5     		push	{r3, lr}
 6164              	.LCFI68:
 6165              		.cfi_def_cfa_offset 8
 6166              		.cfi_offset 3, -8
 6167              		.cfi_offset 14, -4
3684:Drivers/STM32L4xx_HAL_Driver/Src/stm32l4xx_hal_spi.c ****   hspi->pRxBuffPtr += sizeof(uint16_t);
 6168              		.loc 1 3684 3 is_stmt 1 view .LVU2049
3684:Drivers/STM32L4xx_HAL_Driver/Src/stm32l4xx_hal_spi.c ****   hspi->pRxBuffPtr += sizeof(uint16_t);
 6169              		.loc 1 3684 52 is_stmt 0 view .LVU2050
 6170 0002 0368     		ldr	r3, [r0]
3684:Drivers/STM32L4xx_HAL_Driver/Src/stm32l4xx_hal_spi.c ****   hspi->pRxBuffPtr += sizeof(uint16_t);
 6171              		.loc 1 3684 62 view .LVU2051
 6172 0004 DA68     		ldr	r2, [r3, #12]
3684:Drivers/STM32L4xx_HAL_Driver/Src/stm32l4xx_hal_spi.c ****   hspi->pRxBuffPtr += sizeof(uint16_t);
 6173              		.loc 1 3684 21 view .LVU2052
 6174 0006 036C     		ldr	r3, [r0, #64]
3684:Drivers/STM32L4xx_HAL_Driver/Src/stm32l4xx_hal_spi.c ****   hspi->pRxBuffPtr += sizeof(uint16_t);
 6175              		.loc 1 3684 35 view .LVU2053
 6176 0008 1A80     		strh	r2, [r3]	@ movhi
3685:Drivers/STM32L4xx_HAL_Driver/Src/stm32l4xx_hal_spi.c ****   hspi->RxXferCount--;
 6177              		.loc 1 3685 3 is_stmt 1 view .LVU2054
3685:Drivers/STM32L4xx_HAL_Driver/Src/stm32l4xx_hal_spi.c ****   hspi->RxXferCount--;
 6178              		.loc 1 3685 20 is_stmt 0 view .LVU2055
 6179 000a 036C     		ldr	r3, [r0, #64]
 6180 000c 0233     		adds	r3, r3, #2
 6181 000e 0364     		str	r3, [r0, #64]
ARM GAS  /tmp/ccl8yU0j.s 			page 219


3686:Drivers/STM32L4xx_HAL_Driver/Src/stm32l4xx_hal_spi.c **** 
 6182              		.loc 1 3686 3 is_stmt 1 view .LVU2056
3686:Drivers/STM32L4xx_HAL_Driver/Src/stm32l4xx_hal_spi.c **** 
 6183              		.loc 1 3686 7 is_stmt 0 view .LVU2057
 6184 0010 B0F84630 		ldrh	r3, [r0, #70]
 6185 0014 9BB2     		uxth	r3, r3
3686:Drivers/STM32L4xx_HAL_Driver/Src/stm32l4xx_hal_spi.c **** 
 6186              		.loc 1 3686 20 view .LVU2058
 6187 0016 013B     		subs	r3, r3, #1
 6188 0018 9BB2     		uxth	r3, r3
 6189 001a A0F84630 		strh	r3, [r0, #70]	@ movhi
3688:Drivers/STM32L4xx_HAL_Driver/Src/stm32l4xx_hal_spi.c ****   {
 6190              		.loc 1 3688 3 is_stmt 1 view .LVU2059
3688:Drivers/STM32L4xx_HAL_Driver/Src/stm32l4xx_hal_spi.c ****   {
 6191              		.loc 1 3688 11 is_stmt 0 view .LVU2060
 6192 001e B0F84630 		ldrh	r3, [r0, #70]
 6193 0022 9BB2     		uxth	r3, r3
3688:Drivers/STM32L4xx_HAL_Driver/Src/stm32l4xx_hal_spi.c ****   {
 6194              		.loc 1 3688 6 view .LVU2061
 6195 0024 3BB9     		cbnz	r3, .L413
3699:Drivers/STM32L4xx_HAL_Driver/Src/stm32l4xx_hal_spi.c **** 
 6196              		.loc 1 3699 5 is_stmt 1 view .LVU2062
 6197 0026 0268     		ldr	r2, [r0]
 6198 0028 5368     		ldr	r3, [r2, #4]
 6199 002a 23F04003 		bic	r3, r3, #64
 6200 002e 5360     		str	r3, [r2, #4]
3701:Drivers/STM32L4xx_HAL_Driver/Src/stm32l4xx_hal_spi.c ****     {
 6201              		.loc 1 3701 5 view .LVU2063
3701:Drivers/STM32L4xx_HAL_Driver/Src/stm32l4xx_hal_spi.c ****     {
 6202              		.loc 1 3701 13 is_stmt 0 view .LVU2064
 6203 0030 C38F     		ldrh	r3, [r0, #62]
 6204 0032 9BB2     		uxth	r3, r3
3701:Drivers/STM32L4xx_HAL_Driver/Src/stm32l4xx_hal_spi.c ****     {
 6205              		.loc 1 3701 8 view .LVU2065
 6206 0034 03B1     		cbz	r3, .L416
 6207              	.LVL355:
 6208              	.L413:
3706:Drivers/STM32L4xx_HAL_Driver/Src/stm32l4xx_hal_spi.c **** 
 6209              		.loc 1 3706 1 view .LVU2066
 6210 0036 08BD     		pop	{r3, pc}
 6211              	.LVL356:
 6212              	.L416:
3703:Drivers/STM32L4xx_HAL_Driver/Src/stm32l4xx_hal_spi.c ****     }
 6213              		.loc 1 3703 7 is_stmt 1 view .LVU2067
 6214 0038 FFF7FEFF 		bl	SPI_CloseRxTx_ISR
 6215              	.LVL357:
3706:Drivers/STM32L4xx_HAL_Driver/Src/stm32l4xx_hal_spi.c **** 
 6216              		.loc 1 3706 1 is_stmt 0 view .LVU2068
 6217 003c FBE7     		b	.L413
 6218              		.cfi_endproc
 6219              	.LFE329:
 6221              		.section	.text.SPI_DMAError,"ax",%progbits
 6222              		.align	1
 6223              		.syntax unified
 6224              		.thumb
 6225              		.thumb_func
 6227              	SPI_DMAError:
ARM GAS  /tmp/ccl8yU0j.s 			page 220


 6228              	.LVL358:
 6229              	.LFB323:
3372:Drivers/STM32L4xx_HAL_Driver/Src/stm32l4xx_hal_spi.c ****   SPI_HandleTypeDef *hspi = (SPI_HandleTypeDef *)(((DMA_HandleTypeDef *)hdma)->Parent);
 6230              		.loc 1 3372 1 is_stmt 1 view -0
 6231              		.cfi_startproc
 6232              		@ args = 0, pretend = 0, frame = 0
 6233              		@ frame_needed = 0, uses_anonymous_args = 0
3372:Drivers/STM32L4xx_HAL_Driver/Src/stm32l4xx_hal_spi.c ****   SPI_HandleTypeDef *hspi = (SPI_HandleTypeDef *)(((DMA_HandleTypeDef *)hdma)->Parent);
 6234              		.loc 1 3372 1 is_stmt 0 view .LVU2070
 6235 0000 08B5     		push	{r3, lr}
 6236              	.LCFI69:
 6237              		.cfi_def_cfa_offset 8
 6238              		.cfi_offset 3, -8
 6239              		.cfi_offset 14, -4
3373:Drivers/STM32L4xx_HAL_Driver/Src/stm32l4xx_hal_spi.c **** 
 6240              		.loc 1 3373 3 is_stmt 1 view .LVU2071
3373:Drivers/STM32L4xx_HAL_Driver/Src/stm32l4xx_hal_spi.c **** 
 6241              		.loc 1 3373 22 is_stmt 0 view .LVU2072
 6242 0002 806A     		ldr	r0, [r0, #40]
 6243              	.LVL359:
3376:Drivers/STM32L4xx_HAL_Driver/Src/stm32l4xx_hal_spi.c **** 
 6244              		.loc 1 3376 3 is_stmt 1 view .LVU2073
 6245 0004 0268     		ldr	r2, [r0]
 6246 0006 5368     		ldr	r3, [r2, #4]
 6247 0008 23F00303 		bic	r3, r3, #3
 6248 000c 5360     		str	r3, [r2, #4]
3378:Drivers/STM32L4xx_HAL_Driver/Src/stm32l4xx_hal_spi.c ****   hspi->State = HAL_SPI_STATE_READY;
 6249              		.loc 1 3378 3 view .LVU2074
 6250 000e 036E     		ldr	r3, [r0, #96]
 6251 0010 43F01003 		orr	r3, r3, #16
 6252 0014 0366     		str	r3, [r0, #96]
3379:Drivers/STM32L4xx_HAL_Driver/Src/stm32l4xx_hal_spi.c ****   /* Call user error callback */
 6253              		.loc 1 3379 3 view .LVU2075
3379:Drivers/STM32L4xx_HAL_Driver/Src/stm32l4xx_hal_spi.c ****   /* Call user error callback */
 6254              		.loc 1 3379 15 is_stmt 0 view .LVU2076
 6255 0016 0123     		movs	r3, #1
 6256 0018 80F85D30 		strb	r3, [r0, #93]
3384:Drivers/STM32L4xx_HAL_Driver/Src/stm32l4xx_hal_spi.c **** #endif /* USE_HAL_SPI_REGISTER_CALLBACKS */
 6257              		.loc 1 3384 3 is_stmt 1 view .LVU2077
 6258 001c FFF7FEFF 		bl	HAL_SPI_ErrorCallback
 6259              	.LVL360:
3386:Drivers/STM32L4xx_HAL_Driver/Src/stm32l4xx_hal_spi.c **** 
 6260              		.loc 1 3386 1 is_stmt 0 view .LVU2078
 6261 0020 08BD     		pop	{r3, pc}
 6262              		.cfi_endproc
 6263              	.LFE323:
 6265              		.section	.text.SPI_DMATransmitCplt,"ax",%progbits
 6266              		.align	1
 6267              		.syntax unified
 6268              		.thumb
 6269              		.thumb_func
 6271              	SPI_DMATransmitCplt:
 6272              	.LVL361:
 6273              	.LFB317:
3043:Drivers/STM32L4xx_HAL_Driver/Src/stm32l4xx_hal_spi.c ****   SPI_HandleTypeDef *hspi = (SPI_HandleTypeDef *)(((DMA_HandleTypeDef *)hdma)->Parent);
 6274              		.loc 1 3043 1 is_stmt 1 view -0
 6275              		.cfi_startproc
ARM GAS  /tmp/ccl8yU0j.s 			page 221


 6276              		@ args = 0, pretend = 0, frame = 8
 6277              		@ frame_needed = 0, uses_anonymous_args = 0
3043:Drivers/STM32L4xx_HAL_Driver/Src/stm32l4xx_hal_spi.c ****   SPI_HandleTypeDef *hspi = (SPI_HandleTypeDef *)(((DMA_HandleTypeDef *)hdma)->Parent);
 6278              		.loc 1 3043 1 is_stmt 0 view .LVU2080
 6279 0000 30B5     		push	{r4, r5, lr}
 6280              	.LCFI70:
 6281              		.cfi_def_cfa_offset 12
 6282              		.cfi_offset 4, -12
 6283              		.cfi_offset 5, -8
 6284              		.cfi_offset 14, -4
 6285 0002 83B0     		sub	sp, sp, #12
 6286              	.LCFI71:
 6287              		.cfi_def_cfa_offset 24
 6288 0004 0546     		mov	r5, r0
3044:Drivers/STM32L4xx_HAL_Driver/Src/stm32l4xx_hal_spi.c ****   uint32_t tickstart;
 6289              		.loc 1 3044 3 is_stmt 1 view .LVU2081
3044:Drivers/STM32L4xx_HAL_Driver/Src/stm32l4xx_hal_spi.c ****   uint32_t tickstart;
 6290              		.loc 1 3044 22 is_stmt 0 view .LVU2082
 6291 0006 846A     		ldr	r4, [r0, #40]
 6292              	.LVL362:
3045:Drivers/STM32L4xx_HAL_Driver/Src/stm32l4xx_hal_spi.c **** 
 6293              		.loc 1 3045 3 is_stmt 1 view .LVU2083
3048:Drivers/STM32L4xx_HAL_Driver/Src/stm32l4xx_hal_spi.c **** 
 6294              		.loc 1 3048 3 view .LVU2084
3048:Drivers/STM32L4xx_HAL_Driver/Src/stm32l4xx_hal_spi.c **** 
 6295              		.loc 1 3048 15 is_stmt 0 view .LVU2085
 6296 0008 FFF7FEFF 		bl	HAL_GetTick
 6297              	.LVL363:
3051:Drivers/STM32L4xx_HAL_Driver/Src/stm32l4xx_hal_spi.c ****   {
 6298              		.loc 1 3051 3 is_stmt 1 view .LVU2086
3051:Drivers/STM32L4xx_HAL_Driver/Src/stm32l4xx_hal_spi.c ****   {
 6299              		.loc 1 3051 12 is_stmt 0 view .LVU2087
 6300 000c 2B68     		ldr	r3, [r5]
3051:Drivers/STM32L4xx_HAL_Driver/Src/stm32l4xx_hal_spi.c ****   {
 6301              		.loc 1 3051 22 view .LVU2088
 6302 000e 1B68     		ldr	r3, [r3]
3051:Drivers/STM32L4xx_HAL_Driver/Src/stm32l4xx_hal_spi.c ****   {
 6303              		.loc 1 3051 6 view .LVU2089
 6304 0010 13F0200F 		tst	r3, #32
 6305 0014 23D1     		bne	.L420
 6306 0016 0246     		mov	r2, r0
3054:Drivers/STM32L4xx_HAL_Driver/Src/stm32l4xx_hal_spi.c **** 
 6307              		.loc 1 3054 5 is_stmt 1 view .LVU2090
 6308 0018 2168     		ldr	r1, [r4]
 6309 001a 4B68     		ldr	r3, [r1, #4]
 6310 001c 23F02003 		bic	r3, r3, #32
 6311 0020 4B60     		str	r3, [r1, #4]
3057:Drivers/STM32L4xx_HAL_Driver/Src/stm32l4xx_hal_spi.c **** 
 6312              		.loc 1 3057 5 view .LVU2091
 6313 0022 2168     		ldr	r1, [r4]
 6314 0024 4B68     		ldr	r3, [r1, #4]
 6315 0026 23F00203 		bic	r3, r3, #2
 6316 002a 4B60     		str	r3, [r1, #4]
3060:Drivers/STM32L4xx_HAL_Driver/Src/stm32l4xx_hal_spi.c ****     {
 6317              		.loc 1 3060 5 view .LVU2092
3060:Drivers/STM32L4xx_HAL_Driver/Src/stm32l4xx_hal_spi.c ****     {
 6318              		.loc 1 3060 9 is_stmt 0 view .LVU2093
ARM GAS  /tmp/ccl8yU0j.s 			page 222


 6319 002c 6421     		movs	r1, #100
 6320 002e 2046     		mov	r0, r4
 6321              	.LVL364:
3060:Drivers/STM32L4xx_HAL_Driver/Src/stm32l4xx_hal_spi.c ****     {
 6322              		.loc 1 3060 9 view .LVU2094
 6323 0030 FFF7FEFF 		bl	SPI_EndRxTxTransaction
 6324              	.LVL365:
3060:Drivers/STM32L4xx_HAL_Driver/Src/stm32l4xx_hal_spi.c ****     {
 6325              		.loc 1 3060 8 view .LVU2095
 6326 0034 18B1     		cbz	r0, .L421
3062:Drivers/STM32L4xx_HAL_Driver/Src/stm32l4xx_hal_spi.c ****     }
 6327              		.loc 1 3062 7 is_stmt 1 view .LVU2096
 6328 0036 236E     		ldr	r3, [r4, #96]
 6329 0038 43F02003 		orr	r3, r3, #32
 6330 003c 2366     		str	r3, [r4, #96]
 6331              	.L421:
3066:Drivers/STM32L4xx_HAL_Driver/Src/stm32l4xx_hal_spi.c ****     {
 6332              		.loc 1 3066 5 view .LVU2097
3066:Drivers/STM32L4xx_HAL_Driver/Src/stm32l4xx_hal_spi.c ****     {
 6333              		.loc 1 3066 19 is_stmt 0 view .LVU2098
 6334 003e A368     		ldr	r3, [r4, #8]
3066:Drivers/STM32L4xx_HAL_Driver/Src/stm32l4xx_hal_spi.c ****     {
 6335              		.loc 1 3066 8 view .LVU2099
 6336 0040 33B9     		cbnz	r3, .L422
3068:Drivers/STM32L4xx_HAL_Driver/Src/stm32l4xx_hal_spi.c ****     }
 6337              		.loc 1 3068 7 is_stmt 1 view .LVU2100
 6338              	.LBB6:
3068:Drivers/STM32L4xx_HAL_Driver/Src/stm32l4xx_hal_spi.c ****     }
 6339              		.loc 1 3068 7 view .LVU2101
 6340 0042 0193     		str	r3, [sp, #4]
3068:Drivers/STM32L4xx_HAL_Driver/Src/stm32l4xx_hal_spi.c ****     }
 6341              		.loc 1 3068 7 view .LVU2102
 6342 0044 2368     		ldr	r3, [r4]
 6343 0046 DA68     		ldr	r2, [r3, #12]
 6344 0048 0192     		str	r2, [sp, #4]
3068:Drivers/STM32L4xx_HAL_Driver/Src/stm32l4xx_hal_spi.c ****     }
 6345              		.loc 1 3068 7 view .LVU2103
 6346 004a 9B68     		ldr	r3, [r3, #8]
 6347 004c 0193     		str	r3, [sp, #4]
3068:Drivers/STM32L4xx_HAL_Driver/Src/stm32l4xx_hal_spi.c ****     }
 6348              		.loc 1 3068 7 view .LVU2104
 6349 004e 019B     		ldr	r3, [sp, #4]
 6350              	.L422:
 6351              	.LBE6:
3068:Drivers/STM32L4xx_HAL_Driver/Src/stm32l4xx_hal_spi.c ****     }
 6352              		.loc 1 3068 7 discriminator 1 view .LVU2105
3071:Drivers/STM32L4xx_HAL_Driver/Src/stm32l4xx_hal_spi.c ****     hspi->State = HAL_SPI_STATE_READY;
 6353              		.loc 1 3071 5 discriminator 1 view .LVU2106
3071:Drivers/STM32L4xx_HAL_Driver/Src/stm32l4xx_hal_spi.c ****     hspi->State = HAL_SPI_STATE_READY;
 6354              		.loc 1 3071 23 is_stmt 0 discriminator 1 view .LVU2107
 6355 0050 0023     		movs	r3, #0
 6356 0052 E387     		strh	r3, [r4, #62]	@ movhi
3072:Drivers/STM32L4xx_HAL_Driver/Src/stm32l4xx_hal_spi.c **** 
 6357              		.loc 1 3072 5 is_stmt 1 discriminator 1 view .LVU2108
3072:Drivers/STM32L4xx_HAL_Driver/Src/stm32l4xx_hal_spi.c **** 
 6358              		.loc 1 3072 17 is_stmt 0 discriminator 1 view .LVU2109
 6359 0054 0123     		movs	r3, #1
ARM GAS  /tmp/ccl8yU0j.s 			page 223


 6360 0056 84F85D30 		strb	r3, [r4, #93]
3074:Drivers/STM32L4xx_HAL_Driver/Src/stm32l4xx_hal_spi.c ****     {
 6361              		.loc 1 3074 5 is_stmt 1 discriminator 1 view .LVU2110
3074:Drivers/STM32L4xx_HAL_Driver/Src/stm32l4xx_hal_spi.c ****     {
 6362              		.loc 1 3074 13 is_stmt 0 discriminator 1 view .LVU2111
 6363 005a 236E     		ldr	r3, [r4, #96]
3074:Drivers/STM32L4xx_HAL_Driver/Src/stm32l4xx_hal_spi.c ****     {
 6364              		.loc 1 3074 8 discriminator 1 view .LVU2112
 6365 005c 23B9     		cbnz	r3, .L425
 6366              	.L420:
3089:Drivers/STM32L4xx_HAL_Driver/Src/stm32l4xx_hal_spi.c **** #endif /* USE_HAL_SPI_REGISTER_CALLBACKS */
 6367              		.loc 1 3089 3 is_stmt 1 view .LVU2113
 6368 005e 2046     		mov	r0, r4
 6369 0060 FFF7FEFF 		bl	HAL_SPI_TxCpltCallback
 6370              	.LVL366:
 6371              	.L419:
3091:Drivers/STM32L4xx_HAL_Driver/Src/stm32l4xx_hal_spi.c **** 
 6372              		.loc 1 3091 1 is_stmt 0 view .LVU2114
 6373 0064 03B0     		add	sp, sp, #12
 6374              	.LCFI72:
 6375              		.cfi_remember_state
 6376              		.cfi_def_cfa_offset 12
 6377              		@ sp needed
 6378 0066 30BD     		pop	{r4, r5, pc}
 6379              	.LVL367:
 6380              	.L425:
 6381              	.LCFI73:
 6382              		.cfi_restore_state
3080:Drivers/STM32L4xx_HAL_Driver/Src/stm32l4xx_hal_spi.c **** #endif /* USE_HAL_SPI_REGISTER_CALLBACKS */
 6383              		.loc 1 3080 7 is_stmt 1 view .LVU2115
 6384 0068 2046     		mov	r0, r4
 6385 006a FFF7FEFF 		bl	HAL_SPI_ErrorCallback
 6386              	.LVL368:
3082:Drivers/STM32L4xx_HAL_Driver/Src/stm32l4xx_hal_spi.c ****     }
 6387              		.loc 1 3082 7 view .LVU2116
 6388 006e F9E7     		b	.L419
 6389              		.cfi_endproc
 6390              	.LFE317:
 6392              		.section	.text.SPI_DMAReceiveCplt,"ax",%progbits
 6393              		.align	1
 6394              		.syntax unified
 6395              		.thumb
 6396              		.thumb_func
 6398              	SPI_DMAReceiveCplt:
 6399              	.LVL369:
 6400              	.LFB318:
3100:Drivers/STM32L4xx_HAL_Driver/Src/stm32l4xx_hal_spi.c ****   SPI_HandleTypeDef *hspi = (SPI_HandleTypeDef *)(((DMA_HandleTypeDef *)hdma)->Parent);
 6401              		.loc 1 3100 1 view -0
 6402              		.cfi_startproc
 6403              		@ args = 0, pretend = 0, frame = 0
 6404              		@ frame_needed = 0, uses_anonymous_args = 0
3100:Drivers/STM32L4xx_HAL_Driver/Src/stm32l4xx_hal_spi.c ****   SPI_HandleTypeDef *hspi = (SPI_HandleTypeDef *)(((DMA_HandleTypeDef *)hdma)->Parent);
 6405              		.loc 1 3100 1 is_stmt 0 view .LVU2118
 6406 0000 38B5     		push	{r3, r4, r5, lr}
 6407              	.LCFI74:
 6408              		.cfi_def_cfa_offset 16
 6409              		.cfi_offset 3, -16
ARM GAS  /tmp/ccl8yU0j.s 			page 224


 6410              		.cfi_offset 4, -12
 6411              		.cfi_offset 5, -8
 6412              		.cfi_offset 14, -4
 6413 0002 0546     		mov	r5, r0
3101:Drivers/STM32L4xx_HAL_Driver/Src/stm32l4xx_hal_spi.c ****   uint32_t tickstart;
 6414              		.loc 1 3101 3 is_stmt 1 view .LVU2119
3101:Drivers/STM32L4xx_HAL_Driver/Src/stm32l4xx_hal_spi.c ****   uint32_t tickstart;
 6415              		.loc 1 3101 22 is_stmt 0 view .LVU2120
 6416 0004 846A     		ldr	r4, [r0, #40]
 6417              	.LVL370:
3102:Drivers/STM32L4xx_HAL_Driver/Src/stm32l4xx_hal_spi.c **** #if (USE_SPI_CRC != 0U)
 6418              		.loc 1 3102 3 is_stmt 1 view .LVU2121
3110:Drivers/STM32L4xx_HAL_Driver/Src/stm32l4xx_hal_spi.c **** 
 6419              		.loc 1 3110 3 view .LVU2122
3110:Drivers/STM32L4xx_HAL_Driver/Src/stm32l4xx_hal_spi.c **** 
 6420              		.loc 1 3110 15 is_stmt 0 view .LVU2123
 6421 0006 FFF7FEFF 		bl	HAL_GetTick
 6422              	.LVL371:
3113:Drivers/STM32L4xx_HAL_Driver/Src/stm32l4xx_hal_spi.c ****   {
 6423              		.loc 1 3113 3 is_stmt 1 view .LVU2124
3113:Drivers/STM32L4xx_HAL_Driver/Src/stm32l4xx_hal_spi.c ****   {
 6424              		.loc 1 3113 12 is_stmt 0 view .LVU2125
 6425 000a 2B68     		ldr	r3, [r5]
3113:Drivers/STM32L4xx_HAL_Driver/Src/stm32l4xx_hal_spi.c ****   {
 6426              		.loc 1 3113 22 view .LVU2126
 6427 000c 1B68     		ldr	r3, [r3]
3113:Drivers/STM32L4xx_HAL_Driver/Src/stm32l4xx_hal_spi.c ****   {
 6428              		.loc 1 3113 6 view .LVU2127
 6429 000e 13F0200F 		tst	r3, #32
 6430 0012 1FD1     		bne	.L427
 6431 0014 0246     		mov	r2, r0
3116:Drivers/STM32L4xx_HAL_Driver/Src/stm32l4xx_hal_spi.c **** 
 6432              		.loc 1 3116 5 is_stmt 1 view .LVU2128
 6433 0016 2168     		ldr	r1, [r4]
 6434 0018 4B68     		ldr	r3, [r1, #4]
 6435 001a 23F02003 		bic	r3, r3, #32
 6436 001e 4B60     		str	r3, [r1, #4]
3162:Drivers/STM32L4xx_HAL_Driver/Src/stm32l4xx_hal_spi.c ****     {
 6437              		.loc 1 3162 5 view .LVU2129
3162:Drivers/STM32L4xx_HAL_Driver/Src/stm32l4xx_hal_spi.c ****     {
 6438              		.loc 1 3162 20 is_stmt 0 view .LVU2130
 6439 0020 A368     		ldr	r3, [r4, #8]
3162:Drivers/STM32L4xx_HAL_Driver/Src/stm32l4xx_hal_spi.c ****     {
 6440              		.loc 1 3162 8 view .LVU2131
 6441 0022 1BB9     		cbnz	r3, .L428
3162:Drivers/STM32L4xx_HAL_Driver/Src/stm32l4xx_hal_spi.c ****     {
 6442              		.loc 1 3162 70 discriminator 1 view .LVU2132
 6443 0024 6368     		ldr	r3, [r4, #4]
3162:Drivers/STM32L4xx_HAL_Driver/Src/stm32l4xx_hal_spi.c ****     {
 6444              		.loc 1 3162 56 discriminator 1 view .LVU2133
 6445 0026 B3F5827F 		cmp	r3, #260
 6446 002a 17D0     		beq	.L433
 6447              	.L428:
3170:Drivers/STM32L4xx_HAL_Driver/Src/stm32l4xx_hal_spi.c ****     }
 6448              		.loc 1 3170 7 is_stmt 1 view .LVU2134
 6449 002c 2168     		ldr	r1, [r4]
 6450 002e 4B68     		ldr	r3, [r1, #4]
ARM GAS  /tmp/ccl8yU0j.s 			page 225


 6451 0030 23F00103 		bic	r3, r3, #1
 6452 0034 4B60     		str	r3, [r1, #4]
 6453              	.L429:
3174:Drivers/STM32L4xx_HAL_Driver/Src/stm32l4xx_hal_spi.c ****     {
 6454              		.loc 1 3174 5 view .LVU2135
3174:Drivers/STM32L4xx_HAL_Driver/Src/stm32l4xx_hal_spi.c ****     {
 6455              		.loc 1 3174 9 is_stmt 0 view .LVU2136
 6456 0036 6421     		movs	r1, #100
 6457 0038 2046     		mov	r0, r4
 6458              	.LVL372:
3174:Drivers/STM32L4xx_HAL_Driver/Src/stm32l4xx_hal_spi.c ****     {
 6459              		.loc 1 3174 9 view .LVU2137
 6460 003a FFF7FEFF 		bl	SPI_EndRxTransaction
 6461              	.LVL373:
3174:Drivers/STM32L4xx_HAL_Driver/Src/stm32l4xx_hal_spi.c ****     {
 6462              		.loc 1 3174 8 view .LVU2138
 6463 003e 08B1     		cbz	r0, .L430
3176:Drivers/STM32L4xx_HAL_Driver/Src/stm32l4xx_hal_spi.c ****     }
 6464              		.loc 1 3176 7 is_stmt 1 view .LVU2139
3176:Drivers/STM32L4xx_HAL_Driver/Src/stm32l4xx_hal_spi.c ****     }
 6465              		.loc 1 3176 23 is_stmt 0 view .LVU2140
 6466 0040 2023     		movs	r3, #32
 6467 0042 2366     		str	r3, [r4, #96]
 6468              	.L430:
3179:Drivers/STM32L4xx_HAL_Driver/Src/stm32l4xx_hal_spi.c ****     hspi->State = HAL_SPI_STATE_READY;
 6469              		.loc 1 3179 5 is_stmt 1 view .LVU2141
3179:Drivers/STM32L4xx_HAL_Driver/Src/stm32l4xx_hal_spi.c ****     hspi->State = HAL_SPI_STATE_READY;
 6470              		.loc 1 3179 23 is_stmt 0 view .LVU2142
 6471 0044 0023     		movs	r3, #0
 6472 0046 A4F84630 		strh	r3, [r4, #70]	@ movhi
3180:Drivers/STM32L4xx_HAL_Driver/Src/stm32l4xx_hal_spi.c **** 
 6473              		.loc 1 3180 5 is_stmt 1 view .LVU2143
3180:Drivers/STM32L4xx_HAL_Driver/Src/stm32l4xx_hal_spi.c **** 
 6474              		.loc 1 3180 17 is_stmt 0 view .LVU2144
 6475 004a 0123     		movs	r3, #1
 6476 004c 84F85D30 		strb	r3, [r4, #93]
3191:Drivers/STM32L4xx_HAL_Driver/Src/stm32l4xx_hal_spi.c ****     {
 6477              		.loc 1 3191 5 is_stmt 1 view .LVU2145
3191:Drivers/STM32L4xx_HAL_Driver/Src/stm32l4xx_hal_spi.c ****     {
 6478              		.loc 1 3191 13 is_stmt 0 view .LVU2146
 6479 0050 236E     		ldr	r3, [r4, #96]
3191:Drivers/STM32L4xx_HAL_Driver/Src/stm32l4xx_hal_spi.c ****     {
 6480              		.loc 1 3191 8 view .LVU2147
 6481 0052 4BB9     		cbnz	r3, .L434
 6482              	.L427:
3206:Drivers/STM32L4xx_HAL_Driver/Src/stm32l4xx_hal_spi.c **** #endif /* USE_HAL_SPI_REGISTER_CALLBACKS */
 6483              		.loc 1 3206 3 is_stmt 1 view .LVU2148
 6484 0054 2046     		mov	r0, r4
 6485 0056 FFF7FEFF 		bl	HAL_SPI_RxCpltCallback
 6486              	.LVL374:
 6487              	.L426:
3208:Drivers/STM32L4xx_HAL_Driver/Src/stm32l4xx_hal_spi.c **** 
 6488              		.loc 1 3208 1 is_stmt 0 view .LVU2149
 6489 005a 38BD     		pop	{r3, r4, r5, pc}
 6490              	.LVL375:
 6491              	.L433:
3165:Drivers/STM32L4xx_HAL_Driver/Src/stm32l4xx_hal_spi.c ****     }
ARM GAS  /tmp/ccl8yU0j.s 			page 226


 6492              		.loc 1 3165 7 is_stmt 1 view .LVU2150
 6493 005c 2168     		ldr	r1, [r4]
 6494 005e 4B68     		ldr	r3, [r1, #4]
 6495 0060 23F00303 		bic	r3, r3, #3
 6496 0064 4B60     		str	r3, [r1, #4]
 6497 0066 E6E7     		b	.L429
 6498              	.LVL376:
 6499              	.L434:
3197:Drivers/STM32L4xx_HAL_Driver/Src/stm32l4xx_hal_spi.c **** #endif /* USE_HAL_SPI_REGISTER_CALLBACKS */
 6500              		.loc 1 3197 7 view .LVU2151
 6501 0068 2046     		mov	r0, r4
 6502 006a FFF7FEFF 		bl	HAL_SPI_ErrorCallback
 6503              	.LVL377:
3199:Drivers/STM32L4xx_HAL_Driver/Src/stm32l4xx_hal_spi.c ****     }
 6504              		.loc 1 3199 7 view .LVU2152
 6505 006e F4E7     		b	.L426
 6506              		.cfi_endproc
 6507              	.LFE318:
 6509              		.section	.text.SPI_DMATransmitReceiveCplt,"ax",%progbits
 6510              		.align	1
 6511              		.syntax unified
 6512              		.thumb
 6513              		.thumb_func
 6515              	SPI_DMATransmitReceiveCplt:
 6516              	.LVL378:
 6517              	.LFB319:
3217:Drivers/STM32L4xx_HAL_Driver/Src/stm32l4xx_hal_spi.c ****   SPI_HandleTypeDef *hspi = (SPI_HandleTypeDef *)(((DMA_HandleTypeDef *)hdma)->Parent);
 6518              		.loc 1 3217 1 view -0
 6519              		.cfi_startproc
 6520              		@ args = 0, pretend = 0, frame = 0
 6521              		@ frame_needed = 0, uses_anonymous_args = 0
3217:Drivers/STM32L4xx_HAL_Driver/Src/stm32l4xx_hal_spi.c ****   SPI_HandleTypeDef *hspi = (SPI_HandleTypeDef *)(((DMA_HandleTypeDef *)hdma)->Parent);
 6522              		.loc 1 3217 1 is_stmt 0 view .LVU2154
 6523 0000 38B5     		push	{r3, r4, r5, lr}
 6524              	.LCFI75:
 6525              		.cfi_def_cfa_offset 16
 6526              		.cfi_offset 3, -16
 6527              		.cfi_offset 4, -12
 6528              		.cfi_offset 5, -8
 6529              		.cfi_offset 14, -4
 6530 0002 0546     		mov	r5, r0
3218:Drivers/STM32L4xx_HAL_Driver/Src/stm32l4xx_hal_spi.c ****   uint32_t tickstart;
 6531              		.loc 1 3218 3 is_stmt 1 view .LVU2155
3218:Drivers/STM32L4xx_HAL_Driver/Src/stm32l4xx_hal_spi.c ****   uint32_t tickstart;
 6532              		.loc 1 3218 22 is_stmt 0 view .LVU2156
 6533 0004 846A     		ldr	r4, [r0, #40]
 6534              	.LVL379:
3219:Drivers/STM32L4xx_HAL_Driver/Src/stm32l4xx_hal_spi.c **** #if (USE_SPI_CRC != 0U)
 6535              		.loc 1 3219 3 is_stmt 1 view .LVU2157
3227:Drivers/STM32L4xx_HAL_Driver/Src/stm32l4xx_hal_spi.c **** 
 6536              		.loc 1 3227 3 view .LVU2158
3227:Drivers/STM32L4xx_HAL_Driver/Src/stm32l4xx_hal_spi.c **** 
 6537              		.loc 1 3227 15 is_stmt 0 view .LVU2159
 6538 0006 FFF7FEFF 		bl	HAL_GetTick
 6539              	.LVL380:
3230:Drivers/STM32L4xx_HAL_Driver/Src/stm32l4xx_hal_spi.c ****   {
 6540              		.loc 1 3230 3 is_stmt 1 view .LVU2160
ARM GAS  /tmp/ccl8yU0j.s 			page 227


3230:Drivers/STM32L4xx_HAL_Driver/Src/stm32l4xx_hal_spi.c ****   {
 6541              		.loc 1 3230 12 is_stmt 0 view .LVU2161
 6542 000a 2B68     		ldr	r3, [r5]
3230:Drivers/STM32L4xx_HAL_Driver/Src/stm32l4xx_hal_spi.c ****   {
 6543              		.loc 1 3230 22 view .LVU2162
 6544 000c 1B68     		ldr	r3, [r3]
3230:Drivers/STM32L4xx_HAL_Driver/Src/stm32l4xx_hal_spi.c ****   {
 6545              		.loc 1 3230 6 view .LVU2163
 6546 000e 13F0200F 		tst	r3, #32
 6547 0012 1CD1     		bne	.L436
 6548 0014 0246     		mov	r2, r0
3233:Drivers/STM32L4xx_HAL_Driver/Src/stm32l4xx_hal_spi.c **** 
 6549              		.loc 1 3233 5 is_stmt 1 view .LVU2164
 6550 0016 2168     		ldr	r1, [r4]
 6551 0018 4B68     		ldr	r3, [r1, #4]
 6552 001a 23F02003 		bic	r3, r3, #32
 6553 001e 4B60     		str	r3, [r1, #4]
3271:Drivers/STM32L4xx_HAL_Driver/Src/stm32l4xx_hal_spi.c ****     {
 6554              		.loc 1 3271 5 view .LVU2165
3271:Drivers/STM32L4xx_HAL_Driver/Src/stm32l4xx_hal_spi.c ****     {
 6555              		.loc 1 3271 9 is_stmt 0 view .LVU2166
 6556 0020 6421     		movs	r1, #100
 6557 0022 2046     		mov	r0, r4
 6558              	.LVL381:
3271:Drivers/STM32L4xx_HAL_Driver/Src/stm32l4xx_hal_spi.c ****     {
 6559              		.loc 1 3271 9 view .LVU2167
 6560 0024 FFF7FEFF 		bl	SPI_EndRxTxTransaction
 6561              	.LVL382:
3271:Drivers/STM32L4xx_HAL_Driver/Src/stm32l4xx_hal_spi.c ****     {
 6562              		.loc 1 3271 8 view .LVU2168
 6563 0028 18B1     		cbz	r0, .L437
3273:Drivers/STM32L4xx_HAL_Driver/Src/stm32l4xx_hal_spi.c ****     }
 6564              		.loc 1 3273 7 is_stmt 1 view .LVU2169
 6565 002a 236E     		ldr	r3, [r4, #96]
 6566 002c 43F02003 		orr	r3, r3, #32
 6567 0030 2366     		str	r3, [r4, #96]
 6568              	.L437:
3277:Drivers/STM32L4xx_HAL_Driver/Src/stm32l4xx_hal_spi.c **** 
 6569              		.loc 1 3277 5 view .LVU2170
 6570 0032 2268     		ldr	r2, [r4]
 6571 0034 5368     		ldr	r3, [r2, #4]
 6572 0036 23F00303 		bic	r3, r3, #3
 6573 003a 5360     		str	r3, [r2, #4]
3279:Drivers/STM32L4xx_HAL_Driver/Src/stm32l4xx_hal_spi.c ****     hspi->RxXferCount = 0U;
 6574              		.loc 1 3279 5 view .LVU2171
3279:Drivers/STM32L4xx_HAL_Driver/Src/stm32l4xx_hal_spi.c ****     hspi->RxXferCount = 0U;
 6575              		.loc 1 3279 23 is_stmt 0 view .LVU2172
 6576 003c 0023     		movs	r3, #0
 6577 003e E387     		strh	r3, [r4, #62]	@ movhi
3280:Drivers/STM32L4xx_HAL_Driver/Src/stm32l4xx_hal_spi.c ****     hspi->State = HAL_SPI_STATE_READY;
 6578              		.loc 1 3280 5 is_stmt 1 view .LVU2173
3280:Drivers/STM32L4xx_HAL_Driver/Src/stm32l4xx_hal_spi.c ****     hspi->State = HAL_SPI_STATE_READY;
 6579              		.loc 1 3280 23 is_stmt 0 view .LVU2174
 6580 0040 A4F84630 		strh	r3, [r4, #70]	@ movhi
3281:Drivers/STM32L4xx_HAL_Driver/Src/stm32l4xx_hal_spi.c **** 
 6581              		.loc 1 3281 5 is_stmt 1 view .LVU2175
3281:Drivers/STM32L4xx_HAL_Driver/Src/stm32l4xx_hal_spi.c **** 
ARM GAS  /tmp/ccl8yU0j.s 			page 228


 6582              		.loc 1 3281 17 is_stmt 0 view .LVU2176
 6583 0044 0123     		movs	r3, #1
 6584 0046 84F85D30 		strb	r3, [r4, #93]
3292:Drivers/STM32L4xx_HAL_Driver/Src/stm32l4xx_hal_spi.c ****     {
 6585              		.loc 1 3292 5 is_stmt 1 view .LVU2177
3292:Drivers/STM32L4xx_HAL_Driver/Src/stm32l4xx_hal_spi.c ****     {
 6586              		.loc 1 3292 13 is_stmt 0 view .LVU2178
 6587 004a 236E     		ldr	r3, [r4, #96]
3292:Drivers/STM32L4xx_HAL_Driver/Src/stm32l4xx_hal_spi.c ****     {
 6588              		.loc 1 3292 8 view .LVU2179
 6589 004c 1BB9     		cbnz	r3, .L440
 6590              	.L436:
3307:Drivers/STM32L4xx_HAL_Driver/Src/stm32l4xx_hal_spi.c **** #endif /* USE_HAL_SPI_REGISTER_CALLBACKS */
 6591              		.loc 1 3307 3 is_stmt 1 view .LVU2180
 6592 004e 2046     		mov	r0, r4
 6593 0050 FFF7FEFF 		bl	HAL_SPI_TxRxCpltCallback
 6594              	.LVL383:
 6595              	.L435:
3309:Drivers/STM32L4xx_HAL_Driver/Src/stm32l4xx_hal_spi.c **** 
 6596              		.loc 1 3309 1 is_stmt 0 view .LVU2181
 6597 0054 38BD     		pop	{r3, r4, r5, pc}
 6598              	.LVL384:
 6599              	.L440:
3298:Drivers/STM32L4xx_HAL_Driver/Src/stm32l4xx_hal_spi.c **** #endif /* USE_HAL_SPI_REGISTER_CALLBACKS */
 6600              		.loc 1 3298 7 is_stmt 1 view .LVU2182
 6601 0056 2046     		mov	r0, r4
 6602 0058 FFF7FEFF 		bl	HAL_SPI_ErrorCallback
 6603              	.LVL385:
3300:Drivers/STM32L4xx_HAL_Driver/Src/stm32l4xx_hal_spi.c ****     }
 6604              		.loc 1 3300 7 view .LVU2183
 6605 005c FAE7     		b	.L435
 6606              		.cfi_endproc
 6607              	.LFE319:
 6609              		.section	.text.HAL_SPI_IRQHandler,"ax",%progbits
 6610              		.align	1
 6611              		.global	HAL_SPI_IRQHandler
 6612              		.syntax unified
 6613              		.thumb
 6614              		.thumb_func
 6616              	HAL_SPI_IRQHandler:
 6617              	.LVL386:
 6618              	.LFB306:
2750:Drivers/STM32L4xx_HAL_Driver/Src/stm32l4xx_hal_spi.c ****   uint32_t itsource = hspi->Instance->CR2;
 6619              		.loc 1 2750 1 view -0
 6620              		.cfi_startproc
 6621              		@ args = 0, pretend = 0, frame = 16
 6622              		@ frame_needed = 0, uses_anonymous_args = 0
2750:Drivers/STM32L4xx_HAL_Driver/Src/stm32l4xx_hal_spi.c ****   uint32_t itsource = hspi->Instance->CR2;
 6623              		.loc 1 2750 1 is_stmt 0 view .LVU2185
 6624 0000 30B5     		push	{r4, r5, lr}
 6625              	.LCFI76:
 6626              		.cfi_def_cfa_offset 12
 6627              		.cfi_offset 4, -12
 6628              		.cfi_offset 5, -8
 6629              		.cfi_offset 14, -4
 6630 0002 85B0     		sub	sp, sp, #20
 6631              	.LCFI77:
ARM GAS  /tmp/ccl8yU0j.s 			page 229


 6632              		.cfi_def_cfa_offset 32
 6633 0004 0446     		mov	r4, r0
2751:Drivers/STM32L4xx_HAL_Driver/Src/stm32l4xx_hal_spi.c ****   uint32_t itflag   = hspi->Instance->SR;
 6634              		.loc 1 2751 3 is_stmt 1 view .LVU2186
2751:Drivers/STM32L4xx_HAL_Driver/Src/stm32l4xx_hal_spi.c ****   uint32_t itflag   = hspi->Instance->SR;
 6635              		.loc 1 2751 27 is_stmt 0 view .LVU2187
 6636 0006 0268     		ldr	r2, [r0]
2751:Drivers/STM32L4xx_HAL_Driver/Src/stm32l4xx_hal_spi.c ****   uint32_t itflag   = hspi->Instance->SR;
 6637              		.loc 1 2751 12 view .LVU2188
 6638 0008 5168     		ldr	r1, [r2, #4]
 6639              	.LVL387:
2752:Drivers/STM32L4xx_HAL_Driver/Src/stm32l4xx_hal_spi.c **** 
 6640              		.loc 1 2752 3 is_stmt 1 view .LVU2189
2752:Drivers/STM32L4xx_HAL_Driver/Src/stm32l4xx_hal_spi.c **** 
 6641              		.loc 1 2752 12 is_stmt 0 view .LVU2190
 6642 000a 9368     		ldr	r3, [r2, #8]
 6643              	.LVL388:
2755:Drivers/STM32L4xx_HAL_Driver/Src/stm32l4xx_hal_spi.c ****       (SPI_CHECK_FLAG(itflag, SPI_FLAG_RXNE) != RESET) && (SPI_CHECK_IT_SOURCE(itsource, SPI_IT_RXN
 6644              		.loc 1 2755 3 is_stmt 1 view .LVU2191
2755:Drivers/STM32L4xx_HAL_Driver/Src/stm32l4xx_hal_spi.c ****       (SPI_CHECK_FLAG(itflag, SPI_FLAG_RXNE) != RESET) && (SPI_CHECK_IT_SOURCE(itsource, SPI_IT_RXN
 6645              		.loc 1 2755 8 is_stmt 0 view .LVU2192
 6646 000c C3F38010 		ubfx	r0, r3, #6, #1
 6647              	.LVL389:
2755:Drivers/STM32L4xx_HAL_Driver/Src/stm32l4xx_hal_spi.c ****       (SPI_CHECK_FLAG(itflag, SPI_FLAG_RXNE) != RESET) && (SPI_CHECK_IT_SOURCE(itsource, SPI_IT_RXN
 6648              		.loc 1 2755 6 view .LVU2193
 6649 0010 13F0400F 		tst	r3, #64
 6650 0014 05D1     		bne	.L442
2755:Drivers/STM32L4xx_HAL_Driver/Src/stm32l4xx_hal_spi.c ****       (SPI_CHECK_FLAG(itflag, SPI_FLAG_RXNE) != RESET) && (SPI_CHECK_IT_SOURCE(itsource, SPI_IT_RXN
 6651              		.loc 1 2755 55 discriminator 1 view .LVU2194
 6652 0016 13F0010F 		tst	r3, #1
 6653 001a 02D0     		beq	.L442
2756:Drivers/STM32L4xx_HAL_Driver/Src/stm32l4xx_hal_spi.c ****   {
 6654              		.loc 1 2756 56 view .LVU2195
 6655 001c 11F0400F 		tst	r1, #64
 6656 0020 69D1     		bne	.L454
 6657              	.L442:
2763:Drivers/STM32L4xx_HAL_Driver/Src/stm32l4xx_hal_spi.c ****   {
 6658              		.loc 1 2763 3 is_stmt 1 view .LVU2196
2763:Drivers/STM32L4xx_HAL_Driver/Src/stm32l4xx_hal_spi.c ****   {
 6659              		.loc 1 2763 6 is_stmt 0 view .LVU2197
 6660 0022 13F0020F 		tst	r3, #2
 6661 0026 02D0     		beq	.L444
2763:Drivers/STM32L4xx_HAL_Driver/Src/stm32l4xx_hal_spi.c ****   {
 6662              		.loc 1 2763 55 discriminator 1 view .LVU2198
 6663 0028 11F0800F 		tst	r1, #128
 6664 002c 67D1     		bne	.L455
 6665              	.L444:
2770:Drivers/STM32L4xx_HAL_Driver/Src/stm32l4xx_hal_spi.c ****        || (SPI_CHECK_FLAG(itflag, SPI_FLAG_FRE) != RESET)) && (SPI_CHECK_IT_SOURCE(itsource, SPI_IT
 6666              		.loc 1 2770 3 is_stmt 1 view .LVU2199
2770:Drivers/STM32L4xx_HAL_Driver/Src/stm32l4xx_hal_spi.c ****        || (SPI_CHECK_FLAG(itflag, SPI_FLAG_FRE) != RESET)) && (SPI_CHECK_IT_SOURCE(itsource, SPI_IT
 6667              		.loc 1 2770 9 is_stmt 0 view .LVU2200
 6668 002e C3F34015 		ubfx	r5, r3, #5, #1
2770:Drivers/STM32L4xx_HAL_Driver/Src/stm32l4xx_hal_spi.c ****        || (SPI_CHECK_FLAG(itflag, SPI_FLAG_FRE) != RESET)) && (SPI_CHECK_IT_SOURCE(itsource, SPI_IT
 6669              		.loc 1 2770 6 view .LVU2201
 6670 0032 13F0200F 		tst	r3, #32
 6671 0036 03D1     		bne	.L445
2770:Drivers/STM32L4xx_HAL_Driver/Src/stm32l4xx_hal_spi.c ****        || (SPI_CHECK_FLAG(itflag, SPI_FLAG_FRE) != RESET)) && (SPI_CHECK_IT_SOURCE(itsource, SPI_IT
ARM GAS  /tmp/ccl8yU0j.s 			page 230


 6672              		.loc 1 2770 57 discriminator 1 view .LVU2202
 6673 0038 10B9     		cbnz	r0, .L445
2771:Drivers/STM32L4xx_HAL_Driver/Src/stm32l4xx_hal_spi.c ****   {
 6674              		.loc 1 2771 8 view .LVU2203
 6675 003a 13F4807F 		tst	r3, #256
 6676 003e 61D0     		beq	.L441
 6677              	.L445:
2771:Drivers/STM32L4xx_HAL_Driver/Src/stm32l4xx_hal_spi.c ****   {
 6678              		.loc 1 2771 60 discriminator 1 view .LVU2204
 6679 0040 11F0200F 		tst	r1, #32
 6680 0044 5ED0     		beq	.L441
2774:Drivers/STM32L4xx_HAL_Driver/Src/stm32l4xx_hal_spi.c ****     {
 6681              		.loc 1 2774 5 is_stmt 1 view .LVU2205
2774:Drivers/STM32L4xx_HAL_Driver/Src/stm32l4xx_hal_spi.c ****     {
 6682              		.loc 1 2774 8 is_stmt 0 view .LVU2206
 6683 0046 78B1     		cbz	r0, .L446
2776:Drivers/STM32L4xx_HAL_Driver/Src/stm32l4xx_hal_spi.c ****       {
 6684              		.loc 1 2776 7 is_stmt 1 view .LVU2207
2776:Drivers/STM32L4xx_HAL_Driver/Src/stm32l4xx_hal_spi.c ****       {
 6685              		.loc 1 2776 15 is_stmt 0 view .LVU2208
 6686 0048 94F85D00 		ldrb	r0, [r4, #93]	@ zero_extendqisi2
 6687 004c C0B2     		uxtb	r0, r0
2776:Drivers/STM32L4xx_HAL_Driver/Src/stm32l4xx_hal_spi.c ****       {
 6688              		.loc 1 2776 10 view .LVU2209
 6689 004e 0328     		cmp	r0, #3
 6690 0050 5AD0     		beq	.L447
2778:Drivers/STM32L4xx_HAL_Driver/Src/stm32l4xx_hal_spi.c ****         __HAL_SPI_CLEAR_OVRFLAG(hspi);
 6691              		.loc 1 2778 9 is_stmt 1 view .LVU2210
 6692 0052 206E     		ldr	r0, [r4, #96]
 6693 0054 40F00400 		orr	r0, r0, #4
 6694 0058 2066     		str	r0, [r4, #96]
2779:Drivers/STM32L4xx_HAL_Driver/Src/stm32l4xx_hal_spi.c ****       }
 6695              		.loc 1 2779 9 view .LVU2211
 6696              	.LBB7:
2779:Drivers/STM32L4xx_HAL_Driver/Src/stm32l4xx_hal_spi.c ****       }
 6697              		.loc 1 2779 9 view .LVU2212
 6698 005a 0020     		movs	r0, #0
 6699 005c 0090     		str	r0, [sp]
2779:Drivers/STM32L4xx_HAL_Driver/Src/stm32l4xx_hal_spi.c ****       }
 6700              		.loc 1 2779 9 view .LVU2213
 6701 005e D068     		ldr	r0, [r2, #12]
 6702 0060 0090     		str	r0, [sp]
2779:Drivers/STM32L4xx_HAL_Driver/Src/stm32l4xx_hal_spi.c ****       }
 6703              		.loc 1 2779 9 view .LVU2214
 6704 0062 9068     		ldr	r0, [r2, #8]
 6705 0064 0090     		str	r0, [sp]
2779:Drivers/STM32L4xx_HAL_Driver/Src/stm32l4xx_hal_spi.c ****       }
 6706              		.loc 1 2779 9 view .LVU2215
 6707 0066 0098     		ldr	r0, [sp]
 6708              	.LBE7:
2779:Drivers/STM32L4xx_HAL_Driver/Src/stm32l4xx_hal_spi.c ****       }
 6709              		.loc 1 2779 9 view .LVU2216
 6710              	.L446:
2789:Drivers/STM32L4xx_HAL_Driver/Src/stm32l4xx_hal_spi.c ****     {
 6711              		.loc 1 2789 5 view .LVU2217
2789:Drivers/STM32L4xx_HAL_Driver/Src/stm32l4xx_hal_spi.c ****     {
 6712              		.loc 1 2789 8 is_stmt 0 view .LVU2218
ARM GAS  /tmp/ccl8yU0j.s 			page 231


 6713 0068 65B1     		cbz	r5, .L448
2791:Drivers/STM32L4xx_HAL_Driver/Src/stm32l4xx_hal_spi.c ****       __HAL_SPI_CLEAR_MODFFLAG(hspi);
 6714              		.loc 1 2791 7 is_stmt 1 view .LVU2219
 6715 006a 206E     		ldr	r0, [r4, #96]
 6716 006c 40F00100 		orr	r0, r0, #1
 6717 0070 2066     		str	r0, [r4, #96]
2792:Drivers/STM32L4xx_HAL_Driver/Src/stm32l4xx_hal_spi.c ****     }
 6718              		.loc 1 2792 7 view .LVU2220
 6719              	.LBB8:
2792:Drivers/STM32L4xx_HAL_Driver/Src/stm32l4xx_hal_spi.c ****     }
 6720              		.loc 1 2792 7 view .LVU2221
 6721 0072 0020     		movs	r0, #0
 6722 0074 0290     		str	r0, [sp, #8]
2792:Drivers/STM32L4xx_HAL_Driver/Src/stm32l4xx_hal_spi.c ****     }
 6723              		.loc 1 2792 7 view .LVU2222
 6724 0076 9068     		ldr	r0, [r2, #8]
 6725 0078 0290     		str	r0, [sp, #8]
2792:Drivers/STM32L4xx_HAL_Driver/Src/stm32l4xx_hal_spi.c ****     }
 6726              		.loc 1 2792 7 view .LVU2223
 6727 007a 1068     		ldr	r0, [r2]
 6728 007c 20F04000 		bic	r0, r0, #64
 6729 0080 1060     		str	r0, [r2]
2792:Drivers/STM32L4xx_HAL_Driver/Src/stm32l4xx_hal_spi.c ****     }
 6730              		.loc 1 2792 7 view .LVU2224
 6731 0082 029A     		ldr	r2, [sp, #8]
 6732              	.L448:
2792:Drivers/STM32L4xx_HAL_Driver/Src/stm32l4xx_hal_spi.c ****     }
 6733              		.loc 1 2792 7 is_stmt 0 view .LVU2225
 6734              	.LBE8:
2792:Drivers/STM32L4xx_HAL_Driver/Src/stm32l4xx_hal_spi.c ****     }
 6735              		.loc 1 2792 7 is_stmt 1 discriminator 1 view .LVU2226
2796:Drivers/STM32L4xx_HAL_Driver/Src/stm32l4xx_hal_spi.c ****     {
 6736              		.loc 1 2796 5 discriminator 1 view .LVU2227
2796:Drivers/STM32L4xx_HAL_Driver/Src/stm32l4xx_hal_spi.c ****     {
 6737              		.loc 1 2796 8 is_stmt 0 discriminator 1 view .LVU2228
 6738 0084 13F4807F 		tst	r3, #256
 6739 0088 09D0     		beq	.L449
2798:Drivers/STM32L4xx_HAL_Driver/Src/stm32l4xx_hal_spi.c ****       __HAL_SPI_CLEAR_FREFLAG(hspi);
 6740              		.loc 1 2798 7 is_stmt 1 view .LVU2229
 6741 008a 236E     		ldr	r3, [r4, #96]
 6742              	.LVL390:
2798:Drivers/STM32L4xx_HAL_Driver/Src/stm32l4xx_hal_spi.c ****       __HAL_SPI_CLEAR_FREFLAG(hspi);
 6743              		.loc 1 2798 7 is_stmt 0 view .LVU2230
 6744 008c 43F00803 		orr	r3, r3, #8
 6745 0090 2366     		str	r3, [r4, #96]
2799:Drivers/STM32L4xx_HAL_Driver/Src/stm32l4xx_hal_spi.c ****     }
 6746              		.loc 1 2799 7 is_stmt 1 view .LVU2231
 6747              	.LBB9:
2799:Drivers/STM32L4xx_HAL_Driver/Src/stm32l4xx_hal_spi.c ****     }
 6748              		.loc 1 2799 7 view .LVU2232
 6749 0092 0023     		movs	r3, #0
 6750 0094 0393     		str	r3, [sp, #12]
2799:Drivers/STM32L4xx_HAL_Driver/Src/stm32l4xx_hal_spi.c ****     }
 6751              		.loc 1 2799 7 view .LVU2233
 6752 0096 2368     		ldr	r3, [r4]
 6753 0098 9B68     		ldr	r3, [r3, #8]
 6754 009a 0393     		str	r3, [sp, #12]
ARM GAS  /tmp/ccl8yU0j.s 			page 232


2799:Drivers/STM32L4xx_HAL_Driver/Src/stm32l4xx_hal_spi.c ****     }
 6755              		.loc 1 2799 7 view .LVU2234
 6756 009c 039B     		ldr	r3, [sp, #12]
 6757              	.L449:
2799:Drivers/STM32L4xx_HAL_Driver/Src/stm32l4xx_hal_spi.c ****     }
 6758              		.loc 1 2799 7 is_stmt 0 view .LVU2235
 6759              	.LBE9:
2799:Drivers/STM32L4xx_HAL_Driver/Src/stm32l4xx_hal_spi.c ****     }
 6760              		.loc 1 2799 7 is_stmt 1 discriminator 1 view .LVU2236
2802:Drivers/STM32L4xx_HAL_Driver/Src/stm32l4xx_hal_spi.c ****     {
 6761              		.loc 1 2802 5 discriminator 1 view .LVU2237
2802:Drivers/STM32L4xx_HAL_Driver/Src/stm32l4xx_hal_spi.c ****     {
 6762              		.loc 1 2802 13 is_stmt 0 discriminator 1 view .LVU2238
 6763 009e 236E     		ldr	r3, [r4, #96]
2802:Drivers/STM32L4xx_HAL_Driver/Src/stm32l4xx_hal_spi.c ****     {
 6764              		.loc 1 2802 8 discriminator 1 view .LVU2239
 6765 00a0 002B     		cmp	r3, #0
 6766 00a2 2FD0     		beq	.L441
2805:Drivers/STM32L4xx_HAL_Driver/Src/stm32l4xx_hal_spi.c **** 
 6767              		.loc 1 2805 7 is_stmt 1 view .LVU2240
 6768 00a4 2268     		ldr	r2, [r4]
 6769 00a6 5368     		ldr	r3, [r2, #4]
 6770 00a8 23F0E003 		bic	r3, r3, #224
 6771 00ac 5360     		str	r3, [r2, #4]
2807:Drivers/STM32L4xx_HAL_Driver/Src/stm32l4xx_hal_spi.c ****       /* Disable the SPI DMA requests if enabled */
 6772              		.loc 1 2807 7 view .LVU2241
2807:Drivers/STM32L4xx_HAL_Driver/Src/stm32l4xx_hal_spi.c ****       /* Disable the SPI DMA requests if enabled */
 6773              		.loc 1 2807 19 is_stmt 0 view .LVU2242
 6774 00ae 0123     		movs	r3, #1
 6775 00b0 84F85D30 		strb	r3, [r4, #93]
2809:Drivers/STM32L4xx_HAL_Driver/Src/stm32l4xx_hal_spi.c ****       {
 6776              		.loc 1 2809 7 is_stmt 1 view .LVU2243
2809:Drivers/STM32L4xx_HAL_Driver/Src/stm32l4xx_hal_spi.c ****       {
 6777              		.loc 1 2809 10 is_stmt 0 view .LVU2244
 6778 00b4 11F0030F 		tst	r1, #3
 6779 00b8 2ED0     		beq	.L451
2811:Drivers/STM32L4xx_HAL_Driver/Src/stm32l4xx_hal_spi.c **** 
 6780              		.loc 1 2811 9 is_stmt 1 view .LVU2245
 6781 00ba 2268     		ldr	r2, [r4]
 6782 00bc 5368     		ldr	r3, [r2, #4]
 6783 00be 23F00303 		bic	r3, r3, #3
 6784 00c2 5360     		str	r3, [r2, #4]
2814:Drivers/STM32L4xx_HAL_Driver/Src/stm32l4xx_hal_spi.c ****         {
 6785              		.loc 1 2814 9 view .LVU2246
2814:Drivers/STM32L4xx_HAL_Driver/Src/stm32l4xx_hal_spi.c ****         {
 6786              		.loc 1 2814 17 is_stmt 0 view .LVU2247
 6787 00c4 A36D     		ldr	r3, [r4, #88]
2814:Drivers/STM32L4xx_HAL_Driver/Src/stm32l4xx_hal_spi.c ****         {
 6788              		.loc 1 2814 12 view .LVU2248
 6789 00c6 4BB1     		cbz	r3, .L452
2818:Drivers/STM32L4xx_HAL_Driver/Src/stm32l4xx_hal_spi.c ****           if (HAL_OK != HAL_DMA_Abort_IT(hspi->hdmarx))
 6790              		.loc 1 2818 11 is_stmt 1 view .LVU2249
2818:Drivers/STM32L4xx_HAL_Driver/Src/stm32l4xx_hal_spi.c ****           if (HAL_OK != HAL_DMA_Abort_IT(hspi->hdmarx))
 6791              		.loc 1 2818 43 is_stmt 0 view .LVU2250
 6792 00c8 154A     		ldr	r2, .L456
 6793 00ca 9A63     		str	r2, [r3, #56]
2819:Drivers/STM32L4xx_HAL_Driver/Src/stm32l4xx_hal_spi.c ****           {
ARM GAS  /tmp/ccl8yU0j.s 			page 233


 6794              		.loc 1 2819 11 is_stmt 1 view .LVU2251
2819:Drivers/STM32L4xx_HAL_Driver/Src/stm32l4xx_hal_spi.c ****           {
 6795              		.loc 1 2819 25 is_stmt 0 view .LVU2252
 6796 00cc A06D     		ldr	r0, [r4, #88]
 6797 00ce FFF7FEFF 		bl	HAL_DMA_Abort_IT
 6798              	.LVL391:
2819:Drivers/STM32L4xx_HAL_Driver/Src/stm32l4xx_hal_spi.c ****           {
 6799              		.loc 1 2819 14 view .LVU2253
 6800 00d2 18B1     		cbz	r0, .L452
2821:Drivers/STM32L4xx_HAL_Driver/Src/stm32l4xx_hal_spi.c ****           }
 6801              		.loc 1 2821 13 is_stmt 1 view .LVU2254
 6802 00d4 236E     		ldr	r3, [r4, #96]
 6803 00d6 43F04003 		orr	r3, r3, #64
 6804 00da 2366     		str	r3, [r4, #96]
 6805              	.L452:
2825:Drivers/STM32L4xx_HAL_Driver/Src/stm32l4xx_hal_spi.c ****         {
 6806              		.loc 1 2825 9 view .LVU2255
2825:Drivers/STM32L4xx_HAL_Driver/Src/stm32l4xx_hal_spi.c ****         {
 6807              		.loc 1 2825 17 is_stmt 0 view .LVU2256
 6808 00dc 636D     		ldr	r3, [r4, #84]
2825:Drivers/STM32L4xx_HAL_Driver/Src/stm32l4xx_hal_spi.c ****         {
 6809              		.loc 1 2825 12 view .LVU2257
 6810 00de 8BB1     		cbz	r3, .L441
2829:Drivers/STM32L4xx_HAL_Driver/Src/stm32l4xx_hal_spi.c ****           if (HAL_OK != HAL_DMA_Abort_IT(hspi->hdmatx))
 6811              		.loc 1 2829 11 is_stmt 1 view .LVU2258
2829:Drivers/STM32L4xx_HAL_Driver/Src/stm32l4xx_hal_spi.c ****           if (HAL_OK != HAL_DMA_Abort_IT(hspi->hdmatx))
 6812              		.loc 1 2829 43 is_stmt 0 view .LVU2259
 6813 00e0 0F4A     		ldr	r2, .L456
 6814 00e2 9A63     		str	r2, [r3, #56]
2830:Drivers/STM32L4xx_HAL_Driver/Src/stm32l4xx_hal_spi.c ****           {
 6815              		.loc 1 2830 11 is_stmt 1 view .LVU2260
2830:Drivers/STM32L4xx_HAL_Driver/Src/stm32l4xx_hal_spi.c ****           {
 6816              		.loc 1 2830 25 is_stmt 0 view .LVU2261
 6817 00e4 606D     		ldr	r0, [r4, #84]
 6818 00e6 FFF7FEFF 		bl	HAL_DMA_Abort_IT
 6819              	.LVL392:
2830:Drivers/STM32L4xx_HAL_Driver/Src/stm32l4xx_hal_spi.c ****           {
 6820              		.loc 1 2830 14 view .LVU2262
 6821 00ea 58B1     		cbz	r0, .L441
2832:Drivers/STM32L4xx_HAL_Driver/Src/stm32l4xx_hal_spi.c ****           }
 6822              		.loc 1 2832 13 is_stmt 1 view .LVU2263
 6823 00ec 236E     		ldr	r3, [r4, #96]
 6824 00ee 43F04003 		orr	r3, r3, #64
 6825 00f2 2366     		str	r3, [r4, #96]
 6826 00f4 06E0     		b	.L441
 6827              	.LVL393:
 6828              	.L454:
2758:Drivers/STM32L4xx_HAL_Driver/Src/stm32l4xx_hal_spi.c ****     return;
 6829              		.loc 1 2758 5 view .LVU2264
2758:Drivers/STM32L4xx_HAL_Driver/Src/stm32l4xx_hal_spi.c ****     return;
 6830              		.loc 1 2758 9 is_stmt 0 view .LVU2265
 6831 00f6 E36C     		ldr	r3, [r4, #76]
 6832              	.LVL394:
2758:Drivers/STM32L4xx_HAL_Driver/Src/stm32l4xx_hal_spi.c ****     return;
 6833              		.loc 1 2758 5 view .LVU2266
 6834 00f8 2046     		mov	r0, r4
 6835 00fa 9847     		blx	r3
ARM GAS  /tmp/ccl8yU0j.s 			page 234


 6836              	.LVL395:
2759:Drivers/STM32L4xx_HAL_Driver/Src/stm32l4xx_hal_spi.c ****   }
 6837              		.loc 1 2759 5 is_stmt 1 view .LVU2267
 6838 00fc 02E0     		b	.L441
 6839              	.LVL396:
 6840              	.L455:
2765:Drivers/STM32L4xx_HAL_Driver/Src/stm32l4xx_hal_spi.c ****     return;
 6841              		.loc 1 2765 5 view .LVU2268
2765:Drivers/STM32L4xx_HAL_Driver/Src/stm32l4xx_hal_spi.c ****     return;
 6842              		.loc 1 2765 9 is_stmt 0 view .LVU2269
 6843 00fe 236D     		ldr	r3, [r4, #80]
 6844              	.LVL397:
2765:Drivers/STM32L4xx_HAL_Driver/Src/stm32l4xx_hal_spi.c ****     return;
 6845              		.loc 1 2765 5 view .LVU2270
 6846 0100 2046     		mov	r0, r4
 6847 0102 9847     		blx	r3
 6848              	.LVL398:
2766:Drivers/STM32L4xx_HAL_Driver/Src/stm32l4xx_hal_spi.c ****   }
 6849              		.loc 1 2766 5 is_stmt 1 view .LVU2271
 6850              	.L441:
2848:Drivers/STM32L4xx_HAL_Driver/Src/stm32l4xx_hal_spi.c **** 
 6851              		.loc 1 2848 1 is_stmt 0 view .LVU2272
 6852 0104 05B0     		add	sp, sp, #20
 6853              	.LCFI78:
 6854              		.cfi_remember_state
 6855              		.cfi_def_cfa_offset 12
 6856              		@ sp needed
 6857 0106 30BD     		pop	{r4, r5, pc}
 6858              	.LVL399:
 6859              	.L447:
 6860              	.LCFI79:
 6861              		.cfi_restore_state
2783:Drivers/STM32L4xx_HAL_Driver/Src/stm32l4xx_hal_spi.c ****         return;
 6862              		.loc 1 2783 9 is_stmt 1 view .LVU2273
 6863              	.LBB10:
2783:Drivers/STM32L4xx_HAL_Driver/Src/stm32l4xx_hal_spi.c ****         return;
 6864              		.loc 1 2783 9 view .LVU2274
 6865 0108 0023     		movs	r3, #0
 6866              	.LVL400:
2783:Drivers/STM32L4xx_HAL_Driver/Src/stm32l4xx_hal_spi.c ****         return;
 6867              		.loc 1 2783 9 is_stmt 0 view .LVU2275
 6868 010a 0193     		str	r3, [sp, #4]
2783:Drivers/STM32L4xx_HAL_Driver/Src/stm32l4xx_hal_spi.c ****         return;
 6869              		.loc 1 2783 9 is_stmt 1 view .LVU2276
 6870 010c D368     		ldr	r3, [r2, #12]
 6871 010e 0193     		str	r3, [sp, #4]
2783:Drivers/STM32L4xx_HAL_Driver/Src/stm32l4xx_hal_spi.c ****         return;
 6872              		.loc 1 2783 9 view .LVU2277
 6873 0110 9368     		ldr	r3, [r2, #8]
 6874 0112 0193     		str	r3, [sp, #4]
2783:Drivers/STM32L4xx_HAL_Driver/Src/stm32l4xx_hal_spi.c ****         return;
 6875              		.loc 1 2783 9 view .LVU2278
 6876 0114 019B     		ldr	r3, [sp, #4]
 6877              	.LBE10:
2783:Drivers/STM32L4xx_HAL_Driver/Src/stm32l4xx_hal_spi.c ****         return;
 6878              		.loc 1 2783 9 view .LVU2279
2784:Drivers/STM32L4xx_HAL_Driver/Src/stm32l4xx_hal_spi.c ****       }
ARM GAS  /tmp/ccl8yU0j.s 			page 235


 6879              		.loc 1 2784 9 view .LVU2280
 6880 0116 F5E7     		b	.L441
 6881              	.L451:
2842:Drivers/STM32L4xx_HAL_Driver/Src/stm32l4xx_hal_spi.c **** #endif /* USE_HAL_SPI_REGISTER_CALLBACKS */
 6882              		.loc 1 2842 9 view .LVU2281
 6883 0118 2046     		mov	r0, r4
 6884 011a FFF7FEFF 		bl	HAL_SPI_ErrorCallback
 6885              	.LVL401:
2846:Drivers/STM32L4xx_HAL_Driver/Src/stm32l4xx_hal_spi.c ****   }
 6886              		.loc 1 2846 5 view .LVU2282
 6887 011e F1E7     		b	.L441
 6888              	.L457:
 6889              		.align	2
 6890              	.L456:
 6891 0120 00000000 		.word	SPI_DMAAbortOnError
 6892              		.cfi_endproc
 6893              	.LFE306:
 6895              		.section	.text.SPI_DMAAbortOnError,"ax",%progbits
 6896              		.align	1
 6897              		.syntax unified
 6898              		.thumb
 6899              		.thumb_func
 6901              	SPI_DMAAbortOnError:
 6902              	.LVL402:
 6903              	.LFB324:
3395:Drivers/STM32L4xx_HAL_Driver/Src/stm32l4xx_hal_spi.c ****   SPI_HandleTypeDef *hspi = (SPI_HandleTypeDef *)(((DMA_HandleTypeDef *)hdma)->Parent);
 6904              		.loc 1 3395 1 view -0
 6905              		.cfi_startproc
 6906              		@ args = 0, pretend = 0, frame = 0
 6907              		@ frame_needed = 0, uses_anonymous_args = 0
3395:Drivers/STM32L4xx_HAL_Driver/Src/stm32l4xx_hal_spi.c ****   SPI_HandleTypeDef *hspi = (SPI_HandleTypeDef *)(((DMA_HandleTypeDef *)hdma)->Parent);
 6908              		.loc 1 3395 1 is_stmt 0 view .LVU2284
 6909 0000 08B5     		push	{r3, lr}
 6910              	.LCFI80:
 6911              		.cfi_def_cfa_offset 8
 6912              		.cfi_offset 3, -8
 6913              		.cfi_offset 14, -4
3396:Drivers/STM32L4xx_HAL_Driver/Src/stm32l4xx_hal_spi.c ****   hspi->RxXferCount = 0U;
 6914              		.loc 1 3396 3 is_stmt 1 view .LVU2285
3396:Drivers/STM32L4xx_HAL_Driver/Src/stm32l4xx_hal_spi.c ****   hspi->RxXferCount = 0U;
 6915              		.loc 1 3396 22 is_stmt 0 view .LVU2286
 6916 0002 806A     		ldr	r0, [r0, #40]
 6917              	.LVL403:
3397:Drivers/STM32L4xx_HAL_Driver/Src/stm32l4xx_hal_spi.c ****   hspi->TxXferCount = 0U;
 6918              		.loc 1 3397 3 is_stmt 1 view .LVU2287
3397:Drivers/STM32L4xx_HAL_Driver/Src/stm32l4xx_hal_spi.c ****   hspi->TxXferCount = 0U;
 6919              		.loc 1 3397 21 is_stmt 0 view .LVU2288
 6920 0004 0023     		movs	r3, #0
 6921 0006 A0F84630 		strh	r3, [r0, #70]	@ movhi
3398:Drivers/STM32L4xx_HAL_Driver/Src/stm32l4xx_hal_spi.c **** 
 6922              		.loc 1 3398 3 is_stmt 1 view .LVU2289
3398:Drivers/STM32L4xx_HAL_Driver/Src/stm32l4xx_hal_spi.c **** 
 6923              		.loc 1 3398 21 is_stmt 0 view .LVU2290
 6924 000a C387     		strh	r3, [r0, #62]	@ movhi
3404:Drivers/STM32L4xx_HAL_Driver/Src/stm32l4xx_hal_spi.c **** #endif /* USE_HAL_SPI_REGISTER_CALLBACKS */
 6925              		.loc 1 3404 3 is_stmt 1 view .LVU2291
 6926 000c FFF7FEFF 		bl	HAL_SPI_ErrorCallback
ARM GAS  /tmp/ccl8yU0j.s 			page 236


 6927              	.LVL404:
3406:Drivers/STM32L4xx_HAL_Driver/Src/stm32l4xx_hal_spi.c **** 
 6928              		.loc 1 3406 1 is_stmt 0 view .LVU2292
 6929 0010 08BD     		pop	{r3, pc}
 6930              		.cfi_endproc
 6931              	.LFE324:
 6933              		.section	.text.HAL_SPI_AbortCpltCallback,"ax",%progbits
 6934              		.align	1
 6935              		.weak	HAL_SPI_AbortCpltCallback
 6936              		.syntax unified
 6937              		.thumb
 6938              		.thumb_func
 6940              	HAL_SPI_AbortCpltCallback:
 6941              	.LVL405:
 6942              	.LFB314:
2971:Drivers/STM32L4xx_HAL_Driver/Src/stm32l4xx_hal_spi.c ****   /* Prevent unused argument(s) compilation warning */
 6943              		.loc 1 2971 1 is_stmt 1 view -0
 6944              		.cfi_startproc
 6945              		@ args = 0, pretend = 0, frame = 0
 6946              		@ frame_needed = 0, uses_anonymous_args = 0
 6947              		@ link register save eliminated.
2973:Drivers/STM32L4xx_HAL_Driver/Src/stm32l4xx_hal_spi.c **** 
 6948              		.loc 1 2973 3 view .LVU2294
2978:Drivers/STM32L4xx_HAL_Driver/Src/stm32l4xx_hal_spi.c **** 
 6949              		.loc 1 2978 1 is_stmt 0 view .LVU2295
 6950 0000 7047     		bx	lr
 6951              		.cfi_endproc
 6952              	.LFE314:
 6954              		.section	.text.HAL_SPI_Abort_IT,"ax",%progbits
 6955              		.align	1
 6956              		.global	HAL_SPI_Abort_IT
 6957              		.syntax unified
 6958              		.thumb
 6959              		.thumb_func
 6961              	HAL_SPI_Abort_IT:
 6962              	.LVL406:
 6963              	.LFB302:
2507:Drivers/STM32L4xx_HAL_Driver/Src/stm32l4xx_hal_spi.c ****   HAL_StatusTypeDef errorcode;
 6964              		.loc 1 2507 1 is_stmt 1 view -0
 6965              		.cfi_startproc
 6966              		@ args = 0, pretend = 0, frame = 16
 6967              		@ frame_needed = 0, uses_anonymous_args = 0
2507:Drivers/STM32L4xx_HAL_Driver/Src/stm32l4xx_hal_spi.c ****   HAL_StatusTypeDef errorcode;
 6968              		.loc 1 2507 1 is_stmt 0 view .LVU2297
 6969 0000 70B5     		push	{r4, r5, r6, lr}
 6970              	.LCFI81:
 6971              		.cfi_def_cfa_offset 16
 6972              		.cfi_offset 4, -16
 6973              		.cfi_offset 5, -12
 6974              		.cfi_offset 6, -8
 6975              		.cfi_offset 14, -4
 6976 0002 84B0     		sub	sp, sp, #16
 6977              	.LCFI82:
 6978              		.cfi_def_cfa_offset 32
 6979 0004 0446     		mov	r4, r0
2508:Drivers/STM32L4xx_HAL_Driver/Src/stm32l4xx_hal_spi.c ****   uint32_t abortcplt ;
 6980              		.loc 1 2508 3 is_stmt 1 view .LVU2298
ARM GAS  /tmp/ccl8yU0j.s 			page 237


2509:Drivers/STM32L4xx_HAL_Driver/Src/stm32l4xx_hal_spi.c ****   __IO uint32_t count;
 6981              		.loc 1 2509 3 view .LVU2299
2510:Drivers/STM32L4xx_HAL_Driver/Src/stm32l4xx_hal_spi.c ****   __IO uint32_t resetcount;
 6982              		.loc 1 2510 3 view .LVU2300
2511:Drivers/STM32L4xx_HAL_Driver/Src/stm32l4xx_hal_spi.c **** 
 6983              		.loc 1 2511 3 view .LVU2301
2514:Drivers/STM32L4xx_HAL_Driver/Src/stm32l4xx_hal_spi.c ****   abortcplt = 1U;
 6984              		.loc 1 2514 3 view .LVU2302
 6985              	.LVL407:
2515:Drivers/STM32L4xx_HAL_Driver/Src/stm32l4xx_hal_spi.c ****   resetcount = SPI_DEFAULT_TIMEOUT * (SystemCoreClock / 24U / 1000U);
 6986              		.loc 1 2515 3 view .LVU2303
2516:Drivers/STM32L4xx_HAL_Driver/Src/stm32l4xx_hal_spi.c ****   count = resetcount;
 6987              		.loc 1 2516 3 view .LVU2304
2516:Drivers/STM32L4xx_HAL_Driver/Src/stm32l4xx_hal_spi.c ****   count = resetcount;
 6988              		.loc 1 2516 61 is_stmt 0 view .LVU2305
 6989 0006 504B     		ldr	r3, .L487
 6990 0008 1B68     		ldr	r3, [r3]
 6991 000a 504A     		ldr	r2, .L487+4
 6992 000c A2FB0323 		umull	r2, r3, r2, r3
 6993 0010 5B0A     		lsrs	r3, r3, #9
2516:Drivers/STM32L4xx_HAL_Driver/Src/stm32l4xx_hal_spi.c ****   count = resetcount;
 6994              		.loc 1 2516 36 view .LVU2306
 6995 0012 6422     		movs	r2, #100
 6996 0014 02FB03F3 		mul	r3, r2, r3
2516:Drivers/STM32L4xx_HAL_Driver/Src/stm32l4xx_hal_spi.c ****   count = resetcount;
 6997              		.loc 1 2516 14 view .LVU2307
 6998 0018 0293     		str	r3, [sp, #8]
2517:Drivers/STM32L4xx_HAL_Driver/Src/stm32l4xx_hal_spi.c **** 
 6999              		.loc 1 2517 3 is_stmt 1 view .LVU2308
2517:Drivers/STM32L4xx_HAL_Driver/Src/stm32l4xx_hal_spi.c **** 
 7000              		.loc 1 2517 9 is_stmt 0 view .LVU2309
 7001 001a 029B     		ldr	r3, [sp, #8]
 7002 001c 0393     		str	r3, [sp, #12]
2520:Drivers/STM32L4xx_HAL_Driver/Src/stm32l4xx_hal_spi.c **** 
 7003              		.loc 1 2520 3 is_stmt 1 view .LVU2310
 7004 001e 0268     		ldr	r2, [r0]
 7005 0020 5368     		ldr	r3, [r2, #4]
 7006 0022 23F02003 		bic	r3, r3, #32
 7007 0026 5360     		str	r3, [r2, #4]
2523:Drivers/STM32L4xx_HAL_Driver/Src/stm32l4xx_hal_spi.c ****   {
 7008              		.loc 1 2523 3 view .LVU2311
2523:Drivers/STM32L4xx_HAL_Driver/Src/stm32l4xx_hal_spi.c ****   {
 7009              		.loc 1 2523 7 is_stmt 0 view .LVU2312
 7010 0028 0268     		ldr	r2, [r0]
 7011 002a 5368     		ldr	r3, [r2, #4]
2523:Drivers/STM32L4xx_HAL_Driver/Src/stm32l4xx_hal_spi.c ****   {
 7012              		.loc 1 2523 6 view .LVU2313
 7013 002c 13F0800F 		tst	r3, #128
 7014 0030 12D0     		beq	.L462
2525:Drivers/STM32L4xx_HAL_Driver/Src/stm32l4xx_hal_spi.c ****     /* Wait HAL_SPI_STATE_ABORT state */
 7015              		.loc 1 2525 5 is_stmt 1 view .LVU2314
2525:Drivers/STM32L4xx_HAL_Driver/Src/stm32l4xx_hal_spi.c ****     /* Wait HAL_SPI_STATE_ABORT state */
 7016              		.loc 1 2525 17 is_stmt 0 view .LVU2315
 7017 0032 474B     		ldr	r3, .L487+8
 7018 0034 0365     		str	r3, [r0, #80]
 7019              	.L465:
2527:Drivers/STM32L4xx_HAL_Driver/Src/stm32l4xx_hal_spi.c ****     {
ARM GAS  /tmp/ccl8yU0j.s 			page 238


 7020              		.loc 1 2527 5 is_stmt 1 view .LVU2316
2529:Drivers/STM32L4xx_HAL_Driver/Src/stm32l4xx_hal_spi.c ****       {
 7021              		.loc 1 2529 7 view .LVU2317
2529:Drivers/STM32L4xx_HAL_Driver/Src/stm32l4xx_hal_spi.c ****       {
 7022              		.loc 1 2529 17 is_stmt 0 view .LVU2318
 7023 0036 039B     		ldr	r3, [sp, #12]
2529:Drivers/STM32L4xx_HAL_Driver/Src/stm32l4xx_hal_spi.c ****       {
 7024              		.loc 1 2529 10 view .LVU2319
 7025 0038 43B1     		cbz	r3, .L484
2534:Drivers/STM32L4xx_HAL_Driver/Src/stm32l4xx_hal_spi.c ****     } while (hspi->State != HAL_SPI_STATE_ABORT);
 7026              		.loc 1 2534 7 is_stmt 1 view .LVU2320
2534:Drivers/STM32L4xx_HAL_Driver/Src/stm32l4xx_hal_spi.c ****     } while (hspi->State != HAL_SPI_STATE_ABORT);
 7027              		.loc 1 2534 12 is_stmt 0 view .LVU2321
 7028 003a 039B     		ldr	r3, [sp, #12]
 7029 003c 013B     		subs	r3, r3, #1
 7030 003e 0393     		str	r3, [sp, #12]
2535:Drivers/STM32L4xx_HAL_Driver/Src/stm32l4xx_hal_spi.c ****     /* Reset Timeout Counter */
 7031              		.loc 1 2535 13 is_stmt 1 view .LVU2322
2535:Drivers/STM32L4xx_HAL_Driver/Src/stm32l4xx_hal_spi.c ****     /* Reset Timeout Counter */
 7032              		.loc 1 2535 18 is_stmt 0 view .LVU2323
 7033 0040 94F85D30 		ldrb	r3, [r4, #93]	@ zero_extendqisi2
 7034 0044 DBB2     		uxtb	r3, r3
2535:Drivers/STM32L4xx_HAL_Driver/Src/stm32l4xx_hal_spi.c ****     /* Reset Timeout Counter */
 7035              		.loc 1 2535 5 view .LVU2324
 7036 0046 072B     		cmp	r3, #7
 7037 0048 F5D1     		bne	.L465
 7038 004a 03E0     		b	.L464
 7039              	.L484:
2531:Drivers/STM32L4xx_HAL_Driver/Src/stm32l4xx_hal_spi.c ****         break;
 7040              		.loc 1 2531 9 is_stmt 1 view .LVU2325
 7041 004c 236E     		ldr	r3, [r4, #96]
 7042 004e 43F04003 		orr	r3, r3, #64
 7043 0052 2366     		str	r3, [r4, #96]
2532:Drivers/STM32L4xx_HAL_Driver/Src/stm32l4xx_hal_spi.c ****       }
 7044              		.loc 1 2532 9 view .LVU2326
 7045              	.L464:
2537:Drivers/STM32L4xx_HAL_Driver/Src/stm32l4xx_hal_spi.c ****   }
 7046              		.loc 1 2537 5 view .LVU2327
2537:Drivers/STM32L4xx_HAL_Driver/Src/stm32l4xx_hal_spi.c ****   }
 7047              		.loc 1 2537 11 is_stmt 0 view .LVU2328
 7048 0054 029B     		ldr	r3, [sp, #8]
 7049 0056 0393     		str	r3, [sp, #12]
 7050              	.L462:
2540:Drivers/STM32L4xx_HAL_Driver/Src/stm32l4xx_hal_spi.c ****   {
 7051              		.loc 1 2540 3 is_stmt 1 view .LVU2329
2540:Drivers/STM32L4xx_HAL_Driver/Src/stm32l4xx_hal_spi.c ****   {
 7052              		.loc 1 2540 7 is_stmt 0 view .LVU2330
 7053 0058 5368     		ldr	r3, [r2, #4]
2540:Drivers/STM32L4xx_HAL_Driver/Src/stm32l4xx_hal_spi.c ****   {
 7054              		.loc 1 2540 6 view .LVU2331
 7055 005a 13F0400F 		tst	r3, #64
 7056 005e 12D0     		beq	.L466
2542:Drivers/STM32L4xx_HAL_Driver/Src/stm32l4xx_hal_spi.c ****     /* Wait HAL_SPI_STATE_ABORT state */
 7057              		.loc 1 2542 5 is_stmt 1 view .LVU2332
2542:Drivers/STM32L4xx_HAL_Driver/Src/stm32l4xx_hal_spi.c ****     /* Wait HAL_SPI_STATE_ABORT state */
 7058              		.loc 1 2542 17 is_stmt 0 view .LVU2333
 7059 0060 3C4B     		ldr	r3, .L487+12
ARM GAS  /tmp/ccl8yU0j.s 			page 239


 7060 0062 E364     		str	r3, [r4, #76]
 7061              	.L469:
2544:Drivers/STM32L4xx_HAL_Driver/Src/stm32l4xx_hal_spi.c ****     {
 7062              		.loc 1 2544 5 is_stmt 1 view .LVU2334
2546:Drivers/STM32L4xx_HAL_Driver/Src/stm32l4xx_hal_spi.c ****       {
 7063              		.loc 1 2546 7 view .LVU2335
2546:Drivers/STM32L4xx_HAL_Driver/Src/stm32l4xx_hal_spi.c ****       {
 7064              		.loc 1 2546 17 is_stmt 0 view .LVU2336
 7065 0064 039B     		ldr	r3, [sp, #12]
2546:Drivers/STM32L4xx_HAL_Driver/Src/stm32l4xx_hal_spi.c ****       {
 7066              		.loc 1 2546 10 view .LVU2337
 7067 0066 43B1     		cbz	r3, .L485
2551:Drivers/STM32L4xx_HAL_Driver/Src/stm32l4xx_hal_spi.c ****     } while (hspi->State != HAL_SPI_STATE_ABORT);
 7068              		.loc 1 2551 7 is_stmt 1 view .LVU2338
2551:Drivers/STM32L4xx_HAL_Driver/Src/stm32l4xx_hal_spi.c ****     } while (hspi->State != HAL_SPI_STATE_ABORT);
 7069              		.loc 1 2551 12 is_stmt 0 view .LVU2339
 7070 0068 039B     		ldr	r3, [sp, #12]
 7071 006a 013B     		subs	r3, r3, #1
 7072 006c 0393     		str	r3, [sp, #12]
2552:Drivers/STM32L4xx_HAL_Driver/Src/stm32l4xx_hal_spi.c ****     /* Reset Timeout Counter */
 7073              		.loc 1 2552 13 is_stmt 1 view .LVU2340
2552:Drivers/STM32L4xx_HAL_Driver/Src/stm32l4xx_hal_spi.c ****     /* Reset Timeout Counter */
 7074              		.loc 1 2552 18 is_stmt 0 view .LVU2341
 7075 006e 94F85D30 		ldrb	r3, [r4, #93]	@ zero_extendqisi2
 7076 0072 DBB2     		uxtb	r3, r3
2552:Drivers/STM32L4xx_HAL_Driver/Src/stm32l4xx_hal_spi.c ****     /* Reset Timeout Counter */
 7077              		.loc 1 2552 5 view .LVU2342
 7078 0074 072B     		cmp	r3, #7
 7079 0076 F5D1     		bne	.L469
 7080 0078 03E0     		b	.L468
 7081              	.L485:
2548:Drivers/STM32L4xx_HAL_Driver/Src/stm32l4xx_hal_spi.c ****         break;
 7082              		.loc 1 2548 9 is_stmt 1 view .LVU2343
 7083 007a 236E     		ldr	r3, [r4, #96]
 7084 007c 43F04003 		orr	r3, r3, #64
 7085 0080 2366     		str	r3, [r4, #96]
2549:Drivers/STM32L4xx_HAL_Driver/Src/stm32l4xx_hal_spi.c ****       }
 7086              		.loc 1 2549 9 view .LVU2344
 7087              	.L468:
2554:Drivers/STM32L4xx_HAL_Driver/Src/stm32l4xx_hal_spi.c ****   }
 7088              		.loc 1 2554 5 view .LVU2345
2554:Drivers/STM32L4xx_HAL_Driver/Src/stm32l4xx_hal_spi.c ****   }
 7089              		.loc 1 2554 11 is_stmt 0 view .LVU2346
 7090 0082 029B     		ldr	r3, [sp, #8]
 7091 0084 0393     		str	r3, [sp, #12]
 7092              	.L466:
2560:Drivers/STM32L4xx_HAL_Driver/Src/stm32l4xx_hal_spi.c ****   {
 7093              		.loc 1 2560 3 is_stmt 1 view .LVU2347
2560:Drivers/STM32L4xx_HAL_Driver/Src/stm32l4xx_hal_spi.c ****   {
 7094              		.loc 1 2560 11 is_stmt 0 view .LVU2348
 7095 0086 636D     		ldr	r3, [r4, #84]
2560:Drivers/STM32L4xx_HAL_Driver/Src/stm32l4xx_hal_spi.c ****   {
 7096              		.loc 1 2560 6 view .LVU2349
 7097 0088 2BB1     		cbz	r3, .L470
2564:Drivers/STM32L4xx_HAL_Driver/Src/stm32l4xx_hal_spi.c ****     {
 7098              		.loc 1 2564 5 is_stmt 1 view .LVU2350
2564:Drivers/STM32L4xx_HAL_Driver/Src/stm32l4xx_hal_spi.c ****     {
ARM GAS  /tmp/ccl8yU0j.s 			page 240


 7099              		.loc 1 2564 9 is_stmt 0 view .LVU2351
 7100 008a 5268     		ldr	r2, [r2, #4]
2564:Drivers/STM32L4xx_HAL_Driver/Src/stm32l4xx_hal_spi.c ****     {
 7101              		.loc 1 2564 8 view .LVU2352
 7102 008c 12F0020F 		tst	r2, #2
 7103 0090 1BD0     		beq	.L471
2566:Drivers/STM32L4xx_HAL_Driver/Src/stm32l4xx_hal_spi.c ****     }
 7104              		.loc 1 2566 7 is_stmt 1 view .LVU2353
2566:Drivers/STM32L4xx_HAL_Driver/Src/stm32l4xx_hal_spi.c ****     }
 7105              		.loc 1 2566 39 is_stmt 0 view .LVU2354
 7106 0092 314A     		ldr	r2, .L487+16
 7107 0094 9A63     		str	r2, [r3, #56]
 7108              	.L470:
2574:Drivers/STM32L4xx_HAL_Driver/Src/stm32l4xx_hal_spi.c ****   {
 7109              		.loc 1 2574 3 is_stmt 1 view .LVU2355
2574:Drivers/STM32L4xx_HAL_Driver/Src/stm32l4xx_hal_spi.c ****   {
 7110              		.loc 1 2574 11 is_stmt 0 view .LVU2356
 7111 0096 A36D     		ldr	r3, [r4, #88]
2574:Drivers/STM32L4xx_HAL_Driver/Src/stm32l4xx_hal_spi.c ****   {
 7112              		.loc 1 2574 6 view .LVU2357
 7113 0098 33B1     		cbz	r3, .L472
2578:Drivers/STM32L4xx_HAL_Driver/Src/stm32l4xx_hal_spi.c ****     {
 7114              		.loc 1 2578 5 is_stmt 1 view .LVU2358
2578:Drivers/STM32L4xx_HAL_Driver/Src/stm32l4xx_hal_spi.c ****     {
 7115              		.loc 1 2578 9 is_stmt 0 view .LVU2359
 7116 009a 2268     		ldr	r2, [r4]
 7117 009c 5268     		ldr	r2, [r2, #4]
2578:Drivers/STM32L4xx_HAL_Driver/Src/stm32l4xx_hal_spi.c ****     {
 7118              		.loc 1 2578 8 view .LVU2360
 7119 009e 12F0010F 		tst	r2, #1
 7120 00a2 15D0     		beq	.L473
2580:Drivers/STM32L4xx_HAL_Driver/Src/stm32l4xx_hal_spi.c ****     }
 7121              		.loc 1 2580 7 is_stmt 1 view .LVU2361
2580:Drivers/STM32L4xx_HAL_Driver/Src/stm32l4xx_hal_spi.c ****     }
 7122              		.loc 1 2580 39 is_stmt 0 view .LVU2362
 7123 00a4 2D4A     		ldr	r2, .L487+20
 7124 00a6 9A63     		str	r2, [r3, #56]
 7125              	.L472:
2589:Drivers/STM32L4xx_HAL_Driver/Src/stm32l4xx_hal_spi.c ****   {
 7126              		.loc 1 2589 3 is_stmt 1 view .LVU2363
2589:Drivers/STM32L4xx_HAL_Driver/Src/stm32l4xx_hal_spi.c ****   {
 7127              		.loc 1 2589 7 is_stmt 0 view .LVU2364
 7128 00a8 2368     		ldr	r3, [r4]
 7129 00aa 5B68     		ldr	r3, [r3, #4]
2589:Drivers/STM32L4xx_HAL_Driver/Src/stm32l4xx_hal_spi.c ****   {
 7130              		.loc 1 2589 6 view .LVU2365
 7131 00ac 13F0020F 		tst	r3, #2
 7132 00b0 11D0     		beq	.L478
2592:Drivers/STM32L4xx_HAL_Driver/Src/stm32l4xx_hal_spi.c ****     {
 7133              		.loc 1 2592 5 is_stmt 1 view .LVU2366
2592:Drivers/STM32L4xx_HAL_Driver/Src/stm32l4xx_hal_spi.c ****     {
 7134              		.loc 1 2592 13 is_stmt 0 view .LVU2367
 7135 00b2 606D     		ldr	r0, [r4, #84]
 7136              	.LVL408:
2592:Drivers/STM32L4xx_HAL_Driver/Src/stm32l4xx_hal_spi.c ****     {
 7137              		.loc 1 2592 8 view .LVU2368
 7138 00b4 28B3     		cbz	r0, .L479
ARM GAS  /tmp/ccl8yU0j.s 			page 241


2595:Drivers/STM32L4xx_HAL_Driver/Src/stm32l4xx_hal_spi.c ****       {
 7139              		.loc 1 2595 7 is_stmt 1 view .LVU2369
2595:Drivers/STM32L4xx_HAL_Driver/Src/stm32l4xx_hal_spi.c ****       {
 7140              		.loc 1 2595 11 is_stmt 0 view .LVU2370
 7141 00b6 FFF7FEFF 		bl	HAL_DMA_Abort_IT
 7142              	.LVL409:
2595:Drivers/STM32L4xx_HAL_Driver/Src/stm32l4xx_hal_spi.c ****       {
 7143              		.loc 1 2595 10 view .LVU2371
 7144 00ba 20B3     		cbz	r0, .L480
2597:Drivers/STM32L4xx_HAL_Driver/Src/stm32l4xx_hal_spi.c ****         hspi->ErrorCode = HAL_SPI_ERROR_ABORT;
 7145              		.loc 1 2597 9 is_stmt 1 view .LVU2372
2597:Drivers/STM32L4xx_HAL_Driver/Src/stm32l4xx_hal_spi.c ****         hspi->ErrorCode = HAL_SPI_ERROR_ABORT;
 7146              		.loc 1 2597 13 is_stmt 0 view .LVU2373
 7147 00bc 636D     		ldr	r3, [r4, #84]
2597:Drivers/STM32L4xx_HAL_Driver/Src/stm32l4xx_hal_spi.c ****         hspi->ErrorCode = HAL_SPI_ERROR_ABORT;
 7148              		.loc 1 2597 41 view .LVU2374
 7149 00be 0022     		movs	r2, #0
 7150 00c0 9A63     		str	r2, [r3, #56]
2598:Drivers/STM32L4xx_HAL_Driver/Src/stm32l4xx_hal_spi.c ****       }
 7151              		.loc 1 2598 9 is_stmt 1 view .LVU2375
2598:Drivers/STM32L4xx_HAL_Driver/Src/stm32l4xx_hal_spi.c ****       }
 7152              		.loc 1 2598 25 is_stmt 0 view .LVU2376
 7153 00c2 4023     		movs	r3, #64
 7154 00c4 2366     		str	r3, [r4, #96]
2515:Drivers/STM32L4xx_HAL_Driver/Src/stm32l4xx_hal_spi.c ****   resetcount = SPI_DEFAULT_TIMEOUT * (SystemCoreClock / 24U / 1000U);
 7155              		.loc 1 2515 13 view .LVU2377
 7156 00c6 0126     		movs	r6, #1
 7157 00c8 06E0     		b	.L474
 7158              	.LVL410:
 7159              	.L471:
2570:Drivers/STM32L4xx_HAL_Driver/Src/stm32l4xx_hal_spi.c ****     }
 7160              		.loc 1 2570 7 is_stmt 1 view .LVU2378
2570:Drivers/STM32L4xx_HAL_Driver/Src/stm32l4xx_hal_spi.c ****     }
 7161              		.loc 1 2570 39 is_stmt 0 view .LVU2379
 7162 00ca 0022     		movs	r2, #0
 7163 00cc 9A63     		str	r2, [r3, #56]
 7164 00ce E2E7     		b	.L470
 7165              	.L473:
2584:Drivers/STM32L4xx_HAL_Driver/Src/stm32l4xx_hal_spi.c ****     }
 7166              		.loc 1 2584 7 is_stmt 1 view .LVU2380
2584:Drivers/STM32L4xx_HAL_Driver/Src/stm32l4xx_hal_spi.c ****     }
 7167              		.loc 1 2584 39 is_stmt 0 view .LVU2381
 7168 00d0 0022     		movs	r2, #0
 7169 00d2 9A63     		str	r2, [r3, #56]
 7170 00d4 E8E7     		b	.L472
 7171              	.L478:
2515:Drivers/STM32L4xx_HAL_Driver/Src/stm32l4xx_hal_spi.c ****   resetcount = SPI_DEFAULT_TIMEOUT * (SystemCoreClock / 24U / 1000U);
 7172              		.loc 1 2515 13 view .LVU2382
 7173 00d6 0126     		movs	r6, #1
 7174              	.LVL411:
 7175              	.L474:
2607:Drivers/STM32L4xx_HAL_Driver/Src/stm32l4xx_hal_spi.c ****   {
 7176              		.loc 1 2607 3 is_stmt 1 view .LVU2383
2607:Drivers/STM32L4xx_HAL_Driver/Src/stm32l4xx_hal_spi.c ****   {
 7177              		.loc 1 2607 7 is_stmt 0 view .LVU2384
 7178 00d8 2368     		ldr	r3, [r4]
 7179 00da 5B68     		ldr	r3, [r3, #4]
ARM GAS  /tmp/ccl8yU0j.s 			page 242


2607:Drivers/STM32L4xx_HAL_Driver/Src/stm32l4xx_hal_spi.c ****   {
 7180              		.loc 1 2607 6 view .LVU2385
 7181 00dc 13F0010F 		tst	r3, #1
 7182 00e0 0AD0     		beq	.L475
2610:Drivers/STM32L4xx_HAL_Driver/Src/stm32l4xx_hal_spi.c ****     {
 7183              		.loc 1 2610 5 is_stmt 1 view .LVU2386
2610:Drivers/STM32L4xx_HAL_Driver/Src/stm32l4xx_hal_spi.c ****     {
 7184              		.loc 1 2610 13 is_stmt 0 view .LVU2387
 7185 00e2 A06D     		ldr	r0, [r4, #88]
2610:Drivers/STM32L4xx_HAL_Driver/Src/stm32l4xx_hal_spi.c ****     {
 7186              		.loc 1 2610 8 view .LVU2388
 7187 00e4 40B1     		cbz	r0, .L475
2613:Drivers/STM32L4xx_HAL_Driver/Src/stm32l4xx_hal_spi.c ****       {
 7188              		.loc 1 2613 7 is_stmt 1 view .LVU2389
2613:Drivers/STM32L4xx_HAL_Driver/Src/stm32l4xx_hal_spi.c ****       {
 7189              		.loc 1 2613 11 is_stmt 0 view .LVU2390
 7190 00e6 FFF7FEFF 		bl	HAL_DMA_Abort_IT
 7191              	.LVL412:
2613:Drivers/STM32L4xx_HAL_Driver/Src/stm32l4xx_hal_spi.c ****       {
 7192              		.loc 1 2613 10 view .LVU2391
 7193 00ea 0546     		mov	r5, r0
 7194 00ec 30B1     		cbz	r0, .L476
2615:Drivers/STM32L4xx_HAL_Driver/Src/stm32l4xx_hal_spi.c ****         hspi->ErrorCode = HAL_SPI_ERROR_ABORT;
 7195              		.loc 1 2615 9 is_stmt 1 view .LVU2392
2615:Drivers/STM32L4xx_HAL_Driver/Src/stm32l4xx_hal_spi.c ****         hspi->ErrorCode = HAL_SPI_ERROR_ABORT;
 7196              		.loc 1 2615 13 is_stmt 0 view .LVU2393
 7197 00ee A36D     		ldr	r3, [r4, #88]
2615:Drivers/STM32L4xx_HAL_Driver/Src/stm32l4xx_hal_spi.c ****         hspi->ErrorCode = HAL_SPI_ERROR_ABORT;
 7198              		.loc 1 2615 41 view .LVU2394
 7199 00f0 0022     		movs	r2, #0
 7200 00f2 9A63     		str	r2, [r3, #56]
2616:Drivers/STM32L4xx_HAL_Driver/Src/stm32l4xx_hal_spi.c ****       }
 7201              		.loc 1 2616 9 is_stmt 1 view .LVU2395
2616:Drivers/STM32L4xx_HAL_Driver/Src/stm32l4xx_hal_spi.c ****       }
 7202              		.loc 1 2616 25 is_stmt 0 view .LVU2396
 7203 00f4 4023     		movs	r3, #64
 7204 00f6 2366     		str	r3, [r4, #96]
 7205              	.L475:
2625:Drivers/STM32L4xx_HAL_Driver/Src/stm32l4xx_hal_spi.c ****   {
 7206              		.loc 1 2625 3 is_stmt 1 view .LVU2397
2625:Drivers/STM32L4xx_HAL_Driver/Src/stm32l4xx_hal_spi.c ****   {
 7207              		.loc 1 2625 6 is_stmt 0 view .LVU2398
 7208 00f8 3EB9     		cbnz	r6, .L486
2514:Drivers/STM32L4xx_HAL_Driver/Src/stm32l4xx_hal_spi.c ****   abortcplt = 1U;
 7209              		.loc 1 2514 13 view .LVU2399
 7210 00fa 0025     		movs	r5, #0
 7211              	.LVL413:
 7212              	.L476:
2658:Drivers/STM32L4xx_HAL_Driver/Src/stm32l4xx_hal_spi.c **** }
 7213              		.loc 1 2658 3 is_stmt 1 view .LVU2400
2659:Drivers/STM32L4xx_HAL_Driver/Src/stm32l4xx_hal_spi.c **** 
 7214              		.loc 1 2659 1 is_stmt 0 view .LVU2401
 7215 00fc 2846     		mov	r0, r5
 7216 00fe 04B0     		add	sp, sp, #16
 7217              	.LCFI83:
 7218              		.cfi_remember_state
 7219              		.cfi_def_cfa_offset 16
ARM GAS  /tmp/ccl8yU0j.s 			page 243


 7220              		@ sp needed
 7221 0100 70BD     		pop	{r4, r5, r6, pc}
 7222              	.LVL414:
 7223              	.L479:
 7224              	.LCFI84:
 7225              		.cfi_restore_state
2515:Drivers/STM32L4xx_HAL_Driver/Src/stm32l4xx_hal_spi.c ****   resetcount = SPI_DEFAULT_TIMEOUT * (SystemCoreClock / 24U / 1000U);
 7226              		.loc 1 2515 13 view .LVU2402
 7227 0102 0126     		movs	r6, #1
 7228 0104 E8E7     		b	.L474
 7229              	.L480:
2602:Drivers/STM32L4xx_HAL_Driver/Src/stm32l4xx_hal_spi.c ****       }
 7230              		.loc 1 2602 19 view .LVU2403
 7231 0106 0026     		movs	r6, #0
 7232 0108 E6E7     		b	.L474
 7233              	.LVL415:
 7234              	.L486:
2628:Drivers/STM32L4xx_HAL_Driver/Src/stm32l4xx_hal_spi.c ****     hspi->TxXferCount = 0U;
 7235              		.loc 1 2628 5 is_stmt 1 view .LVU2404
2628:Drivers/STM32L4xx_HAL_Driver/Src/stm32l4xx_hal_spi.c ****     hspi->TxXferCount = 0U;
 7236              		.loc 1 2628 23 is_stmt 0 view .LVU2405
 7237 010a 0023     		movs	r3, #0
 7238 010c A4F84630 		strh	r3, [r4, #70]	@ movhi
2629:Drivers/STM32L4xx_HAL_Driver/Src/stm32l4xx_hal_spi.c **** 
 7239              		.loc 1 2629 5 is_stmt 1 view .LVU2406
2629:Drivers/STM32L4xx_HAL_Driver/Src/stm32l4xx_hal_spi.c **** 
 7240              		.loc 1 2629 23 is_stmt 0 view .LVU2407
 7241 0110 E387     		strh	r3, [r4, #62]	@ movhi
2632:Drivers/STM32L4xx_HAL_Driver/Src/stm32l4xx_hal_spi.c ****     {
 7242              		.loc 1 2632 5 is_stmt 1 view .LVU2408
2632:Drivers/STM32L4xx_HAL_Driver/Src/stm32l4xx_hal_spi.c ****     {
 7243              		.loc 1 2632 13 is_stmt 0 view .LVU2409
 7244 0112 236E     		ldr	r3, [r4, #96]
2632:Drivers/STM32L4xx_HAL_Driver/Src/stm32l4xx_hal_spi.c ****     {
 7245              		.loc 1 2632 8 view .LVU2410
 7246 0114 402B     		cmp	r3, #64
 7247 0116 14D0     		beq	.L482
2640:Drivers/STM32L4xx_HAL_Driver/Src/stm32l4xx_hal_spi.c ****     }
 7248              		.loc 1 2640 7 is_stmt 1 view .LVU2411
2640:Drivers/STM32L4xx_HAL_Driver/Src/stm32l4xx_hal_spi.c ****     }
 7249              		.loc 1 2640 23 is_stmt 0 view .LVU2412
 7250 0118 0025     		movs	r5, #0
 7251 011a 2566     		str	r5, [r4, #96]
 7252              	.L477:
 7253              	.LVL416:
2644:Drivers/STM32L4xx_HAL_Driver/Src/stm32l4xx_hal_spi.c ****     __HAL_SPI_CLEAR_FREFLAG(hspi);
 7254              		.loc 1 2644 5 is_stmt 1 view .LVU2413
 7255              	.LBB11:
2644:Drivers/STM32L4xx_HAL_Driver/Src/stm32l4xx_hal_spi.c ****     __HAL_SPI_CLEAR_FREFLAG(hspi);
 7256              		.loc 1 2644 5 view .LVU2414
 7257 011c 0022     		movs	r2, #0
 7258 011e 0092     		str	r2, [sp]
2644:Drivers/STM32L4xx_HAL_Driver/Src/stm32l4xx_hal_spi.c ****     __HAL_SPI_CLEAR_FREFLAG(hspi);
 7259              		.loc 1 2644 5 view .LVU2415
 7260 0120 2368     		ldr	r3, [r4]
 7261 0122 D968     		ldr	r1, [r3, #12]
 7262 0124 0091     		str	r1, [sp]
ARM GAS  /tmp/ccl8yU0j.s 			page 244


2644:Drivers/STM32L4xx_HAL_Driver/Src/stm32l4xx_hal_spi.c ****     __HAL_SPI_CLEAR_FREFLAG(hspi);
 7263              		.loc 1 2644 5 view .LVU2416
 7264 0126 9968     		ldr	r1, [r3, #8]
 7265 0128 0091     		str	r1, [sp]
2644:Drivers/STM32L4xx_HAL_Driver/Src/stm32l4xx_hal_spi.c ****     __HAL_SPI_CLEAR_FREFLAG(hspi);
 7266              		.loc 1 2644 5 view .LVU2417
 7267 012a 0099     		ldr	r1, [sp]
 7268              	.LBE11:
2644:Drivers/STM32L4xx_HAL_Driver/Src/stm32l4xx_hal_spi.c ****     __HAL_SPI_CLEAR_FREFLAG(hspi);
 7269              		.loc 1 2644 5 view .LVU2418
2645:Drivers/STM32L4xx_HAL_Driver/Src/stm32l4xx_hal_spi.c **** 
 7270              		.loc 1 2645 5 view .LVU2419
 7271              	.LBB12:
2645:Drivers/STM32L4xx_HAL_Driver/Src/stm32l4xx_hal_spi.c **** 
 7272              		.loc 1 2645 5 view .LVU2420
 7273 012c 0192     		str	r2, [sp, #4]
2645:Drivers/STM32L4xx_HAL_Driver/Src/stm32l4xx_hal_spi.c **** 
 7274              		.loc 1 2645 5 view .LVU2421
 7275 012e 9B68     		ldr	r3, [r3, #8]
 7276 0130 0193     		str	r3, [sp, #4]
2645:Drivers/STM32L4xx_HAL_Driver/Src/stm32l4xx_hal_spi.c **** 
 7277              		.loc 1 2645 5 view .LVU2422
 7278 0132 019B     		ldr	r3, [sp, #4]
 7279              	.LBE12:
2645:Drivers/STM32L4xx_HAL_Driver/Src/stm32l4xx_hal_spi.c **** 
 7280              		.loc 1 2645 5 view .LVU2423
2648:Drivers/STM32L4xx_HAL_Driver/Src/stm32l4xx_hal_spi.c **** 
 7281              		.loc 1 2648 5 view .LVU2424
2648:Drivers/STM32L4xx_HAL_Driver/Src/stm32l4xx_hal_spi.c **** 
 7282              		.loc 1 2648 17 is_stmt 0 view .LVU2425
 7283 0134 0123     		movs	r3, #1
 7284 0136 84F85D30 		strb	r3, [r4, #93]
2654:Drivers/STM32L4xx_HAL_Driver/Src/stm32l4xx_hal_spi.c **** #endif /* USE_HAL_SPI_REGISTER_CALLBACKS */
 7285              		.loc 1 2654 5 is_stmt 1 view .LVU2426
 7286 013a 2046     		mov	r0, r4
 7287 013c FFF7FEFF 		bl	HAL_SPI_AbortCpltCallback
 7288              	.LVL417:
 7289 0140 DCE7     		b	.L476
 7290              	.LVL418:
 7291              	.L482:
2635:Drivers/STM32L4xx_HAL_Driver/Src/stm32l4xx_hal_spi.c ****     }
 7292              		.loc 1 2635 17 is_stmt 0 view .LVU2427
 7293 0142 0125     		movs	r5, #1
 7294 0144 EAE7     		b	.L477
 7295              	.L488:
 7296 0146 00BF     		.align	2
 7297              	.L487:
 7298 0148 00000000 		.word	SystemCoreClock
 7299 014c F1197605 		.word	91625969
 7300 0150 00000000 		.word	SPI_AbortTx_ISR
 7301 0154 00000000 		.word	SPI_AbortRx_ISR
 7302 0158 00000000 		.word	SPI_DMATxAbortCallback
 7303 015c 00000000 		.word	SPI_DMARxAbortCallback
 7304              		.cfi_endproc
 7305              	.LFE302:
 7307              		.section	.text.SPI_DMARxAbortCallback,"ax",%progbits
 7308              		.align	1
ARM GAS  /tmp/ccl8yU0j.s 			page 245


 7309              		.syntax unified
 7310              		.thumb
 7311              		.thumb_func
 7313              	SPI_DMARxAbortCallback:
 7314              	.LVL419:
 7315              	.LFB326:
3484:Drivers/STM32L4xx_HAL_Driver/Src/stm32l4xx_hal_spi.c ****   SPI_HandleTypeDef *hspi = (SPI_HandleTypeDef *)(((DMA_HandleTypeDef *)hdma)->Parent);
 7316              		.loc 1 3484 1 is_stmt 1 view -0
 7317              		.cfi_startproc
 7318              		@ args = 0, pretend = 0, frame = 8
 7319              		@ frame_needed = 0, uses_anonymous_args = 0
3484:Drivers/STM32L4xx_HAL_Driver/Src/stm32l4xx_hal_spi.c ****   SPI_HandleTypeDef *hspi = (SPI_HandleTypeDef *)(((DMA_HandleTypeDef *)hdma)->Parent);
 7320              		.loc 1 3484 1 is_stmt 0 view .LVU2429
 7321 0000 30B5     		push	{r4, r5, lr}
 7322              	.LCFI85:
 7323              		.cfi_def_cfa_offset 12
 7324              		.cfi_offset 4, -12
 7325              		.cfi_offset 5, -8
 7326              		.cfi_offset 14, -4
 7327 0002 85B0     		sub	sp, sp, #20
 7328              	.LCFI86:
 7329              		.cfi_def_cfa_offset 32
3485:Drivers/STM32L4xx_HAL_Driver/Src/stm32l4xx_hal_spi.c **** 
 7330              		.loc 1 3485 3 is_stmt 1 view .LVU2430
3485:Drivers/STM32L4xx_HAL_Driver/Src/stm32l4xx_hal_spi.c **** 
 7331              		.loc 1 3485 22 is_stmt 0 view .LVU2431
 7332 0004 846A     		ldr	r4, [r0, #40]
 7333              	.LVL420:
3488:Drivers/STM32L4xx_HAL_Driver/Src/stm32l4xx_hal_spi.c **** 
 7334              		.loc 1 3488 3 is_stmt 1 view .LVU2432
 7335 0006 2268     		ldr	r2, [r4]
 7336 0008 1368     		ldr	r3, [r2]
 7337 000a 23F04003 		bic	r3, r3, #64
 7338 000e 1360     		str	r3, [r2]
3490:Drivers/STM32L4xx_HAL_Driver/Src/stm32l4xx_hal_spi.c **** 
 7339              		.loc 1 3490 3 view .LVU2433
3490:Drivers/STM32L4xx_HAL_Driver/Src/stm32l4xx_hal_spi.c **** 
 7340              		.loc 1 3490 7 is_stmt 0 view .LVU2434
 7341 0010 A36D     		ldr	r3, [r4, #88]
3490:Drivers/STM32L4xx_HAL_Driver/Src/stm32l4xx_hal_spi.c **** 
 7342              		.loc 1 3490 35 view .LVU2435
 7343 0012 0025     		movs	r5, #0
 7344 0014 9D63     		str	r5, [r3, #56]
3493:Drivers/STM32L4xx_HAL_Driver/Src/stm32l4xx_hal_spi.c **** 
 7345              		.loc 1 3493 3 is_stmt 1 view .LVU2436
 7346 0016 2268     		ldr	r2, [r4]
 7347 0018 5368     		ldr	r3, [r2, #4]
 7348 001a 23F00103 		bic	r3, r3, #1
 7349 001e 5360     		str	r3, [r2, #4]
3496:Drivers/STM32L4xx_HAL_Driver/Src/stm32l4xx_hal_spi.c ****   {
 7350              		.loc 1 3496 3 view .LVU2437
3496:Drivers/STM32L4xx_HAL_Driver/Src/stm32l4xx_hal_spi.c ****   {
 7351              		.loc 1 3496 7 is_stmt 0 view .LVU2438
 7352 0020 FFF7FEFF 		bl	HAL_GetTick
 7353              	.LVL421:
3496:Drivers/STM32L4xx_HAL_Driver/Src/stm32l4xx_hal_spi.c ****   {
 7354              		.loc 1 3496 7 view .LVU2439
ARM GAS  /tmp/ccl8yU0j.s 			page 246


 7355 0024 0090     		str	r0, [sp]
 7356 0026 6423     		movs	r3, #100
 7357 0028 2A46     		mov	r2, r5
 7358 002a 8021     		movs	r1, #128
 7359 002c 2046     		mov	r0, r4
 7360 002e FFF7FEFF 		bl	SPI_WaitFlagStateUntilTimeout
 7361              	.LVL422:
3496:Drivers/STM32L4xx_HAL_Driver/Src/stm32l4xx_hal_spi.c ****   {
 7362              		.loc 1 3496 6 view .LVU2440
 7363 0032 08B1     		cbz	r0, .L490
3498:Drivers/STM32L4xx_HAL_Driver/Src/stm32l4xx_hal_spi.c ****   }
 7364              		.loc 1 3498 5 is_stmt 1 view .LVU2441
3498:Drivers/STM32L4xx_HAL_Driver/Src/stm32l4xx_hal_spi.c ****   }
 7365              		.loc 1 3498 21 is_stmt 0 view .LVU2442
 7366 0034 4023     		movs	r3, #64
 7367 0036 2366     		str	r3, [r4, #96]
 7368              	.L490:
3502:Drivers/STM32L4xx_HAL_Driver/Src/stm32l4xx_hal_spi.c ****                                     HAL_GetTick()) != HAL_OK)
 7369              		.loc 1 3502 3 is_stmt 1 view .LVU2443
3502:Drivers/STM32L4xx_HAL_Driver/Src/stm32l4xx_hal_spi.c ****                                     HAL_GetTick()) != HAL_OK)
 7370              		.loc 1 3502 7 is_stmt 0 view .LVU2444
 7371 0038 FFF7FEFF 		bl	HAL_GetTick
 7372              	.LVL423:
 7373 003c 0090     		str	r0, [sp]
 7374 003e 6423     		movs	r3, #100
 7375 0040 0022     		movs	r2, #0
 7376 0042 4FF4C061 		mov	r1, #1536
 7377 0046 2046     		mov	r0, r4
 7378 0048 FFF7FEFF 		bl	SPI_WaitFifoStateUntilTimeout
 7379              	.LVL424:
3502:Drivers/STM32L4xx_HAL_Driver/Src/stm32l4xx_hal_spi.c ****                                     HAL_GetTick()) != HAL_OK)
 7380              		.loc 1 3502 6 view .LVU2445
 7381 004c 08B1     		cbz	r0, .L491
3505:Drivers/STM32L4xx_HAL_Driver/Src/stm32l4xx_hal_spi.c ****   }
 7382              		.loc 1 3505 5 is_stmt 1 view .LVU2446
3505:Drivers/STM32L4xx_HAL_Driver/Src/stm32l4xx_hal_spi.c ****   }
 7383              		.loc 1 3505 21 is_stmt 0 view .LVU2447
 7384 004e 4023     		movs	r3, #64
 7385 0050 2366     		str	r3, [r4, #96]
 7386              	.L491:
3509:Drivers/STM32L4xx_HAL_Driver/Src/stm32l4xx_hal_spi.c ****   {
 7387              		.loc 1 3509 3 is_stmt 1 view .LVU2448
3509:Drivers/STM32L4xx_HAL_Driver/Src/stm32l4xx_hal_spi.c ****   {
 7388              		.loc 1 3509 11 is_stmt 0 view .LVU2449
 7389 0052 636D     		ldr	r3, [r4, #84]
3509:Drivers/STM32L4xx_HAL_Driver/Src/stm32l4xx_hal_spi.c ****   {
 7390              		.loc 1 3509 6 view .LVU2450
 7391 0054 0BB1     		cbz	r3, .L492
3511:Drivers/STM32L4xx_HAL_Driver/Src/stm32l4xx_hal_spi.c ****     {
 7392              		.loc 1 3511 5 is_stmt 1 view .LVU2451
3511:Drivers/STM32L4xx_HAL_Driver/Src/stm32l4xx_hal_spi.c ****     {
 7393              		.loc 1 3511 21 is_stmt 0 view .LVU2452
 7394 0056 9B6B     		ldr	r3, [r3, #56]
3511:Drivers/STM32L4xx_HAL_Driver/Src/stm32l4xx_hal_spi.c ****     {
 7395              		.loc 1 3511 8 view .LVU2453
 7396 0058 D3B9     		cbnz	r3, .L489
 7397              	.L492:
ARM GAS  /tmp/ccl8yU0j.s 			page 247


3518:Drivers/STM32L4xx_HAL_Driver/Src/stm32l4xx_hal_spi.c ****   hspi->TxXferCount = 0U;
 7398              		.loc 1 3518 3 is_stmt 1 view .LVU2454
3518:Drivers/STM32L4xx_HAL_Driver/Src/stm32l4xx_hal_spi.c ****   hspi->TxXferCount = 0U;
 7399              		.loc 1 3518 21 is_stmt 0 view .LVU2455
 7400 005a 0023     		movs	r3, #0
 7401 005c A4F84630 		strh	r3, [r4, #70]	@ movhi
3519:Drivers/STM32L4xx_HAL_Driver/Src/stm32l4xx_hal_spi.c **** 
 7402              		.loc 1 3519 3 is_stmt 1 view .LVU2456
3519:Drivers/STM32L4xx_HAL_Driver/Src/stm32l4xx_hal_spi.c **** 
 7403              		.loc 1 3519 21 is_stmt 0 view .LVU2457
 7404 0060 E387     		strh	r3, [r4, #62]	@ movhi
3522:Drivers/STM32L4xx_HAL_Driver/Src/stm32l4xx_hal_spi.c ****   {
 7405              		.loc 1 3522 3 is_stmt 1 view .LVU2458
3522:Drivers/STM32L4xx_HAL_Driver/Src/stm32l4xx_hal_spi.c ****   {
 7406              		.loc 1 3522 11 is_stmt 0 view .LVU2459
 7407 0062 236E     		ldr	r3, [r4, #96]
3522:Drivers/STM32L4xx_HAL_Driver/Src/stm32l4xx_hal_spi.c ****   {
 7408              		.loc 1 3522 6 view .LVU2460
 7409 0064 402B     		cmp	r3, #64
 7410 0066 01D0     		beq	.L494
3525:Drivers/STM32L4xx_HAL_Driver/Src/stm32l4xx_hal_spi.c ****   }
 7411              		.loc 1 3525 5 is_stmt 1 view .LVU2461
3525:Drivers/STM32L4xx_HAL_Driver/Src/stm32l4xx_hal_spi.c ****   }
 7412              		.loc 1 3525 21 is_stmt 0 view .LVU2462
 7413 0068 0023     		movs	r3, #0
 7414 006a 2366     		str	r3, [r4, #96]
 7415              	.L494:
3529:Drivers/STM32L4xx_HAL_Driver/Src/stm32l4xx_hal_spi.c ****   __HAL_SPI_CLEAR_FREFLAG(hspi);
 7416              		.loc 1 3529 3 is_stmt 1 view .LVU2463
 7417              	.LBB13:
3529:Drivers/STM32L4xx_HAL_Driver/Src/stm32l4xx_hal_spi.c ****   __HAL_SPI_CLEAR_FREFLAG(hspi);
 7418              		.loc 1 3529 3 view .LVU2464
 7419 006c 0022     		movs	r2, #0
 7420 006e 0292     		str	r2, [sp, #8]
3529:Drivers/STM32L4xx_HAL_Driver/Src/stm32l4xx_hal_spi.c ****   __HAL_SPI_CLEAR_FREFLAG(hspi);
 7421              		.loc 1 3529 3 view .LVU2465
 7422 0070 2368     		ldr	r3, [r4]
 7423 0072 D968     		ldr	r1, [r3, #12]
 7424 0074 0291     		str	r1, [sp, #8]
3529:Drivers/STM32L4xx_HAL_Driver/Src/stm32l4xx_hal_spi.c ****   __HAL_SPI_CLEAR_FREFLAG(hspi);
 7425              		.loc 1 3529 3 view .LVU2466
 7426 0076 9968     		ldr	r1, [r3, #8]
 7427 0078 0291     		str	r1, [sp, #8]
3529:Drivers/STM32L4xx_HAL_Driver/Src/stm32l4xx_hal_spi.c ****   __HAL_SPI_CLEAR_FREFLAG(hspi);
 7428              		.loc 1 3529 3 view .LVU2467
 7429 007a 0299     		ldr	r1, [sp, #8]
 7430              	.LBE13:
3529:Drivers/STM32L4xx_HAL_Driver/Src/stm32l4xx_hal_spi.c ****   __HAL_SPI_CLEAR_FREFLAG(hspi);
 7431              		.loc 1 3529 3 view .LVU2468
3530:Drivers/STM32L4xx_HAL_Driver/Src/stm32l4xx_hal_spi.c **** 
 7432              		.loc 1 3530 3 view .LVU2469
 7433              	.LBB14:
3530:Drivers/STM32L4xx_HAL_Driver/Src/stm32l4xx_hal_spi.c **** 
 7434              		.loc 1 3530 3 view .LVU2470
 7435 007c 0392     		str	r2, [sp, #12]
3530:Drivers/STM32L4xx_HAL_Driver/Src/stm32l4xx_hal_spi.c **** 
 7436              		.loc 1 3530 3 view .LVU2471
ARM GAS  /tmp/ccl8yU0j.s 			page 248


 7437 007e 9B68     		ldr	r3, [r3, #8]
 7438 0080 0393     		str	r3, [sp, #12]
3530:Drivers/STM32L4xx_HAL_Driver/Src/stm32l4xx_hal_spi.c **** 
 7439              		.loc 1 3530 3 view .LVU2472
 7440 0082 039B     		ldr	r3, [sp, #12]
 7441              	.LBE14:
3530:Drivers/STM32L4xx_HAL_Driver/Src/stm32l4xx_hal_spi.c **** 
 7442              		.loc 1 3530 3 view .LVU2473
3533:Drivers/STM32L4xx_HAL_Driver/Src/stm32l4xx_hal_spi.c **** 
 7443              		.loc 1 3533 3 view .LVU2474
3533:Drivers/STM32L4xx_HAL_Driver/Src/stm32l4xx_hal_spi.c **** 
 7444              		.loc 1 3533 16 is_stmt 0 view .LVU2475
 7445 0084 0123     		movs	r3, #1
 7446 0086 84F85D30 		strb	r3, [r4, #93]
3539:Drivers/STM32L4xx_HAL_Driver/Src/stm32l4xx_hal_spi.c **** #endif /* USE_HAL_SPI_REGISTER_CALLBACKS */
 7447              		.loc 1 3539 3 is_stmt 1 view .LVU2476
 7448 008a 2046     		mov	r0, r4
 7449 008c FFF7FEFF 		bl	HAL_SPI_AbortCpltCallback
 7450              	.LVL425:
 7451              	.L489:
3541:Drivers/STM32L4xx_HAL_Driver/Src/stm32l4xx_hal_spi.c **** 
 7452              		.loc 1 3541 1 is_stmt 0 view .LVU2477
 7453 0090 05B0     		add	sp, sp, #20
 7454              	.LCFI87:
 7455              		.cfi_def_cfa_offset 12
 7456              		@ sp needed
 7457 0092 30BD     		pop	{r4, r5, pc}
3541:Drivers/STM32L4xx_HAL_Driver/Src/stm32l4xx_hal_spi.c **** 
 7458              		.loc 1 3541 1 view .LVU2478
 7459              		.cfi_endproc
 7460              	.LFE326:
 7462              		.section	.text.SPI_DMATxAbortCallback,"ax",%progbits
 7463              		.align	1
 7464              		.syntax unified
 7465              		.thumb
 7466              		.thumb_func
 7468              	SPI_DMATxAbortCallback:
 7469              	.LVL426:
 7470              	.LFB325:
3417:Drivers/STM32L4xx_HAL_Driver/Src/stm32l4xx_hal_spi.c ****   SPI_HandleTypeDef *hspi = (SPI_HandleTypeDef *)(((DMA_HandleTypeDef *)hdma)->Parent);
 7471              		.loc 1 3417 1 is_stmt 1 view -0
 7472              		.cfi_startproc
 7473              		@ args = 0, pretend = 0, frame = 8
 7474              		@ frame_needed = 0, uses_anonymous_args = 0
3417:Drivers/STM32L4xx_HAL_Driver/Src/stm32l4xx_hal_spi.c ****   SPI_HandleTypeDef *hspi = (SPI_HandleTypeDef *)(((DMA_HandleTypeDef *)hdma)->Parent);
 7475              		.loc 1 3417 1 is_stmt 0 view .LVU2480
 7476 0000 10B5     		push	{r4, lr}
 7477              	.LCFI88:
 7478              		.cfi_def_cfa_offset 8
 7479              		.cfi_offset 4, -8
 7480              		.cfi_offset 14, -4
 7481 0002 84B0     		sub	sp, sp, #16
 7482              	.LCFI89:
 7483              		.cfi_def_cfa_offset 24
3418:Drivers/STM32L4xx_HAL_Driver/Src/stm32l4xx_hal_spi.c **** 
 7484              		.loc 1 3418 3 is_stmt 1 view .LVU2481
3418:Drivers/STM32L4xx_HAL_Driver/Src/stm32l4xx_hal_spi.c **** 
ARM GAS  /tmp/ccl8yU0j.s 			page 249


 7485              		.loc 1 3418 22 is_stmt 0 view .LVU2482
 7486 0004 846A     		ldr	r4, [r0, #40]
 7487              	.LVL427:
3420:Drivers/STM32L4xx_HAL_Driver/Src/stm32l4xx_hal_spi.c **** 
 7488              		.loc 1 3420 3 is_stmt 1 view .LVU2483
3420:Drivers/STM32L4xx_HAL_Driver/Src/stm32l4xx_hal_spi.c **** 
 7489              		.loc 1 3420 7 is_stmt 0 view .LVU2484
 7490 0006 636D     		ldr	r3, [r4, #84]
3420:Drivers/STM32L4xx_HAL_Driver/Src/stm32l4xx_hal_spi.c **** 
 7491              		.loc 1 3420 35 view .LVU2485
 7492 0008 0022     		movs	r2, #0
 7493 000a 9A63     		str	r2, [r3, #56]
3423:Drivers/STM32L4xx_HAL_Driver/Src/stm32l4xx_hal_spi.c **** 
 7494              		.loc 1 3423 3 is_stmt 1 view .LVU2486
 7495 000c 2268     		ldr	r2, [r4]
 7496 000e 5368     		ldr	r3, [r2, #4]
 7497 0010 23F00203 		bic	r3, r3, #2
 7498 0014 5360     		str	r3, [r2, #4]
3425:Drivers/STM32L4xx_HAL_Driver/Src/stm32l4xx_hal_spi.c ****   {
 7499              		.loc 1 3425 3 view .LVU2487
3425:Drivers/STM32L4xx_HAL_Driver/Src/stm32l4xx_hal_spi.c ****   {
 7500              		.loc 1 3425 7 is_stmt 0 view .LVU2488
 7501 0016 FFF7FEFF 		bl	HAL_GetTick
 7502              	.LVL428:
3425:Drivers/STM32L4xx_HAL_Driver/Src/stm32l4xx_hal_spi.c ****   {
 7503              		.loc 1 3425 7 view .LVU2489
 7504 001a 0246     		mov	r2, r0
 7505 001c 6421     		movs	r1, #100
 7506 001e 2046     		mov	r0, r4
 7507 0020 FFF7FEFF 		bl	SPI_EndRxTxTransaction
 7508              	.LVL429:
3425:Drivers/STM32L4xx_HAL_Driver/Src/stm32l4xx_hal_spi.c ****   {
 7509              		.loc 1 3425 6 view .LVU2490
 7510 0024 08B1     		cbz	r0, .L497
3427:Drivers/STM32L4xx_HAL_Driver/Src/stm32l4xx_hal_spi.c ****   }
 7511              		.loc 1 3427 5 is_stmt 1 view .LVU2491
3427:Drivers/STM32L4xx_HAL_Driver/Src/stm32l4xx_hal_spi.c ****   }
 7512              		.loc 1 3427 21 is_stmt 0 view .LVU2492
 7513 0026 4023     		movs	r3, #64
 7514 0028 2366     		str	r3, [r4, #96]
 7515              	.L497:
3431:Drivers/STM32L4xx_HAL_Driver/Src/stm32l4xx_hal_spi.c **** 
 7516              		.loc 1 3431 3 is_stmt 1 view .LVU2493
 7517 002a 2268     		ldr	r2, [r4]
 7518 002c 1368     		ldr	r3, [r2]
 7519 002e 23F04003 		bic	r3, r3, #64
 7520 0032 1360     		str	r3, [r2]
3434:Drivers/STM32L4xx_HAL_Driver/Src/stm32l4xx_hal_spi.c ****                                     HAL_GetTick()) != HAL_OK)
 7521              		.loc 1 3434 3 view .LVU2494
3434:Drivers/STM32L4xx_HAL_Driver/Src/stm32l4xx_hal_spi.c ****                                     HAL_GetTick()) != HAL_OK)
 7522              		.loc 1 3434 7 is_stmt 0 view .LVU2495
 7523 0034 FFF7FEFF 		bl	HAL_GetTick
 7524              	.LVL430:
 7525 0038 0090     		str	r0, [sp]
 7526 003a 6423     		movs	r3, #100
 7527 003c 0022     		movs	r2, #0
 7528 003e 4FF4C061 		mov	r1, #1536
ARM GAS  /tmp/ccl8yU0j.s 			page 250


 7529 0042 2046     		mov	r0, r4
 7530 0044 FFF7FEFF 		bl	SPI_WaitFifoStateUntilTimeout
 7531              	.LVL431:
3434:Drivers/STM32L4xx_HAL_Driver/Src/stm32l4xx_hal_spi.c ****                                     HAL_GetTick()) != HAL_OK)
 7532              		.loc 1 3434 6 view .LVU2496
 7533 0048 08B1     		cbz	r0, .L498
3437:Drivers/STM32L4xx_HAL_Driver/Src/stm32l4xx_hal_spi.c ****   }
 7534              		.loc 1 3437 5 is_stmt 1 view .LVU2497
3437:Drivers/STM32L4xx_HAL_Driver/Src/stm32l4xx_hal_spi.c ****   }
 7535              		.loc 1 3437 21 is_stmt 0 view .LVU2498
 7536 004a 4023     		movs	r3, #64
 7537 004c 2366     		str	r3, [r4, #96]
 7538              	.L498:
3441:Drivers/STM32L4xx_HAL_Driver/Src/stm32l4xx_hal_spi.c ****   {
 7539              		.loc 1 3441 3 is_stmt 1 view .LVU2499
3441:Drivers/STM32L4xx_HAL_Driver/Src/stm32l4xx_hal_spi.c ****   {
 7540              		.loc 1 3441 11 is_stmt 0 view .LVU2500
 7541 004e A36D     		ldr	r3, [r4, #88]
3441:Drivers/STM32L4xx_HAL_Driver/Src/stm32l4xx_hal_spi.c ****   {
 7542              		.loc 1 3441 6 view .LVU2501
 7543 0050 0BB1     		cbz	r3, .L499
3443:Drivers/STM32L4xx_HAL_Driver/Src/stm32l4xx_hal_spi.c ****     {
 7544              		.loc 1 3443 5 is_stmt 1 view .LVU2502
3443:Drivers/STM32L4xx_HAL_Driver/Src/stm32l4xx_hal_spi.c ****     {
 7545              		.loc 1 3443 21 is_stmt 0 view .LVU2503
 7546 0052 9B6B     		ldr	r3, [r3, #56]
3443:Drivers/STM32L4xx_HAL_Driver/Src/stm32l4xx_hal_spi.c ****     {
 7547              		.loc 1 3443 8 view .LVU2504
 7548 0054 D3B9     		cbnz	r3, .L496
 7549              	.L499:
3450:Drivers/STM32L4xx_HAL_Driver/Src/stm32l4xx_hal_spi.c ****   hspi->TxXferCount = 0U;
 7550              		.loc 1 3450 3 is_stmt 1 view .LVU2505
3450:Drivers/STM32L4xx_HAL_Driver/Src/stm32l4xx_hal_spi.c ****   hspi->TxXferCount = 0U;
 7551              		.loc 1 3450 21 is_stmt 0 view .LVU2506
 7552 0056 0023     		movs	r3, #0
 7553 0058 A4F84630 		strh	r3, [r4, #70]	@ movhi
3451:Drivers/STM32L4xx_HAL_Driver/Src/stm32l4xx_hal_spi.c **** 
 7554              		.loc 1 3451 3 is_stmt 1 view .LVU2507
3451:Drivers/STM32L4xx_HAL_Driver/Src/stm32l4xx_hal_spi.c **** 
 7555              		.loc 1 3451 21 is_stmt 0 view .LVU2508
 7556 005c E387     		strh	r3, [r4, #62]	@ movhi
3454:Drivers/STM32L4xx_HAL_Driver/Src/stm32l4xx_hal_spi.c ****   {
 7557              		.loc 1 3454 3 is_stmt 1 view .LVU2509
3454:Drivers/STM32L4xx_HAL_Driver/Src/stm32l4xx_hal_spi.c ****   {
 7558              		.loc 1 3454 11 is_stmt 0 view .LVU2510
 7559 005e 236E     		ldr	r3, [r4, #96]
3454:Drivers/STM32L4xx_HAL_Driver/Src/stm32l4xx_hal_spi.c ****   {
 7560              		.loc 1 3454 6 view .LVU2511
 7561 0060 402B     		cmp	r3, #64
 7562 0062 01D0     		beq	.L501
3457:Drivers/STM32L4xx_HAL_Driver/Src/stm32l4xx_hal_spi.c ****   }
 7563              		.loc 1 3457 5 is_stmt 1 view .LVU2512
3457:Drivers/STM32L4xx_HAL_Driver/Src/stm32l4xx_hal_spi.c ****   }
 7564              		.loc 1 3457 21 is_stmt 0 view .LVU2513
 7565 0064 0023     		movs	r3, #0
 7566 0066 2366     		str	r3, [r4, #96]
 7567              	.L501:
ARM GAS  /tmp/ccl8yU0j.s 			page 251


3461:Drivers/STM32L4xx_HAL_Driver/Src/stm32l4xx_hal_spi.c ****   __HAL_SPI_CLEAR_FREFLAG(hspi);
 7568              		.loc 1 3461 3 is_stmt 1 view .LVU2514
 7569              	.LBB15:
3461:Drivers/STM32L4xx_HAL_Driver/Src/stm32l4xx_hal_spi.c ****   __HAL_SPI_CLEAR_FREFLAG(hspi);
 7570              		.loc 1 3461 3 view .LVU2515
 7571 0068 0022     		movs	r2, #0
 7572 006a 0292     		str	r2, [sp, #8]
3461:Drivers/STM32L4xx_HAL_Driver/Src/stm32l4xx_hal_spi.c ****   __HAL_SPI_CLEAR_FREFLAG(hspi);
 7573              		.loc 1 3461 3 view .LVU2516
 7574 006c 2368     		ldr	r3, [r4]
 7575 006e D968     		ldr	r1, [r3, #12]
 7576 0070 0291     		str	r1, [sp, #8]
3461:Drivers/STM32L4xx_HAL_Driver/Src/stm32l4xx_hal_spi.c ****   __HAL_SPI_CLEAR_FREFLAG(hspi);
 7577              		.loc 1 3461 3 view .LVU2517
 7578 0072 9968     		ldr	r1, [r3, #8]
 7579 0074 0291     		str	r1, [sp, #8]
3461:Drivers/STM32L4xx_HAL_Driver/Src/stm32l4xx_hal_spi.c ****   __HAL_SPI_CLEAR_FREFLAG(hspi);
 7580              		.loc 1 3461 3 view .LVU2518
 7581 0076 0299     		ldr	r1, [sp, #8]
 7582              	.LBE15:
3461:Drivers/STM32L4xx_HAL_Driver/Src/stm32l4xx_hal_spi.c ****   __HAL_SPI_CLEAR_FREFLAG(hspi);
 7583              		.loc 1 3461 3 view .LVU2519
3462:Drivers/STM32L4xx_HAL_Driver/Src/stm32l4xx_hal_spi.c **** 
 7584              		.loc 1 3462 3 view .LVU2520
 7585              	.LBB16:
3462:Drivers/STM32L4xx_HAL_Driver/Src/stm32l4xx_hal_spi.c **** 
 7586              		.loc 1 3462 3 view .LVU2521
 7587 0078 0392     		str	r2, [sp, #12]
3462:Drivers/STM32L4xx_HAL_Driver/Src/stm32l4xx_hal_spi.c **** 
 7588              		.loc 1 3462 3 view .LVU2522
 7589 007a 9B68     		ldr	r3, [r3, #8]
 7590 007c 0393     		str	r3, [sp, #12]
3462:Drivers/STM32L4xx_HAL_Driver/Src/stm32l4xx_hal_spi.c **** 
 7591              		.loc 1 3462 3 view .LVU2523
 7592 007e 039B     		ldr	r3, [sp, #12]
 7593              	.LBE16:
3462:Drivers/STM32L4xx_HAL_Driver/Src/stm32l4xx_hal_spi.c **** 
 7594              		.loc 1 3462 3 view .LVU2524
3465:Drivers/STM32L4xx_HAL_Driver/Src/stm32l4xx_hal_spi.c **** 
 7595              		.loc 1 3465 3 view .LVU2525
3465:Drivers/STM32L4xx_HAL_Driver/Src/stm32l4xx_hal_spi.c **** 
 7596              		.loc 1 3465 16 is_stmt 0 view .LVU2526
 7597 0080 0123     		movs	r3, #1
 7598 0082 84F85D30 		strb	r3, [r4, #93]
3471:Drivers/STM32L4xx_HAL_Driver/Src/stm32l4xx_hal_spi.c **** #endif /* USE_HAL_SPI_REGISTER_CALLBACKS */
 7599              		.loc 1 3471 3 is_stmt 1 view .LVU2527
 7600 0086 2046     		mov	r0, r4
 7601 0088 FFF7FEFF 		bl	HAL_SPI_AbortCpltCallback
 7602              	.LVL432:
 7603              	.L496:
3473:Drivers/STM32L4xx_HAL_Driver/Src/stm32l4xx_hal_spi.c **** 
 7604              		.loc 1 3473 1 is_stmt 0 view .LVU2528
 7605 008c 04B0     		add	sp, sp, #16
 7606              	.LCFI90:
 7607              		.cfi_def_cfa_offset 8
 7608              		@ sp needed
 7609 008e 10BD     		pop	{r4, pc}
ARM GAS  /tmp/ccl8yU0j.s 			page 252


3473:Drivers/STM32L4xx_HAL_Driver/Src/stm32l4xx_hal_spi.c **** 
 7610              		.loc 1 3473 1 view .LVU2529
 7611              		.cfi_endproc
 7612              	.LFE325:
 7614              		.section	.text.HAL_SPI_GetState,"ax",%progbits
 7615              		.align	1
 7616              		.global	HAL_SPI_GetState
 7617              		.syntax unified
 7618              		.thumb
 7619              		.thumb_func
 7621              	HAL_SPI_GetState:
 7622              	.LVL433:
 7623              	.LFB315:
3006:Drivers/STM32L4xx_HAL_Driver/Src/stm32l4xx_hal_spi.c ****   /* Return SPI handle state */
 7624              		.loc 1 3006 1 is_stmt 1 view -0
 7625              		.cfi_startproc
 7626              		@ args = 0, pretend = 0, frame = 0
 7627              		@ frame_needed = 0, uses_anonymous_args = 0
 7628              		@ link register save eliminated.
3008:Drivers/STM32L4xx_HAL_Driver/Src/stm32l4xx_hal_spi.c **** }
 7629              		.loc 1 3008 3 view .LVU2531
3008:Drivers/STM32L4xx_HAL_Driver/Src/stm32l4xx_hal_spi.c **** }
 7630              		.loc 1 3008 14 is_stmt 0 view .LVU2532
 7631 0000 90F85D00 		ldrb	r0, [r0, #93]	@ zero_extendqisi2
 7632              	.LVL434:
3009:Drivers/STM32L4xx_HAL_Driver/Src/stm32l4xx_hal_spi.c **** 
 7633              		.loc 1 3009 1 view .LVU2533
 7634 0004 7047     		bx	lr
 7635              		.cfi_endproc
 7636              	.LFE315:
 7638              		.section	.text.HAL_SPI_GetError,"ax",%progbits
 7639              		.align	1
 7640              		.global	HAL_SPI_GetError
 7641              		.syntax unified
 7642              		.thumb
 7643              		.thumb_func
 7645              	HAL_SPI_GetError:
 7646              	.LVL435:
 7647              	.LFB316:
3018:Drivers/STM32L4xx_HAL_Driver/Src/stm32l4xx_hal_spi.c ****   /* Return SPI ErrorCode */
 7648              		.loc 1 3018 1 is_stmt 1 view -0
 7649              		.cfi_startproc
 7650              		@ args = 0, pretend = 0, frame = 0
 7651              		@ frame_needed = 0, uses_anonymous_args = 0
 7652              		@ link register save eliminated.
3020:Drivers/STM32L4xx_HAL_Driver/Src/stm32l4xx_hal_spi.c **** }
 7653              		.loc 1 3020 3 view .LVU2535
3020:Drivers/STM32L4xx_HAL_Driver/Src/stm32l4xx_hal_spi.c **** }
 7654              		.loc 1 3020 14 is_stmt 0 view .LVU2536
 7655 0000 006E     		ldr	r0, [r0, #96]
 7656              	.LVL436:
3021:Drivers/STM32L4xx_HAL_Driver/Src/stm32l4xx_hal_spi.c **** 
 7657              		.loc 1 3021 1 view .LVU2537
 7658 0002 7047     		bx	lr
 7659              		.cfi_endproc
 7660              	.LFE316:
 7662              		.text
ARM GAS  /tmp/ccl8yU0j.s 			page 253


 7663              	.Letext0:
 7664              		.file 2 "/usr/local/arm-none-eabi/include/machine/_default_types.h"
 7665              		.file 3 "/usr/local/arm-none-eabi/include/sys/_stdint.h"
 7666              		.file 4 "Drivers/CMSIS/Device/ST/STM32L4xx/Include/stm32l432xx.h"
 7667              		.file 5 "Drivers/CMSIS/Device/ST/STM32L4xx/Include/stm32l4xx.h"
 7668              		.file 6 "Drivers/STM32L4xx_HAL_Driver/Inc/stm32l4xx_hal_def.h"
 7669              		.file 7 "Drivers/STM32L4xx_HAL_Driver/Inc/stm32l4xx_hal_dma.h"
 7670              		.file 8 "Drivers/STM32L4xx_HAL_Driver/Inc/stm32l4xx_hal_spi.h"
 7671              		.file 9 "Drivers/CMSIS/Device/ST/STM32L4xx/Include/system_stm32l4xx.h"
 7672              		.file 10 "Drivers/STM32L4xx_HAL_Driver/Inc/stm32l4xx_hal.h"
ARM GAS  /tmp/ccl8yU0j.s 			page 254


DEFINED SYMBOLS
                            *ABS*:0000000000000000 stm32l4xx_hal_spi.c
     /tmp/ccl8yU0j.s:20     .text.SPI_WaitFlagStateUntilTimeout:0000000000000000 $t
     /tmp/ccl8yU0j.s:25     .text.SPI_WaitFlagStateUntilTimeout:0000000000000000 SPI_WaitFlagStateUntilTimeout
     /tmp/ccl8yU0j.s:206    .text.SPI_WaitFlagStateUntilTimeout:00000000000000d0 $d
     /tmp/ccl8yU0j.s:211    .text.SPI_WaitFifoStateUntilTimeout:0000000000000000 $t
     /tmp/ccl8yU0j.s:216    .text.SPI_WaitFifoStateUntilTimeout:0000000000000000 SPI_WaitFifoStateUntilTimeout
     /tmp/ccl8yU0j.s:427    .text.SPI_WaitFifoStateUntilTimeout:00000000000000f0 $d
     /tmp/ccl8yU0j.s:432    .text.SPI_EndRxTxTransaction:0000000000000000 $t
     /tmp/ccl8yU0j.s:437    .text.SPI_EndRxTxTransaction:0000000000000000 SPI_EndRxTxTransaction
     /tmp/ccl8yU0j.s:534    .text.SPI_EndRxTransaction:0000000000000000 $t
     /tmp/ccl8yU0j.s:539    .text.SPI_EndRxTransaction:0000000000000000 SPI_EndRxTransaction
     /tmp/ccl8yU0j.s:662    .text.SPI_AbortRx_ISR:0000000000000000 $t
     /tmp/ccl8yU0j.s:667    .text.SPI_AbortRx_ISR:0000000000000000 SPI_AbortRx_ISR
     /tmp/ccl8yU0j.s:786    .text.SPI_AbortRx_ISR:0000000000000088 $d
     /tmp/ccl8yU0j.s:792    .text.SPI_AbortTx_ISR:0000000000000000 $t
     /tmp/ccl8yU0j.s:797    .text.SPI_AbortTx_ISR:0000000000000000 SPI_AbortTx_ISR
     /tmp/ccl8yU0j.s:988    .text.SPI_AbortTx_ISR:00000000000000e8 $d
     /tmp/ccl8yU0j.s:994    .text.HAL_SPI_MspInit:0000000000000000 $t
     /tmp/ccl8yU0j.s:1000   .text.HAL_SPI_MspInit:0000000000000000 HAL_SPI_MspInit
     /tmp/ccl8yU0j.s:1015   .text.HAL_SPI_Init:0000000000000000 $t
     /tmp/ccl8yU0j.s:1021   .text.HAL_SPI_Init:0000000000000000 HAL_SPI_Init
     /tmp/ccl8yU0j.s:1203   .text.HAL_SPI_MspDeInit:0000000000000000 $t
     /tmp/ccl8yU0j.s:1209   .text.HAL_SPI_MspDeInit:0000000000000000 HAL_SPI_MspDeInit
     /tmp/ccl8yU0j.s:1224   .text.HAL_SPI_DeInit:0000000000000000 $t
     /tmp/ccl8yU0j.s:1230   .text.HAL_SPI_DeInit:0000000000000000 HAL_SPI_DeInit
     /tmp/ccl8yU0j.s:1289   .text.HAL_SPI_Transmit:0000000000000000 $t
     /tmp/ccl8yU0j.s:1295   .text.HAL_SPI_Transmit:0000000000000000 HAL_SPI_Transmit
     /tmp/ccl8yU0j.s:1759   .text.HAL_SPI_TransmitReceive:0000000000000000 $t
     /tmp/ccl8yU0j.s:1765   .text.HAL_SPI_TransmitReceive:0000000000000000 HAL_SPI_TransmitReceive
     /tmp/ccl8yU0j.s:2480   .text.HAL_SPI_Receive:0000000000000000 $t
     /tmp/ccl8yU0j.s:2486   .text.HAL_SPI_Receive:0000000000000000 HAL_SPI_Receive
     /tmp/ccl8yU0j.s:2853   .text.HAL_SPI_Transmit_IT:0000000000000000 $t
     /tmp/ccl8yU0j.s:2859   .text.HAL_SPI_Transmit_IT:0000000000000000 HAL_SPI_Transmit_IT
     /tmp/ccl8yU0j.s:3042   .text.HAL_SPI_Transmit_IT:00000000000000a8 $d
     /tmp/ccl8yU0j.s:5514   .text.SPI_TxISR_16BIT:0000000000000000 SPI_TxISR_16BIT
     /tmp/ccl8yU0j.s:5452   .text.SPI_TxISR_8BIT:0000000000000000 SPI_TxISR_8BIT
     /tmp/ccl8yU0j.s:3048   .text.HAL_SPI_TransmitReceive_IT:0000000000000000 $t
     /tmp/ccl8yU0j.s:3054   .text.HAL_SPI_TransmitReceive_IT:0000000000000000 HAL_SPI_TransmitReceive_IT
     /tmp/ccl8yU0j.s:3297   .text.HAL_SPI_TransmitReceive_IT:00000000000000e4 $d
     /tmp/ccl8yU0j.s:6155   .text.SPI_2linesRxISR_16BIT:0000000000000000 SPI_2linesRxISR_16BIT
     /tmp/ccl8yU0j.s:6083   .text.SPI_2linesTxISR_16BIT:0000000000000000 SPI_2linesTxISR_16BIT
     /tmp/ccl8yU0j.s:5967   .text.SPI_2linesRxISR_8BIT:0000000000000000 SPI_2linesRxISR_8BIT
     /tmp/ccl8yU0j.s:5863   .text.SPI_2linesTxISR_8BIT:0000000000000000 SPI_2linesTxISR_8BIT
     /tmp/ccl8yU0j.s:3305   .text.HAL_SPI_Receive_IT:0000000000000000 $t
     /tmp/ccl8yU0j.s:3311   .text.HAL_SPI_Receive_IT:0000000000000000 HAL_SPI_Receive_IT
     /tmp/ccl8yU0j.s:3510   .text.HAL_SPI_Receive_IT:00000000000000f4 $d
     /tmp/ccl8yU0j.s:5706   .text.SPI_RxISR_16BIT:0000000000000000 SPI_RxISR_16BIT
     /tmp/ccl8yU0j.s:5644   .text.SPI_RxISR_8BIT:0000000000000000 SPI_RxISR_8BIT
     /tmp/ccl8yU0j.s:3516   .text.HAL_SPI_Transmit_DMA:0000000000000000 $t
     /tmp/ccl8yU0j.s:3522   .text.HAL_SPI_Transmit_DMA:0000000000000000 HAL_SPI_Transmit_DMA
     /tmp/ccl8yU0j.s:3779   .text.HAL_SPI_Transmit_DMA:0000000000000130 $d
     /tmp/ccl8yU0j.s:5187   .text.SPI_DMAHalfTransmitCplt:0000000000000000 SPI_DMAHalfTransmitCplt
     /tmp/ccl8yU0j.s:6271   .text.SPI_DMATransmitCplt:0000000000000000 SPI_DMATransmitCplt
     /tmp/ccl8yU0j.s:6227   .text.SPI_DMAError:0000000000000000 SPI_DMAError
     /tmp/ccl8yU0j.s:3786   .text.HAL_SPI_TransmitReceive_DMA:0000000000000000 $t
     /tmp/ccl8yU0j.s:3792   .text.HAL_SPI_TransmitReceive_DMA:0000000000000000 HAL_SPI_TransmitReceive_DMA
ARM GAS  /tmp/ccl8yU0j.s 			page 255


     /tmp/ccl8yU0j.s:4232   .text.HAL_SPI_TransmitReceive_DMA:0000000000000204 $d
     /tmp/ccl8yU0j.s:5293   .text.SPI_DMAHalfTransmitReceiveCplt:0000000000000000 SPI_DMAHalfTransmitReceiveCplt
     /tmp/ccl8yU0j.s:6515   .text.SPI_DMATransmitReceiveCplt:0000000000000000 SPI_DMATransmitReceiveCplt
     /tmp/ccl8yU0j.s:5240   .text.SPI_DMAHalfReceiveCplt:0000000000000000 SPI_DMAHalfReceiveCplt
     /tmp/ccl8yU0j.s:6398   .text.SPI_DMAReceiveCplt:0000000000000000 SPI_DMAReceiveCplt
     /tmp/ccl8yU0j.s:4241   .text.HAL_SPI_Receive_DMA:0000000000000000 $t
     /tmp/ccl8yU0j.s:4247   .text.HAL_SPI_Receive_DMA:0000000000000000 HAL_SPI_Receive_DMA
     /tmp/ccl8yU0j.s:4542   .text.HAL_SPI_Receive_DMA:0000000000000174 $d
     /tmp/ccl8yU0j.s:4549   .text.HAL_SPI_Abort:0000000000000000 $t
     /tmp/ccl8yU0j.s:4555   .text.HAL_SPI_Abort:0000000000000000 HAL_SPI_Abort
     /tmp/ccl8yU0j.s:4899   .text.HAL_SPI_Abort:0000000000000180 $d
     /tmp/ccl8yU0j.s:4907   .text.HAL_SPI_DMAPause:0000000000000000 $t
     /tmp/ccl8yU0j.s:4913   .text.HAL_SPI_DMAPause:0000000000000000 HAL_SPI_DMAPause
     /tmp/ccl8yU0j.s:4957   .text.HAL_SPI_DMAResume:0000000000000000 $t
     /tmp/ccl8yU0j.s:4963   .text.HAL_SPI_DMAResume:0000000000000000 HAL_SPI_DMAResume
     /tmp/ccl8yU0j.s:5007   .text.HAL_SPI_DMAStop:0000000000000000 $t
     /tmp/ccl8yU0j.s:5013   .text.HAL_SPI_DMAStop:0000000000000000 HAL_SPI_DMAStop
     /tmp/ccl8yU0j.s:5098   .text.HAL_SPI_TxCpltCallback:0000000000000000 $t
     /tmp/ccl8yU0j.s:5104   .text.HAL_SPI_TxCpltCallback:0000000000000000 HAL_SPI_TxCpltCallback
     /tmp/ccl8yU0j.s:5119   .text.HAL_SPI_RxCpltCallback:0000000000000000 $t
     /tmp/ccl8yU0j.s:5125   .text.HAL_SPI_RxCpltCallback:0000000000000000 HAL_SPI_RxCpltCallback
     /tmp/ccl8yU0j.s:5140   .text.HAL_SPI_TxRxCpltCallback:0000000000000000 $t
     /tmp/ccl8yU0j.s:5146   .text.HAL_SPI_TxRxCpltCallback:0000000000000000 HAL_SPI_TxRxCpltCallback
     /tmp/ccl8yU0j.s:5161   .text.HAL_SPI_TxHalfCpltCallback:0000000000000000 $t
     /tmp/ccl8yU0j.s:5167   .text.HAL_SPI_TxHalfCpltCallback:0000000000000000 HAL_SPI_TxHalfCpltCallback
     /tmp/ccl8yU0j.s:5182   .text.SPI_DMAHalfTransmitCplt:0000000000000000 $t
     /tmp/ccl8yU0j.s:5214   .text.HAL_SPI_RxHalfCpltCallback:0000000000000000 $t
     /tmp/ccl8yU0j.s:5220   .text.HAL_SPI_RxHalfCpltCallback:0000000000000000 HAL_SPI_RxHalfCpltCallback
     /tmp/ccl8yU0j.s:5235   .text.SPI_DMAHalfReceiveCplt:0000000000000000 $t
     /tmp/ccl8yU0j.s:5267   .text.HAL_SPI_TxRxHalfCpltCallback:0000000000000000 $t
     /tmp/ccl8yU0j.s:5273   .text.HAL_SPI_TxRxHalfCpltCallback:0000000000000000 HAL_SPI_TxRxHalfCpltCallback
     /tmp/ccl8yU0j.s:5288   .text.SPI_DMAHalfTransmitReceiveCplt:0000000000000000 $t
     /tmp/ccl8yU0j.s:5320   .text.HAL_SPI_ErrorCallback:0000000000000000 $t
     /tmp/ccl8yU0j.s:5326   .text.HAL_SPI_ErrorCallback:0000000000000000 HAL_SPI_ErrorCallback
     /tmp/ccl8yU0j.s:5341   .text.SPI_CloseTx_ISR:0000000000000000 $t
     /tmp/ccl8yU0j.s:5346   .text.SPI_CloseTx_ISR:0000000000000000 SPI_CloseTx_ISR
     /tmp/ccl8yU0j.s:5447   .text.SPI_TxISR_8BIT:0000000000000000 $t
     /tmp/ccl8yU0j.s:5509   .text.SPI_TxISR_16BIT:0000000000000000 $t
     /tmp/ccl8yU0j.s:5570   .text.SPI_CloseRx_ISR:0000000000000000 $t
     /tmp/ccl8yU0j.s:5575   .text.SPI_CloseRx_ISR:0000000000000000 SPI_CloseRx_ISR
     /tmp/ccl8yU0j.s:5639   .text.SPI_RxISR_8BIT:0000000000000000 $t
     /tmp/ccl8yU0j.s:5701   .text.SPI_RxISR_16BIT:0000000000000000 $t
     /tmp/ccl8yU0j.s:5762   .text.SPI_CloseRxTx_ISR:0000000000000000 $t
     /tmp/ccl8yU0j.s:5767   .text.SPI_CloseRxTx_ISR:0000000000000000 SPI_CloseRxTx_ISR
     /tmp/ccl8yU0j.s:5858   .text.SPI_2linesTxISR_8BIT:0000000000000000 $t
     /tmp/ccl8yU0j.s:5962   .text.SPI_2linesRxISR_8BIT:0000000000000000 $t
     /tmp/ccl8yU0j.s:6078   .text.SPI_2linesTxISR_16BIT:0000000000000000 $t
     /tmp/ccl8yU0j.s:6150   .text.SPI_2linesRxISR_16BIT:0000000000000000 $t
     /tmp/ccl8yU0j.s:6222   .text.SPI_DMAError:0000000000000000 $t
     /tmp/ccl8yU0j.s:6266   .text.SPI_DMATransmitCplt:0000000000000000 $t
     /tmp/ccl8yU0j.s:6393   .text.SPI_DMAReceiveCplt:0000000000000000 $t
     /tmp/ccl8yU0j.s:6510   .text.SPI_DMATransmitReceiveCplt:0000000000000000 $t
     /tmp/ccl8yU0j.s:6610   .text.HAL_SPI_IRQHandler:0000000000000000 $t
     /tmp/ccl8yU0j.s:6616   .text.HAL_SPI_IRQHandler:0000000000000000 HAL_SPI_IRQHandler
     /tmp/ccl8yU0j.s:6891   .text.HAL_SPI_IRQHandler:0000000000000120 $d
     /tmp/ccl8yU0j.s:6901   .text.SPI_DMAAbortOnError:0000000000000000 SPI_DMAAbortOnError
     /tmp/ccl8yU0j.s:6896   .text.SPI_DMAAbortOnError:0000000000000000 $t
ARM GAS  /tmp/ccl8yU0j.s 			page 256


     /tmp/ccl8yU0j.s:6934   .text.HAL_SPI_AbortCpltCallback:0000000000000000 $t
     /tmp/ccl8yU0j.s:6940   .text.HAL_SPI_AbortCpltCallback:0000000000000000 HAL_SPI_AbortCpltCallback
     /tmp/ccl8yU0j.s:6955   .text.HAL_SPI_Abort_IT:0000000000000000 $t
     /tmp/ccl8yU0j.s:6961   .text.HAL_SPI_Abort_IT:0000000000000000 HAL_SPI_Abort_IT
     /tmp/ccl8yU0j.s:7298   .text.HAL_SPI_Abort_IT:0000000000000148 $d
     /tmp/ccl8yU0j.s:7468   .text.SPI_DMATxAbortCallback:0000000000000000 SPI_DMATxAbortCallback
     /tmp/ccl8yU0j.s:7313   .text.SPI_DMARxAbortCallback:0000000000000000 SPI_DMARxAbortCallback
     /tmp/ccl8yU0j.s:7308   .text.SPI_DMARxAbortCallback:0000000000000000 $t
     /tmp/ccl8yU0j.s:7463   .text.SPI_DMATxAbortCallback:0000000000000000 $t
     /tmp/ccl8yU0j.s:7615   .text.HAL_SPI_GetState:0000000000000000 $t
     /tmp/ccl8yU0j.s:7621   .text.HAL_SPI_GetState:0000000000000000 HAL_SPI_GetState
     /tmp/ccl8yU0j.s:7639   .text.HAL_SPI_GetError:0000000000000000 $t
     /tmp/ccl8yU0j.s:7645   .text.HAL_SPI_GetError:0000000000000000 HAL_SPI_GetError

UNDEFINED SYMBOLS
HAL_GetTick
SystemCoreClock
HAL_DMA_Start_IT
HAL_DMA_Abort
HAL_DMA_Abort_IT
