ARM GAS  /tmp/ccRvkrha.s 			page 1


   1              		.cpu cortex-m4
   2              		.arch armv7e-m
   3              		.fpu fpv4-sp-d16
   4              		.eabi_attribute 27, 1
   5              		.eabi_attribute 28, 1
   6              		.eabi_attribute 20, 1
   7              		.eabi_attribute 21, 1
   8              		.eabi_attribute 23, 3
   9              		.eabi_attribute 24, 1
  10              		.eabi_attribute 25, 1
  11              		.eabi_attribute 26, 1
  12              		.eabi_attribute 30, 1
  13              		.eabi_attribute 34, 1
  14              		.eabi_attribute 18, 4
  15              		.file	"stm32l4xx_hal_tim_ex.c"
  16              		.text
  17              	.Ltext0:
  18              		.cfi_sections	.debug_frame
  19              		.section	.text.TIM_CCxNChannelCmd,"ax",%progbits
  20              		.align	1
  21              		.syntax unified
  22              		.thumb
  23              		.thumb_func
  25              	TIM_CCxNChannelCmd:
  26              	.LVL0:
  27              	.LFB176:
  28              		.file 1 "Drivers/STM32L4xx_HAL_Driver/Src/stm32l4xx_hal_tim_ex.c"
   1:Drivers/STM32L4xx_HAL_Driver/Src/stm32l4xx_hal_tim_ex.c **** /**
   2:Drivers/STM32L4xx_HAL_Driver/Src/stm32l4xx_hal_tim_ex.c ****   ******************************************************************************
   3:Drivers/STM32L4xx_HAL_Driver/Src/stm32l4xx_hal_tim_ex.c ****   * @file    stm32l4xx_hal_tim_ex.c
   4:Drivers/STM32L4xx_HAL_Driver/Src/stm32l4xx_hal_tim_ex.c ****   * @author  MCD Application Team
   5:Drivers/STM32L4xx_HAL_Driver/Src/stm32l4xx_hal_tim_ex.c ****   * @brief   TIM HAL module driver.
   6:Drivers/STM32L4xx_HAL_Driver/Src/stm32l4xx_hal_tim_ex.c ****   *          This file provides firmware functions to manage the following
   7:Drivers/STM32L4xx_HAL_Driver/Src/stm32l4xx_hal_tim_ex.c ****   *          functionalities of the Timer Extended peripheral:
   8:Drivers/STM32L4xx_HAL_Driver/Src/stm32l4xx_hal_tim_ex.c ****   *           + Time Hall Sensor Interface Initialization
   9:Drivers/STM32L4xx_HAL_Driver/Src/stm32l4xx_hal_tim_ex.c ****   *           + Time Hall Sensor Interface Start
  10:Drivers/STM32L4xx_HAL_Driver/Src/stm32l4xx_hal_tim_ex.c ****   *           + Time Complementary signal break and dead time configuration
  11:Drivers/STM32L4xx_HAL_Driver/Src/stm32l4xx_hal_tim_ex.c ****   *           + Time Master and Slave synchronization configuration
  12:Drivers/STM32L4xx_HAL_Driver/Src/stm32l4xx_hal_tim_ex.c ****   *           + Time Output Compare/PWM Channel Configuration (for channels 5 and 6)
  13:Drivers/STM32L4xx_HAL_Driver/Src/stm32l4xx_hal_tim_ex.c ****   *           + Time OCRef clear configuration
  14:Drivers/STM32L4xx_HAL_Driver/Src/stm32l4xx_hal_tim_ex.c ****   *           + Timer remapping capabilities configuration
  15:Drivers/STM32L4xx_HAL_Driver/Src/stm32l4xx_hal_tim_ex.c ****   ******************************************************************************
  16:Drivers/STM32L4xx_HAL_Driver/Src/stm32l4xx_hal_tim_ex.c ****   * @attention
  17:Drivers/STM32L4xx_HAL_Driver/Src/stm32l4xx_hal_tim_ex.c ****   *
  18:Drivers/STM32L4xx_HAL_Driver/Src/stm32l4xx_hal_tim_ex.c ****   * Copyright (c) 2017 STMicroelectronics.
  19:Drivers/STM32L4xx_HAL_Driver/Src/stm32l4xx_hal_tim_ex.c ****   * All rights reserved.
  20:Drivers/STM32L4xx_HAL_Driver/Src/stm32l4xx_hal_tim_ex.c ****   *
  21:Drivers/STM32L4xx_HAL_Driver/Src/stm32l4xx_hal_tim_ex.c ****   * This software is licensed under terms that can be found in the LICENSE file
  22:Drivers/STM32L4xx_HAL_Driver/Src/stm32l4xx_hal_tim_ex.c ****   * in the root directory of this software component.
  23:Drivers/STM32L4xx_HAL_Driver/Src/stm32l4xx_hal_tim_ex.c ****   * If no LICENSE file comes with this software, it is provided AS-IS.
  24:Drivers/STM32L4xx_HAL_Driver/Src/stm32l4xx_hal_tim_ex.c ****   *
  25:Drivers/STM32L4xx_HAL_Driver/Src/stm32l4xx_hal_tim_ex.c ****   ******************************************************************************
  26:Drivers/STM32L4xx_HAL_Driver/Src/stm32l4xx_hal_tim_ex.c ****   @verbatim
  27:Drivers/STM32L4xx_HAL_Driver/Src/stm32l4xx_hal_tim_ex.c ****   ==============================================================================
  28:Drivers/STM32L4xx_HAL_Driver/Src/stm32l4xx_hal_tim_ex.c ****                       ##### TIMER Extended features #####
  29:Drivers/STM32L4xx_HAL_Driver/Src/stm32l4xx_hal_tim_ex.c ****   ==============================================================================
  30:Drivers/STM32L4xx_HAL_Driver/Src/stm32l4xx_hal_tim_ex.c ****   [..]
ARM GAS  /tmp/ccRvkrha.s 			page 2


  31:Drivers/STM32L4xx_HAL_Driver/Src/stm32l4xx_hal_tim_ex.c ****     The Timer Extended features include:
  32:Drivers/STM32L4xx_HAL_Driver/Src/stm32l4xx_hal_tim_ex.c ****     (#) Complementary outputs with programmable dead-time for :
  33:Drivers/STM32L4xx_HAL_Driver/Src/stm32l4xx_hal_tim_ex.c ****         (++) Output Compare
  34:Drivers/STM32L4xx_HAL_Driver/Src/stm32l4xx_hal_tim_ex.c ****         (++) PWM generation (Edge and Center-aligned Mode)
  35:Drivers/STM32L4xx_HAL_Driver/Src/stm32l4xx_hal_tim_ex.c ****         (++) One-pulse mode output
  36:Drivers/STM32L4xx_HAL_Driver/Src/stm32l4xx_hal_tim_ex.c ****     (#) Synchronization circuit to control the timer with external signals and to
  37:Drivers/STM32L4xx_HAL_Driver/Src/stm32l4xx_hal_tim_ex.c ****         interconnect several timers together.
  38:Drivers/STM32L4xx_HAL_Driver/Src/stm32l4xx_hal_tim_ex.c ****     (#) Break input to put the timer output signals in reset state or in a known state.
  39:Drivers/STM32L4xx_HAL_Driver/Src/stm32l4xx_hal_tim_ex.c ****     (#) Supports incremental (quadrature) encoder and hall-sensor circuitry for
  40:Drivers/STM32L4xx_HAL_Driver/Src/stm32l4xx_hal_tim_ex.c ****         positioning purposes
  41:Drivers/STM32L4xx_HAL_Driver/Src/stm32l4xx_hal_tim_ex.c **** 
  42:Drivers/STM32L4xx_HAL_Driver/Src/stm32l4xx_hal_tim_ex.c ****             ##### How to use this driver #####
  43:Drivers/STM32L4xx_HAL_Driver/Src/stm32l4xx_hal_tim_ex.c ****   ==============================================================================
  44:Drivers/STM32L4xx_HAL_Driver/Src/stm32l4xx_hal_tim_ex.c ****     [..]
  45:Drivers/STM32L4xx_HAL_Driver/Src/stm32l4xx_hal_tim_ex.c ****      (#) Initialize the TIM low level resources by implementing the following functions
  46:Drivers/STM32L4xx_HAL_Driver/Src/stm32l4xx_hal_tim_ex.c ****          depending on the selected feature:
  47:Drivers/STM32L4xx_HAL_Driver/Src/stm32l4xx_hal_tim_ex.c ****            (++) Hall Sensor output : HAL_TIMEx_HallSensor_MspInit()
  48:Drivers/STM32L4xx_HAL_Driver/Src/stm32l4xx_hal_tim_ex.c **** 
  49:Drivers/STM32L4xx_HAL_Driver/Src/stm32l4xx_hal_tim_ex.c ****      (#) Initialize the TIM low level resources :
  50:Drivers/STM32L4xx_HAL_Driver/Src/stm32l4xx_hal_tim_ex.c ****         (##) Enable the TIM interface clock using __HAL_RCC_TIMx_CLK_ENABLE();
  51:Drivers/STM32L4xx_HAL_Driver/Src/stm32l4xx_hal_tim_ex.c ****         (##) TIM pins configuration
  52:Drivers/STM32L4xx_HAL_Driver/Src/stm32l4xx_hal_tim_ex.c ****             (+++) Enable the clock for the TIM GPIOs using the following function:
  53:Drivers/STM32L4xx_HAL_Driver/Src/stm32l4xx_hal_tim_ex.c ****               __HAL_RCC_GPIOx_CLK_ENABLE();
  54:Drivers/STM32L4xx_HAL_Driver/Src/stm32l4xx_hal_tim_ex.c ****             (+++) Configure these TIM pins in Alternate function mode using HAL_GPIO_Init();
  55:Drivers/STM32L4xx_HAL_Driver/Src/stm32l4xx_hal_tim_ex.c **** 
  56:Drivers/STM32L4xx_HAL_Driver/Src/stm32l4xx_hal_tim_ex.c ****      (#) The external Clock can be configured, if needed (the default clock is the
  57:Drivers/STM32L4xx_HAL_Driver/Src/stm32l4xx_hal_tim_ex.c ****          internal clock from the APBx), using the following function:
  58:Drivers/STM32L4xx_HAL_Driver/Src/stm32l4xx_hal_tim_ex.c ****          HAL_TIM_ConfigClockSource, the clock configuration should be done before
  59:Drivers/STM32L4xx_HAL_Driver/Src/stm32l4xx_hal_tim_ex.c ****          any start function.
  60:Drivers/STM32L4xx_HAL_Driver/Src/stm32l4xx_hal_tim_ex.c **** 
  61:Drivers/STM32L4xx_HAL_Driver/Src/stm32l4xx_hal_tim_ex.c ****      (#) Configure the TIM in the desired functioning mode using one of the
  62:Drivers/STM32L4xx_HAL_Driver/Src/stm32l4xx_hal_tim_ex.c ****          initialization function of this driver:
  63:Drivers/STM32L4xx_HAL_Driver/Src/stm32l4xx_hal_tim_ex.c ****           (++) HAL_TIMEx_HallSensor_Init() and HAL_TIMEx_ConfigCommutEvent(): to use the
  64:Drivers/STM32L4xx_HAL_Driver/Src/stm32l4xx_hal_tim_ex.c ****                Timer Hall Sensor Interface and the commutation event with the corresponding
  65:Drivers/STM32L4xx_HAL_Driver/Src/stm32l4xx_hal_tim_ex.c ****                Interrupt and DMA request if needed (Note that One Timer is used to interface
  66:Drivers/STM32L4xx_HAL_Driver/Src/stm32l4xx_hal_tim_ex.c ****                with the Hall sensor Interface and another Timer should be used to use
  67:Drivers/STM32L4xx_HAL_Driver/Src/stm32l4xx_hal_tim_ex.c ****                the commutation event).
  68:Drivers/STM32L4xx_HAL_Driver/Src/stm32l4xx_hal_tim_ex.c **** 
  69:Drivers/STM32L4xx_HAL_Driver/Src/stm32l4xx_hal_tim_ex.c ****      (#) Activate the TIM peripheral using one of the start functions:
  70:Drivers/STM32L4xx_HAL_Driver/Src/stm32l4xx_hal_tim_ex.c ****            (++) Complementary Output Compare : HAL_TIMEx_OCN_Start(), HAL_TIMEx_OCN_Start_DMA(),
  71:Drivers/STM32L4xx_HAL_Driver/Src/stm32l4xx_hal_tim_ex.c ****                 HAL_TIMEx_OCN_Start_IT()
  72:Drivers/STM32L4xx_HAL_Driver/Src/stm32l4xx_hal_tim_ex.c ****            (++) Complementary PWM generation : HAL_TIMEx_PWMN_Start(), HAL_TIMEx_PWMN_Start_DMA(),
  73:Drivers/STM32L4xx_HAL_Driver/Src/stm32l4xx_hal_tim_ex.c ****                 HAL_TIMEx_PWMN_Start_IT()
  74:Drivers/STM32L4xx_HAL_Driver/Src/stm32l4xx_hal_tim_ex.c ****            (++) Complementary One-pulse mode output : HAL_TIMEx_OnePulseN_Start(), HAL_TIMEx_OnePul
  75:Drivers/STM32L4xx_HAL_Driver/Src/stm32l4xx_hal_tim_ex.c ****            (++) Hall Sensor output : HAL_TIMEx_HallSensor_Start(), HAL_TIMEx_HallSensor_Start_DMA()
  76:Drivers/STM32L4xx_HAL_Driver/Src/stm32l4xx_hal_tim_ex.c ****                 HAL_TIMEx_HallSensor_Start_IT().
  77:Drivers/STM32L4xx_HAL_Driver/Src/stm32l4xx_hal_tim_ex.c **** 
  78:Drivers/STM32L4xx_HAL_Driver/Src/stm32l4xx_hal_tim_ex.c ****   @endverbatim
  79:Drivers/STM32L4xx_HAL_Driver/Src/stm32l4xx_hal_tim_ex.c ****   ******************************************************************************
  80:Drivers/STM32L4xx_HAL_Driver/Src/stm32l4xx_hal_tim_ex.c ****   */
  81:Drivers/STM32L4xx_HAL_Driver/Src/stm32l4xx_hal_tim_ex.c **** 
  82:Drivers/STM32L4xx_HAL_Driver/Src/stm32l4xx_hal_tim_ex.c **** /* Includes ------------------------------------------------------------------*/
  83:Drivers/STM32L4xx_HAL_Driver/Src/stm32l4xx_hal_tim_ex.c **** #include "stm32l4xx_hal.h"
  84:Drivers/STM32L4xx_HAL_Driver/Src/stm32l4xx_hal_tim_ex.c **** 
  85:Drivers/STM32L4xx_HAL_Driver/Src/stm32l4xx_hal_tim_ex.c **** /** @addtogroup STM32L4xx_HAL_Driver
  86:Drivers/STM32L4xx_HAL_Driver/Src/stm32l4xx_hal_tim_ex.c ****   * @{
  87:Drivers/STM32L4xx_HAL_Driver/Src/stm32l4xx_hal_tim_ex.c ****   */
ARM GAS  /tmp/ccRvkrha.s 			page 3


  88:Drivers/STM32L4xx_HAL_Driver/Src/stm32l4xx_hal_tim_ex.c **** 
  89:Drivers/STM32L4xx_HAL_Driver/Src/stm32l4xx_hal_tim_ex.c **** /** @defgroup TIMEx TIMEx
  90:Drivers/STM32L4xx_HAL_Driver/Src/stm32l4xx_hal_tim_ex.c ****   * @brief TIM Extended HAL module driver
  91:Drivers/STM32L4xx_HAL_Driver/Src/stm32l4xx_hal_tim_ex.c ****   * @{
  92:Drivers/STM32L4xx_HAL_Driver/Src/stm32l4xx_hal_tim_ex.c ****   */
  93:Drivers/STM32L4xx_HAL_Driver/Src/stm32l4xx_hal_tim_ex.c **** 
  94:Drivers/STM32L4xx_HAL_Driver/Src/stm32l4xx_hal_tim_ex.c **** #ifdef HAL_TIM_MODULE_ENABLED
  95:Drivers/STM32L4xx_HAL_Driver/Src/stm32l4xx_hal_tim_ex.c **** 
  96:Drivers/STM32L4xx_HAL_Driver/Src/stm32l4xx_hal_tim_ex.c **** /* Private typedef -----------------------------------------------------------*/
  97:Drivers/STM32L4xx_HAL_Driver/Src/stm32l4xx_hal_tim_ex.c **** /* Private define ------------------------------------------------------------*/
  98:Drivers/STM32L4xx_HAL_Driver/Src/stm32l4xx_hal_tim_ex.c **** /* Private macros ------------------------------------------------------------*/
  99:Drivers/STM32L4xx_HAL_Driver/Src/stm32l4xx_hal_tim_ex.c **** /* Private variables ---------------------------------------------------------*/
 100:Drivers/STM32L4xx_HAL_Driver/Src/stm32l4xx_hal_tim_ex.c **** /* Private function prototypes -----------------------------------------------*/
 101:Drivers/STM32L4xx_HAL_Driver/Src/stm32l4xx_hal_tim_ex.c **** static void TIM_DMADelayPulseNCplt(DMA_HandleTypeDef *hdma);
 102:Drivers/STM32L4xx_HAL_Driver/Src/stm32l4xx_hal_tim_ex.c **** static void TIM_DMAErrorCCxN(DMA_HandleTypeDef *hdma);
 103:Drivers/STM32L4xx_HAL_Driver/Src/stm32l4xx_hal_tim_ex.c **** static void TIM_CCxNChannelCmd(TIM_TypeDef *TIMx, uint32_t Channel, uint32_t ChannelNState);
 104:Drivers/STM32L4xx_HAL_Driver/Src/stm32l4xx_hal_tim_ex.c **** 
 105:Drivers/STM32L4xx_HAL_Driver/Src/stm32l4xx_hal_tim_ex.c **** /* Exported functions --------------------------------------------------------*/
 106:Drivers/STM32L4xx_HAL_Driver/Src/stm32l4xx_hal_tim_ex.c **** /** @defgroup TIMEx_Exported_Functions TIM Extended Exported Functions
 107:Drivers/STM32L4xx_HAL_Driver/Src/stm32l4xx_hal_tim_ex.c ****   * @{
 108:Drivers/STM32L4xx_HAL_Driver/Src/stm32l4xx_hal_tim_ex.c ****   */
 109:Drivers/STM32L4xx_HAL_Driver/Src/stm32l4xx_hal_tim_ex.c **** 
 110:Drivers/STM32L4xx_HAL_Driver/Src/stm32l4xx_hal_tim_ex.c **** /** @defgroup TIMEx_Exported_Functions_Group1 Extended Timer Hall Sensor functions
 111:Drivers/STM32L4xx_HAL_Driver/Src/stm32l4xx_hal_tim_ex.c ****   * @brief    Timer Hall Sensor functions
 112:Drivers/STM32L4xx_HAL_Driver/Src/stm32l4xx_hal_tim_ex.c ****   *
 113:Drivers/STM32L4xx_HAL_Driver/Src/stm32l4xx_hal_tim_ex.c **** @verbatim
 114:Drivers/STM32L4xx_HAL_Driver/Src/stm32l4xx_hal_tim_ex.c ****   ==============================================================================
 115:Drivers/STM32L4xx_HAL_Driver/Src/stm32l4xx_hal_tim_ex.c ****                       ##### Timer Hall Sensor functions #####
 116:Drivers/STM32L4xx_HAL_Driver/Src/stm32l4xx_hal_tim_ex.c ****   ==============================================================================
 117:Drivers/STM32L4xx_HAL_Driver/Src/stm32l4xx_hal_tim_ex.c ****   [..]
 118:Drivers/STM32L4xx_HAL_Driver/Src/stm32l4xx_hal_tim_ex.c ****     This section provides functions allowing to:
 119:Drivers/STM32L4xx_HAL_Driver/Src/stm32l4xx_hal_tim_ex.c ****     (+) Initialize and configure TIM HAL Sensor.
 120:Drivers/STM32L4xx_HAL_Driver/Src/stm32l4xx_hal_tim_ex.c ****     (+) De-initialize TIM HAL Sensor.
 121:Drivers/STM32L4xx_HAL_Driver/Src/stm32l4xx_hal_tim_ex.c ****     (+) Start the Hall Sensor Interface.
 122:Drivers/STM32L4xx_HAL_Driver/Src/stm32l4xx_hal_tim_ex.c ****     (+) Stop the Hall Sensor Interface.
 123:Drivers/STM32L4xx_HAL_Driver/Src/stm32l4xx_hal_tim_ex.c ****     (+) Start the Hall Sensor Interface and enable interrupts.
 124:Drivers/STM32L4xx_HAL_Driver/Src/stm32l4xx_hal_tim_ex.c ****     (+) Stop the Hall Sensor Interface and disable interrupts.
 125:Drivers/STM32L4xx_HAL_Driver/Src/stm32l4xx_hal_tim_ex.c ****     (+) Start the Hall Sensor Interface and enable DMA transfers.
 126:Drivers/STM32L4xx_HAL_Driver/Src/stm32l4xx_hal_tim_ex.c ****     (+) Stop the Hall Sensor Interface and disable DMA transfers.
 127:Drivers/STM32L4xx_HAL_Driver/Src/stm32l4xx_hal_tim_ex.c **** 
 128:Drivers/STM32L4xx_HAL_Driver/Src/stm32l4xx_hal_tim_ex.c **** @endverbatim
 129:Drivers/STM32L4xx_HAL_Driver/Src/stm32l4xx_hal_tim_ex.c ****   * @{
 130:Drivers/STM32L4xx_HAL_Driver/Src/stm32l4xx_hal_tim_ex.c ****   */
 131:Drivers/STM32L4xx_HAL_Driver/Src/stm32l4xx_hal_tim_ex.c **** /**
 132:Drivers/STM32L4xx_HAL_Driver/Src/stm32l4xx_hal_tim_ex.c ****   * @brief  Initializes the TIM Hall Sensor Interface and initialize the associated handle.
 133:Drivers/STM32L4xx_HAL_Driver/Src/stm32l4xx_hal_tim_ex.c ****   * @note   When the timer instance is initialized in Hall Sensor Interface mode,
 134:Drivers/STM32L4xx_HAL_Driver/Src/stm32l4xx_hal_tim_ex.c ****   *         timer channels 1 and channel 2 are reserved and cannot be used for
 135:Drivers/STM32L4xx_HAL_Driver/Src/stm32l4xx_hal_tim_ex.c ****   *         other purpose.
 136:Drivers/STM32L4xx_HAL_Driver/Src/stm32l4xx_hal_tim_ex.c ****   * @param  htim TIM Hall Sensor Interface handle
 137:Drivers/STM32L4xx_HAL_Driver/Src/stm32l4xx_hal_tim_ex.c ****   * @param  sConfig TIM Hall Sensor configuration structure
 138:Drivers/STM32L4xx_HAL_Driver/Src/stm32l4xx_hal_tim_ex.c ****   * @retval HAL status
 139:Drivers/STM32L4xx_HAL_Driver/Src/stm32l4xx_hal_tim_ex.c ****   */
 140:Drivers/STM32L4xx_HAL_Driver/Src/stm32l4xx_hal_tim_ex.c **** HAL_StatusTypeDef HAL_TIMEx_HallSensor_Init(TIM_HandleTypeDef *htim, const TIM_HallSensor_InitTypeD
 141:Drivers/STM32L4xx_HAL_Driver/Src/stm32l4xx_hal_tim_ex.c **** {
 142:Drivers/STM32L4xx_HAL_Driver/Src/stm32l4xx_hal_tim_ex.c ****   TIM_OC_InitTypeDef OC_Config;
 143:Drivers/STM32L4xx_HAL_Driver/Src/stm32l4xx_hal_tim_ex.c **** 
 144:Drivers/STM32L4xx_HAL_Driver/Src/stm32l4xx_hal_tim_ex.c ****   /* Check the TIM handle allocation */
ARM GAS  /tmp/ccRvkrha.s 			page 4


 145:Drivers/STM32L4xx_HAL_Driver/Src/stm32l4xx_hal_tim_ex.c ****   if (htim == NULL)
 146:Drivers/STM32L4xx_HAL_Driver/Src/stm32l4xx_hal_tim_ex.c ****   {
 147:Drivers/STM32L4xx_HAL_Driver/Src/stm32l4xx_hal_tim_ex.c ****     return HAL_ERROR;
 148:Drivers/STM32L4xx_HAL_Driver/Src/stm32l4xx_hal_tim_ex.c ****   }
 149:Drivers/STM32L4xx_HAL_Driver/Src/stm32l4xx_hal_tim_ex.c **** 
 150:Drivers/STM32L4xx_HAL_Driver/Src/stm32l4xx_hal_tim_ex.c ****   /* Check the parameters */
 151:Drivers/STM32L4xx_HAL_Driver/Src/stm32l4xx_hal_tim_ex.c ****   assert_param(IS_TIM_HALL_SENSOR_INTERFACE_INSTANCE(htim->Instance));
 152:Drivers/STM32L4xx_HAL_Driver/Src/stm32l4xx_hal_tim_ex.c ****   assert_param(IS_TIM_COUNTER_MODE(htim->Init.CounterMode));
 153:Drivers/STM32L4xx_HAL_Driver/Src/stm32l4xx_hal_tim_ex.c ****   assert_param(IS_TIM_CLOCKDIVISION_DIV(htim->Init.ClockDivision));
 154:Drivers/STM32L4xx_HAL_Driver/Src/stm32l4xx_hal_tim_ex.c ****   assert_param(IS_TIM_AUTORELOAD_PRELOAD(htim->Init.AutoReloadPreload));
 155:Drivers/STM32L4xx_HAL_Driver/Src/stm32l4xx_hal_tim_ex.c ****   assert_param(IS_TIM_IC_POLARITY(sConfig->IC1Polarity));
 156:Drivers/STM32L4xx_HAL_Driver/Src/stm32l4xx_hal_tim_ex.c ****   assert_param(IS_TIM_PERIOD(htim, htim->Init.Period));
 157:Drivers/STM32L4xx_HAL_Driver/Src/stm32l4xx_hal_tim_ex.c ****   assert_param(IS_TIM_IC_PRESCALER(sConfig->IC1Prescaler));
 158:Drivers/STM32L4xx_HAL_Driver/Src/stm32l4xx_hal_tim_ex.c ****   assert_param(IS_TIM_IC_FILTER(sConfig->IC1Filter));
 159:Drivers/STM32L4xx_HAL_Driver/Src/stm32l4xx_hal_tim_ex.c **** 
 160:Drivers/STM32L4xx_HAL_Driver/Src/stm32l4xx_hal_tim_ex.c ****   if (htim->State == HAL_TIM_STATE_RESET)
 161:Drivers/STM32L4xx_HAL_Driver/Src/stm32l4xx_hal_tim_ex.c ****   {
 162:Drivers/STM32L4xx_HAL_Driver/Src/stm32l4xx_hal_tim_ex.c ****     /* Allocate lock resource and initialize it */
 163:Drivers/STM32L4xx_HAL_Driver/Src/stm32l4xx_hal_tim_ex.c ****     htim->Lock = HAL_UNLOCKED;
 164:Drivers/STM32L4xx_HAL_Driver/Src/stm32l4xx_hal_tim_ex.c **** 
 165:Drivers/STM32L4xx_HAL_Driver/Src/stm32l4xx_hal_tim_ex.c **** #if (USE_HAL_TIM_REGISTER_CALLBACKS == 1)
 166:Drivers/STM32L4xx_HAL_Driver/Src/stm32l4xx_hal_tim_ex.c ****     /* Reset interrupt callbacks to legacy week callbacks */
 167:Drivers/STM32L4xx_HAL_Driver/Src/stm32l4xx_hal_tim_ex.c ****     TIM_ResetCallback(htim);
 168:Drivers/STM32L4xx_HAL_Driver/Src/stm32l4xx_hal_tim_ex.c **** 
 169:Drivers/STM32L4xx_HAL_Driver/Src/stm32l4xx_hal_tim_ex.c ****     if (htim->HallSensor_MspInitCallback == NULL)
 170:Drivers/STM32L4xx_HAL_Driver/Src/stm32l4xx_hal_tim_ex.c ****     {
 171:Drivers/STM32L4xx_HAL_Driver/Src/stm32l4xx_hal_tim_ex.c ****       htim->HallSensor_MspInitCallback = HAL_TIMEx_HallSensor_MspInit;
 172:Drivers/STM32L4xx_HAL_Driver/Src/stm32l4xx_hal_tim_ex.c ****     }
 173:Drivers/STM32L4xx_HAL_Driver/Src/stm32l4xx_hal_tim_ex.c ****     /* Init the low level hardware : GPIO, CLOCK, NVIC */
 174:Drivers/STM32L4xx_HAL_Driver/Src/stm32l4xx_hal_tim_ex.c ****     htim->HallSensor_MspInitCallback(htim);
 175:Drivers/STM32L4xx_HAL_Driver/Src/stm32l4xx_hal_tim_ex.c **** #else
 176:Drivers/STM32L4xx_HAL_Driver/Src/stm32l4xx_hal_tim_ex.c ****     /* Init the low level hardware : GPIO, CLOCK, NVIC and DMA */
 177:Drivers/STM32L4xx_HAL_Driver/Src/stm32l4xx_hal_tim_ex.c ****     HAL_TIMEx_HallSensor_MspInit(htim);
 178:Drivers/STM32L4xx_HAL_Driver/Src/stm32l4xx_hal_tim_ex.c **** #endif /* USE_HAL_TIM_REGISTER_CALLBACKS */
 179:Drivers/STM32L4xx_HAL_Driver/Src/stm32l4xx_hal_tim_ex.c ****   }
 180:Drivers/STM32L4xx_HAL_Driver/Src/stm32l4xx_hal_tim_ex.c **** 
 181:Drivers/STM32L4xx_HAL_Driver/Src/stm32l4xx_hal_tim_ex.c ****   /* Set the TIM state */
 182:Drivers/STM32L4xx_HAL_Driver/Src/stm32l4xx_hal_tim_ex.c ****   htim->State = HAL_TIM_STATE_BUSY;
 183:Drivers/STM32L4xx_HAL_Driver/Src/stm32l4xx_hal_tim_ex.c **** 
 184:Drivers/STM32L4xx_HAL_Driver/Src/stm32l4xx_hal_tim_ex.c ****   /* Configure the Time base in the Encoder Mode */
 185:Drivers/STM32L4xx_HAL_Driver/Src/stm32l4xx_hal_tim_ex.c ****   TIM_Base_SetConfig(htim->Instance, &htim->Init);
 186:Drivers/STM32L4xx_HAL_Driver/Src/stm32l4xx_hal_tim_ex.c **** 
 187:Drivers/STM32L4xx_HAL_Driver/Src/stm32l4xx_hal_tim_ex.c ****   /* Configure the Channel 1 as Input Channel to interface with the three Outputs of the  Hall sens
 188:Drivers/STM32L4xx_HAL_Driver/Src/stm32l4xx_hal_tim_ex.c ****   TIM_TI1_SetConfig(htim->Instance, sConfig->IC1Polarity, TIM_ICSELECTION_TRC, sConfig->IC1Filter);
 189:Drivers/STM32L4xx_HAL_Driver/Src/stm32l4xx_hal_tim_ex.c **** 
 190:Drivers/STM32L4xx_HAL_Driver/Src/stm32l4xx_hal_tim_ex.c ****   /* Reset the IC1PSC Bits */
 191:Drivers/STM32L4xx_HAL_Driver/Src/stm32l4xx_hal_tim_ex.c ****   htim->Instance->CCMR1 &= ~TIM_CCMR1_IC1PSC;
 192:Drivers/STM32L4xx_HAL_Driver/Src/stm32l4xx_hal_tim_ex.c ****   /* Set the IC1PSC value */
 193:Drivers/STM32L4xx_HAL_Driver/Src/stm32l4xx_hal_tim_ex.c ****   htim->Instance->CCMR1 |= sConfig->IC1Prescaler;
 194:Drivers/STM32L4xx_HAL_Driver/Src/stm32l4xx_hal_tim_ex.c **** 
 195:Drivers/STM32L4xx_HAL_Driver/Src/stm32l4xx_hal_tim_ex.c ****   /* Enable the Hall sensor interface (XOR function of the three inputs) */
 196:Drivers/STM32L4xx_HAL_Driver/Src/stm32l4xx_hal_tim_ex.c ****   htim->Instance->CR2 |= TIM_CR2_TI1S;
 197:Drivers/STM32L4xx_HAL_Driver/Src/stm32l4xx_hal_tim_ex.c **** 
 198:Drivers/STM32L4xx_HAL_Driver/Src/stm32l4xx_hal_tim_ex.c ****   /* Select the TIM_TS_TI1F_ED signal as Input trigger for the TIM */
 199:Drivers/STM32L4xx_HAL_Driver/Src/stm32l4xx_hal_tim_ex.c ****   htim->Instance->SMCR &= ~TIM_SMCR_TS;
 200:Drivers/STM32L4xx_HAL_Driver/Src/stm32l4xx_hal_tim_ex.c ****   htim->Instance->SMCR |= TIM_TS_TI1F_ED;
 201:Drivers/STM32L4xx_HAL_Driver/Src/stm32l4xx_hal_tim_ex.c **** 
ARM GAS  /tmp/ccRvkrha.s 			page 5


 202:Drivers/STM32L4xx_HAL_Driver/Src/stm32l4xx_hal_tim_ex.c ****   /* Use the TIM_TS_TI1F_ED signal to reset the TIM counter each edge detection */
 203:Drivers/STM32L4xx_HAL_Driver/Src/stm32l4xx_hal_tim_ex.c ****   htim->Instance->SMCR &= ~TIM_SMCR_SMS;
 204:Drivers/STM32L4xx_HAL_Driver/Src/stm32l4xx_hal_tim_ex.c ****   htim->Instance->SMCR |= TIM_SLAVEMODE_RESET;
 205:Drivers/STM32L4xx_HAL_Driver/Src/stm32l4xx_hal_tim_ex.c **** 
 206:Drivers/STM32L4xx_HAL_Driver/Src/stm32l4xx_hal_tim_ex.c ****   /* Program channel 2 in PWM 2 mode with the desired Commutation_Delay*/
 207:Drivers/STM32L4xx_HAL_Driver/Src/stm32l4xx_hal_tim_ex.c ****   OC_Config.OCFastMode = TIM_OCFAST_DISABLE;
 208:Drivers/STM32L4xx_HAL_Driver/Src/stm32l4xx_hal_tim_ex.c ****   OC_Config.OCIdleState = TIM_OCIDLESTATE_RESET;
 209:Drivers/STM32L4xx_HAL_Driver/Src/stm32l4xx_hal_tim_ex.c ****   OC_Config.OCMode = TIM_OCMODE_PWM2;
 210:Drivers/STM32L4xx_HAL_Driver/Src/stm32l4xx_hal_tim_ex.c ****   OC_Config.OCNIdleState = TIM_OCNIDLESTATE_RESET;
 211:Drivers/STM32L4xx_HAL_Driver/Src/stm32l4xx_hal_tim_ex.c ****   OC_Config.OCNPolarity = TIM_OCNPOLARITY_HIGH;
 212:Drivers/STM32L4xx_HAL_Driver/Src/stm32l4xx_hal_tim_ex.c ****   OC_Config.OCPolarity = TIM_OCPOLARITY_HIGH;
 213:Drivers/STM32L4xx_HAL_Driver/Src/stm32l4xx_hal_tim_ex.c ****   OC_Config.Pulse = sConfig->Commutation_Delay;
 214:Drivers/STM32L4xx_HAL_Driver/Src/stm32l4xx_hal_tim_ex.c **** 
 215:Drivers/STM32L4xx_HAL_Driver/Src/stm32l4xx_hal_tim_ex.c ****   TIM_OC2_SetConfig(htim->Instance, &OC_Config);
 216:Drivers/STM32L4xx_HAL_Driver/Src/stm32l4xx_hal_tim_ex.c **** 
 217:Drivers/STM32L4xx_HAL_Driver/Src/stm32l4xx_hal_tim_ex.c ****   /* Select OC2REF as trigger output on TRGO: write the MMS bits in the TIMx_CR2
 218:Drivers/STM32L4xx_HAL_Driver/Src/stm32l4xx_hal_tim_ex.c ****     register to 101 */
 219:Drivers/STM32L4xx_HAL_Driver/Src/stm32l4xx_hal_tim_ex.c ****   htim->Instance->CR2 &= ~TIM_CR2_MMS;
 220:Drivers/STM32L4xx_HAL_Driver/Src/stm32l4xx_hal_tim_ex.c ****   htim->Instance->CR2 |= TIM_TRGO_OC2REF;
 221:Drivers/STM32L4xx_HAL_Driver/Src/stm32l4xx_hal_tim_ex.c **** 
 222:Drivers/STM32L4xx_HAL_Driver/Src/stm32l4xx_hal_tim_ex.c ****   /* Initialize the DMA burst operation state */
 223:Drivers/STM32L4xx_HAL_Driver/Src/stm32l4xx_hal_tim_ex.c ****   htim->DMABurstState = HAL_DMA_BURST_STATE_READY;
 224:Drivers/STM32L4xx_HAL_Driver/Src/stm32l4xx_hal_tim_ex.c **** 
 225:Drivers/STM32L4xx_HAL_Driver/Src/stm32l4xx_hal_tim_ex.c ****   /* Initialize the TIM channels state */
 226:Drivers/STM32L4xx_HAL_Driver/Src/stm32l4xx_hal_tim_ex.c ****   TIM_CHANNEL_STATE_SET(htim, TIM_CHANNEL_1, HAL_TIM_CHANNEL_STATE_READY);
 227:Drivers/STM32L4xx_HAL_Driver/Src/stm32l4xx_hal_tim_ex.c ****   TIM_CHANNEL_STATE_SET(htim, TIM_CHANNEL_2, HAL_TIM_CHANNEL_STATE_READY);
 228:Drivers/STM32L4xx_HAL_Driver/Src/stm32l4xx_hal_tim_ex.c ****   TIM_CHANNEL_N_STATE_SET(htim, TIM_CHANNEL_1, HAL_TIM_CHANNEL_STATE_READY);
 229:Drivers/STM32L4xx_HAL_Driver/Src/stm32l4xx_hal_tim_ex.c ****   TIM_CHANNEL_N_STATE_SET(htim, TIM_CHANNEL_2, HAL_TIM_CHANNEL_STATE_READY);
 230:Drivers/STM32L4xx_HAL_Driver/Src/stm32l4xx_hal_tim_ex.c **** 
 231:Drivers/STM32L4xx_HAL_Driver/Src/stm32l4xx_hal_tim_ex.c ****   /* Initialize the TIM state*/
 232:Drivers/STM32L4xx_HAL_Driver/Src/stm32l4xx_hal_tim_ex.c ****   htim->State = HAL_TIM_STATE_READY;
 233:Drivers/STM32L4xx_HAL_Driver/Src/stm32l4xx_hal_tim_ex.c **** 
 234:Drivers/STM32L4xx_HAL_Driver/Src/stm32l4xx_hal_tim_ex.c ****   return HAL_OK;
 235:Drivers/STM32L4xx_HAL_Driver/Src/stm32l4xx_hal_tim_ex.c **** }
 236:Drivers/STM32L4xx_HAL_Driver/Src/stm32l4xx_hal_tim_ex.c **** 
 237:Drivers/STM32L4xx_HAL_Driver/Src/stm32l4xx_hal_tim_ex.c **** /**
 238:Drivers/STM32L4xx_HAL_Driver/Src/stm32l4xx_hal_tim_ex.c ****   * @brief  DeInitializes the TIM Hall Sensor interface
 239:Drivers/STM32L4xx_HAL_Driver/Src/stm32l4xx_hal_tim_ex.c ****   * @param  htim TIM Hall Sensor Interface handle
 240:Drivers/STM32L4xx_HAL_Driver/Src/stm32l4xx_hal_tim_ex.c ****   * @retval HAL status
 241:Drivers/STM32L4xx_HAL_Driver/Src/stm32l4xx_hal_tim_ex.c ****   */
 242:Drivers/STM32L4xx_HAL_Driver/Src/stm32l4xx_hal_tim_ex.c **** HAL_StatusTypeDef HAL_TIMEx_HallSensor_DeInit(TIM_HandleTypeDef *htim)
 243:Drivers/STM32L4xx_HAL_Driver/Src/stm32l4xx_hal_tim_ex.c **** {
 244:Drivers/STM32L4xx_HAL_Driver/Src/stm32l4xx_hal_tim_ex.c ****   /* Check the parameters */
 245:Drivers/STM32L4xx_HAL_Driver/Src/stm32l4xx_hal_tim_ex.c ****   assert_param(IS_TIM_INSTANCE(htim->Instance));
 246:Drivers/STM32L4xx_HAL_Driver/Src/stm32l4xx_hal_tim_ex.c **** 
 247:Drivers/STM32L4xx_HAL_Driver/Src/stm32l4xx_hal_tim_ex.c ****   htim->State = HAL_TIM_STATE_BUSY;
 248:Drivers/STM32L4xx_HAL_Driver/Src/stm32l4xx_hal_tim_ex.c **** 
 249:Drivers/STM32L4xx_HAL_Driver/Src/stm32l4xx_hal_tim_ex.c ****   /* Disable the TIM Peripheral Clock */
 250:Drivers/STM32L4xx_HAL_Driver/Src/stm32l4xx_hal_tim_ex.c ****   __HAL_TIM_DISABLE(htim);
 251:Drivers/STM32L4xx_HAL_Driver/Src/stm32l4xx_hal_tim_ex.c **** 
 252:Drivers/STM32L4xx_HAL_Driver/Src/stm32l4xx_hal_tim_ex.c **** #if (USE_HAL_TIM_REGISTER_CALLBACKS == 1)
 253:Drivers/STM32L4xx_HAL_Driver/Src/stm32l4xx_hal_tim_ex.c ****   if (htim->HallSensor_MspDeInitCallback == NULL)
 254:Drivers/STM32L4xx_HAL_Driver/Src/stm32l4xx_hal_tim_ex.c ****   {
 255:Drivers/STM32L4xx_HAL_Driver/Src/stm32l4xx_hal_tim_ex.c ****     htim->HallSensor_MspDeInitCallback = HAL_TIMEx_HallSensor_MspDeInit;
 256:Drivers/STM32L4xx_HAL_Driver/Src/stm32l4xx_hal_tim_ex.c ****   }
 257:Drivers/STM32L4xx_HAL_Driver/Src/stm32l4xx_hal_tim_ex.c ****   /* DeInit the low level hardware */
 258:Drivers/STM32L4xx_HAL_Driver/Src/stm32l4xx_hal_tim_ex.c ****   htim->HallSensor_MspDeInitCallback(htim);
ARM GAS  /tmp/ccRvkrha.s 			page 6


 259:Drivers/STM32L4xx_HAL_Driver/Src/stm32l4xx_hal_tim_ex.c **** #else
 260:Drivers/STM32L4xx_HAL_Driver/Src/stm32l4xx_hal_tim_ex.c ****   /* DeInit the low level hardware: GPIO, CLOCK, NVIC */
 261:Drivers/STM32L4xx_HAL_Driver/Src/stm32l4xx_hal_tim_ex.c ****   HAL_TIMEx_HallSensor_MspDeInit(htim);
 262:Drivers/STM32L4xx_HAL_Driver/Src/stm32l4xx_hal_tim_ex.c **** #endif /* USE_HAL_TIM_REGISTER_CALLBACKS */
 263:Drivers/STM32L4xx_HAL_Driver/Src/stm32l4xx_hal_tim_ex.c **** 
 264:Drivers/STM32L4xx_HAL_Driver/Src/stm32l4xx_hal_tim_ex.c ****   /* Change the DMA burst operation state */
 265:Drivers/STM32L4xx_HAL_Driver/Src/stm32l4xx_hal_tim_ex.c ****   htim->DMABurstState = HAL_DMA_BURST_STATE_RESET;
 266:Drivers/STM32L4xx_HAL_Driver/Src/stm32l4xx_hal_tim_ex.c **** 
 267:Drivers/STM32L4xx_HAL_Driver/Src/stm32l4xx_hal_tim_ex.c ****   /* Change the TIM channels state */
 268:Drivers/STM32L4xx_HAL_Driver/Src/stm32l4xx_hal_tim_ex.c ****   TIM_CHANNEL_STATE_SET(htim, TIM_CHANNEL_1, HAL_TIM_CHANNEL_STATE_RESET);
 269:Drivers/STM32L4xx_HAL_Driver/Src/stm32l4xx_hal_tim_ex.c ****   TIM_CHANNEL_STATE_SET(htim, TIM_CHANNEL_2, HAL_TIM_CHANNEL_STATE_RESET);
 270:Drivers/STM32L4xx_HAL_Driver/Src/stm32l4xx_hal_tim_ex.c ****   TIM_CHANNEL_N_STATE_SET(htim, TIM_CHANNEL_1, HAL_TIM_CHANNEL_STATE_RESET);
 271:Drivers/STM32L4xx_HAL_Driver/Src/stm32l4xx_hal_tim_ex.c ****   TIM_CHANNEL_N_STATE_SET(htim, TIM_CHANNEL_2, HAL_TIM_CHANNEL_STATE_RESET);
 272:Drivers/STM32L4xx_HAL_Driver/Src/stm32l4xx_hal_tim_ex.c **** 
 273:Drivers/STM32L4xx_HAL_Driver/Src/stm32l4xx_hal_tim_ex.c ****   /* Change TIM state */
 274:Drivers/STM32L4xx_HAL_Driver/Src/stm32l4xx_hal_tim_ex.c ****   htim->State = HAL_TIM_STATE_RESET;
 275:Drivers/STM32L4xx_HAL_Driver/Src/stm32l4xx_hal_tim_ex.c **** 
 276:Drivers/STM32L4xx_HAL_Driver/Src/stm32l4xx_hal_tim_ex.c ****   /* Release Lock */
 277:Drivers/STM32L4xx_HAL_Driver/Src/stm32l4xx_hal_tim_ex.c ****   __HAL_UNLOCK(htim);
 278:Drivers/STM32L4xx_HAL_Driver/Src/stm32l4xx_hal_tim_ex.c **** 
 279:Drivers/STM32L4xx_HAL_Driver/Src/stm32l4xx_hal_tim_ex.c ****   return HAL_OK;
 280:Drivers/STM32L4xx_HAL_Driver/Src/stm32l4xx_hal_tim_ex.c **** }
 281:Drivers/STM32L4xx_HAL_Driver/Src/stm32l4xx_hal_tim_ex.c **** 
 282:Drivers/STM32L4xx_HAL_Driver/Src/stm32l4xx_hal_tim_ex.c **** /**
 283:Drivers/STM32L4xx_HAL_Driver/Src/stm32l4xx_hal_tim_ex.c ****   * @brief  Initializes the TIM Hall Sensor MSP.
 284:Drivers/STM32L4xx_HAL_Driver/Src/stm32l4xx_hal_tim_ex.c ****   * @param  htim TIM Hall Sensor Interface handle
 285:Drivers/STM32L4xx_HAL_Driver/Src/stm32l4xx_hal_tim_ex.c ****   * @retval None
 286:Drivers/STM32L4xx_HAL_Driver/Src/stm32l4xx_hal_tim_ex.c ****   */
 287:Drivers/STM32L4xx_HAL_Driver/Src/stm32l4xx_hal_tim_ex.c **** __weak void HAL_TIMEx_HallSensor_MspInit(TIM_HandleTypeDef *htim)
 288:Drivers/STM32L4xx_HAL_Driver/Src/stm32l4xx_hal_tim_ex.c **** {
 289:Drivers/STM32L4xx_HAL_Driver/Src/stm32l4xx_hal_tim_ex.c ****   /* Prevent unused argument(s) compilation warning */
 290:Drivers/STM32L4xx_HAL_Driver/Src/stm32l4xx_hal_tim_ex.c ****   UNUSED(htim);
 291:Drivers/STM32L4xx_HAL_Driver/Src/stm32l4xx_hal_tim_ex.c **** 
 292:Drivers/STM32L4xx_HAL_Driver/Src/stm32l4xx_hal_tim_ex.c ****   /* NOTE : This function should not be modified, when the callback is needed,
 293:Drivers/STM32L4xx_HAL_Driver/Src/stm32l4xx_hal_tim_ex.c ****             the HAL_TIMEx_HallSensor_MspInit could be implemented in the user file
 294:Drivers/STM32L4xx_HAL_Driver/Src/stm32l4xx_hal_tim_ex.c ****    */
 295:Drivers/STM32L4xx_HAL_Driver/Src/stm32l4xx_hal_tim_ex.c **** }
 296:Drivers/STM32L4xx_HAL_Driver/Src/stm32l4xx_hal_tim_ex.c **** 
 297:Drivers/STM32L4xx_HAL_Driver/Src/stm32l4xx_hal_tim_ex.c **** /**
 298:Drivers/STM32L4xx_HAL_Driver/Src/stm32l4xx_hal_tim_ex.c ****   * @brief  DeInitializes TIM Hall Sensor MSP.
 299:Drivers/STM32L4xx_HAL_Driver/Src/stm32l4xx_hal_tim_ex.c ****   * @param  htim TIM Hall Sensor Interface handle
 300:Drivers/STM32L4xx_HAL_Driver/Src/stm32l4xx_hal_tim_ex.c ****   * @retval None
 301:Drivers/STM32L4xx_HAL_Driver/Src/stm32l4xx_hal_tim_ex.c ****   */
 302:Drivers/STM32L4xx_HAL_Driver/Src/stm32l4xx_hal_tim_ex.c **** __weak void HAL_TIMEx_HallSensor_MspDeInit(TIM_HandleTypeDef *htim)
 303:Drivers/STM32L4xx_HAL_Driver/Src/stm32l4xx_hal_tim_ex.c **** {
 304:Drivers/STM32L4xx_HAL_Driver/Src/stm32l4xx_hal_tim_ex.c ****   /* Prevent unused argument(s) compilation warning */
 305:Drivers/STM32L4xx_HAL_Driver/Src/stm32l4xx_hal_tim_ex.c ****   UNUSED(htim);
 306:Drivers/STM32L4xx_HAL_Driver/Src/stm32l4xx_hal_tim_ex.c **** 
 307:Drivers/STM32L4xx_HAL_Driver/Src/stm32l4xx_hal_tim_ex.c ****   /* NOTE : This function should not be modified, when the callback is needed,
 308:Drivers/STM32L4xx_HAL_Driver/Src/stm32l4xx_hal_tim_ex.c ****             the HAL_TIMEx_HallSensor_MspDeInit could be implemented in the user file
 309:Drivers/STM32L4xx_HAL_Driver/Src/stm32l4xx_hal_tim_ex.c ****    */
 310:Drivers/STM32L4xx_HAL_Driver/Src/stm32l4xx_hal_tim_ex.c **** }
 311:Drivers/STM32L4xx_HAL_Driver/Src/stm32l4xx_hal_tim_ex.c **** 
 312:Drivers/STM32L4xx_HAL_Driver/Src/stm32l4xx_hal_tim_ex.c **** /**
 313:Drivers/STM32L4xx_HAL_Driver/Src/stm32l4xx_hal_tim_ex.c ****   * @brief  Starts the TIM Hall Sensor Interface.
 314:Drivers/STM32L4xx_HAL_Driver/Src/stm32l4xx_hal_tim_ex.c ****   * @param  htim TIM Hall Sensor Interface handle
 315:Drivers/STM32L4xx_HAL_Driver/Src/stm32l4xx_hal_tim_ex.c ****   * @retval HAL status
ARM GAS  /tmp/ccRvkrha.s 			page 7


 316:Drivers/STM32L4xx_HAL_Driver/Src/stm32l4xx_hal_tim_ex.c ****   */
 317:Drivers/STM32L4xx_HAL_Driver/Src/stm32l4xx_hal_tim_ex.c **** HAL_StatusTypeDef HAL_TIMEx_HallSensor_Start(TIM_HandleTypeDef *htim)
 318:Drivers/STM32L4xx_HAL_Driver/Src/stm32l4xx_hal_tim_ex.c **** {
 319:Drivers/STM32L4xx_HAL_Driver/Src/stm32l4xx_hal_tim_ex.c ****   uint32_t tmpsmcr;
 320:Drivers/STM32L4xx_HAL_Driver/Src/stm32l4xx_hal_tim_ex.c ****   HAL_TIM_ChannelStateTypeDef channel_1_state = TIM_CHANNEL_STATE_GET(htim, TIM_CHANNEL_1);
 321:Drivers/STM32L4xx_HAL_Driver/Src/stm32l4xx_hal_tim_ex.c ****   HAL_TIM_ChannelStateTypeDef channel_2_state = TIM_CHANNEL_STATE_GET(htim, TIM_CHANNEL_2);
 322:Drivers/STM32L4xx_HAL_Driver/Src/stm32l4xx_hal_tim_ex.c ****   HAL_TIM_ChannelStateTypeDef complementary_channel_1_state = TIM_CHANNEL_N_STATE_GET(htim, TIM_CHA
 323:Drivers/STM32L4xx_HAL_Driver/Src/stm32l4xx_hal_tim_ex.c ****   HAL_TIM_ChannelStateTypeDef complementary_channel_2_state = TIM_CHANNEL_N_STATE_GET(htim, TIM_CHA
 324:Drivers/STM32L4xx_HAL_Driver/Src/stm32l4xx_hal_tim_ex.c **** 
 325:Drivers/STM32L4xx_HAL_Driver/Src/stm32l4xx_hal_tim_ex.c ****   /* Check the parameters */
 326:Drivers/STM32L4xx_HAL_Driver/Src/stm32l4xx_hal_tim_ex.c ****   assert_param(IS_TIM_HALL_SENSOR_INTERFACE_INSTANCE(htim->Instance));
 327:Drivers/STM32L4xx_HAL_Driver/Src/stm32l4xx_hal_tim_ex.c **** 
 328:Drivers/STM32L4xx_HAL_Driver/Src/stm32l4xx_hal_tim_ex.c ****   /* Check the TIM channels state */
 329:Drivers/STM32L4xx_HAL_Driver/Src/stm32l4xx_hal_tim_ex.c ****   if ((channel_1_state != HAL_TIM_CHANNEL_STATE_READY)
 330:Drivers/STM32L4xx_HAL_Driver/Src/stm32l4xx_hal_tim_ex.c ****       || (channel_2_state != HAL_TIM_CHANNEL_STATE_READY)
 331:Drivers/STM32L4xx_HAL_Driver/Src/stm32l4xx_hal_tim_ex.c ****       || (complementary_channel_1_state != HAL_TIM_CHANNEL_STATE_READY)
 332:Drivers/STM32L4xx_HAL_Driver/Src/stm32l4xx_hal_tim_ex.c ****       || (complementary_channel_2_state != HAL_TIM_CHANNEL_STATE_READY))
 333:Drivers/STM32L4xx_HAL_Driver/Src/stm32l4xx_hal_tim_ex.c ****   {
 334:Drivers/STM32L4xx_HAL_Driver/Src/stm32l4xx_hal_tim_ex.c ****     return HAL_ERROR;
 335:Drivers/STM32L4xx_HAL_Driver/Src/stm32l4xx_hal_tim_ex.c ****   }
 336:Drivers/STM32L4xx_HAL_Driver/Src/stm32l4xx_hal_tim_ex.c **** 
 337:Drivers/STM32L4xx_HAL_Driver/Src/stm32l4xx_hal_tim_ex.c ****   /* Set the TIM channels state */
 338:Drivers/STM32L4xx_HAL_Driver/Src/stm32l4xx_hal_tim_ex.c ****   TIM_CHANNEL_STATE_SET(htim, TIM_CHANNEL_1, HAL_TIM_CHANNEL_STATE_BUSY);
 339:Drivers/STM32L4xx_HAL_Driver/Src/stm32l4xx_hal_tim_ex.c ****   TIM_CHANNEL_STATE_SET(htim, TIM_CHANNEL_2, HAL_TIM_CHANNEL_STATE_BUSY);
 340:Drivers/STM32L4xx_HAL_Driver/Src/stm32l4xx_hal_tim_ex.c ****   TIM_CHANNEL_N_STATE_SET(htim, TIM_CHANNEL_1, HAL_TIM_CHANNEL_STATE_BUSY);
 341:Drivers/STM32L4xx_HAL_Driver/Src/stm32l4xx_hal_tim_ex.c ****   TIM_CHANNEL_N_STATE_SET(htim, TIM_CHANNEL_2, HAL_TIM_CHANNEL_STATE_BUSY);
 342:Drivers/STM32L4xx_HAL_Driver/Src/stm32l4xx_hal_tim_ex.c **** 
 343:Drivers/STM32L4xx_HAL_Driver/Src/stm32l4xx_hal_tim_ex.c ****   /* Enable the Input Capture channel 1
 344:Drivers/STM32L4xx_HAL_Driver/Src/stm32l4xx_hal_tim_ex.c ****   (in the Hall Sensor Interface the three possible channels that can be used are TIM_CHANNEL_1,
 345:Drivers/STM32L4xx_HAL_Driver/Src/stm32l4xx_hal_tim_ex.c ****   TIM_CHANNEL_2 and TIM_CHANNEL_3) */
 346:Drivers/STM32L4xx_HAL_Driver/Src/stm32l4xx_hal_tim_ex.c ****   TIM_CCxChannelCmd(htim->Instance, TIM_CHANNEL_1, TIM_CCx_ENABLE);
 347:Drivers/STM32L4xx_HAL_Driver/Src/stm32l4xx_hal_tim_ex.c **** 
 348:Drivers/STM32L4xx_HAL_Driver/Src/stm32l4xx_hal_tim_ex.c ****   /* Enable the Peripheral, except in trigger mode where enable is automatically done with trigger 
 349:Drivers/STM32L4xx_HAL_Driver/Src/stm32l4xx_hal_tim_ex.c ****   if (IS_TIM_SLAVE_INSTANCE(htim->Instance))
 350:Drivers/STM32L4xx_HAL_Driver/Src/stm32l4xx_hal_tim_ex.c ****   {
 351:Drivers/STM32L4xx_HAL_Driver/Src/stm32l4xx_hal_tim_ex.c ****     tmpsmcr = htim->Instance->SMCR & TIM_SMCR_SMS;
 352:Drivers/STM32L4xx_HAL_Driver/Src/stm32l4xx_hal_tim_ex.c ****     if (!IS_TIM_SLAVEMODE_TRIGGER_ENABLED(tmpsmcr))
 353:Drivers/STM32L4xx_HAL_Driver/Src/stm32l4xx_hal_tim_ex.c ****     {
 354:Drivers/STM32L4xx_HAL_Driver/Src/stm32l4xx_hal_tim_ex.c ****       __HAL_TIM_ENABLE(htim);
 355:Drivers/STM32L4xx_HAL_Driver/Src/stm32l4xx_hal_tim_ex.c ****     }
 356:Drivers/STM32L4xx_HAL_Driver/Src/stm32l4xx_hal_tim_ex.c ****   }
 357:Drivers/STM32L4xx_HAL_Driver/Src/stm32l4xx_hal_tim_ex.c ****   else
 358:Drivers/STM32L4xx_HAL_Driver/Src/stm32l4xx_hal_tim_ex.c ****   {
 359:Drivers/STM32L4xx_HAL_Driver/Src/stm32l4xx_hal_tim_ex.c ****     __HAL_TIM_ENABLE(htim);
 360:Drivers/STM32L4xx_HAL_Driver/Src/stm32l4xx_hal_tim_ex.c ****   }
 361:Drivers/STM32L4xx_HAL_Driver/Src/stm32l4xx_hal_tim_ex.c **** 
 362:Drivers/STM32L4xx_HAL_Driver/Src/stm32l4xx_hal_tim_ex.c ****   /* Return function status */
 363:Drivers/STM32L4xx_HAL_Driver/Src/stm32l4xx_hal_tim_ex.c ****   return HAL_OK;
 364:Drivers/STM32L4xx_HAL_Driver/Src/stm32l4xx_hal_tim_ex.c **** }
 365:Drivers/STM32L4xx_HAL_Driver/Src/stm32l4xx_hal_tim_ex.c **** 
 366:Drivers/STM32L4xx_HAL_Driver/Src/stm32l4xx_hal_tim_ex.c **** /**
 367:Drivers/STM32L4xx_HAL_Driver/Src/stm32l4xx_hal_tim_ex.c ****   * @brief  Stops the TIM Hall sensor Interface.
 368:Drivers/STM32L4xx_HAL_Driver/Src/stm32l4xx_hal_tim_ex.c ****   * @param  htim TIM Hall Sensor Interface handle
 369:Drivers/STM32L4xx_HAL_Driver/Src/stm32l4xx_hal_tim_ex.c ****   * @retval HAL status
 370:Drivers/STM32L4xx_HAL_Driver/Src/stm32l4xx_hal_tim_ex.c ****   */
 371:Drivers/STM32L4xx_HAL_Driver/Src/stm32l4xx_hal_tim_ex.c **** HAL_StatusTypeDef HAL_TIMEx_HallSensor_Stop(TIM_HandleTypeDef *htim)
 372:Drivers/STM32L4xx_HAL_Driver/Src/stm32l4xx_hal_tim_ex.c **** {
ARM GAS  /tmp/ccRvkrha.s 			page 8


 373:Drivers/STM32L4xx_HAL_Driver/Src/stm32l4xx_hal_tim_ex.c ****   /* Check the parameters */
 374:Drivers/STM32L4xx_HAL_Driver/Src/stm32l4xx_hal_tim_ex.c ****   assert_param(IS_TIM_HALL_SENSOR_INTERFACE_INSTANCE(htim->Instance));
 375:Drivers/STM32L4xx_HAL_Driver/Src/stm32l4xx_hal_tim_ex.c **** 
 376:Drivers/STM32L4xx_HAL_Driver/Src/stm32l4xx_hal_tim_ex.c ****   /* Disable the Input Capture channels 1, 2 and 3
 377:Drivers/STM32L4xx_HAL_Driver/Src/stm32l4xx_hal_tim_ex.c ****   (in the Hall Sensor Interface the three possible channels that can be used are TIM_CHANNEL_1,
 378:Drivers/STM32L4xx_HAL_Driver/Src/stm32l4xx_hal_tim_ex.c ****   TIM_CHANNEL_2 and TIM_CHANNEL_3) */
 379:Drivers/STM32L4xx_HAL_Driver/Src/stm32l4xx_hal_tim_ex.c ****   TIM_CCxChannelCmd(htim->Instance, TIM_CHANNEL_1, TIM_CCx_DISABLE);
 380:Drivers/STM32L4xx_HAL_Driver/Src/stm32l4xx_hal_tim_ex.c **** 
 381:Drivers/STM32L4xx_HAL_Driver/Src/stm32l4xx_hal_tim_ex.c ****   /* Disable the Peripheral */
 382:Drivers/STM32L4xx_HAL_Driver/Src/stm32l4xx_hal_tim_ex.c ****   __HAL_TIM_DISABLE(htim);
 383:Drivers/STM32L4xx_HAL_Driver/Src/stm32l4xx_hal_tim_ex.c **** 
 384:Drivers/STM32L4xx_HAL_Driver/Src/stm32l4xx_hal_tim_ex.c ****   /* Set the TIM channels state */
 385:Drivers/STM32L4xx_HAL_Driver/Src/stm32l4xx_hal_tim_ex.c ****   TIM_CHANNEL_STATE_SET(htim, TIM_CHANNEL_1, HAL_TIM_CHANNEL_STATE_READY);
 386:Drivers/STM32L4xx_HAL_Driver/Src/stm32l4xx_hal_tim_ex.c ****   TIM_CHANNEL_STATE_SET(htim, TIM_CHANNEL_2, HAL_TIM_CHANNEL_STATE_READY);
 387:Drivers/STM32L4xx_HAL_Driver/Src/stm32l4xx_hal_tim_ex.c ****   TIM_CHANNEL_N_STATE_SET(htim, TIM_CHANNEL_1, HAL_TIM_CHANNEL_STATE_READY);
 388:Drivers/STM32L4xx_HAL_Driver/Src/stm32l4xx_hal_tim_ex.c ****   TIM_CHANNEL_N_STATE_SET(htim, TIM_CHANNEL_2, HAL_TIM_CHANNEL_STATE_READY);
 389:Drivers/STM32L4xx_HAL_Driver/Src/stm32l4xx_hal_tim_ex.c **** 
 390:Drivers/STM32L4xx_HAL_Driver/Src/stm32l4xx_hal_tim_ex.c ****   /* Return function status */
 391:Drivers/STM32L4xx_HAL_Driver/Src/stm32l4xx_hal_tim_ex.c ****   return HAL_OK;
 392:Drivers/STM32L4xx_HAL_Driver/Src/stm32l4xx_hal_tim_ex.c **** }
 393:Drivers/STM32L4xx_HAL_Driver/Src/stm32l4xx_hal_tim_ex.c **** 
 394:Drivers/STM32L4xx_HAL_Driver/Src/stm32l4xx_hal_tim_ex.c **** /**
 395:Drivers/STM32L4xx_HAL_Driver/Src/stm32l4xx_hal_tim_ex.c ****   * @brief  Starts the TIM Hall Sensor Interface in interrupt mode.
 396:Drivers/STM32L4xx_HAL_Driver/Src/stm32l4xx_hal_tim_ex.c ****   * @param  htim TIM Hall Sensor Interface handle
 397:Drivers/STM32L4xx_HAL_Driver/Src/stm32l4xx_hal_tim_ex.c ****   * @retval HAL status
 398:Drivers/STM32L4xx_HAL_Driver/Src/stm32l4xx_hal_tim_ex.c ****   */
 399:Drivers/STM32L4xx_HAL_Driver/Src/stm32l4xx_hal_tim_ex.c **** HAL_StatusTypeDef HAL_TIMEx_HallSensor_Start_IT(TIM_HandleTypeDef *htim)
 400:Drivers/STM32L4xx_HAL_Driver/Src/stm32l4xx_hal_tim_ex.c **** {
 401:Drivers/STM32L4xx_HAL_Driver/Src/stm32l4xx_hal_tim_ex.c ****   uint32_t tmpsmcr;
 402:Drivers/STM32L4xx_HAL_Driver/Src/stm32l4xx_hal_tim_ex.c ****   HAL_TIM_ChannelStateTypeDef channel_1_state = TIM_CHANNEL_STATE_GET(htim, TIM_CHANNEL_1);
 403:Drivers/STM32L4xx_HAL_Driver/Src/stm32l4xx_hal_tim_ex.c ****   HAL_TIM_ChannelStateTypeDef channel_2_state = TIM_CHANNEL_STATE_GET(htim, TIM_CHANNEL_2);
 404:Drivers/STM32L4xx_HAL_Driver/Src/stm32l4xx_hal_tim_ex.c ****   HAL_TIM_ChannelStateTypeDef complementary_channel_1_state = TIM_CHANNEL_N_STATE_GET(htim, TIM_CHA
 405:Drivers/STM32L4xx_HAL_Driver/Src/stm32l4xx_hal_tim_ex.c ****   HAL_TIM_ChannelStateTypeDef complementary_channel_2_state = TIM_CHANNEL_N_STATE_GET(htim, TIM_CHA
 406:Drivers/STM32L4xx_HAL_Driver/Src/stm32l4xx_hal_tim_ex.c **** 
 407:Drivers/STM32L4xx_HAL_Driver/Src/stm32l4xx_hal_tim_ex.c ****   /* Check the parameters */
 408:Drivers/STM32L4xx_HAL_Driver/Src/stm32l4xx_hal_tim_ex.c ****   assert_param(IS_TIM_HALL_SENSOR_INTERFACE_INSTANCE(htim->Instance));
 409:Drivers/STM32L4xx_HAL_Driver/Src/stm32l4xx_hal_tim_ex.c **** 
 410:Drivers/STM32L4xx_HAL_Driver/Src/stm32l4xx_hal_tim_ex.c ****   /* Check the TIM channels state */
 411:Drivers/STM32L4xx_HAL_Driver/Src/stm32l4xx_hal_tim_ex.c ****   if ((channel_1_state != HAL_TIM_CHANNEL_STATE_READY)
 412:Drivers/STM32L4xx_HAL_Driver/Src/stm32l4xx_hal_tim_ex.c ****       || (channel_2_state != HAL_TIM_CHANNEL_STATE_READY)
 413:Drivers/STM32L4xx_HAL_Driver/Src/stm32l4xx_hal_tim_ex.c ****       || (complementary_channel_1_state != HAL_TIM_CHANNEL_STATE_READY)
 414:Drivers/STM32L4xx_HAL_Driver/Src/stm32l4xx_hal_tim_ex.c ****       || (complementary_channel_2_state != HAL_TIM_CHANNEL_STATE_READY))
 415:Drivers/STM32L4xx_HAL_Driver/Src/stm32l4xx_hal_tim_ex.c ****   {
 416:Drivers/STM32L4xx_HAL_Driver/Src/stm32l4xx_hal_tim_ex.c ****     return HAL_ERROR;
 417:Drivers/STM32L4xx_HAL_Driver/Src/stm32l4xx_hal_tim_ex.c ****   }
 418:Drivers/STM32L4xx_HAL_Driver/Src/stm32l4xx_hal_tim_ex.c **** 
 419:Drivers/STM32L4xx_HAL_Driver/Src/stm32l4xx_hal_tim_ex.c ****   /* Set the TIM channels state */
 420:Drivers/STM32L4xx_HAL_Driver/Src/stm32l4xx_hal_tim_ex.c ****   TIM_CHANNEL_STATE_SET(htim, TIM_CHANNEL_1, HAL_TIM_CHANNEL_STATE_BUSY);
 421:Drivers/STM32L4xx_HAL_Driver/Src/stm32l4xx_hal_tim_ex.c ****   TIM_CHANNEL_STATE_SET(htim, TIM_CHANNEL_2, HAL_TIM_CHANNEL_STATE_BUSY);
 422:Drivers/STM32L4xx_HAL_Driver/Src/stm32l4xx_hal_tim_ex.c ****   TIM_CHANNEL_N_STATE_SET(htim, TIM_CHANNEL_1, HAL_TIM_CHANNEL_STATE_BUSY);
 423:Drivers/STM32L4xx_HAL_Driver/Src/stm32l4xx_hal_tim_ex.c ****   TIM_CHANNEL_N_STATE_SET(htim, TIM_CHANNEL_2, HAL_TIM_CHANNEL_STATE_BUSY);
 424:Drivers/STM32L4xx_HAL_Driver/Src/stm32l4xx_hal_tim_ex.c **** 
 425:Drivers/STM32L4xx_HAL_Driver/Src/stm32l4xx_hal_tim_ex.c ****   /* Enable the capture compare Interrupts 1 event */
 426:Drivers/STM32L4xx_HAL_Driver/Src/stm32l4xx_hal_tim_ex.c ****   __HAL_TIM_ENABLE_IT(htim, TIM_IT_CC1);
 427:Drivers/STM32L4xx_HAL_Driver/Src/stm32l4xx_hal_tim_ex.c **** 
 428:Drivers/STM32L4xx_HAL_Driver/Src/stm32l4xx_hal_tim_ex.c ****   /* Enable the Input Capture channel 1
 429:Drivers/STM32L4xx_HAL_Driver/Src/stm32l4xx_hal_tim_ex.c ****   (in the Hall Sensor Interface the three possible channels that can be used are TIM_CHANNEL_1,
ARM GAS  /tmp/ccRvkrha.s 			page 9


 430:Drivers/STM32L4xx_HAL_Driver/Src/stm32l4xx_hal_tim_ex.c ****   TIM_CHANNEL_2 and TIM_CHANNEL_3) */
 431:Drivers/STM32L4xx_HAL_Driver/Src/stm32l4xx_hal_tim_ex.c ****   TIM_CCxChannelCmd(htim->Instance, TIM_CHANNEL_1, TIM_CCx_ENABLE);
 432:Drivers/STM32L4xx_HAL_Driver/Src/stm32l4xx_hal_tim_ex.c **** 
 433:Drivers/STM32L4xx_HAL_Driver/Src/stm32l4xx_hal_tim_ex.c ****   /* Enable the Peripheral, except in trigger mode where enable is automatically done with trigger 
 434:Drivers/STM32L4xx_HAL_Driver/Src/stm32l4xx_hal_tim_ex.c ****   if (IS_TIM_SLAVE_INSTANCE(htim->Instance))
 435:Drivers/STM32L4xx_HAL_Driver/Src/stm32l4xx_hal_tim_ex.c ****   {
 436:Drivers/STM32L4xx_HAL_Driver/Src/stm32l4xx_hal_tim_ex.c ****     tmpsmcr = htim->Instance->SMCR & TIM_SMCR_SMS;
 437:Drivers/STM32L4xx_HAL_Driver/Src/stm32l4xx_hal_tim_ex.c ****     if (!IS_TIM_SLAVEMODE_TRIGGER_ENABLED(tmpsmcr))
 438:Drivers/STM32L4xx_HAL_Driver/Src/stm32l4xx_hal_tim_ex.c ****     {
 439:Drivers/STM32L4xx_HAL_Driver/Src/stm32l4xx_hal_tim_ex.c ****       __HAL_TIM_ENABLE(htim);
 440:Drivers/STM32L4xx_HAL_Driver/Src/stm32l4xx_hal_tim_ex.c ****     }
 441:Drivers/STM32L4xx_HAL_Driver/Src/stm32l4xx_hal_tim_ex.c ****   }
 442:Drivers/STM32L4xx_HAL_Driver/Src/stm32l4xx_hal_tim_ex.c ****   else
 443:Drivers/STM32L4xx_HAL_Driver/Src/stm32l4xx_hal_tim_ex.c ****   {
 444:Drivers/STM32L4xx_HAL_Driver/Src/stm32l4xx_hal_tim_ex.c ****     __HAL_TIM_ENABLE(htim);
 445:Drivers/STM32L4xx_HAL_Driver/Src/stm32l4xx_hal_tim_ex.c ****   }
 446:Drivers/STM32L4xx_HAL_Driver/Src/stm32l4xx_hal_tim_ex.c **** 
 447:Drivers/STM32L4xx_HAL_Driver/Src/stm32l4xx_hal_tim_ex.c ****   /* Return function status */
 448:Drivers/STM32L4xx_HAL_Driver/Src/stm32l4xx_hal_tim_ex.c ****   return HAL_OK;
 449:Drivers/STM32L4xx_HAL_Driver/Src/stm32l4xx_hal_tim_ex.c **** }
 450:Drivers/STM32L4xx_HAL_Driver/Src/stm32l4xx_hal_tim_ex.c **** 
 451:Drivers/STM32L4xx_HAL_Driver/Src/stm32l4xx_hal_tim_ex.c **** /**
 452:Drivers/STM32L4xx_HAL_Driver/Src/stm32l4xx_hal_tim_ex.c ****   * @brief  Stops the TIM Hall Sensor Interface in interrupt mode.
 453:Drivers/STM32L4xx_HAL_Driver/Src/stm32l4xx_hal_tim_ex.c ****   * @param  htim TIM Hall Sensor Interface handle
 454:Drivers/STM32L4xx_HAL_Driver/Src/stm32l4xx_hal_tim_ex.c ****   * @retval HAL status
 455:Drivers/STM32L4xx_HAL_Driver/Src/stm32l4xx_hal_tim_ex.c ****   */
 456:Drivers/STM32L4xx_HAL_Driver/Src/stm32l4xx_hal_tim_ex.c **** HAL_StatusTypeDef HAL_TIMEx_HallSensor_Stop_IT(TIM_HandleTypeDef *htim)
 457:Drivers/STM32L4xx_HAL_Driver/Src/stm32l4xx_hal_tim_ex.c **** {
 458:Drivers/STM32L4xx_HAL_Driver/Src/stm32l4xx_hal_tim_ex.c ****   /* Check the parameters */
 459:Drivers/STM32L4xx_HAL_Driver/Src/stm32l4xx_hal_tim_ex.c ****   assert_param(IS_TIM_HALL_SENSOR_INTERFACE_INSTANCE(htim->Instance));
 460:Drivers/STM32L4xx_HAL_Driver/Src/stm32l4xx_hal_tim_ex.c **** 
 461:Drivers/STM32L4xx_HAL_Driver/Src/stm32l4xx_hal_tim_ex.c ****   /* Disable the Input Capture channel 1
 462:Drivers/STM32L4xx_HAL_Driver/Src/stm32l4xx_hal_tim_ex.c ****   (in the Hall Sensor Interface the three possible channels that can be used are TIM_CHANNEL_1,
 463:Drivers/STM32L4xx_HAL_Driver/Src/stm32l4xx_hal_tim_ex.c ****   TIM_CHANNEL_2 and TIM_CHANNEL_3) */
 464:Drivers/STM32L4xx_HAL_Driver/Src/stm32l4xx_hal_tim_ex.c ****   TIM_CCxChannelCmd(htim->Instance, TIM_CHANNEL_1, TIM_CCx_DISABLE);
 465:Drivers/STM32L4xx_HAL_Driver/Src/stm32l4xx_hal_tim_ex.c **** 
 466:Drivers/STM32L4xx_HAL_Driver/Src/stm32l4xx_hal_tim_ex.c ****   /* Disable the capture compare Interrupts event */
 467:Drivers/STM32L4xx_HAL_Driver/Src/stm32l4xx_hal_tim_ex.c ****   __HAL_TIM_DISABLE_IT(htim, TIM_IT_CC1);
 468:Drivers/STM32L4xx_HAL_Driver/Src/stm32l4xx_hal_tim_ex.c **** 
 469:Drivers/STM32L4xx_HAL_Driver/Src/stm32l4xx_hal_tim_ex.c ****   /* Disable the Peripheral */
 470:Drivers/STM32L4xx_HAL_Driver/Src/stm32l4xx_hal_tim_ex.c ****   __HAL_TIM_DISABLE(htim);
 471:Drivers/STM32L4xx_HAL_Driver/Src/stm32l4xx_hal_tim_ex.c **** 
 472:Drivers/STM32L4xx_HAL_Driver/Src/stm32l4xx_hal_tim_ex.c ****   /* Set the TIM channels state */
 473:Drivers/STM32L4xx_HAL_Driver/Src/stm32l4xx_hal_tim_ex.c ****   TIM_CHANNEL_STATE_SET(htim, TIM_CHANNEL_1, HAL_TIM_CHANNEL_STATE_READY);
 474:Drivers/STM32L4xx_HAL_Driver/Src/stm32l4xx_hal_tim_ex.c ****   TIM_CHANNEL_STATE_SET(htim, TIM_CHANNEL_2, HAL_TIM_CHANNEL_STATE_READY);
 475:Drivers/STM32L4xx_HAL_Driver/Src/stm32l4xx_hal_tim_ex.c ****   TIM_CHANNEL_N_STATE_SET(htim, TIM_CHANNEL_1, HAL_TIM_CHANNEL_STATE_READY);
 476:Drivers/STM32L4xx_HAL_Driver/Src/stm32l4xx_hal_tim_ex.c ****   TIM_CHANNEL_N_STATE_SET(htim, TIM_CHANNEL_2, HAL_TIM_CHANNEL_STATE_READY);
 477:Drivers/STM32L4xx_HAL_Driver/Src/stm32l4xx_hal_tim_ex.c **** 
 478:Drivers/STM32L4xx_HAL_Driver/Src/stm32l4xx_hal_tim_ex.c ****   /* Return function status */
 479:Drivers/STM32L4xx_HAL_Driver/Src/stm32l4xx_hal_tim_ex.c ****   return HAL_OK;
 480:Drivers/STM32L4xx_HAL_Driver/Src/stm32l4xx_hal_tim_ex.c **** }
 481:Drivers/STM32L4xx_HAL_Driver/Src/stm32l4xx_hal_tim_ex.c **** 
 482:Drivers/STM32L4xx_HAL_Driver/Src/stm32l4xx_hal_tim_ex.c **** /**
 483:Drivers/STM32L4xx_HAL_Driver/Src/stm32l4xx_hal_tim_ex.c ****   * @brief  Starts the TIM Hall Sensor Interface in DMA mode.
 484:Drivers/STM32L4xx_HAL_Driver/Src/stm32l4xx_hal_tim_ex.c ****   * @param  htim TIM Hall Sensor Interface handle
 485:Drivers/STM32L4xx_HAL_Driver/Src/stm32l4xx_hal_tim_ex.c ****   * @param  pData The destination Buffer address.
 486:Drivers/STM32L4xx_HAL_Driver/Src/stm32l4xx_hal_tim_ex.c ****   * @param  Length The length of data to be transferred from TIM peripheral to memory.
ARM GAS  /tmp/ccRvkrha.s 			page 10


 487:Drivers/STM32L4xx_HAL_Driver/Src/stm32l4xx_hal_tim_ex.c ****   * @retval HAL status
 488:Drivers/STM32L4xx_HAL_Driver/Src/stm32l4xx_hal_tim_ex.c ****   */
 489:Drivers/STM32L4xx_HAL_Driver/Src/stm32l4xx_hal_tim_ex.c **** HAL_StatusTypeDef HAL_TIMEx_HallSensor_Start_DMA(TIM_HandleTypeDef *htim, uint32_t *pData, uint16_t
 490:Drivers/STM32L4xx_HAL_Driver/Src/stm32l4xx_hal_tim_ex.c **** {
 491:Drivers/STM32L4xx_HAL_Driver/Src/stm32l4xx_hal_tim_ex.c ****   uint32_t tmpsmcr;
 492:Drivers/STM32L4xx_HAL_Driver/Src/stm32l4xx_hal_tim_ex.c ****   HAL_TIM_ChannelStateTypeDef channel_1_state = TIM_CHANNEL_STATE_GET(htim, TIM_CHANNEL_1);
 493:Drivers/STM32L4xx_HAL_Driver/Src/stm32l4xx_hal_tim_ex.c ****   HAL_TIM_ChannelStateTypeDef complementary_channel_1_state = TIM_CHANNEL_N_STATE_GET(htim, TIM_CHA
 494:Drivers/STM32L4xx_HAL_Driver/Src/stm32l4xx_hal_tim_ex.c **** 
 495:Drivers/STM32L4xx_HAL_Driver/Src/stm32l4xx_hal_tim_ex.c ****   /* Check the parameters */
 496:Drivers/STM32L4xx_HAL_Driver/Src/stm32l4xx_hal_tim_ex.c ****   assert_param(IS_TIM_HALL_SENSOR_INTERFACE_INSTANCE(htim->Instance));
 497:Drivers/STM32L4xx_HAL_Driver/Src/stm32l4xx_hal_tim_ex.c **** 
 498:Drivers/STM32L4xx_HAL_Driver/Src/stm32l4xx_hal_tim_ex.c ****   /* Set the TIM channel state */
 499:Drivers/STM32L4xx_HAL_Driver/Src/stm32l4xx_hal_tim_ex.c ****   if ((channel_1_state == HAL_TIM_CHANNEL_STATE_BUSY)
 500:Drivers/STM32L4xx_HAL_Driver/Src/stm32l4xx_hal_tim_ex.c ****       || (complementary_channel_1_state == HAL_TIM_CHANNEL_STATE_BUSY))
 501:Drivers/STM32L4xx_HAL_Driver/Src/stm32l4xx_hal_tim_ex.c ****   {
 502:Drivers/STM32L4xx_HAL_Driver/Src/stm32l4xx_hal_tim_ex.c ****     return HAL_BUSY;
 503:Drivers/STM32L4xx_HAL_Driver/Src/stm32l4xx_hal_tim_ex.c ****   }
 504:Drivers/STM32L4xx_HAL_Driver/Src/stm32l4xx_hal_tim_ex.c ****   else if ((channel_1_state == HAL_TIM_CHANNEL_STATE_READY)
 505:Drivers/STM32L4xx_HAL_Driver/Src/stm32l4xx_hal_tim_ex.c ****            && (complementary_channel_1_state == HAL_TIM_CHANNEL_STATE_READY))
 506:Drivers/STM32L4xx_HAL_Driver/Src/stm32l4xx_hal_tim_ex.c ****   {
 507:Drivers/STM32L4xx_HAL_Driver/Src/stm32l4xx_hal_tim_ex.c ****     if ((pData == NULL) || (Length == 0U))
 508:Drivers/STM32L4xx_HAL_Driver/Src/stm32l4xx_hal_tim_ex.c ****     {
 509:Drivers/STM32L4xx_HAL_Driver/Src/stm32l4xx_hal_tim_ex.c ****       return HAL_ERROR;
 510:Drivers/STM32L4xx_HAL_Driver/Src/stm32l4xx_hal_tim_ex.c ****     }
 511:Drivers/STM32L4xx_HAL_Driver/Src/stm32l4xx_hal_tim_ex.c ****     else
 512:Drivers/STM32L4xx_HAL_Driver/Src/stm32l4xx_hal_tim_ex.c ****     {
 513:Drivers/STM32L4xx_HAL_Driver/Src/stm32l4xx_hal_tim_ex.c ****       TIM_CHANNEL_STATE_SET(htim, TIM_CHANNEL_1, HAL_TIM_CHANNEL_STATE_BUSY);
 514:Drivers/STM32L4xx_HAL_Driver/Src/stm32l4xx_hal_tim_ex.c ****       TIM_CHANNEL_N_STATE_SET(htim, TIM_CHANNEL_1, HAL_TIM_CHANNEL_STATE_BUSY);
 515:Drivers/STM32L4xx_HAL_Driver/Src/stm32l4xx_hal_tim_ex.c ****     }
 516:Drivers/STM32L4xx_HAL_Driver/Src/stm32l4xx_hal_tim_ex.c ****   }
 517:Drivers/STM32L4xx_HAL_Driver/Src/stm32l4xx_hal_tim_ex.c ****   else
 518:Drivers/STM32L4xx_HAL_Driver/Src/stm32l4xx_hal_tim_ex.c ****   {
 519:Drivers/STM32L4xx_HAL_Driver/Src/stm32l4xx_hal_tim_ex.c ****     return HAL_ERROR;
 520:Drivers/STM32L4xx_HAL_Driver/Src/stm32l4xx_hal_tim_ex.c ****   }
 521:Drivers/STM32L4xx_HAL_Driver/Src/stm32l4xx_hal_tim_ex.c **** 
 522:Drivers/STM32L4xx_HAL_Driver/Src/stm32l4xx_hal_tim_ex.c ****   /* Enable the Input Capture channel 1
 523:Drivers/STM32L4xx_HAL_Driver/Src/stm32l4xx_hal_tim_ex.c ****   (in the Hall Sensor Interface the three possible channels that can be used are TIM_CHANNEL_1,
 524:Drivers/STM32L4xx_HAL_Driver/Src/stm32l4xx_hal_tim_ex.c ****   TIM_CHANNEL_2 and TIM_CHANNEL_3) */
 525:Drivers/STM32L4xx_HAL_Driver/Src/stm32l4xx_hal_tim_ex.c ****   TIM_CCxChannelCmd(htim->Instance, TIM_CHANNEL_1, TIM_CCx_ENABLE);
 526:Drivers/STM32L4xx_HAL_Driver/Src/stm32l4xx_hal_tim_ex.c **** 
 527:Drivers/STM32L4xx_HAL_Driver/Src/stm32l4xx_hal_tim_ex.c ****   /* Set the DMA Input Capture 1 Callbacks */
 528:Drivers/STM32L4xx_HAL_Driver/Src/stm32l4xx_hal_tim_ex.c ****   htim->hdma[TIM_DMA_ID_CC1]->XferCpltCallback = TIM_DMACaptureCplt;
 529:Drivers/STM32L4xx_HAL_Driver/Src/stm32l4xx_hal_tim_ex.c ****   htim->hdma[TIM_DMA_ID_CC1]->XferHalfCpltCallback = TIM_DMACaptureHalfCplt;
 530:Drivers/STM32L4xx_HAL_Driver/Src/stm32l4xx_hal_tim_ex.c ****   /* Set the DMA error callback */
 531:Drivers/STM32L4xx_HAL_Driver/Src/stm32l4xx_hal_tim_ex.c ****   htim->hdma[TIM_DMA_ID_CC1]->XferErrorCallback = TIM_DMAError ;
 532:Drivers/STM32L4xx_HAL_Driver/Src/stm32l4xx_hal_tim_ex.c **** 
 533:Drivers/STM32L4xx_HAL_Driver/Src/stm32l4xx_hal_tim_ex.c ****   /* Enable the DMA channel for Capture 1*/
 534:Drivers/STM32L4xx_HAL_Driver/Src/stm32l4xx_hal_tim_ex.c ****   if (HAL_DMA_Start_IT(htim->hdma[TIM_DMA_ID_CC1], (uint32_t)&htim->Instance->CCR1, (uint32_t)pData
 535:Drivers/STM32L4xx_HAL_Driver/Src/stm32l4xx_hal_tim_ex.c ****   {
 536:Drivers/STM32L4xx_HAL_Driver/Src/stm32l4xx_hal_tim_ex.c ****     /* Return error status */
 537:Drivers/STM32L4xx_HAL_Driver/Src/stm32l4xx_hal_tim_ex.c ****     return HAL_ERROR;
 538:Drivers/STM32L4xx_HAL_Driver/Src/stm32l4xx_hal_tim_ex.c ****   }
 539:Drivers/STM32L4xx_HAL_Driver/Src/stm32l4xx_hal_tim_ex.c ****   /* Enable the capture compare 1 Interrupt */
 540:Drivers/STM32L4xx_HAL_Driver/Src/stm32l4xx_hal_tim_ex.c ****   __HAL_TIM_ENABLE_DMA(htim, TIM_DMA_CC1);
 541:Drivers/STM32L4xx_HAL_Driver/Src/stm32l4xx_hal_tim_ex.c **** 
 542:Drivers/STM32L4xx_HAL_Driver/Src/stm32l4xx_hal_tim_ex.c ****   /* Enable the Peripheral, except in trigger mode where enable is automatically done with trigger 
 543:Drivers/STM32L4xx_HAL_Driver/Src/stm32l4xx_hal_tim_ex.c ****   if (IS_TIM_SLAVE_INSTANCE(htim->Instance))
ARM GAS  /tmp/ccRvkrha.s 			page 11


 544:Drivers/STM32L4xx_HAL_Driver/Src/stm32l4xx_hal_tim_ex.c ****   {
 545:Drivers/STM32L4xx_HAL_Driver/Src/stm32l4xx_hal_tim_ex.c ****     tmpsmcr = htim->Instance->SMCR & TIM_SMCR_SMS;
 546:Drivers/STM32L4xx_HAL_Driver/Src/stm32l4xx_hal_tim_ex.c ****     if (!IS_TIM_SLAVEMODE_TRIGGER_ENABLED(tmpsmcr))
 547:Drivers/STM32L4xx_HAL_Driver/Src/stm32l4xx_hal_tim_ex.c ****     {
 548:Drivers/STM32L4xx_HAL_Driver/Src/stm32l4xx_hal_tim_ex.c ****       __HAL_TIM_ENABLE(htim);
 549:Drivers/STM32L4xx_HAL_Driver/Src/stm32l4xx_hal_tim_ex.c ****     }
 550:Drivers/STM32L4xx_HAL_Driver/Src/stm32l4xx_hal_tim_ex.c ****   }
 551:Drivers/STM32L4xx_HAL_Driver/Src/stm32l4xx_hal_tim_ex.c ****   else
 552:Drivers/STM32L4xx_HAL_Driver/Src/stm32l4xx_hal_tim_ex.c ****   {
 553:Drivers/STM32L4xx_HAL_Driver/Src/stm32l4xx_hal_tim_ex.c ****     __HAL_TIM_ENABLE(htim);
 554:Drivers/STM32L4xx_HAL_Driver/Src/stm32l4xx_hal_tim_ex.c ****   }
 555:Drivers/STM32L4xx_HAL_Driver/Src/stm32l4xx_hal_tim_ex.c **** 
 556:Drivers/STM32L4xx_HAL_Driver/Src/stm32l4xx_hal_tim_ex.c ****   /* Return function status */
 557:Drivers/STM32L4xx_HAL_Driver/Src/stm32l4xx_hal_tim_ex.c ****   return HAL_OK;
 558:Drivers/STM32L4xx_HAL_Driver/Src/stm32l4xx_hal_tim_ex.c **** }
 559:Drivers/STM32L4xx_HAL_Driver/Src/stm32l4xx_hal_tim_ex.c **** 
 560:Drivers/STM32L4xx_HAL_Driver/Src/stm32l4xx_hal_tim_ex.c **** /**
 561:Drivers/STM32L4xx_HAL_Driver/Src/stm32l4xx_hal_tim_ex.c ****   * @brief  Stops the TIM Hall Sensor Interface in DMA mode.
 562:Drivers/STM32L4xx_HAL_Driver/Src/stm32l4xx_hal_tim_ex.c ****   * @param  htim TIM Hall Sensor Interface handle
 563:Drivers/STM32L4xx_HAL_Driver/Src/stm32l4xx_hal_tim_ex.c ****   * @retval HAL status
 564:Drivers/STM32L4xx_HAL_Driver/Src/stm32l4xx_hal_tim_ex.c ****   */
 565:Drivers/STM32L4xx_HAL_Driver/Src/stm32l4xx_hal_tim_ex.c **** HAL_StatusTypeDef HAL_TIMEx_HallSensor_Stop_DMA(TIM_HandleTypeDef *htim)
 566:Drivers/STM32L4xx_HAL_Driver/Src/stm32l4xx_hal_tim_ex.c **** {
 567:Drivers/STM32L4xx_HAL_Driver/Src/stm32l4xx_hal_tim_ex.c ****   /* Check the parameters */
 568:Drivers/STM32L4xx_HAL_Driver/Src/stm32l4xx_hal_tim_ex.c ****   assert_param(IS_TIM_HALL_SENSOR_INTERFACE_INSTANCE(htim->Instance));
 569:Drivers/STM32L4xx_HAL_Driver/Src/stm32l4xx_hal_tim_ex.c **** 
 570:Drivers/STM32L4xx_HAL_Driver/Src/stm32l4xx_hal_tim_ex.c ****   /* Disable the Input Capture channel 1
 571:Drivers/STM32L4xx_HAL_Driver/Src/stm32l4xx_hal_tim_ex.c ****   (in the Hall Sensor Interface the three possible channels that can be used are TIM_CHANNEL_1,
 572:Drivers/STM32L4xx_HAL_Driver/Src/stm32l4xx_hal_tim_ex.c ****   TIM_CHANNEL_2 and TIM_CHANNEL_3) */
 573:Drivers/STM32L4xx_HAL_Driver/Src/stm32l4xx_hal_tim_ex.c ****   TIM_CCxChannelCmd(htim->Instance, TIM_CHANNEL_1, TIM_CCx_DISABLE);
 574:Drivers/STM32L4xx_HAL_Driver/Src/stm32l4xx_hal_tim_ex.c **** 
 575:Drivers/STM32L4xx_HAL_Driver/Src/stm32l4xx_hal_tim_ex.c **** 
 576:Drivers/STM32L4xx_HAL_Driver/Src/stm32l4xx_hal_tim_ex.c ****   /* Disable the capture compare Interrupts 1 event */
 577:Drivers/STM32L4xx_HAL_Driver/Src/stm32l4xx_hal_tim_ex.c ****   __HAL_TIM_DISABLE_DMA(htim, TIM_DMA_CC1);
 578:Drivers/STM32L4xx_HAL_Driver/Src/stm32l4xx_hal_tim_ex.c **** 
 579:Drivers/STM32L4xx_HAL_Driver/Src/stm32l4xx_hal_tim_ex.c ****   (void)HAL_DMA_Abort_IT(htim->hdma[TIM_DMA_ID_CC1]);
 580:Drivers/STM32L4xx_HAL_Driver/Src/stm32l4xx_hal_tim_ex.c **** 
 581:Drivers/STM32L4xx_HAL_Driver/Src/stm32l4xx_hal_tim_ex.c ****   /* Disable the Peripheral */
 582:Drivers/STM32L4xx_HAL_Driver/Src/stm32l4xx_hal_tim_ex.c ****   __HAL_TIM_DISABLE(htim);
 583:Drivers/STM32L4xx_HAL_Driver/Src/stm32l4xx_hal_tim_ex.c **** 
 584:Drivers/STM32L4xx_HAL_Driver/Src/stm32l4xx_hal_tim_ex.c ****   /* Set the TIM channel state */
 585:Drivers/STM32L4xx_HAL_Driver/Src/stm32l4xx_hal_tim_ex.c ****   TIM_CHANNEL_STATE_SET(htim, TIM_CHANNEL_1, HAL_TIM_CHANNEL_STATE_READY);
 586:Drivers/STM32L4xx_HAL_Driver/Src/stm32l4xx_hal_tim_ex.c ****   TIM_CHANNEL_N_STATE_SET(htim, TIM_CHANNEL_1, HAL_TIM_CHANNEL_STATE_READY);
 587:Drivers/STM32L4xx_HAL_Driver/Src/stm32l4xx_hal_tim_ex.c **** 
 588:Drivers/STM32L4xx_HAL_Driver/Src/stm32l4xx_hal_tim_ex.c ****   /* Return function status */
 589:Drivers/STM32L4xx_HAL_Driver/Src/stm32l4xx_hal_tim_ex.c ****   return HAL_OK;
 590:Drivers/STM32L4xx_HAL_Driver/Src/stm32l4xx_hal_tim_ex.c **** }
 591:Drivers/STM32L4xx_HAL_Driver/Src/stm32l4xx_hal_tim_ex.c **** 
 592:Drivers/STM32L4xx_HAL_Driver/Src/stm32l4xx_hal_tim_ex.c **** /**
 593:Drivers/STM32L4xx_HAL_Driver/Src/stm32l4xx_hal_tim_ex.c ****   * @}
 594:Drivers/STM32L4xx_HAL_Driver/Src/stm32l4xx_hal_tim_ex.c ****   */
 595:Drivers/STM32L4xx_HAL_Driver/Src/stm32l4xx_hal_tim_ex.c **** 
 596:Drivers/STM32L4xx_HAL_Driver/Src/stm32l4xx_hal_tim_ex.c **** /** @defgroup TIMEx_Exported_Functions_Group2 Extended Timer Complementary Output Compare functions
 597:Drivers/STM32L4xx_HAL_Driver/Src/stm32l4xx_hal_tim_ex.c ****   *  @brief   Timer Complementary Output Compare functions
 598:Drivers/STM32L4xx_HAL_Driver/Src/stm32l4xx_hal_tim_ex.c ****   *
 599:Drivers/STM32L4xx_HAL_Driver/Src/stm32l4xx_hal_tim_ex.c **** @verbatim
 600:Drivers/STM32L4xx_HAL_Driver/Src/stm32l4xx_hal_tim_ex.c ****   ==============================================================================
ARM GAS  /tmp/ccRvkrha.s 			page 12


 601:Drivers/STM32L4xx_HAL_Driver/Src/stm32l4xx_hal_tim_ex.c ****               ##### Timer Complementary Output Compare functions #####
 602:Drivers/STM32L4xx_HAL_Driver/Src/stm32l4xx_hal_tim_ex.c ****   ==============================================================================
 603:Drivers/STM32L4xx_HAL_Driver/Src/stm32l4xx_hal_tim_ex.c ****   [..]
 604:Drivers/STM32L4xx_HAL_Driver/Src/stm32l4xx_hal_tim_ex.c ****     This section provides functions allowing to:
 605:Drivers/STM32L4xx_HAL_Driver/Src/stm32l4xx_hal_tim_ex.c ****     (+) Start the Complementary Output Compare/PWM.
 606:Drivers/STM32L4xx_HAL_Driver/Src/stm32l4xx_hal_tim_ex.c ****     (+) Stop the Complementary Output Compare/PWM.
 607:Drivers/STM32L4xx_HAL_Driver/Src/stm32l4xx_hal_tim_ex.c ****     (+) Start the Complementary Output Compare/PWM and enable interrupts.
 608:Drivers/STM32L4xx_HAL_Driver/Src/stm32l4xx_hal_tim_ex.c ****     (+) Stop the Complementary Output Compare/PWM and disable interrupts.
 609:Drivers/STM32L4xx_HAL_Driver/Src/stm32l4xx_hal_tim_ex.c ****     (+) Start the Complementary Output Compare/PWM and enable DMA transfers.
 610:Drivers/STM32L4xx_HAL_Driver/Src/stm32l4xx_hal_tim_ex.c ****     (+) Stop the Complementary Output Compare/PWM and disable DMA transfers.
 611:Drivers/STM32L4xx_HAL_Driver/Src/stm32l4xx_hal_tim_ex.c **** 
 612:Drivers/STM32L4xx_HAL_Driver/Src/stm32l4xx_hal_tim_ex.c **** @endverbatim
 613:Drivers/STM32L4xx_HAL_Driver/Src/stm32l4xx_hal_tim_ex.c ****   * @{
 614:Drivers/STM32L4xx_HAL_Driver/Src/stm32l4xx_hal_tim_ex.c ****   */
 615:Drivers/STM32L4xx_HAL_Driver/Src/stm32l4xx_hal_tim_ex.c **** 
 616:Drivers/STM32L4xx_HAL_Driver/Src/stm32l4xx_hal_tim_ex.c **** /**
 617:Drivers/STM32L4xx_HAL_Driver/Src/stm32l4xx_hal_tim_ex.c ****   * @brief  Starts the TIM Output Compare signal generation on the complementary
 618:Drivers/STM32L4xx_HAL_Driver/Src/stm32l4xx_hal_tim_ex.c ****   *         output.
 619:Drivers/STM32L4xx_HAL_Driver/Src/stm32l4xx_hal_tim_ex.c ****   * @param  htim TIM Output Compare handle
 620:Drivers/STM32L4xx_HAL_Driver/Src/stm32l4xx_hal_tim_ex.c ****   * @param  Channel TIM Channel to be enabled
 621:Drivers/STM32L4xx_HAL_Driver/Src/stm32l4xx_hal_tim_ex.c ****   *          This parameter can be one of the following values:
 622:Drivers/STM32L4xx_HAL_Driver/Src/stm32l4xx_hal_tim_ex.c ****   *            @arg TIM_CHANNEL_1: TIM Channel 1 selected
 623:Drivers/STM32L4xx_HAL_Driver/Src/stm32l4xx_hal_tim_ex.c ****   *            @arg TIM_CHANNEL_2: TIM Channel 2 selected
 624:Drivers/STM32L4xx_HAL_Driver/Src/stm32l4xx_hal_tim_ex.c ****   *            @arg TIM_CHANNEL_3: TIM Channel 3 selected
 625:Drivers/STM32L4xx_HAL_Driver/Src/stm32l4xx_hal_tim_ex.c ****   * @retval HAL status
 626:Drivers/STM32L4xx_HAL_Driver/Src/stm32l4xx_hal_tim_ex.c ****   */
 627:Drivers/STM32L4xx_HAL_Driver/Src/stm32l4xx_hal_tim_ex.c **** HAL_StatusTypeDef HAL_TIMEx_OCN_Start(TIM_HandleTypeDef *htim, uint32_t Channel)
 628:Drivers/STM32L4xx_HAL_Driver/Src/stm32l4xx_hal_tim_ex.c **** {
 629:Drivers/STM32L4xx_HAL_Driver/Src/stm32l4xx_hal_tim_ex.c ****   uint32_t tmpsmcr;
 630:Drivers/STM32L4xx_HAL_Driver/Src/stm32l4xx_hal_tim_ex.c **** 
 631:Drivers/STM32L4xx_HAL_Driver/Src/stm32l4xx_hal_tim_ex.c ****   /* Check the parameters */
 632:Drivers/STM32L4xx_HAL_Driver/Src/stm32l4xx_hal_tim_ex.c ****   assert_param(IS_TIM_CCXN_INSTANCE(htim->Instance, Channel));
 633:Drivers/STM32L4xx_HAL_Driver/Src/stm32l4xx_hal_tim_ex.c **** 
 634:Drivers/STM32L4xx_HAL_Driver/Src/stm32l4xx_hal_tim_ex.c ****   /* Check the TIM complementary channel state */
 635:Drivers/STM32L4xx_HAL_Driver/Src/stm32l4xx_hal_tim_ex.c ****   if (TIM_CHANNEL_N_STATE_GET(htim, Channel) != HAL_TIM_CHANNEL_STATE_READY)
 636:Drivers/STM32L4xx_HAL_Driver/Src/stm32l4xx_hal_tim_ex.c ****   {
 637:Drivers/STM32L4xx_HAL_Driver/Src/stm32l4xx_hal_tim_ex.c ****     return HAL_ERROR;
 638:Drivers/STM32L4xx_HAL_Driver/Src/stm32l4xx_hal_tim_ex.c ****   }
 639:Drivers/STM32L4xx_HAL_Driver/Src/stm32l4xx_hal_tim_ex.c **** 
 640:Drivers/STM32L4xx_HAL_Driver/Src/stm32l4xx_hal_tim_ex.c ****   /* Set the TIM complementary channel state */
 641:Drivers/STM32L4xx_HAL_Driver/Src/stm32l4xx_hal_tim_ex.c ****   TIM_CHANNEL_N_STATE_SET(htim, Channel, HAL_TIM_CHANNEL_STATE_BUSY);
 642:Drivers/STM32L4xx_HAL_Driver/Src/stm32l4xx_hal_tim_ex.c **** 
 643:Drivers/STM32L4xx_HAL_Driver/Src/stm32l4xx_hal_tim_ex.c ****   /* Enable the Capture compare channel N */
 644:Drivers/STM32L4xx_HAL_Driver/Src/stm32l4xx_hal_tim_ex.c ****   TIM_CCxNChannelCmd(htim->Instance, Channel, TIM_CCxN_ENABLE);
 645:Drivers/STM32L4xx_HAL_Driver/Src/stm32l4xx_hal_tim_ex.c **** 
 646:Drivers/STM32L4xx_HAL_Driver/Src/stm32l4xx_hal_tim_ex.c ****   /* Enable the Main Output */
 647:Drivers/STM32L4xx_HAL_Driver/Src/stm32l4xx_hal_tim_ex.c ****   __HAL_TIM_MOE_ENABLE(htim);
 648:Drivers/STM32L4xx_HAL_Driver/Src/stm32l4xx_hal_tim_ex.c **** 
 649:Drivers/STM32L4xx_HAL_Driver/Src/stm32l4xx_hal_tim_ex.c ****   /* Enable the Peripheral, except in trigger mode where enable is automatically done with trigger 
 650:Drivers/STM32L4xx_HAL_Driver/Src/stm32l4xx_hal_tim_ex.c ****   if (IS_TIM_SLAVE_INSTANCE(htim->Instance))
 651:Drivers/STM32L4xx_HAL_Driver/Src/stm32l4xx_hal_tim_ex.c ****   {
 652:Drivers/STM32L4xx_HAL_Driver/Src/stm32l4xx_hal_tim_ex.c ****     tmpsmcr = htim->Instance->SMCR & TIM_SMCR_SMS;
 653:Drivers/STM32L4xx_HAL_Driver/Src/stm32l4xx_hal_tim_ex.c ****     if (!IS_TIM_SLAVEMODE_TRIGGER_ENABLED(tmpsmcr))
 654:Drivers/STM32L4xx_HAL_Driver/Src/stm32l4xx_hal_tim_ex.c ****     {
 655:Drivers/STM32L4xx_HAL_Driver/Src/stm32l4xx_hal_tim_ex.c ****       __HAL_TIM_ENABLE(htim);
 656:Drivers/STM32L4xx_HAL_Driver/Src/stm32l4xx_hal_tim_ex.c ****     }
 657:Drivers/STM32L4xx_HAL_Driver/Src/stm32l4xx_hal_tim_ex.c ****   }
ARM GAS  /tmp/ccRvkrha.s 			page 13


 658:Drivers/STM32L4xx_HAL_Driver/Src/stm32l4xx_hal_tim_ex.c ****   else
 659:Drivers/STM32L4xx_HAL_Driver/Src/stm32l4xx_hal_tim_ex.c ****   {
 660:Drivers/STM32L4xx_HAL_Driver/Src/stm32l4xx_hal_tim_ex.c ****     __HAL_TIM_ENABLE(htim);
 661:Drivers/STM32L4xx_HAL_Driver/Src/stm32l4xx_hal_tim_ex.c ****   }
 662:Drivers/STM32L4xx_HAL_Driver/Src/stm32l4xx_hal_tim_ex.c **** 
 663:Drivers/STM32L4xx_HAL_Driver/Src/stm32l4xx_hal_tim_ex.c ****   /* Return function status */
 664:Drivers/STM32L4xx_HAL_Driver/Src/stm32l4xx_hal_tim_ex.c ****   return HAL_OK;
 665:Drivers/STM32L4xx_HAL_Driver/Src/stm32l4xx_hal_tim_ex.c **** }
 666:Drivers/STM32L4xx_HAL_Driver/Src/stm32l4xx_hal_tim_ex.c **** 
 667:Drivers/STM32L4xx_HAL_Driver/Src/stm32l4xx_hal_tim_ex.c **** /**
 668:Drivers/STM32L4xx_HAL_Driver/Src/stm32l4xx_hal_tim_ex.c ****   * @brief  Stops the TIM Output Compare signal generation on the complementary
 669:Drivers/STM32L4xx_HAL_Driver/Src/stm32l4xx_hal_tim_ex.c ****   *         output.
 670:Drivers/STM32L4xx_HAL_Driver/Src/stm32l4xx_hal_tim_ex.c ****   * @param  htim TIM handle
 671:Drivers/STM32L4xx_HAL_Driver/Src/stm32l4xx_hal_tim_ex.c ****   * @param  Channel TIM Channel to be disabled
 672:Drivers/STM32L4xx_HAL_Driver/Src/stm32l4xx_hal_tim_ex.c ****   *          This parameter can be one of the following values:
 673:Drivers/STM32L4xx_HAL_Driver/Src/stm32l4xx_hal_tim_ex.c ****   *            @arg TIM_CHANNEL_1: TIM Channel 1 selected
 674:Drivers/STM32L4xx_HAL_Driver/Src/stm32l4xx_hal_tim_ex.c ****   *            @arg TIM_CHANNEL_2: TIM Channel 2 selected
 675:Drivers/STM32L4xx_HAL_Driver/Src/stm32l4xx_hal_tim_ex.c ****   *            @arg TIM_CHANNEL_3: TIM Channel 3 selected
 676:Drivers/STM32L4xx_HAL_Driver/Src/stm32l4xx_hal_tim_ex.c ****   * @retval HAL status
 677:Drivers/STM32L4xx_HAL_Driver/Src/stm32l4xx_hal_tim_ex.c ****   */
 678:Drivers/STM32L4xx_HAL_Driver/Src/stm32l4xx_hal_tim_ex.c **** HAL_StatusTypeDef HAL_TIMEx_OCN_Stop(TIM_HandleTypeDef *htim, uint32_t Channel)
 679:Drivers/STM32L4xx_HAL_Driver/Src/stm32l4xx_hal_tim_ex.c **** {
 680:Drivers/STM32L4xx_HAL_Driver/Src/stm32l4xx_hal_tim_ex.c ****   /* Check the parameters */
 681:Drivers/STM32L4xx_HAL_Driver/Src/stm32l4xx_hal_tim_ex.c ****   assert_param(IS_TIM_CCXN_INSTANCE(htim->Instance, Channel));
 682:Drivers/STM32L4xx_HAL_Driver/Src/stm32l4xx_hal_tim_ex.c **** 
 683:Drivers/STM32L4xx_HAL_Driver/Src/stm32l4xx_hal_tim_ex.c ****   /* Disable the Capture compare channel N */
 684:Drivers/STM32L4xx_HAL_Driver/Src/stm32l4xx_hal_tim_ex.c ****   TIM_CCxNChannelCmd(htim->Instance, Channel, TIM_CCxN_DISABLE);
 685:Drivers/STM32L4xx_HAL_Driver/Src/stm32l4xx_hal_tim_ex.c **** 
 686:Drivers/STM32L4xx_HAL_Driver/Src/stm32l4xx_hal_tim_ex.c ****   /* Disable the Main Output */
 687:Drivers/STM32L4xx_HAL_Driver/Src/stm32l4xx_hal_tim_ex.c ****   __HAL_TIM_MOE_DISABLE(htim);
 688:Drivers/STM32L4xx_HAL_Driver/Src/stm32l4xx_hal_tim_ex.c **** 
 689:Drivers/STM32L4xx_HAL_Driver/Src/stm32l4xx_hal_tim_ex.c ****   /* Disable the Peripheral */
 690:Drivers/STM32L4xx_HAL_Driver/Src/stm32l4xx_hal_tim_ex.c ****   __HAL_TIM_DISABLE(htim);
 691:Drivers/STM32L4xx_HAL_Driver/Src/stm32l4xx_hal_tim_ex.c **** 
 692:Drivers/STM32L4xx_HAL_Driver/Src/stm32l4xx_hal_tim_ex.c ****   /* Set the TIM complementary channel state */
 693:Drivers/STM32L4xx_HAL_Driver/Src/stm32l4xx_hal_tim_ex.c ****   TIM_CHANNEL_N_STATE_SET(htim, Channel, HAL_TIM_CHANNEL_STATE_READY);
 694:Drivers/STM32L4xx_HAL_Driver/Src/stm32l4xx_hal_tim_ex.c **** 
 695:Drivers/STM32L4xx_HAL_Driver/Src/stm32l4xx_hal_tim_ex.c ****   /* Return function status */
 696:Drivers/STM32L4xx_HAL_Driver/Src/stm32l4xx_hal_tim_ex.c ****   return HAL_OK;
 697:Drivers/STM32L4xx_HAL_Driver/Src/stm32l4xx_hal_tim_ex.c **** }
 698:Drivers/STM32L4xx_HAL_Driver/Src/stm32l4xx_hal_tim_ex.c **** 
 699:Drivers/STM32L4xx_HAL_Driver/Src/stm32l4xx_hal_tim_ex.c **** /**
 700:Drivers/STM32L4xx_HAL_Driver/Src/stm32l4xx_hal_tim_ex.c ****   * @brief  Starts the TIM Output Compare signal generation in interrupt mode
 701:Drivers/STM32L4xx_HAL_Driver/Src/stm32l4xx_hal_tim_ex.c ****   *         on the complementary output.
 702:Drivers/STM32L4xx_HAL_Driver/Src/stm32l4xx_hal_tim_ex.c ****   * @param  htim TIM OC handle
 703:Drivers/STM32L4xx_HAL_Driver/Src/stm32l4xx_hal_tim_ex.c ****   * @param  Channel TIM Channel to be enabled
 704:Drivers/STM32L4xx_HAL_Driver/Src/stm32l4xx_hal_tim_ex.c ****   *          This parameter can be one of the following values:
 705:Drivers/STM32L4xx_HAL_Driver/Src/stm32l4xx_hal_tim_ex.c ****   *            @arg TIM_CHANNEL_1: TIM Channel 1 selected
 706:Drivers/STM32L4xx_HAL_Driver/Src/stm32l4xx_hal_tim_ex.c ****   *            @arg TIM_CHANNEL_2: TIM Channel 2 selected
 707:Drivers/STM32L4xx_HAL_Driver/Src/stm32l4xx_hal_tim_ex.c ****   *            @arg TIM_CHANNEL_3: TIM Channel 3 selected
 708:Drivers/STM32L4xx_HAL_Driver/Src/stm32l4xx_hal_tim_ex.c ****   * @retval HAL status
 709:Drivers/STM32L4xx_HAL_Driver/Src/stm32l4xx_hal_tim_ex.c ****   */
 710:Drivers/STM32L4xx_HAL_Driver/Src/stm32l4xx_hal_tim_ex.c **** HAL_StatusTypeDef HAL_TIMEx_OCN_Start_IT(TIM_HandleTypeDef *htim, uint32_t Channel)
 711:Drivers/STM32L4xx_HAL_Driver/Src/stm32l4xx_hal_tim_ex.c **** {
 712:Drivers/STM32L4xx_HAL_Driver/Src/stm32l4xx_hal_tim_ex.c ****   HAL_StatusTypeDef status = HAL_OK;
 713:Drivers/STM32L4xx_HAL_Driver/Src/stm32l4xx_hal_tim_ex.c ****   uint32_t tmpsmcr;
 714:Drivers/STM32L4xx_HAL_Driver/Src/stm32l4xx_hal_tim_ex.c **** 
ARM GAS  /tmp/ccRvkrha.s 			page 14


 715:Drivers/STM32L4xx_HAL_Driver/Src/stm32l4xx_hal_tim_ex.c ****   /* Check the parameters */
 716:Drivers/STM32L4xx_HAL_Driver/Src/stm32l4xx_hal_tim_ex.c ****   assert_param(IS_TIM_CCXN_INSTANCE(htim->Instance, Channel));
 717:Drivers/STM32L4xx_HAL_Driver/Src/stm32l4xx_hal_tim_ex.c **** 
 718:Drivers/STM32L4xx_HAL_Driver/Src/stm32l4xx_hal_tim_ex.c ****   /* Check the TIM complementary channel state */
 719:Drivers/STM32L4xx_HAL_Driver/Src/stm32l4xx_hal_tim_ex.c ****   if (TIM_CHANNEL_N_STATE_GET(htim, Channel) != HAL_TIM_CHANNEL_STATE_READY)
 720:Drivers/STM32L4xx_HAL_Driver/Src/stm32l4xx_hal_tim_ex.c ****   {
 721:Drivers/STM32L4xx_HAL_Driver/Src/stm32l4xx_hal_tim_ex.c ****     return HAL_ERROR;
 722:Drivers/STM32L4xx_HAL_Driver/Src/stm32l4xx_hal_tim_ex.c ****   }
 723:Drivers/STM32L4xx_HAL_Driver/Src/stm32l4xx_hal_tim_ex.c **** 
 724:Drivers/STM32L4xx_HAL_Driver/Src/stm32l4xx_hal_tim_ex.c ****   /* Set the TIM complementary channel state */
 725:Drivers/STM32L4xx_HAL_Driver/Src/stm32l4xx_hal_tim_ex.c ****   TIM_CHANNEL_N_STATE_SET(htim, Channel, HAL_TIM_CHANNEL_STATE_BUSY);
 726:Drivers/STM32L4xx_HAL_Driver/Src/stm32l4xx_hal_tim_ex.c **** 
 727:Drivers/STM32L4xx_HAL_Driver/Src/stm32l4xx_hal_tim_ex.c ****   switch (Channel)
 728:Drivers/STM32L4xx_HAL_Driver/Src/stm32l4xx_hal_tim_ex.c ****   {
 729:Drivers/STM32L4xx_HAL_Driver/Src/stm32l4xx_hal_tim_ex.c ****     case TIM_CHANNEL_1:
 730:Drivers/STM32L4xx_HAL_Driver/Src/stm32l4xx_hal_tim_ex.c ****     {
 731:Drivers/STM32L4xx_HAL_Driver/Src/stm32l4xx_hal_tim_ex.c ****       /* Enable the TIM Output Compare interrupt */
 732:Drivers/STM32L4xx_HAL_Driver/Src/stm32l4xx_hal_tim_ex.c ****       __HAL_TIM_ENABLE_IT(htim, TIM_IT_CC1);
 733:Drivers/STM32L4xx_HAL_Driver/Src/stm32l4xx_hal_tim_ex.c ****       break;
 734:Drivers/STM32L4xx_HAL_Driver/Src/stm32l4xx_hal_tim_ex.c ****     }
 735:Drivers/STM32L4xx_HAL_Driver/Src/stm32l4xx_hal_tim_ex.c **** 
 736:Drivers/STM32L4xx_HAL_Driver/Src/stm32l4xx_hal_tim_ex.c ****     case TIM_CHANNEL_2:
 737:Drivers/STM32L4xx_HAL_Driver/Src/stm32l4xx_hal_tim_ex.c ****     {
 738:Drivers/STM32L4xx_HAL_Driver/Src/stm32l4xx_hal_tim_ex.c ****       /* Enable the TIM Output Compare interrupt */
 739:Drivers/STM32L4xx_HAL_Driver/Src/stm32l4xx_hal_tim_ex.c ****       __HAL_TIM_ENABLE_IT(htim, TIM_IT_CC2);
 740:Drivers/STM32L4xx_HAL_Driver/Src/stm32l4xx_hal_tim_ex.c ****       break;
 741:Drivers/STM32L4xx_HAL_Driver/Src/stm32l4xx_hal_tim_ex.c ****     }
 742:Drivers/STM32L4xx_HAL_Driver/Src/stm32l4xx_hal_tim_ex.c **** 
 743:Drivers/STM32L4xx_HAL_Driver/Src/stm32l4xx_hal_tim_ex.c ****     case TIM_CHANNEL_3:
 744:Drivers/STM32L4xx_HAL_Driver/Src/stm32l4xx_hal_tim_ex.c ****     {
 745:Drivers/STM32L4xx_HAL_Driver/Src/stm32l4xx_hal_tim_ex.c ****       /* Enable the TIM Output Compare interrupt */
 746:Drivers/STM32L4xx_HAL_Driver/Src/stm32l4xx_hal_tim_ex.c ****       __HAL_TIM_ENABLE_IT(htim, TIM_IT_CC3);
 747:Drivers/STM32L4xx_HAL_Driver/Src/stm32l4xx_hal_tim_ex.c ****       break;
 748:Drivers/STM32L4xx_HAL_Driver/Src/stm32l4xx_hal_tim_ex.c ****     }
 749:Drivers/STM32L4xx_HAL_Driver/Src/stm32l4xx_hal_tim_ex.c **** 
 750:Drivers/STM32L4xx_HAL_Driver/Src/stm32l4xx_hal_tim_ex.c **** 
 751:Drivers/STM32L4xx_HAL_Driver/Src/stm32l4xx_hal_tim_ex.c ****     default:
 752:Drivers/STM32L4xx_HAL_Driver/Src/stm32l4xx_hal_tim_ex.c ****       status = HAL_ERROR;
 753:Drivers/STM32L4xx_HAL_Driver/Src/stm32l4xx_hal_tim_ex.c ****       break;
 754:Drivers/STM32L4xx_HAL_Driver/Src/stm32l4xx_hal_tim_ex.c ****   }
 755:Drivers/STM32L4xx_HAL_Driver/Src/stm32l4xx_hal_tim_ex.c **** 
 756:Drivers/STM32L4xx_HAL_Driver/Src/stm32l4xx_hal_tim_ex.c ****   if (status == HAL_OK)
 757:Drivers/STM32L4xx_HAL_Driver/Src/stm32l4xx_hal_tim_ex.c ****   {
 758:Drivers/STM32L4xx_HAL_Driver/Src/stm32l4xx_hal_tim_ex.c ****     /* Enable the TIM Break interrupt */
 759:Drivers/STM32L4xx_HAL_Driver/Src/stm32l4xx_hal_tim_ex.c ****     __HAL_TIM_ENABLE_IT(htim, TIM_IT_BREAK);
 760:Drivers/STM32L4xx_HAL_Driver/Src/stm32l4xx_hal_tim_ex.c **** 
 761:Drivers/STM32L4xx_HAL_Driver/Src/stm32l4xx_hal_tim_ex.c ****     /* Enable the Capture compare channel N */
 762:Drivers/STM32L4xx_HAL_Driver/Src/stm32l4xx_hal_tim_ex.c ****     TIM_CCxNChannelCmd(htim->Instance, Channel, TIM_CCxN_ENABLE);
 763:Drivers/STM32L4xx_HAL_Driver/Src/stm32l4xx_hal_tim_ex.c **** 
 764:Drivers/STM32L4xx_HAL_Driver/Src/stm32l4xx_hal_tim_ex.c ****     /* Enable the Main Output */
 765:Drivers/STM32L4xx_HAL_Driver/Src/stm32l4xx_hal_tim_ex.c ****     __HAL_TIM_MOE_ENABLE(htim);
 766:Drivers/STM32L4xx_HAL_Driver/Src/stm32l4xx_hal_tim_ex.c **** 
 767:Drivers/STM32L4xx_HAL_Driver/Src/stm32l4xx_hal_tim_ex.c ****     /* Enable the Peripheral, except in trigger mode where enable is automatically done with trigge
 768:Drivers/STM32L4xx_HAL_Driver/Src/stm32l4xx_hal_tim_ex.c ****     if (IS_TIM_SLAVE_INSTANCE(htim->Instance))
 769:Drivers/STM32L4xx_HAL_Driver/Src/stm32l4xx_hal_tim_ex.c ****     {
 770:Drivers/STM32L4xx_HAL_Driver/Src/stm32l4xx_hal_tim_ex.c ****       tmpsmcr = htim->Instance->SMCR & TIM_SMCR_SMS;
 771:Drivers/STM32L4xx_HAL_Driver/Src/stm32l4xx_hal_tim_ex.c ****       if (!IS_TIM_SLAVEMODE_TRIGGER_ENABLED(tmpsmcr))
ARM GAS  /tmp/ccRvkrha.s 			page 15


 772:Drivers/STM32L4xx_HAL_Driver/Src/stm32l4xx_hal_tim_ex.c ****       {
 773:Drivers/STM32L4xx_HAL_Driver/Src/stm32l4xx_hal_tim_ex.c ****         __HAL_TIM_ENABLE(htim);
 774:Drivers/STM32L4xx_HAL_Driver/Src/stm32l4xx_hal_tim_ex.c ****       }
 775:Drivers/STM32L4xx_HAL_Driver/Src/stm32l4xx_hal_tim_ex.c ****     }
 776:Drivers/STM32L4xx_HAL_Driver/Src/stm32l4xx_hal_tim_ex.c ****     else
 777:Drivers/STM32L4xx_HAL_Driver/Src/stm32l4xx_hal_tim_ex.c ****     {
 778:Drivers/STM32L4xx_HAL_Driver/Src/stm32l4xx_hal_tim_ex.c ****       __HAL_TIM_ENABLE(htim);
 779:Drivers/STM32L4xx_HAL_Driver/Src/stm32l4xx_hal_tim_ex.c ****     }
 780:Drivers/STM32L4xx_HAL_Driver/Src/stm32l4xx_hal_tim_ex.c ****   }
 781:Drivers/STM32L4xx_HAL_Driver/Src/stm32l4xx_hal_tim_ex.c **** 
 782:Drivers/STM32L4xx_HAL_Driver/Src/stm32l4xx_hal_tim_ex.c ****   /* Return function status */
 783:Drivers/STM32L4xx_HAL_Driver/Src/stm32l4xx_hal_tim_ex.c ****   return status;
 784:Drivers/STM32L4xx_HAL_Driver/Src/stm32l4xx_hal_tim_ex.c **** }
 785:Drivers/STM32L4xx_HAL_Driver/Src/stm32l4xx_hal_tim_ex.c **** 
 786:Drivers/STM32L4xx_HAL_Driver/Src/stm32l4xx_hal_tim_ex.c **** /**
 787:Drivers/STM32L4xx_HAL_Driver/Src/stm32l4xx_hal_tim_ex.c ****   * @brief  Stops the TIM Output Compare signal generation in interrupt mode
 788:Drivers/STM32L4xx_HAL_Driver/Src/stm32l4xx_hal_tim_ex.c ****   *         on the complementary output.
 789:Drivers/STM32L4xx_HAL_Driver/Src/stm32l4xx_hal_tim_ex.c ****   * @param  htim TIM Output Compare handle
 790:Drivers/STM32L4xx_HAL_Driver/Src/stm32l4xx_hal_tim_ex.c ****   * @param  Channel TIM Channel to be disabled
 791:Drivers/STM32L4xx_HAL_Driver/Src/stm32l4xx_hal_tim_ex.c ****   *          This parameter can be one of the following values:
 792:Drivers/STM32L4xx_HAL_Driver/Src/stm32l4xx_hal_tim_ex.c ****   *            @arg TIM_CHANNEL_1: TIM Channel 1 selected
 793:Drivers/STM32L4xx_HAL_Driver/Src/stm32l4xx_hal_tim_ex.c ****   *            @arg TIM_CHANNEL_2: TIM Channel 2 selected
 794:Drivers/STM32L4xx_HAL_Driver/Src/stm32l4xx_hal_tim_ex.c ****   *            @arg TIM_CHANNEL_3: TIM Channel 3 selected
 795:Drivers/STM32L4xx_HAL_Driver/Src/stm32l4xx_hal_tim_ex.c ****   * @retval HAL status
 796:Drivers/STM32L4xx_HAL_Driver/Src/stm32l4xx_hal_tim_ex.c ****   */
 797:Drivers/STM32L4xx_HAL_Driver/Src/stm32l4xx_hal_tim_ex.c **** HAL_StatusTypeDef HAL_TIMEx_OCN_Stop_IT(TIM_HandleTypeDef *htim, uint32_t Channel)
 798:Drivers/STM32L4xx_HAL_Driver/Src/stm32l4xx_hal_tim_ex.c **** {
 799:Drivers/STM32L4xx_HAL_Driver/Src/stm32l4xx_hal_tim_ex.c ****   HAL_StatusTypeDef status = HAL_OK;
 800:Drivers/STM32L4xx_HAL_Driver/Src/stm32l4xx_hal_tim_ex.c ****   uint32_t tmpccer;
 801:Drivers/STM32L4xx_HAL_Driver/Src/stm32l4xx_hal_tim_ex.c **** 
 802:Drivers/STM32L4xx_HAL_Driver/Src/stm32l4xx_hal_tim_ex.c ****   /* Check the parameters */
 803:Drivers/STM32L4xx_HAL_Driver/Src/stm32l4xx_hal_tim_ex.c ****   assert_param(IS_TIM_CCXN_INSTANCE(htim->Instance, Channel));
 804:Drivers/STM32L4xx_HAL_Driver/Src/stm32l4xx_hal_tim_ex.c **** 
 805:Drivers/STM32L4xx_HAL_Driver/Src/stm32l4xx_hal_tim_ex.c ****   switch (Channel)
 806:Drivers/STM32L4xx_HAL_Driver/Src/stm32l4xx_hal_tim_ex.c ****   {
 807:Drivers/STM32L4xx_HAL_Driver/Src/stm32l4xx_hal_tim_ex.c ****     case TIM_CHANNEL_1:
 808:Drivers/STM32L4xx_HAL_Driver/Src/stm32l4xx_hal_tim_ex.c ****     {
 809:Drivers/STM32L4xx_HAL_Driver/Src/stm32l4xx_hal_tim_ex.c ****       /* Disable the TIM Output Compare interrupt */
 810:Drivers/STM32L4xx_HAL_Driver/Src/stm32l4xx_hal_tim_ex.c ****       __HAL_TIM_DISABLE_IT(htim, TIM_IT_CC1);
 811:Drivers/STM32L4xx_HAL_Driver/Src/stm32l4xx_hal_tim_ex.c ****       break;
 812:Drivers/STM32L4xx_HAL_Driver/Src/stm32l4xx_hal_tim_ex.c ****     }
 813:Drivers/STM32L4xx_HAL_Driver/Src/stm32l4xx_hal_tim_ex.c **** 
 814:Drivers/STM32L4xx_HAL_Driver/Src/stm32l4xx_hal_tim_ex.c ****     case TIM_CHANNEL_2:
 815:Drivers/STM32L4xx_HAL_Driver/Src/stm32l4xx_hal_tim_ex.c ****     {
 816:Drivers/STM32L4xx_HAL_Driver/Src/stm32l4xx_hal_tim_ex.c ****       /* Disable the TIM Output Compare interrupt */
 817:Drivers/STM32L4xx_HAL_Driver/Src/stm32l4xx_hal_tim_ex.c ****       __HAL_TIM_DISABLE_IT(htim, TIM_IT_CC2);
 818:Drivers/STM32L4xx_HAL_Driver/Src/stm32l4xx_hal_tim_ex.c ****       break;
 819:Drivers/STM32L4xx_HAL_Driver/Src/stm32l4xx_hal_tim_ex.c ****     }
 820:Drivers/STM32L4xx_HAL_Driver/Src/stm32l4xx_hal_tim_ex.c **** 
 821:Drivers/STM32L4xx_HAL_Driver/Src/stm32l4xx_hal_tim_ex.c ****     case TIM_CHANNEL_3:
 822:Drivers/STM32L4xx_HAL_Driver/Src/stm32l4xx_hal_tim_ex.c ****     {
 823:Drivers/STM32L4xx_HAL_Driver/Src/stm32l4xx_hal_tim_ex.c ****       /* Disable the TIM Output Compare interrupt */
 824:Drivers/STM32L4xx_HAL_Driver/Src/stm32l4xx_hal_tim_ex.c ****       __HAL_TIM_DISABLE_IT(htim, TIM_IT_CC3);
 825:Drivers/STM32L4xx_HAL_Driver/Src/stm32l4xx_hal_tim_ex.c ****       break;
 826:Drivers/STM32L4xx_HAL_Driver/Src/stm32l4xx_hal_tim_ex.c ****     }
 827:Drivers/STM32L4xx_HAL_Driver/Src/stm32l4xx_hal_tim_ex.c **** 
 828:Drivers/STM32L4xx_HAL_Driver/Src/stm32l4xx_hal_tim_ex.c ****     default:
ARM GAS  /tmp/ccRvkrha.s 			page 16


 829:Drivers/STM32L4xx_HAL_Driver/Src/stm32l4xx_hal_tim_ex.c ****       status = HAL_ERROR;
 830:Drivers/STM32L4xx_HAL_Driver/Src/stm32l4xx_hal_tim_ex.c ****       break;
 831:Drivers/STM32L4xx_HAL_Driver/Src/stm32l4xx_hal_tim_ex.c ****   }
 832:Drivers/STM32L4xx_HAL_Driver/Src/stm32l4xx_hal_tim_ex.c **** 
 833:Drivers/STM32L4xx_HAL_Driver/Src/stm32l4xx_hal_tim_ex.c ****   if (status == HAL_OK)
 834:Drivers/STM32L4xx_HAL_Driver/Src/stm32l4xx_hal_tim_ex.c ****   {
 835:Drivers/STM32L4xx_HAL_Driver/Src/stm32l4xx_hal_tim_ex.c ****     /* Disable the Capture compare channel N */
 836:Drivers/STM32L4xx_HAL_Driver/Src/stm32l4xx_hal_tim_ex.c ****     TIM_CCxNChannelCmd(htim->Instance, Channel, TIM_CCxN_DISABLE);
 837:Drivers/STM32L4xx_HAL_Driver/Src/stm32l4xx_hal_tim_ex.c **** 
 838:Drivers/STM32L4xx_HAL_Driver/Src/stm32l4xx_hal_tim_ex.c ****     /* Disable the TIM Break interrupt (only if no more channel is active) */
 839:Drivers/STM32L4xx_HAL_Driver/Src/stm32l4xx_hal_tim_ex.c ****     tmpccer = htim->Instance->CCER;
 840:Drivers/STM32L4xx_HAL_Driver/Src/stm32l4xx_hal_tim_ex.c ****     if ((tmpccer & TIM_CCER_CCxNE_MASK) == (uint32_t)RESET)
 841:Drivers/STM32L4xx_HAL_Driver/Src/stm32l4xx_hal_tim_ex.c ****     {
 842:Drivers/STM32L4xx_HAL_Driver/Src/stm32l4xx_hal_tim_ex.c ****       __HAL_TIM_DISABLE_IT(htim, TIM_IT_BREAK);
 843:Drivers/STM32L4xx_HAL_Driver/Src/stm32l4xx_hal_tim_ex.c ****     }
 844:Drivers/STM32L4xx_HAL_Driver/Src/stm32l4xx_hal_tim_ex.c **** 
 845:Drivers/STM32L4xx_HAL_Driver/Src/stm32l4xx_hal_tim_ex.c ****     /* Disable the Main Output */
 846:Drivers/STM32L4xx_HAL_Driver/Src/stm32l4xx_hal_tim_ex.c ****     __HAL_TIM_MOE_DISABLE(htim);
 847:Drivers/STM32L4xx_HAL_Driver/Src/stm32l4xx_hal_tim_ex.c **** 
 848:Drivers/STM32L4xx_HAL_Driver/Src/stm32l4xx_hal_tim_ex.c ****     /* Disable the Peripheral */
 849:Drivers/STM32L4xx_HAL_Driver/Src/stm32l4xx_hal_tim_ex.c ****     __HAL_TIM_DISABLE(htim);
 850:Drivers/STM32L4xx_HAL_Driver/Src/stm32l4xx_hal_tim_ex.c **** 
 851:Drivers/STM32L4xx_HAL_Driver/Src/stm32l4xx_hal_tim_ex.c ****     /* Set the TIM complementary channel state */
 852:Drivers/STM32L4xx_HAL_Driver/Src/stm32l4xx_hal_tim_ex.c ****     TIM_CHANNEL_N_STATE_SET(htim, Channel, HAL_TIM_CHANNEL_STATE_READY);
 853:Drivers/STM32L4xx_HAL_Driver/Src/stm32l4xx_hal_tim_ex.c ****   }
 854:Drivers/STM32L4xx_HAL_Driver/Src/stm32l4xx_hal_tim_ex.c **** 
 855:Drivers/STM32L4xx_HAL_Driver/Src/stm32l4xx_hal_tim_ex.c ****   /* Return function status */
 856:Drivers/STM32L4xx_HAL_Driver/Src/stm32l4xx_hal_tim_ex.c ****   return status;
 857:Drivers/STM32L4xx_HAL_Driver/Src/stm32l4xx_hal_tim_ex.c **** }
 858:Drivers/STM32L4xx_HAL_Driver/Src/stm32l4xx_hal_tim_ex.c **** 
 859:Drivers/STM32L4xx_HAL_Driver/Src/stm32l4xx_hal_tim_ex.c **** /**
 860:Drivers/STM32L4xx_HAL_Driver/Src/stm32l4xx_hal_tim_ex.c ****   * @brief  Starts the TIM Output Compare signal generation in DMA mode
 861:Drivers/STM32L4xx_HAL_Driver/Src/stm32l4xx_hal_tim_ex.c ****   *         on the complementary output.
 862:Drivers/STM32L4xx_HAL_Driver/Src/stm32l4xx_hal_tim_ex.c ****   * @param  htim TIM Output Compare handle
 863:Drivers/STM32L4xx_HAL_Driver/Src/stm32l4xx_hal_tim_ex.c ****   * @param  Channel TIM Channel to be enabled
 864:Drivers/STM32L4xx_HAL_Driver/Src/stm32l4xx_hal_tim_ex.c ****   *          This parameter can be one of the following values:
 865:Drivers/STM32L4xx_HAL_Driver/Src/stm32l4xx_hal_tim_ex.c ****   *            @arg TIM_CHANNEL_1: TIM Channel 1 selected
 866:Drivers/STM32L4xx_HAL_Driver/Src/stm32l4xx_hal_tim_ex.c ****   *            @arg TIM_CHANNEL_2: TIM Channel 2 selected
 867:Drivers/STM32L4xx_HAL_Driver/Src/stm32l4xx_hal_tim_ex.c ****   *            @arg TIM_CHANNEL_3: TIM Channel 3 selected
 868:Drivers/STM32L4xx_HAL_Driver/Src/stm32l4xx_hal_tim_ex.c ****   * @param  pData The source Buffer address.
 869:Drivers/STM32L4xx_HAL_Driver/Src/stm32l4xx_hal_tim_ex.c ****   * @param  Length The length of data to be transferred from memory to TIM peripheral
 870:Drivers/STM32L4xx_HAL_Driver/Src/stm32l4xx_hal_tim_ex.c ****   * @retval HAL status
 871:Drivers/STM32L4xx_HAL_Driver/Src/stm32l4xx_hal_tim_ex.c ****   */
 872:Drivers/STM32L4xx_HAL_Driver/Src/stm32l4xx_hal_tim_ex.c **** HAL_StatusTypeDef HAL_TIMEx_OCN_Start_DMA(TIM_HandleTypeDef *htim, uint32_t Channel, const uint32_t
 873:Drivers/STM32L4xx_HAL_Driver/Src/stm32l4xx_hal_tim_ex.c ****                                           uint16_t Length)
 874:Drivers/STM32L4xx_HAL_Driver/Src/stm32l4xx_hal_tim_ex.c **** {
 875:Drivers/STM32L4xx_HAL_Driver/Src/stm32l4xx_hal_tim_ex.c ****   HAL_StatusTypeDef status = HAL_OK;
 876:Drivers/STM32L4xx_HAL_Driver/Src/stm32l4xx_hal_tim_ex.c ****   uint32_t tmpsmcr;
 877:Drivers/STM32L4xx_HAL_Driver/Src/stm32l4xx_hal_tim_ex.c **** 
 878:Drivers/STM32L4xx_HAL_Driver/Src/stm32l4xx_hal_tim_ex.c ****   /* Check the parameters */
 879:Drivers/STM32L4xx_HAL_Driver/Src/stm32l4xx_hal_tim_ex.c ****   assert_param(IS_TIM_CCXN_INSTANCE(htim->Instance, Channel));
 880:Drivers/STM32L4xx_HAL_Driver/Src/stm32l4xx_hal_tim_ex.c **** 
 881:Drivers/STM32L4xx_HAL_Driver/Src/stm32l4xx_hal_tim_ex.c ****   /* Set the TIM complementary channel state */
 882:Drivers/STM32L4xx_HAL_Driver/Src/stm32l4xx_hal_tim_ex.c ****   if (TIM_CHANNEL_N_STATE_GET(htim, Channel) == HAL_TIM_CHANNEL_STATE_BUSY)
 883:Drivers/STM32L4xx_HAL_Driver/Src/stm32l4xx_hal_tim_ex.c ****   {
 884:Drivers/STM32L4xx_HAL_Driver/Src/stm32l4xx_hal_tim_ex.c ****     return HAL_BUSY;
 885:Drivers/STM32L4xx_HAL_Driver/Src/stm32l4xx_hal_tim_ex.c ****   }
ARM GAS  /tmp/ccRvkrha.s 			page 17


 886:Drivers/STM32L4xx_HAL_Driver/Src/stm32l4xx_hal_tim_ex.c ****   else if (TIM_CHANNEL_N_STATE_GET(htim, Channel) == HAL_TIM_CHANNEL_STATE_READY)
 887:Drivers/STM32L4xx_HAL_Driver/Src/stm32l4xx_hal_tim_ex.c ****   {
 888:Drivers/STM32L4xx_HAL_Driver/Src/stm32l4xx_hal_tim_ex.c ****     if ((pData == NULL) || (Length == 0U))
 889:Drivers/STM32L4xx_HAL_Driver/Src/stm32l4xx_hal_tim_ex.c ****     {
 890:Drivers/STM32L4xx_HAL_Driver/Src/stm32l4xx_hal_tim_ex.c ****       return HAL_ERROR;
 891:Drivers/STM32L4xx_HAL_Driver/Src/stm32l4xx_hal_tim_ex.c ****     }
 892:Drivers/STM32L4xx_HAL_Driver/Src/stm32l4xx_hal_tim_ex.c ****     else
 893:Drivers/STM32L4xx_HAL_Driver/Src/stm32l4xx_hal_tim_ex.c ****     {
 894:Drivers/STM32L4xx_HAL_Driver/Src/stm32l4xx_hal_tim_ex.c ****       TIM_CHANNEL_N_STATE_SET(htim, Channel, HAL_TIM_CHANNEL_STATE_BUSY);
 895:Drivers/STM32L4xx_HAL_Driver/Src/stm32l4xx_hal_tim_ex.c ****     }
 896:Drivers/STM32L4xx_HAL_Driver/Src/stm32l4xx_hal_tim_ex.c ****   }
 897:Drivers/STM32L4xx_HAL_Driver/Src/stm32l4xx_hal_tim_ex.c ****   else
 898:Drivers/STM32L4xx_HAL_Driver/Src/stm32l4xx_hal_tim_ex.c ****   {
 899:Drivers/STM32L4xx_HAL_Driver/Src/stm32l4xx_hal_tim_ex.c ****     return HAL_ERROR;
 900:Drivers/STM32L4xx_HAL_Driver/Src/stm32l4xx_hal_tim_ex.c ****   }
 901:Drivers/STM32L4xx_HAL_Driver/Src/stm32l4xx_hal_tim_ex.c **** 
 902:Drivers/STM32L4xx_HAL_Driver/Src/stm32l4xx_hal_tim_ex.c ****   switch (Channel)
 903:Drivers/STM32L4xx_HAL_Driver/Src/stm32l4xx_hal_tim_ex.c ****   {
 904:Drivers/STM32L4xx_HAL_Driver/Src/stm32l4xx_hal_tim_ex.c ****     case TIM_CHANNEL_1:
 905:Drivers/STM32L4xx_HAL_Driver/Src/stm32l4xx_hal_tim_ex.c ****     {
 906:Drivers/STM32L4xx_HAL_Driver/Src/stm32l4xx_hal_tim_ex.c ****       /* Set the DMA compare callbacks */
 907:Drivers/STM32L4xx_HAL_Driver/Src/stm32l4xx_hal_tim_ex.c ****       htim->hdma[TIM_DMA_ID_CC1]->XferCpltCallback = TIM_DMADelayPulseNCplt;
 908:Drivers/STM32L4xx_HAL_Driver/Src/stm32l4xx_hal_tim_ex.c ****       htim->hdma[TIM_DMA_ID_CC1]->XferHalfCpltCallback = TIM_DMADelayPulseHalfCplt;
 909:Drivers/STM32L4xx_HAL_Driver/Src/stm32l4xx_hal_tim_ex.c **** 
 910:Drivers/STM32L4xx_HAL_Driver/Src/stm32l4xx_hal_tim_ex.c ****       /* Set the DMA error callback */
 911:Drivers/STM32L4xx_HAL_Driver/Src/stm32l4xx_hal_tim_ex.c ****       htim->hdma[TIM_DMA_ID_CC1]->XferErrorCallback = TIM_DMAErrorCCxN ;
 912:Drivers/STM32L4xx_HAL_Driver/Src/stm32l4xx_hal_tim_ex.c **** 
 913:Drivers/STM32L4xx_HAL_Driver/Src/stm32l4xx_hal_tim_ex.c ****       /* Enable the DMA channel */
 914:Drivers/STM32L4xx_HAL_Driver/Src/stm32l4xx_hal_tim_ex.c ****       if (HAL_DMA_Start_IT(htim->hdma[TIM_DMA_ID_CC1], (uint32_t)pData, (uint32_t)&htim->Instance->
 915:Drivers/STM32L4xx_HAL_Driver/Src/stm32l4xx_hal_tim_ex.c ****                            Length) != HAL_OK)
 916:Drivers/STM32L4xx_HAL_Driver/Src/stm32l4xx_hal_tim_ex.c ****       {
 917:Drivers/STM32L4xx_HAL_Driver/Src/stm32l4xx_hal_tim_ex.c ****         /* Return error status */
 918:Drivers/STM32L4xx_HAL_Driver/Src/stm32l4xx_hal_tim_ex.c ****         return HAL_ERROR;
 919:Drivers/STM32L4xx_HAL_Driver/Src/stm32l4xx_hal_tim_ex.c ****       }
 920:Drivers/STM32L4xx_HAL_Driver/Src/stm32l4xx_hal_tim_ex.c ****       /* Enable the TIM Output Compare DMA request */
 921:Drivers/STM32L4xx_HAL_Driver/Src/stm32l4xx_hal_tim_ex.c ****       __HAL_TIM_ENABLE_DMA(htim, TIM_DMA_CC1);
 922:Drivers/STM32L4xx_HAL_Driver/Src/stm32l4xx_hal_tim_ex.c ****       break;
 923:Drivers/STM32L4xx_HAL_Driver/Src/stm32l4xx_hal_tim_ex.c ****     }
 924:Drivers/STM32L4xx_HAL_Driver/Src/stm32l4xx_hal_tim_ex.c **** 
 925:Drivers/STM32L4xx_HAL_Driver/Src/stm32l4xx_hal_tim_ex.c ****     case TIM_CHANNEL_2:
 926:Drivers/STM32L4xx_HAL_Driver/Src/stm32l4xx_hal_tim_ex.c ****     {
 927:Drivers/STM32L4xx_HAL_Driver/Src/stm32l4xx_hal_tim_ex.c ****       /* Set the DMA compare callbacks */
 928:Drivers/STM32L4xx_HAL_Driver/Src/stm32l4xx_hal_tim_ex.c ****       htim->hdma[TIM_DMA_ID_CC2]->XferCpltCallback = TIM_DMADelayPulseNCplt;
 929:Drivers/STM32L4xx_HAL_Driver/Src/stm32l4xx_hal_tim_ex.c ****       htim->hdma[TIM_DMA_ID_CC2]->XferHalfCpltCallback = TIM_DMADelayPulseHalfCplt;
 930:Drivers/STM32L4xx_HAL_Driver/Src/stm32l4xx_hal_tim_ex.c **** 
 931:Drivers/STM32L4xx_HAL_Driver/Src/stm32l4xx_hal_tim_ex.c ****       /* Set the DMA error callback */
 932:Drivers/STM32L4xx_HAL_Driver/Src/stm32l4xx_hal_tim_ex.c ****       htim->hdma[TIM_DMA_ID_CC2]->XferErrorCallback = TIM_DMAErrorCCxN ;
 933:Drivers/STM32L4xx_HAL_Driver/Src/stm32l4xx_hal_tim_ex.c **** 
 934:Drivers/STM32L4xx_HAL_Driver/Src/stm32l4xx_hal_tim_ex.c ****       /* Enable the DMA channel */
 935:Drivers/STM32L4xx_HAL_Driver/Src/stm32l4xx_hal_tim_ex.c ****       if (HAL_DMA_Start_IT(htim->hdma[TIM_DMA_ID_CC2], (uint32_t)pData, (uint32_t)&htim->Instance->
 936:Drivers/STM32L4xx_HAL_Driver/Src/stm32l4xx_hal_tim_ex.c ****                            Length) != HAL_OK)
 937:Drivers/STM32L4xx_HAL_Driver/Src/stm32l4xx_hal_tim_ex.c ****       {
 938:Drivers/STM32L4xx_HAL_Driver/Src/stm32l4xx_hal_tim_ex.c ****         /* Return error status */
 939:Drivers/STM32L4xx_HAL_Driver/Src/stm32l4xx_hal_tim_ex.c ****         return HAL_ERROR;
 940:Drivers/STM32L4xx_HAL_Driver/Src/stm32l4xx_hal_tim_ex.c ****       }
 941:Drivers/STM32L4xx_HAL_Driver/Src/stm32l4xx_hal_tim_ex.c ****       /* Enable the TIM Output Compare DMA request */
 942:Drivers/STM32L4xx_HAL_Driver/Src/stm32l4xx_hal_tim_ex.c ****       __HAL_TIM_ENABLE_DMA(htim, TIM_DMA_CC2);
ARM GAS  /tmp/ccRvkrha.s 			page 18


 943:Drivers/STM32L4xx_HAL_Driver/Src/stm32l4xx_hal_tim_ex.c ****       break;
 944:Drivers/STM32L4xx_HAL_Driver/Src/stm32l4xx_hal_tim_ex.c ****     }
 945:Drivers/STM32L4xx_HAL_Driver/Src/stm32l4xx_hal_tim_ex.c **** 
 946:Drivers/STM32L4xx_HAL_Driver/Src/stm32l4xx_hal_tim_ex.c ****     case TIM_CHANNEL_3:
 947:Drivers/STM32L4xx_HAL_Driver/Src/stm32l4xx_hal_tim_ex.c ****     {
 948:Drivers/STM32L4xx_HAL_Driver/Src/stm32l4xx_hal_tim_ex.c ****       /* Set the DMA compare callbacks */
 949:Drivers/STM32L4xx_HAL_Driver/Src/stm32l4xx_hal_tim_ex.c ****       htim->hdma[TIM_DMA_ID_CC3]->XferCpltCallback = TIM_DMADelayPulseNCplt;
 950:Drivers/STM32L4xx_HAL_Driver/Src/stm32l4xx_hal_tim_ex.c ****       htim->hdma[TIM_DMA_ID_CC3]->XferHalfCpltCallback = TIM_DMADelayPulseHalfCplt;
 951:Drivers/STM32L4xx_HAL_Driver/Src/stm32l4xx_hal_tim_ex.c **** 
 952:Drivers/STM32L4xx_HAL_Driver/Src/stm32l4xx_hal_tim_ex.c ****       /* Set the DMA error callback */
 953:Drivers/STM32L4xx_HAL_Driver/Src/stm32l4xx_hal_tim_ex.c ****       htim->hdma[TIM_DMA_ID_CC3]->XferErrorCallback = TIM_DMAErrorCCxN ;
 954:Drivers/STM32L4xx_HAL_Driver/Src/stm32l4xx_hal_tim_ex.c **** 
 955:Drivers/STM32L4xx_HAL_Driver/Src/stm32l4xx_hal_tim_ex.c ****       /* Enable the DMA channel */
 956:Drivers/STM32L4xx_HAL_Driver/Src/stm32l4xx_hal_tim_ex.c ****       if (HAL_DMA_Start_IT(htim->hdma[TIM_DMA_ID_CC3], (uint32_t)pData, (uint32_t)&htim->Instance->
 957:Drivers/STM32L4xx_HAL_Driver/Src/stm32l4xx_hal_tim_ex.c ****                            Length) != HAL_OK)
 958:Drivers/STM32L4xx_HAL_Driver/Src/stm32l4xx_hal_tim_ex.c ****       {
 959:Drivers/STM32L4xx_HAL_Driver/Src/stm32l4xx_hal_tim_ex.c ****         /* Return error status */
 960:Drivers/STM32L4xx_HAL_Driver/Src/stm32l4xx_hal_tim_ex.c ****         return HAL_ERROR;
 961:Drivers/STM32L4xx_HAL_Driver/Src/stm32l4xx_hal_tim_ex.c ****       }
 962:Drivers/STM32L4xx_HAL_Driver/Src/stm32l4xx_hal_tim_ex.c ****       /* Enable the TIM Output Compare DMA request */
 963:Drivers/STM32L4xx_HAL_Driver/Src/stm32l4xx_hal_tim_ex.c ****       __HAL_TIM_ENABLE_DMA(htim, TIM_DMA_CC3);
 964:Drivers/STM32L4xx_HAL_Driver/Src/stm32l4xx_hal_tim_ex.c ****       break;
 965:Drivers/STM32L4xx_HAL_Driver/Src/stm32l4xx_hal_tim_ex.c ****     }
 966:Drivers/STM32L4xx_HAL_Driver/Src/stm32l4xx_hal_tim_ex.c **** 
 967:Drivers/STM32L4xx_HAL_Driver/Src/stm32l4xx_hal_tim_ex.c ****     default:
 968:Drivers/STM32L4xx_HAL_Driver/Src/stm32l4xx_hal_tim_ex.c ****       status = HAL_ERROR;
 969:Drivers/STM32L4xx_HAL_Driver/Src/stm32l4xx_hal_tim_ex.c ****       break;
 970:Drivers/STM32L4xx_HAL_Driver/Src/stm32l4xx_hal_tim_ex.c ****   }
 971:Drivers/STM32L4xx_HAL_Driver/Src/stm32l4xx_hal_tim_ex.c **** 
 972:Drivers/STM32L4xx_HAL_Driver/Src/stm32l4xx_hal_tim_ex.c ****   if (status == HAL_OK)
 973:Drivers/STM32L4xx_HAL_Driver/Src/stm32l4xx_hal_tim_ex.c ****   {
 974:Drivers/STM32L4xx_HAL_Driver/Src/stm32l4xx_hal_tim_ex.c ****     /* Enable the Capture compare channel N */
 975:Drivers/STM32L4xx_HAL_Driver/Src/stm32l4xx_hal_tim_ex.c ****     TIM_CCxNChannelCmd(htim->Instance, Channel, TIM_CCxN_ENABLE);
 976:Drivers/STM32L4xx_HAL_Driver/Src/stm32l4xx_hal_tim_ex.c **** 
 977:Drivers/STM32L4xx_HAL_Driver/Src/stm32l4xx_hal_tim_ex.c ****     /* Enable the Main Output */
 978:Drivers/STM32L4xx_HAL_Driver/Src/stm32l4xx_hal_tim_ex.c ****     __HAL_TIM_MOE_ENABLE(htim);
 979:Drivers/STM32L4xx_HAL_Driver/Src/stm32l4xx_hal_tim_ex.c **** 
 980:Drivers/STM32L4xx_HAL_Driver/Src/stm32l4xx_hal_tim_ex.c ****     /* Enable the Peripheral, except in trigger mode where enable is automatically done with trigge
 981:Drivers/STM32L4xx_HAL_Driver/Src/stm32l4xx_hal_tim_ex.c ****     if (IS_TIM_SLAVE_INSTANCE(htim->Instance))
 982:Drivers/STM32L4xx_HAL_Driver/Src/stm32l4xx_hal_tim_ex.c ****     {
 983:Drivers/STM32L4xx_HAL_Driver/Src/stm32l4xx_hal_tim_ex.c ****       tmpsmcr = htim->Instance->SMCR & TIM_SMCR_SMS;
 984:Drivers/STM32L4xx_HAL_Driver/Src/stm32l4xx_hal_tim_ex.c ****       if (!IS_TIM_SLAVEMODE_TRIGGER_ENABLED(tmpsmcr))
 985:Drivers/STM32L4xx_HAL_Driver/Src/stm32l4xx_hal_tim_ex.c ****       {
 986:Drivers/STM32L4xx_HAL_Driver/Src/stm32l4xx_hal_tim_ex.c ****         __HAL_TIM_ENABLE(htim);
 987:Drivers/STM32L4xx_HAL_Driver/Src/stm32l4xx_hal_tim_ex.c ****       }
 988:Drivers/STM32L4xx_HAL_Driver/Src/stm32l4xx_hal_tim_ex.c ****     }
 989:Drivers/STM32L4xx_HAL_Driver/Src/stm32l4xx_hal_tim_ex.c ****     else
 990:Drivers/STM32L4xx_HAL_Driver/Src/stm32l4xx_hal_tim_ex.c ****     {
 991:Drivers/STM32L4xx_HAL_Driver/Src/stm32l4xx_hal_tim_ex.c ****       __HAL_TIM_ENABLE(htim);
 992:Drivers/STM32L4xx_HAL_Driver/Src/stm32l4xx_hal_tim_ex.c ****     }
 993:Drivers/STM32L4xx_HAL_Driver/Src/stm32l4xx_hal_tim_ex.c ****   }
 994:Drivers/STM32L4xx_HAL_Driver/Src/stm32l4xx_hal_tim_ex.c **** 
 995:Drivers/STM32L4xx_HAL_Driver/Src/stm32l4xx_hal_tim_ex.c ****   /* Return function status */
 996:Drivers/STM32L4xx_HAL_Driver/Src/stm32l4xx_hal_tim_ex.c ****   return status;
 997:Drivers/STM32L4xx_HAL_Driver/Src/stm32l4xx_hal_tim_ex.c **** }
 998:Drivers/STM32L4xx_HAL_Driver/Src/stm32l4xx_hal_tim_ex.c **** 
 999:Drivers/STM32L4xx_HAL_Driver/Src/stm32l4xx_hal_tim_ex.c **** /**
ARM GAS  /tmp/ccRvkrha.s 			page 19


1000:Drivers/STM32L4xx_HAL_Driver/Src/stm32l4xx_hal_tim_ex.c ****   * @brief  Stops the TIM Output Compare signal generation in DMA mode
1001:Drivers/STM32L4xx_HAL_Driver/Src/stm32l4xx_hal_tim_ex.c ****   *         on the complementary output.
1002:Drivers/STM32L4xx_HAL_Driver/Src/stm32l4xx_hal_tim_ex.c ****   * @param  htim TIM Output Compare handle
1003:Drivers/STM32L4xx_HAL_Driver/Src/stm32l4xx_hal_tim_ex.c ****   * @param  Channel TIM Channel to be disabled
1004:Drivers/STM32L4xx_HAL_Driver/Src/stm32l4xx_hal_tim_ex.c ****   *          This parameter can be one of the following values:
1005:Drivers/STM32L4xx_HAL_Driver/Src/stm32l4xx_hal_tim_ex.c ****   *            @arg TIM_CHANNEL_1: TIM Channel 1 selected
1006:Drivers/STM32L4xx_HAL_Driver/Src/stm32l4xx_hal_tim_ex.c ****   *            @arg TIM_CHANNEL_2: TIM Channel 2 selected
1007:Drivers/STM32L4xx_HAL_Driver/Src/stm32l4xx_hal_tim_ex.c ****   *            @arg TIM_CHANNEL_3: TIM Channel 3 selected
1008:Drivers/STM32L4xx_HAL_Driver/Src/stm32l4xx_hal_tim_ex.c ****   * @retval HAL status
1009:Drivers/STM32L4xx_HAL_Driver/Src/stm32l4xx_hal_tim_ex.c ****   */
1010:Drivers/STM32L4xx_HAL_Driver/Src/stm32l4xx_hal_tim_ex.c **** HAL_StatusTypeDef HAL_TIMEx_OCN_Stop_DMA(TIM_HandleTypeDef *htim, uint32_t Channel)
1011:Drivers/STM32L4xx_HAL_Driver/Src/stm32l4xx_hal_tim_ex.c **** {
1012:Drivers/STM32L4xx_HAL_Driver/Src/stm32l4xx_hal_tim_ex.c ****   HAL_StatusTypeDef status = HAL_OK;
1013:Drivers/STM32L4xx_HAL_Driver/Src/stm32l4xx_hal_tim_ex.c **** 
1014:Drivers/STM32L4xx_HAL_Driver/Src/stm32l4xx_hal_tim_ex.c ****   /* Check the parameters */
1015:Drivers/STM32L4xx_HAL_Driver/Src/stm32l4xx_hal_tim_ex.c ****   assert_param(IS_TIM_CCXN_INSTANCE(htim->Instance, Channel));
1016:Drivers/STM32L4xx_HAL_Driver/Src/stm32l4xx_hal_tim_ex.c **** 
1017:Drivers/STM32L4xx_HAL_Driver/Src/stm32l4xx_hal_tim_ex.c ****   switch (Channel)
1018:Drivers/STM32L4xx_HAL_Driver/Src/stm32l4xx_hal_tim_ex.c ****   {
1019:Drivers/STM32L4xx_HAL_Driver/Src/stm32l4xx_hal_tim_ex.c ****     case TIM_CHANNEL_1:
1020:Drivers/STM32L4xx_HAL_Driver/Src/stm32l4xx_hal_tim_ex.c ****     {
1021:Drivers/STM32L4xx_HAL_Driver/Src/stm32l4xx_hal_tim_ex.c ****       /* Disable the TIM Output Compare DMA request */
1022:Drivers/STM32L4xx_HAL_Driver/Src/stm32l4xx_hal_tim_ex.c ****       __HAL_TIM_DISABLE_DMA(htim, TIM_DMA_CC1);
1023:Drivers/STM32L4xx_HAL_Driver/Src/stm32l4xx_hal_tim_ex.c ****       (void)HAL_DMA_Abort_IT(htim->hdma[TIM_DMA_ID_CC1]);
1024:Drivers/STM32L4xx_HAL_Driver/Src/stm32l4xx_hal_tim_ex.c ****       break;
1025:Drivers/STM32L4xx_HAL_Driver/Src/stm32l4xx_hal_tim_ex.c ****     }
1026:Drivers/STM32L4xx_HAL_Driver/Src/stm32l4xx_hal_tim_ex.c **** 
1027:Drivers/STM32L4xx_HAL_Driver/Src/stm32l4xx_hal_tim_ex.c ****     case TIM_CHANNEL_2:
1028:Drivers/STM32L4xx_HAL_Driver/Src/stm32l4xx_hal_tim_ex.c ****     {
1029:Drivers/STM32L4xx_HAL_Driver/Src/stm32l4xx_hal_tim_ex.c ****       /* Disable the TIM Output Compare DMA request */
1030:Drivers/STM32L4xx_HAL_Driver/Src/stm32l4xx_hal_tim_ex.c ****       __HAL_TIM_DISABLE_DMA(htim, TIM_DMA_CC2);
1031:Drivers/STM32L4xx_HAL_Driver/Src/stm32l4xx_hal_tim_ex.c ****       (void)HAL_DMA_Abort_IT(htim->hdma[TIM_DMA_ID_CC2]);
1032:Drivers/STM32L4xx_HAL_Driver/Src/stm32l4xx_hal_tim_ex.c ****       break;
1033:Drivers/STM32L4xx_HAL_Driver/Src/stm32l4xx_hal_tim_ex.c ****     }
1034:Drivers/STM32L4xx_HAL_Driver/Src/stm32l4xx_hal_tim_ex.c **** 
1035:Drivers/STM32L4xx_HAL_Driver/Src/stm32l4xx_hal_tim_ex.c ****     case TIM_CHANNEL_3:
1036:Drivers/STM32L4xx_HAL_Driver/Src/stm32l4xx_hal_tim_ex.c ****     {
1037:Drivers/STM32L4xx_HAL_Driver/Src/stm32l4xx_hal_tim_ex.c ****       /* Disable the TIM Output Compare DMA request */
1038:Drivers/STM32L4xx_HAL_Driver/Src/stm32l4xx_hal_tim_ex.c ****       __HAL_TIM_DISABLE_DMA(htim, TIM_DMA_CC3);
1039:Drivers/STM32L4xx_HAL_Driver/Src/stm32l4xx_hal_tim_ex.c ****       (void)HAL_DMA_Abort_IT(htim->hdma[TIM_DMA_ID_CC3]);
1040:Drivers/STM32L4xx_HAL_Driver/Src/stm32l4xx_hal_tim_ex.c ****       break;
1041:Drivers/STM32L4xx_HAL_Driver/Src/stm32l4xx_hal_tim_ex.c ****     }
1042:Drivers/STM32L4xx_HAL_Driver/Src/stm32l4xx_hal_tim_ex.c **** 
1043:Drivers/STM32L4xx_HAL_Driver/Src/stm32l4xx_hal_tim_ex.c ****     default:
1044:Drivers/STM32L4xx_HAL_Driver/Src/stm32l4xx_hal_tim_ex.c ****       status = HAL_ERROR;
1045:Drivers/STM32L4xx_HAL_Driver/Src/stm32l4xx_hal_tim_ex.c ****       break;
1046:Drivers/STM32L4xx_HAL_Driver/Src/stm32l4xx_hal_tim_ex.c ****   }
1047:Drivers/STM32L4xx_HAL_Driver/Src/stm32l4xx_hal_tim_ex.c **** 
1048:Drivers/STM32L4xx_HAL_Driver/Src/stm32l4xx_hal_tim_ex.c ****   if (status == HAL_OK)
1049:Drivers/STM32L4xx_HAL_Driver/Src/stm32l4xx_hal_tim_ex.c ****   {
1050:Drivers/STM32L4xx_HAL_Driver/Src/stm32l4xx_hal_tim_ex.c ****     /* Disable the Capture compare channel N */
1051:Drivers/STM32L4xx_HAL_Driver/Src/stm32l4xx_hal_tim_ex.c ****     TIM_CCxNChannelCmd(htim->Instance, Channel, TIM_CCxN_DISABLE);
1052:Drivers/STM32L4xx_HAL_Driver/Src/stm32l4xx_hal_tim_ex.c **** 
1053:Drivers/STM32L4xx_HAL_Driver/Src/stm32l4xx_hal_tim_ex.c ****     /* Disable the Main Output */
1054:Drivers/STM32L4xx_HAL_Driver/Src/stm32l4xx_hal_tim_ex.c ****     __HAL_TIM_MOE_DISABLE(htim);
1055:Drivers/STM32L4xx_HAL_Driver/Src/stm32l4xx_hal_tim_ex.c **** 
1056:Drivers/STM32L4xx_HAL_Driver/Src/stm32l4xx_hal_tim_ex.c ****     /* Disable the Peripheral */
ARM GAS  /tmp/ccRvkrha.s 			page 20


1057:Drivers/STM32L4xx_HAL_Driver/Src/stm32l4xx_hal_tim_ex.c ****     __HAL_TIM_DISABLE(htim);
1058:Drivers/STM32L4xx_HAL_Driver/Src/stm32l4xx_hal_tim_ex.c **** 
1059:Drivers/STM32L4xx_HAL_Driver/Src/stm32l4xx_hal_tim_ex.c ****     /* Set the TIM complementary channel state */
1060:Drivers/STM32L4xx_HAL_Driver/Src/stm32l4xx_hal_tim_ex.c ****     TIM_CHANNEL_N_STATE_SET(htim, Channel, HAL_TIM_CHANNEL_STATE_READY);
1061:Drivers/STM32L4xx_HAL_Driver/Src/stm32l4xx_hal_tim_ex.c ****   }
1062:Drivers/STM32L4xx_HAL_Driver/Src/stm32l4xx_hal_tim_ex.c **** 
1063:Drivers/STM32L4xx_HAL_Driver/Src/stm32l4xx_hal_tim_ex.c ****   /* Return function status */
1064:Drivers/STM32L4xx_HAL_Driver/Src/stm32l4xx_hal_tim_ex.c ****   return status;
1065:Drivers/STM32L4xx_HAL_Driver/Src/stm32l4xx_hal_tim_ex.c **** }
1066:Drivers/STM32L4xx_HAL_Driver/Src/stm32l4xx_hal_tim_ex.c **** 
1067:Drivers/STM32L4xx_HAL_Driver/Src/stm32l4xx_hal_tim_ex.c **** /**
1068:Drivers/STM32L4xx_HAL_Driver/Src/stm32l4xx_hal_tim_ex.c ****   * @}
1069:Drivers/STM32L4xx_HAL_Driver/Src/stm32l4xx_hal_tim_ex.c ****   */
1070:Drivers/STM32L4xx_HAL_Driver/Src/stm32l4xx_hal_tim_ex.c **** 
1071:Drivers/STM32L4xx_HAL_Driver/Src/stm32l4xx_hal_tim_ex.c **** /** @defgroup TIMEx_Exported_Functions_Group3 Extended Timer Complementary PWM functions
1072:Drivers/STM32L4xx_HAL_Driver/Src/stm32l4xx_hal_tim_ex.c ****   * @brief    Timer Complementary PWM functions
1073:Drivers/STM32L4xx_HAL_Driver/Src/stm32l4xx_hal_tim_ex.c ****   *
1074:Drivers/STM32L4xx_HAL_Driver/Src/stm32l4xx_hal_tim_ex.c **** @verbatim
1075:Drivers/STM32L4xx_HAL_Driver/Src/stm32l4xx_hal_tim_ex.c ****   ==============================================================================
1076:Drivers/STM32L4xx_HAL_Driver/Src/stm32l4xx_hal_tim_ex.c ****                  ##### Timer Complementary PWM functions #####
1077:Drivers/STM32L4xx_HAL_Driver/Src/stm32l4xx_hal_tim_ex.c ****   ==============================================================================
1078:Drivers/STM32L4xx_HAL_Driver/Src/stm32l4xx_hal_tim_ex.c ****   [..]
1079:Drivers/STM32L4xx_HAL_Driver/Src/stm32l4xx_hal_tim_ex.c ****     This section provides functions allowing to:
1080:Drivers/STM32L4xx_HAL_Driver/Src/stm32l4xx_hal_tim_ex.c ****     (+) Start the Complementary PWM.
1081:Drivers/STM32L4xx_HAL_Driver/Src/stm32l4xx_hal_tim_ex.c ****     (+) Stop the Complementary PWM.
1082:Drivers/STM32L4xx_HAL_Driver/Src/stm32l4xx_hal_tim_ex.c ****     (+) Start the Complementary PWM and enable interrupts.
1083:Drivers/STM32L4xx_HAL_Driver/Src/stm32l4xx_hal_tim_ex.c ****     (+) Stop the Complementary PWM and disable interrupts.
1084:Drivers/STM32L4xx_HAL_Driver/Src/stm32l4xx_hal_tim_ex.c ****     (+) Start the Complementary PWM and enable DMA transfers.
1085:Drivers/STM32L4xx_HAL_Driver/Src/stm32l4xx_hal_tim_ex.c ****     (+) Stop the Complementary PWM and disable DMA transfers.
1086:Drivers/STM32L4xx_HAL_Driver/Src/stm32l4xx_hal_tim_ex.c **** @endverbatim
1087:Drivers/STM32L4xx_HAL_Driver/Src/stm32l4xx_hal_tim_ex.c ****   * @{
1088:Drivers/STM32L4xx_HAL_Driver/Src/stm32l4xx_hal_tim_ex.c ****   */
1089:Drivers/STM32L4xx_HAL_Driver/Src/stm32l4xx_hal_tim_ex.c **** 
1090:Drivers/STM32L4xx_HAL_Driver/Src/stm32l4xx_hal_tim_ex.c **** /**
1091:Drivers/STM32L4xx_HAL_Driver/Src/stm32l4xx_hal_tim_ex.c ****   * @brief  Starts the PWM signal generation on the complementary output.
1092:Drivers/STM32L4xx_HAL_Driver/Src/stm32l4xx_hal_tim_ex.c ****   * @param  htim TIM handle
1093:Drivers/STM32L4xx_HAL_Driver/Src/stm32l4xx_hal_tim_ex.c ****   * @param  Channel TIM Channel to be enabled
1094:Drivers/STM32L4xx_HAL_Driver/Src/stm32l4xx_hal_tim_ex.c ****   *          This parameter can be one of the following values:
1095:Drivers/STM32L4xx_HAL_Driver/Src/stm32l4xx_hal_tim_ex.c ****   *            @arg TIM_CHANNEL_1: TIM Channel 1 selected
1096:Drivers/STM32L4xx_HAL_Driver/Src/stm32l4xx_hal_tim_ex.c ****   *            @arg TIM_CHANNEL_2: TIM Channel 2 selected
1097:Drivers/STM32L4xx_HAL_Driver/Src/stm32l4xx_hal_tim_ex.c ****   *            @arg TIM_CHANNEL_3: TIM Channel 3 selected
1098:Drivers/STM32L4xx_HAL_Driver/Src/stm32l4xx_hal_tim_ex.c ****   * @retval HAL status
1099:Drivers/STM32L4xx_HAL_Driver/Src/stm32l4xx_hal_tim_ex.c ****   */
1100:Drivers/STM32L4xx_HAL_Driver/Src/stm32l4xx_hal_tim_ex.c **** HAL_StatusTypeDef HAL_TIMEx_PWMN_Start(TIM_HandleTypeDef *htim, uint32_t Channel)
1101:Drivers/STM32L4xx_HAL_Driver/Src/stm32l4xx_hal_tim_ex.c **** {
1102:Drivers/STM32L4xx_HAL_Driver/Src/stm32l4xx_hal_tim_ex.c ****   uint32_t tmpsmcr;
1103:Drivers/STM32L4xx_HAL_Driver/Src/stm32l4xx_hal_tim_ex.c **** 
1104:Drivers/STM32L4xx_HAL_Driver/Src/stm32l4xx_hal_tim_ex.c ****   /* Check the parameters */
1105:Drivers/STM32L4xx_HAL_Driver/Src/stm32l4xx_hal_tim_ex.c ****   assert_param(IS_TIM_CCXN_INSTANCE(htim->Instance, Channel));
1106:Drivers/STM32L4xx_HAL_Driver/Src/stm32l4xx_hal_tim_ex.c **** 
1107:Drivers/STM32L4xx_HAL_Driver/Src/stm32l4xx_hal_tim_ex.c ****   /* Check the TIM complementary channel state */
1108:Drivers/STM32L4xx_HAL_Driver/Src/stm32l4xx_hal_tim_ex.c ****   if (TIM_CHANNEL_N_STATE_GET(htim, Channel) != HAL_TIM_CHANNEL_STATE_READY)
1109:Drivers/STM32L4xx_HAL_Driver/Src/stm32l4xx_hal_tim_ex.c ****   {
1110:Drivers/STM32L4xx_HAL_Driver/Src/stm32l4xx_hal_tim_ex.c ****     return HAL_ERROR;
1111:Drivers/STM32L4xx_HAL_Driver/Src/stm32l4xx_hal_tim_ex.c ****   }
1112:Drivers/STM32L4xx_HAL_Driver/Src/stm32l4xx_hal_tim_ex.c **** 
1113:Drivers/STM32L4xx_HAL_Driver/Src/stm32l4xx_hal_tim_ex.c ****   /* Set the TIM complementary channel state */
ARM GAS  /tmp/ccRvkrha.s 			page 21


1114:Drivers/STM32L4xx_HAL_Driver/Src/stm32l4xx_hal_tim_ex.c ****   TIM_CHANNEL_N_STATE_SET(htim, Channel, HAL_TIM_CHANNEL_STATE_BUSY);
1115:Drivers/STM32L4xx_HAL_Driver/Src/stm32l4xx_hal_tim_ex.c **** 
1116:Drivers/STM32L4xx_HAL_Driver/Src/stm32l4xx_hal_tim_ex.c ****   /* Enable the complementary PWM output  */
1117:Drivers/STM32L4xx_HAL_Driver/Src/stm32l4xx_hal_tim_ex.c ****   TIM_CCxNChannelCmd(htim->Instance, Channel, TIM_CCxN_ENABLE);
1118:Drivers/STM32L4xx_HAL_Driver/Src/stm32l4xx_hal_tim_ex.c **** 
1119:Drivers/STM32L4xx_HAL_Driver/Src/stm32l4xx_hal_tim_ex.c ****   /* Enable the Main Output */
1120:Drivers/STM32L4xx_HAL_Driver/Src/stm32l4xx_hal_tim_ex.c ****   __HAL_TIM_MOE_ENABLE(htim);
1121:Drivers/STM32L4xx_HAL_Driver/Src/stm32l4xx_hal_tim_ex.c **** 
1122:Drivers/STM32L4xx_HAL_Driver/Src/stm32l4xx_hal_tim_ex.c ****   /* Enable the Peripheral, except in trigger mode where enable is automatically done with trigger 
1123:Drivers/STM32L4xx_HAL_Driver/Src/stm32l4xx_hal_tim_ex.c ****   if (IS_TIM_SLAVE_INSTANCE(htim->Instance))
1124:Drivers/STM32L4xx_HAL_Driver/Src/stm32l4xx_hal_tim_ex.c ****   {
1125:Drivers/STM32L4xx_HAL_Driver/Src/stm32l4xx_hal_tim_ex.c ****     tmpsmcr = htim->Instance->SMCR & TIM_SMCR_SMS;
1126:Drivers/STM32L4xx_HAL_Driver/Src/stm32l4xx_hal_tim_ex.c ****     if (!IS_TIM_SLAVEMODE_TRIGGER_ENABLED(tmpsmcr))
1127:Drivers/STM32L4xx_HAL_Driver/Src/stm32l4xx_hal_tim_ex.c ****     {
1128:Drivers/STM32L4xx_HAL_Driver/Src/stm32l4xx_hal_tim_ex.c ****       __HAL_TIM_ENABLE(htim);
1129:Drivers/STM32L4xx_HAL_Driver/Src/stm32l4xx_hal_tim_ex.c ****     }
1130:Drivers/STM32L4xx_HAL_Driver/Src/stm32l4xx_hal_tim_ex.c ****   }
1131:Drivers/STM32L4xx_HAL_Driver/Src/stm32l4xx_hal_tim_ex.c ****   else
1132:Drivers/STM32L4xx_HAL_Driver/Src/stm32l4xx_hal_tim_ex.c ****   {
1133:Drivers/STM32L4xx_HAL_Driver/Src/stm32l4xx_hal_tim_ex.c ****     __HAL_TIM_ENABLE(htim);
1134:Drivers/STM32L4xx_HAL_Driver/Src/stm32l4xx_hal_tim_ex.c ****   }
1135:Drivers/STM32L4xx_HAL_Driver/Src/stm32l4xx_hal_tim_ex.c **** 
1136:Drivers/STM32L4xx_HAL_Driver/Src/stm32l4xx_hal_tim_ex.c ****   /* Return function status */
1137:Drivers/STM32L4xx_HAL_Driver/Src/stm32l4xx_hal_tim_ex.c ****   return HAL_OK;
1138:Drivers/STM32L4xx_HAL_Driver/Src/stm32l4xx_hal_tim_ex.c **** }
1139:Drivers/STM32L4xx_HAL_Driver/Src/stm32l4xx_hal_tim_ex.c **** 
1140:Drivers/STM32L4xx_HAL_Driver/Src/stm32l4xx_hal_tim_ex.c **** /**
1141:Drivers/STM32L4xx_HAL_Driver/Src/stm32l4xx_hal_tim_ex.c ****   * @brief  Stops the PWM signal generation on the complementary output.
1142:Drivers/STM32L4xx_HAL_Driver/Src/stm32l4xx_hal_tim_ex.c ****   * @param  htim TIM handle
1143:Drivers/STM32L4xx_HAL_Driver/Src/stm32l4xx_hal_tim_ex.c ****   * @param  Channel TIM Channel to be disabled
1144:Drivers/STM32L4xx_HAL_Driver/Src/stm32l4xx_hal_tim_ex.c ****   *          This parameter can be one of the following values:
1145:Drivers/STM32L4xx_HAL_Driver/Src/stm32l4xx_hal_tim_ex.c ****   *            @arg TIM_CHANNEL_1: TIM Channel 1 selected
1146:Drivers/STM32L4xx_HAL_Driver/Src/stm32l4xx_hal_tim_ex.c ****   *            @arg TIM_CHANNEL_2: TIM Channel 2 selected
1147:Drivers/STM32L4xx_HAL_Driver/Src/stm32l4xx_hal_tim_ex.c ****   *            @arg TIM_CHANNEL_3: TIM Channel 3 selected
1148:Drivers/STM32L4xx_HAL_Driver/Src/stm32l4xx_hal_tim_ex.c ****   * @retval HAL status
1149:Drivers/STM32L4xx_HAL_Driver/Src/stm32l4xx_hal_tim_ex.c ****   */
1150:Drivers/STM32L4xx_HAL_Driver/Src/stm32l4xx_hal_tim_ex.c **** HAL_StatusTypeDef HAL_TIMEx_PWMN_Stop(TIM_HandleTypeDef *htim, uint32_t Channel)
1151:Drivers/STM32L4xx_HAL_Driver/Src/stm32l4xx_hal_tim_ex.c **** {
1152:Drivers/STM32L4xx_HAL_Driver/Src/stm32l4xx_hal_tim_ex.c ****   /* Check the parameters */
1153:Drivers/STM32L4xx_HAL_Driver/Src/stm32l4xx_hal_tim_ex.c ****   assert_param(IS_TIM_CCXN_INSTANCE(htim->Instance, Channel));
1154:Drivers/STM32L4xx_HAL_Driver/Src/stm32l4xx_hal_tim_ex.c **** 
1155:Drivers/STM32L4xx_HAL_Driver/Src/stm32l4xx_hal_tim_ex.c ****   /* Disable the complementary PWM output  */
1156:Drivers/STM32L4xx_HAL_Driver/Src/stm32l4xx_hal_tim_ex.c ****   TIM_CCxNChannelCmd(htim->Instance, Channel, TIM_CCxN_DISABLE);
1157:Drivers/STM32L4xx_HAL_Driver/Src/stm32l4xx_hal_tim_ex.c **** 
1158:Drivers/STM32L4xx_HAL_Driver/Src/stm32l4xx_hal_tim_ex.c ****   /* Disable the Main Output */
1159:Drivers/STM32L4xx_HAL_Driver/Src/stm32l4xx_hal_tim_ex.c ****   __HAL_TIM_MOE_DISABLE(htim);
1160:Drivers/STM32L4xx_HAL_Driver/Src/stm32l4xx_hal_tim_ex.c **** 
1161:Drivers/STM32L4xx_HAL_Driver/Src/stm32l4xx_hal_tim_ex.c ****   /* Disable the Peripheral */
1162:Drivers/STM32L4xx_HAL_Driver/Src/stm32l4xx_hal_tim_ex.c ****   __HAL_TIM_DISABLE(htim);
1163:Drivers/STM32L4xx_HAL_Driver/Src/stm32l4xx_hal_tim_ex.c **** 
1164:Drivers/STM32L4xx_HAL_Driver/Src/stm32l4xx_hal_tim_ex.c ****   /* Set the TIM complementary channel state */
1165:Drivers/STM32L4xx_HAL_Driver/Src/stm32l4xx_hal_tim_ex.c ****   TIM_CHANNEL_N_STATE_SET(htim, Channel, HAL_TIM_CHANNEL_STATE_READY);
1166:Drivers/STM32L4xx_HAL_Driver/Src/stm32l4xx_hal_tim_ex.c **** 
1167:Drivers/STM32L4xx_HAL_Driver/Src/stm32l4xx_hal_tim_ex.c ****   /* Return function status */
1168:Drivers/STM32L4xx_HAL_Driver/Src/stm32l4xx_hal_tim_ex.c ****   return HAL_OK;
1169:Drivers/STM32L4xx_HAL_Driver/Src/stm32l4xx_hal_tim_ex.c **** }
1170:Drivers/STM32L4xx_HAL_Driver/Src/stm32l4xx_hal_tim_ex.c **** 
ARM GAS  /tmp/ccRvkrha.s 			page 22


1171:Drivers/STM32L4xx_HAL_Driver/Src/stm32l4xx_hal_tim_ex.c **** /**
1172:Drivers/STM32L4xx_HAL_Driver/Src/stm32l4xx_hal_tim_ex.c ****   * @brief  Starts the PWM signal generation in interrupt mode on the
1173:Drivers/STM32L4xx_HAL_Driver/Src/stm32l4xx_hal_tim_ex.c ****   *         complementary output.
1174:Drivers/STM32L4xx_HAL_Driver/Src/stm32l4xx_hal_tim_ex.c ****   * @param  htim TIM handle
1175:Drivers/STM32L4xx_HAL_Driver/Src/stm32l4xx_hal_tim_ex.c ****   * @param  Channel TIM Channel to be disabled
1176:Drivers/STM32L4xx_HAL_Driver/Src/stm32l4xx_hal_tim_ex.c ****   *          This parameter can be one of the following values:
1177:Drivers/STM32L4xx_HAL_Driver/Src/stm32l4xx_hal_tim_ex.c ****   *            @arg TIM_CHANNEL_1: TIM Channel 1 selected
1178:Drivers/STM32L4xx_HAL_Driver/Src/stm32l4xx_hal_tim_ex.c ****   *            @arg TIM_CHANNEL_2: TIM Channel 2 selected
1179:Drivers/STM32L4xx_HAL_Driver/Src/stm32l4xx_hal_tim_ex.c ****   *            @arg TIM_CHANNEL_3: TIM Channel 3 selected
1180:Drivers/STM32L4xx_HAL_Driver/Src/stm32l4xx_hal_tim_ex.c ****   * @retval HAL status
1181:Drivers/STM32L4xx_HAL_Driver/Src/stm32l4xx_hal_tim_ex.c ****   */
1182:Drivers/STM32L4xx_HAL_Driver/Src/stm32l4xx_hal_tim_ex.c **** HAL_StatusTypeDef HAL_TIMEx_PWMN_Start_IT(TIM_HandleTypeDef *htim, uint32_t Channel)
1183:Drivers/STM32L4xx_HAL_Driver/Src/stm32l4xx_hal_tim_ex.c **** {
1184:Drivers/STM32L4xx_HAL_Driver/Src/stm32l4xx_hal_tim_ex.c ****   HAL_StatusTypeDef status = HAL_OK;
1185:Drivers/STM32L4xx_HAL_Driver/Src/stm32l4xx_hal_tim_ex.c ****   uint32_t tmpsmcr;
1186:Drivers/STM32L4xx_HAL_Driver/Src/stm32l4xx_hal_tim_ex.c **** 
1187:Drivers/STM32L4xx_HAL_Driver/Src/stm32l4xx_hal_tim_ex.c ****   /* Check the parameters */
1188:Drivers/STM32L4xx_HAL_Driver/Src/stm32l4xx_hal_tim_ex.c ****   assert_param(IS_TIM_CCXN_INSTANCE(htim->Instance, Channel));
1189:Drivers/STM32L4xx_HAL_Driver/Src/stm32l4xx_hal_tim_ex.c **** 
1190:Drivers/STM32L4xx_HAL_Driver/Src/stm32l4xx_hal_tim_ex.c ****   /* Check the TIM complementary channel state */
1191:Drivers/STM32L4xx_HAL_Driver/Src/stm32l4xx_hal_tim_ex.c ****   if (TIM_CHANNEL_N_STATE_GET(htim, Channel) != HAL_TIM_CHANNEL_STATE_READY)
1192:Drivers/STM32L4xx_HAL_Driver/Src/stm32l4xx_hal_tim_ex.c ****   {
1193:Drivers/STM32L4xx_HAL_Driver/Src/stm32l4xx_hal_tim_ex.c ****     return HAL_ERROR;
1194:Drivers/STM32L4xx_HAL_Driver/Src/stm32l4xx_hal_tim_ex.c ****   }
1195:Drivers/STM32L4xx_HAL_Driver/Src/stm32l4xx_hal_tim_ex.c **** 
1196:Drivers/STM32L4xx_HAL_Driver/Src/stm32l4xx_hal_tim_ex.c ****   /* Set the TIM complementary channel state */
1197:Drivers/STM32L4xx_HAL_Driver/Src/stm32l4xx_hal_tim_ex.c ****   TIM_CHANNEL_N_STATE_SET(htim, Channel, HAL_TIM_CHANNEL_STATE_BUSY);
1198:Drivers/STM32L4xx_HAL_Driver/Src/stm32l4xx_hal_tim_ex.c **** 
1199:Drivers/STM32L4xx_HAL_Driver/Src/stm32l4xx_hal_tim_ex.c ****   switch (Channel)
1200:Drivers/STM32L4xx_HAL_Driver/Src/stm32l4xx_hal_tim_ex.c ****   {
1201:Drivers/STM32L4xx_HAL_Driver/Src/stm32l4xx_hal_tim_ex.c ****     case TIM_CHANNEL_1:
1202:Drivers/STM32L4xx_HAL_Driver/Src/stm32l4xx_hal_tim_ex.c ****     {
1203:Drivers/STM32L4xx_HAL_Driver/Src/stm32l4xx_hal_tim_ex.c ****       /* Enable the TIM Capture/Compare 1 interrupt */
1204:Drivers/STM32L4xx_HAL_Driver/Src/stm32l4xx_hal_tim_ex.c ****       __HAL_TIM_ENABLE_IT(htim, TIM_IT_CC1);
1205:Drivers/STM32L4xx_HAL_Driver/Src/stm32l4xx_hal_tim_ex.c ****       break;
1206:Drivers/STM32L4xx_HAL_Driver/Src/stm32l4xx_hal_tim_ex.c ****     }
1207:Drivers/STM32L4xx_HAL_Driver/Src/stm32l4xx_hal_tim_ex.c **** 
1208:Drivers/STM32L4xx_HAL_Driver/Src/stm32l4xx_hal_tim_ex.c ****     case TIM_CHANNEL_2:
1209:Drivers/STM32L4xx_HAL_Driver/Src/stm32l4xx_hal_tim_ex.c ****     {
1210:Drivers/STM32L4xx_HAL_Driver/Src/stm32l4xx_hal_tim_ex.c ****       /* Enable the TIM Capture/Compare 2 interrupt */
1211:Drivers/STM32L4xx_HAL_Driver/Src/stm32l4xx_hal_tim_ex.c ****       __HAL_TIM_ENABLE_IT(htim, TIM_IT_CC2);
1212:Drivers/STM32L4xx_HAL_Driver/Src/stm32l4xx_hal_tim_ex.c ****       break;
1213:Drivers/STM32L4xx_HAL_Driver/Src/stm32l4xx_hal_tim_ex.c ****     }
1214:Drivers/STM32L4xx_HAL_Driver/Src/stm32l4xx_hal_tim_ex.c **** 
1215:Drivers/STM32L4xx_HAL_Driver/Src/stm32l4xx_hal_tim_ex.c ****     case TIM_CHANNEL_3:
1216:Drivers/STM32L4xx_HAL_Driver/Src/stm32l4xx_hal_tim_ex.c ****     {
1217:Drivers/STM32L4xx_HAL_Driver/Src/stm32l4xx_hal_tim_ex.c ****       /* Enable the TIM Capture/Compare 3 interrupt */
1218:Drivers/STM32L4xx_HAL_Driver/Src/stm32l4xx_hal_tim_ex.c ****       __HAL_TIM_ENABLE_IT(htim, TIM_IT_CC3);
1219:Drivers/STM32L4xx_HAL_Driver/Src/stm32l4xx_hal_tim_ex.c ****       break;
1220:Drivers/STM32L4xx_HAL_Driver/Src/stm32l4xx_hal_tim_ex.c ****     }
1221:Drivers/STM32L4xx_HAL_Driver/Src/stm32l4xx_hal_tim_ex.c **** 
1222:Drivers/STM32L4xx_HAL_Driver/Src/stm32l4xx_hal_tim_ex.c ****     default:
1223:Drivers/STM32L4xx_HAL_Driver/Src/stm32l4xx_hal_tim_ex.c ****       status = HAL_ERROR;
1224:Drivers/STM32L4xx_HAL_Driver/Src/stm32l4xx_hal_tim_ex.c ****       break;
1225:Drivers/STM32L4xx_HAL_Driver/Src/stm32l4xx_hal_tim_ex.c ****   }
1226:Drivers/STM32L4xx_HAL_Driver/Src/stm32l4xx_hal_tim_ex.c **** 
1227:Drivers/STM32L4xx_HAL_Driver/Src/stm32l4xx_hal_tim_ex.c ****   if (status == HAL_OK)
ARM GAS  /tmp/ccRvkrha.s 			page 23


1228:Drivers/STM32L4xx_HAL_Driver/Src/stm32l4xx_hal_tim_ex.c ****   {
1229:Drivers/STM32L4xx_HAL_Driver/Src/stm32l4xx_hal_tim_ex.c ****     /* Enable the TIM Break interrupt */
1230:Drivers/STM32L4xx_HAL_Driver/Src/stm32l4xx_hal_tim_ex.c ****     __HAL_TIM_ENABLE_IT(htim, TIM_IT_BREAK);
1231:Drivers/STM32L4xx_HAL_Driver/Src/stm32l4xx_hal_tim_ex.c **** 
1232:Drivers/STM32L4xx_HAL_Driver/Src/stm32l4xx_hal_tim_ex.c ****     /* Enable the complementary PWM output  */
1233:Drivers/STM32L4xx_HAL_Driver/Src/stm32l4xx_hal_tim_ex.c ****     TIM_CCxNChannelCmd(htim->Instance, Channel, TIM_CCxN_ENABLE);
1234:Drivers/STM32L4xx_HAL_Driver/Src/stm32l4xx_hal_tim_ex.c **** 
1235:Drivers/STM32L4xx_HAL_Driver/Src/stm32l4xx_hal_tim_ex.c ****     /* Enable the Main Output */
1236:Drivers/STM32L4xx_HAL_Driver/Src/stm32l4xx_hal_tim_ex.c ****     __HAL_TIM_MOE_ENABLE(htim);
1237:Drivers/STM32L4xx_HAL_Driver/Src/stm32l4xx_hal_tim_ex.c **** 
1238:Drivers/STM32L4xx_HAL_Driver/Src/stm32l4xx_hal_tim_ex.c ****     /* Enable the Peripheral, except in trigger mode where enable is automatically done with trigge
1239:Drivers/STM32L4xx_HAL_Driver/Src/stm32l4xx_hal_tim_ex.c ****     if (IS_TIM_SLAVE_INSTANCE(htim->Instance))
1240:Drivers/STM32L4xx_HAL_Driver/Src/stm32l4xx_hal_tim_ex.c ****     {
1241:Drivers/STM32L4xx_HAL_Driver/Src/stm32l4xx_hal_tim_ex.c ****       tmpsmcr = htim->Instance->SMCR & TIM_SMCR_SMS;
1242:Drivers/STM32L4xx_HAL_Driver/Src/stm32l4xx_hal_tim_ex.c ****       if (!IS_TIM_SLAVEMODE_TRIGGER_ENABLED(tmpsmcr))
1243:Drivers/STM32L4xx_HAL_Driver/Src/stm32l4xx_hal_tim_ex.c ****       {
1244:Drivers/STM32L4xx_HAL_Driver/Src/stm32l4xx_hal_tim_ex.c ****         __HAL_TIM_ENABLE(htim);
1245:Drivers/STM32L4xx_HAL_Driver/Src/stm32l4xx_hal_tim_ex.c ****       }
1246:Drivers/STM32L4xx_HAL_Driver/Src/stm32l4xx_hal_tim_ex.c ****     }
1247:Drivers/STM32L4xx_HAL_Driver/Src/stm32l4xx_hal_tim_ex.c ****     else
1248:Drivers/STM32L4xx_HAL_Driver/Src/stm32l4xx_hal_tim_ex.c ****     {
1249:Drivers/STM32L4xx_HAL_Driver/Src/stm32l4xx_hal_tim_ex.c ****       __HAL_TIM_ENABLE(htim);
1250:Drivers/STM32L4xx_HAL_Driver/Src/stm32l4xx_hal_tim_ex.c ****     }
1251:Drivers/STM32L4xx_HAL_Driver/Src/stm32l4xx_hal_tim_ex.c ****   }
1252:Drivers/STM32L4xx_HAL_Driver/Src/stm32l4xx_hal_tim_ex.c **** 
1253:Drivers/STM32L4xx_HAL_Driver/Src/stm32l4xx_hal_tim_ex.c ****   /* Return function status */
1254:Drivers/STM32L4xx_HAL_Driver/Src/stm32l4xx_hal_tim_ex.c ****   return status;
1255:Drivers/STM32L4xx_HAL_Driver/Src/stm32l4xx_hal_tim_ex.c **** }
1256:Drivers/STM32L4xx_HAL_Driver/Src/stm32l4xx_hal_tim_ex.c **** 
1257:Drivers/STM32L4xx_HAL_Driver/Src/stm32l4xx_hal_tim_ex.c **** /**
1258:Drivers/STM32L4xx_HAL_Driver/Src/stm32l4xx_hal_tim_ex.c ****   * @brief  Stops the PWM signal generation in interrupt mode on the
1259:Drivers/STM32L4xx_HAL_Driver/Src/stm32l4xx_hal_tim_ex.c ****   *         complementary output.
1260:Drivers/STM32L4xx_HAL_Driver/Src/stm32l4xx_hal_tim_ex.c ****   * @param  htim TIM handle
1261:Drivers/STM32L4xx_HAL_Driver/Src/stm32l4xx_hal_tim_ex.c ****   * @param  Channel TIM Channel to be disabled
1262:Drivers/STM32L4xx_HAL_Driver/Src/stm32l4xx_hal_tim_ex.c ****   *          This parameter can be one of the following values:
1263:Drivers/STM32L4xx_HAL_Driver/Src/stm32l4xx_hal_tim_ex.c ****   *            @arg TIM_CHANNEL_1: TIM Channel 1 selected
1264:Drivers/STM32L4xx_HAL_Driver/Src/stm32l4xx_hal_tim_ex.c ****   *            @arg TIM_CHANNEL_2: TIM Channel 2 selected
1265:Drivers/STM32L4xx_HAL_Driver/Src/stm32l4xx_hal_tim_ex.c ****   *            @arg TIM_CHANNEL_3: TIM Channel 3 selected
1266:Drivers/STM32L4xx_HAL_Driver/Src/stm32l4xx_hal_tim_ex.c ****   * @retval HAL status
1267:Drivers/STM32L4xx_HAL_Driver/Src/stm32l4xx_hal_tim_ex.c ****   */
1268:Drivers/STM32L4xx_HAL_Driver/Src/stm32l4xx_hal_tim_ex.c **** HAL_StatusTypeDef HAL_TIMEx_PWMN_Stop_IT(TIM_HandleTypeDef *htim, uint32_t Channel)
1269:Drivers/STM32L4xx_HAL_Driver/Src/stm32l4xx_hal_tim_ex.c **** {
1270:Drivers/STM32L4xx_HAL_Driver/Src/stm32l4xx_hal_tim_ex.c ****   HAL_StatusTypeDef status = HAL_OK;
1271:Drivers/STM32L4xx_HAL_Driver/Src/stm32l4xx_hal_tim_ex.c ****   uint32_t tmpccer;
1272:Drivers/STM32L4xx_HAL_Driver/Src/stm32l4xx_hal_tim_ex.c **** 
1273:Drivers/STM32L4xx_HAL_Driver/Src/stm32l4xx_hal_tim_ex.c ****   /* Check the parameters */
1274:Drivers/STM32L4xx_HAL_Driver/Src/stm32l4xx_hal_tim_ex.c ****   assert_param(IS_TIM_CCXN_INSTANCE(htim->Instance, Channel));
1275:Drivers/STM32L4xx_HAL_Driver/Src/stm32l4xx_hal_tim_ex.c **** 
1276:Drivers/STM32L4xx_HAL_Driver/Src/stm32l4xx_hal_tim_ex.c ****   switch (Channel)
1277:Drivers/STM32L4xx_HAL_Driver/Src/stm32l4xx_hal_tim_ex.c ****   {
1278:Drivers/STM32L4xx_HAL_Driver/Src/stm32l4xx_hal_tim_ex.c ****     case TIM_CHANNEL_1:
1279:Drivers/STM32L4xx_HAL_Driver/Src/stm32l4xx_hal_tim_ex.c ****     {
1280:Drivers/STM32L4xx_HAL_Driver/Src/stm32l4xx_hal_tim_ex.c ****       /* Disable the TIM Capture/Compare 1 interrupt */
1281:Drivers/STM32L4xx_HAL_Driver/Src/stm32l4xx_hal_tim_ex.c ****       __HAL_TIM_DISABLE_IT(htim, TIM_IT_CC1);
1282:Drivers/STM32L4xx_HAL_Driver/Src/stm32l4xx_hal_tim_ex.c ****       break;
1283:Drivers/STM32L4xx_HAL_Driver/Src/stm32l4xx_hal_tim_ex.c ****     }
1284:Drivers/STM32L4xx_HAL_Driver/Src/stm32l4xx_hal_tim_ex.c **** 
ARM GAS  /tmp/ccRvkrha.s 			page 24


1285:Drivers/STM32L4xx_HAL_Driver/Src/stm32l4xx_hal_tim_ex.c ****     case TIM_CHANNEL_2:
1286:Drivers/STM32L4xx_HAL_Driver/Src/stm32l4xx_hal_tim_ex.c ****     {
1287:Drivers/STM32L4xx_HAL_Driver/Src/stm32l4xx_hal_tim_ex.c ****       /* Disable the TIM Capture/Compare 2 interrupt */
1288:Drivers/STM32L4xx_HAL_Driver/Src/stm32l4xx_hal_tim_ex.c ****       __HAL_TIM_DISABLE_IT(htim, TIM_IT_CC2);
1289:Drivers/STM32L4xx_HAL_Driver/Src/stm32l4xx_hal_tim_ex.c ****       break;
1290:Drivers/STM32L4xx_HAL_Driver/Src/stm32l4xx_hal_tim_ex.c ****     }
1291:Drivers/STM32L4xx_HAL_Driver/Src/stm32l4xx_hal_tim_ex.c **** 
1292:Drivers/STM32L4xx_HAL_Driver/Src/stm32l4xx_hal_tim_ex.c ****     case TIM_CHANNEL_3:
1293:Drivers/STM32L4xx_HAL_Driver/Src/stm32l4xx_hal_tim_ex.c ****     {
1294:Drivers/STM32L4xx_HAL_Driver/Src/stm32l4xx_hal_tim_ex.c ****       /* Disable the TIM Capture/Compare 3 interrupt */
1295:Drivers/STM32L4xx_HAL_Driver/Src/stm32l4xx_hal_tim_ex.c ****       __HAL_TIM_DISABLE_IT(htim, TIM_IT_CC3);
1296:Drivers/STM32L4xx_HAL_Driver/Src/stm32l4xx_hal_tim_ex.c ****       break;
1297:Drivers/STM32L4xx_HAL_Driver/Src/stm32l4xx_hal_tim_ex.c ****     }
1298:Drivers/STM32L4xx_HAL_Driver/Src/stm32l4xx_hal_tim_ex.c **** 
1299:Drivers/STM32L4xx_HAL_Driver/Src/stm32l4xx_hal_tim_ex.c ****     default:
1300:Drivers/STM32L4xx_HAL_Driver/Src/stm32l4xx_hal_tim_ex.c ****       status = HAL_ERROR;
1301:Drivers/STM32L4xx_HAL_Driver/Src/stm32l4xx_hal_tim_ex.c ****       break;
1302:Drivers/STM32L4xx_HAL_Driver/Src/stm32l4xx_hal_tim_ex.c ****   }
1303:Drivers/STM32L4xx_HAL_Driver/Src/stm32l4xx_hal_tim_ex.c **** 
1304:Drivers/STM32L4xx_HAL_Driver/Src/stm32l4xx_hal_tim_ex.c ****   if (status == HAL_OK)
1305:Drivers/STM32L4xx_HAL_Driver/Src/stm32l4xx_hal_tim_ex.c ****   {
1306:Drivers/STM32L4xx_HAL_Driver/Src/stm32l4xx_hal_tim_ex.c ****     /* Disable the complementary PWM output  */
1307:Drivers/STM32L4xx_HAL_Driver/Src/stm32l4xx_hal_tim_ex.c ****     TIM_CCxNChannelCmd(htim->Instance, Channel, TIM_CCxN_DISABLE);
1308:Drivers/STM32L4xx_HAL_Driver/Src/stm32l4xx_hal_tim_ex.c **** 
1309:Drivers/STM32L4xx_HAL_Driver/Src/stm32l4xx_hal_tim_ex.c ****     /* Disable the TIM Break interrupt (only if no more channel is active) */
1310:Drivers/STM32L4xx_HAL_Driver/Src/stm32l4xx_hal_tim_ex.c ****     tmpccer = htim->Instance->CCER;
1311:Drivers/STM32L4xx_HAL_Driver/Src/stm32l4xx_hal_tim_ex.c ****     if ((tmpccer & TIM_CCER_CCxNE_MASK) == (uint32_t)RESET)
1312:Drivers/STM32L4xx_HAL_Driver/Src/stm32l4xx_hal_tim_ex.c ****     {
1313:Drivers/STM32L4xx_HAL_Driver/Src/stm32l4xx_hal_tim_ex.c ****       __HAL_TIM_DISABLE_IT(htim, TIM_IT_BREAK);
1314:Drivers/STM32L4xx_HAL_Driver/Src/stm32l4xx_hal_tim_ex.c ****     }
1315:Drivers/STM32L4xx_HAL_Driver/Src/stm32l4xx_hal_tim_ex.c **** 
1316:Drivers/STM32L4xx_HAL_Driver/Src/stm32l4xx_hal_tim_ex.c ****     /* Disable the Main Output */
1317:Drivers/STM32L4xx_HAL_Driver/Src/stm32l4xx_hal_tim_ex.c ****     __HAL_TIM_MOE_DISABLE(htim);
1318:Drivers/STM32L4xx_HAL_Driver/Src/stm32l4xx_hal_tim_ex.c **** 
1319:Drivers/STM32L4xx_HAL_Driver/Src/stm32l4xx_hal_tim_ex.c ****     /* Disable the Peripheral */
1320:Drivers/STM32L4xx_HAL_Driver/Src/stm32l4xx_hal_tim_ex.c ****     __HAL_TIM_DISABLE(htim);
1321:Drivers/STM32L4xx_HAL_Driver/Src/stm32l4xx_hal_tim_ex.c **** 
1322:Drivers/STM32L4xx_HAL_Driver/Src/stm32l4xx_hal_tim_ex.c ****     /* Set the TIM complementary channel state */
1323:Drivers/STM32L4xx_HAL_Driver/Src/stm32l4xx_hal_tim_ex.c ****     TIM_CHANNEL_N_STATE_SET(htim, Channel, HAL_TIM_CHANNEL_STATE_READY);
1324:Drivers/STM32L4xx_HAL_Driver/Src/stm32l4xx_hal_tim_ex.c ****   }
1325:Drivers/STM32L4xx_HAL_Driver/Src/stm32l4xx_hal_tim_ex.c **** 
1326:Drivers/STM32L4xx_HAL_Driver/Src/stm32l4xx_hal_tim_ex.c ****   /* Return function status */
1327:Drivers/STM32L4xx_HAL_Driver/Src/stm32l4xx_hal_tim_ex.c ****   return status;
1328:Drivers/STM32L4xx_HAL_Driver/Src/stm32l4xx_hal_tim_ex.c **** }
1329:Drivers/STM32L4xx_HAL_Driver/Src/stm32l4xx_hal_tim_ex.c **** 
1330:Drivers/STM32L4xx_HAL_Driver/Src/stm32l4xx_hal_tim_ex.c **** /**
1331:Drivers/STM32L4xx_HAL_Driver/Src/stm32l4xx_hal_tim_ex.c ****   * @brief  Starts the TIM PWM signal generation in DMA mode on the
1332:Drivers/STM32L4xx_HAL_Driver/Src/stm32l4xx_hal_tim_ex.c ****   *         complementary output
1333:Drivers/STM32L4xx_HAL_Driver/Src/stm32l4xx_hal_tim_ex.c ****   * @param  htim TIM handle
1334:Drivers/STM32L4xx_HAL_Driver/Src/stm32l4xx_hal_tim_ex.c ****   * @param  Channel TIM Channel to be enabled
1335:Drivers/STM32L4xx_HAL_Driver/Src/stm32l4xx_hal_tim_ex.c ****   *          This parameter can be one of the following values:
1336:Drivers/STM32L4xx_HAL_Driver/Src/stm32l4xx_hal_tim_ex.c ****   *            @arg TIM_CHANNEL_1: TIM Channel 1 selected
1337:Drivers/STM32L4xx_HAL_Driver/Src/stm32l4xx_hal_tim_ex.c ****   *            @arg TIM_CHANNEL_2: TIM Channel 2 selected
1338:Drivers/STM32L4xx_HAL_Driver/Src/stm32l4xx_hal_tim_ex.c ****   *            @arg TIM_CHANNEL_3: TIM Channel 3 selected
1339:Drivers/STM32L4xx_HAL_Driver/Src/stm32l4xx_hal_tim_ex.c ****   * @param  pData The source Buffer address.
1340:Drivers/STM32L4xx_HAL_Driver/Src/stm32l4xx_hal_tim_ex.c ****   * @param  Length The length of data to be transferred from memory to TIM peripheral
1341:Drivers/STM32L4xx_HAL_Driver/Src/stm32l4xx_hal_tim_ex.c ****   * @retval HAL status
ARM GAS  /tmp/ccRvkrha.s 			page 25


1342:Drivers/STM32L4xx_HAL_Driver/Src/stm32l4xx_hal_tim_ex.c ****   */
1343:Drivers/STM32L4xx_HAL_Driver/Src/stm32l4xx_hal_tim_ex.c **** HAL_StatusTypeDef HAL_TIMEx_PWMN_Start_DMA(TIM_HandleTypeDef *htim, uint32_t Channel, const uint32_
1344:Drivers/STM32L4xx_HAL_Driver/Src/stm32l4xx_hal_tim_ex.c ****                                            uint16_t Length)
1345:Drivers/STM32L4xx_HAL_Driver/Src/stm32l4xx_hal_tim_ex.c **** {
1346:Drivers/STM32L4xx_HAL_Driver/Src/stm32l4xx_hal_tim_ex.c ****   HAL_StatusTypeDef status = HAL_OK;
1347:Drivers/STM32L4xx_HAL_Driver/Src/stm32l4xx_hal_tim_ex.c ****   uint32_t tmpsmcr;
1348:Drivers/STM32L4xx_HAL_Driver/Src/stm32l4xx_hal_tim_ex.c **** 
1349:Drivers/STM32L4xx_HAL_Driver/Src/stm32l4xx_hal_tim_ex.c ****   /* Check the parameters */
1350:Drivers/STM32L4xx_HAL_Driver/Src/stm32l4xx_hal_tim_ex.c ****   assert_param(IS_TIM_CCXN_INSTANCE(htim->Instance, Channel));
1351:Drivers/STM32L4xx_HAL_Driver/Src/stm32l4xx_hal_tim_ex.c **** 
1352:Drivers/STM32L4xx_HAL_Driver/Src/stm32l4xx_hal_tim_ex.c ****   /* Set the TIM complementary channel state */
1353:Drivers/STM32L4xx_HAL_Driver/Src/stm32l4xx_hal_tim_ex.c ****   if (TIM_CHANNEL_N_STATE_GET(htim, Channel) == HAL_TIM_CHANNEL_STATE_BUSY)
1354:Drivers/STM32L4xx_HAL_Driver/Src/stm32l4xx_hal_tim_ex.c ****   {
1355:Drivers/STM32L4xx_HAL_Driver/Src/stm32l4xx_hal_tim_ex.c ****     return HAL_BUSY;
1356:Drivers/STM32L4xx_HAL_Driver/Src/stm32l4xx_hal_tim_ex.c ****   }
1357:Drivers/STM32L4xx_HAL_Driver/Src/stm32l4xx_hal_tim_ex.c ****   else if (TIM_CHANNEL_N_STATE_GET(htim, Channel) == HAL_TIM_CHANNEL_STATE_READY)
1358:Drivers/STM32L4xx_HAL_Driver/Src/stm32l4xx_hal_tim_ex.c ****   {
1359:Drivers/STM32L4xx_HAL_Driver/Src/stm32l4xx_hal_tim_ex.c ****     if ((pData == NULL) || (Length == 0U))
1360:Drivers/STM32L4xx_HAL_Driver/Src/stm32l4xx_hal_tim_ex.c ****     {
1361:Drivers/STM32L4xx_HAL_Driver/Src/stm32l4xx_hal_tim_ex.c ****       return HAL_ERROR;
1362:Drivers/STM32L4xx_HAL_Driver/Src/stm32l4xx_hal_tim_ex.c ****     }
1363:Drivers/STM32L4xx_HAL_Driver/Src/stm32l4xx_hal_tim_ex.c ****     else
1364:Drivers/STM32L4xx_HAL_Driver/Src/stm32l4xx_hal_tim_ex.c ****     {
1365:Drivers/STM32L4xx_HAL_Driver/Src/stm32l4xx_hal_tim_ex.c ****       TIM_CHANNEL_N_STATE_SET(htim, Channel, HAL_TIM_CHANNEL_STATE_BUSY);
1366:Drivers/STM32L4xx_HAL_Driver/Src/stm32l4xx_hal_tim_ex.c ****     }
1367:Drivers/STM32L4xx_HAL_Driver/Src/stm32l4xx_hal_tim_ex.c ****   }
1368:Drivers/STM32L4xx_HAL_Driver/Src/stm32l4xx_hal_tim_ex.c ****   else
1369:Drivers/STM32L4xx_HAL_Driver/Src/stm32l4xx_hal_tim_ex.c ****   {
1370:Drivers/STM32L4xx_HAL_Driver/Src/stm32l4xx_hal_tim_ex.c ****     return HAL_ERROR;
1371:Drivers/STM32L4xx_HAL_Driver/Src/stm32l4xx_hal_tim_ex.c ****   }
1372:Drivers/STM32L4xx_HAL_Driver/Src/stm32l4xx_hal_tim_ex.c **** 
1373:Drivers/STM32L4xx_HAL_Driver/Src/stm32l4xx_hal_tim_ex.c ****   switch (Channel)
1374:Drivers/STM32L4xx_HAL_Driver/Src/stm32l4xx_hal_tim_ex.c ****   {
1375:Drivers/STM32L4xx_HAL_Driver/Src/stm32l4xx_hal_tim_ex.c ****     case TIM_CHANNEL_1:
1376:Drivers/STM32L4xx_HAL_Driver/Src/stm32l4xx_hal_tim_ex.c ****     {
1377:Drivers/STM32L4xx_HAL_Driver/Src/stm32l4xx_hal_tim_ex.c ****       /* Set the DMA compare callbacks */
1378:Drivers/STM32L4xx_HAL_Driver/Src/stm32l4xx_hal_tim_ex.c ****       htim->hdma[TIM_DMA_ID_CC1]->XferCpltCallback = TIM_DMADelayPulseNCplt;
1379:Drivers/STM32L4xx_HAL_Driver/Src/stm32l4xx_hal_tim_ex.c ****       htim->hdma[TIM_DMA_ID_CC1]->XferHalfCpltCallback = TIM_DMADelayPulseHalfCplt;
1380:Drivers/STM32L4xx_HAL_Driver/Src/stm32l4xx_hal_tim_ex.c **** 
1381:Drivers/STM32L4xx_HAL_Driver/Src/stm32l4xx_hal_tim_ex.c ****       /* Set the DMA error callback */
1382:Drivers/STM32L4xx_HAL_Driver/Src/stm32l4xx_hal_tim_ex.c ****       htim->hdma[TIM_DMA_ID_CC1]->XferErrorCallback = TIM_DMAErrorCCxN ;
1383:Drivers/STM32L4xx_HAL_Driver/Src/stm32l4xx_hal_tim_ex.c **** 
1384:Drivers/STM32L4xx_HAL_Driver/Src/stm32l4xx_hal_tim_ex.c ****       /* Enable the DMA channel */
1385:Drivers/STM32L4xx_HAL_Driver/Src/stm32l4xx_hal_tim_ex.c ****       if (HAL_DMA_Start_IT(htim->hdma[TIM_DMA_ID_CC1], (uint32_t)pData, (uint32_t)&htim->Instance->
1386:Drivers/STM32L4xx_HAL_Driver/Src/stm32l4xx_hal_tim_ex.c ****                            Length) != HAL_OK)
1387:Drivers/STM32L4xx_HAL_Driver/Src/stm32l4xx_hal_tim_ex.c ****       {
1388:Drivers/STM32L4xx_HAL_Driver/Src/stm32l4xx_hal_tim_ex.c ****         /* Return error status */
1389:Drivers/STM32L4xx_HAL_Driver/Src/stm32l4xx_hal_tim_ex.c ****         return HAL_ERROR;
1390:Drivers/STM32L4xx_HAL_Driver/Src/stm32l4xx_hal_tim_ex.c ****       }
1391:Drivers/STM32L4xx_HAL_Driver/Src/stm32l4xx_hal_tim_ex.c ****       /* Enable the TIM Capture/Compare 1 DMA request */
1392:Drivers/STM32L4xx_HAL_Driver/Src/stm32l4xx_hal_tim_ex.c ****       __HAL_TIM_ENABLE_DMA(htim, TIM_DMA_CC1);
1393:Drivers/STM32L4xx_HAL_Driver/Src/stm32l4xx_hal_tim_ex.c ****       break;
1394:Drivers/STM32L4xx_HAL_Driver/Src/stm32l4xx_hal_tim_ex.c ****     }
1395:Drivers/STM32L4xx_HAL_Driver/Src/stm32l4xx_hal_tim_ex.c **** 
1396:Drivers/STM32L4xx_HAL_Driver/Src/stm32l4xx_hal_tim_ex.c ****     case TIM_CHANNEL_2:
1397:Drivers/STM32L4xx_HAL_Driver/Src/stm32l4xx_hal_tim_ex.c ****     {
1398:Drivers/STM32L4xx_HAL_Driver/Src/stm32l4xx_hal_tim_ex.c ****       /* Set the DMA compare callbacks */
ARM GAS  /tmp/ccRvkrha.s 			page 26


1399:Drivers/STM32L4xx_HAL_Driver/Src/stm32l4xx_hal_tim_ex.c ****       htim->hdma[TIM_DMA_ID_CC2]->XferCpltCallback = TIM_DMADelayPulseNCplt;
1400:Drivers/STM32L4xx_HAL_Driver/Src/stm32l4xx_hal_tim_ex.c ****       htim->hdma[TIM_DMA_ID_CC2]->XferHalfCpltCallback = TIM_DMADelayPulseHalfCplt;
1401:Drivers/STM32L4xx_HAL_Driver/Src/stm32l4xx_hal_tim_ex.c **** 
1402:Drivers/STM32L4xx_HAL_Driver/Src/stm32l4xx_hal_tim_ex.c ****       /* Set the DMA error callback */
1403:Drivers/STM32L4xx_HAL_Driver/Src/stm32l4xx_hal_tim_ex.c ****       htim->hdma[TIM_DMA_ID_CC2]->XferErrorCallback = TIM_DMAErrorCCxN ;
1404:Drivers/STM32L4xx_HAL_Driver/Src/stm32l4xx_hal_tim_ex.c **** 
1405:Drivers/STM32L4xx_HAL_Driver/Src/stm32l4xx_hal_tim_ex.c ****       /* Enable the DMA channel */
1406:Drivers/STM32L4xx_HAL_Driver/Src/stm32l4xx_hal_tim_ex.c ****       if (HAL_DMA_Start_IT(htim->hdma[TIM_DMA_ID_CC2], (uint32_t)pData, (uint32_t)&htim->Instance->
1407:Drivers/STM32L4xx_HAL_Driver/Src/stm32l4xx_hal_tim_ex.c ****                            Length) != HAL_OK)
1408:Drivers/STM32L4xx_HAL_Driver/Src/stm32l4xx_hal_tim_ex.c ****       {
1409:Drivers/STM32L4xx_HAL_Driver/Src/stm32l4xx_hal_tim_ex.c ****         /* Return error status */
1410:Drivers/STM32L4xx_HAL_Driver/Src/stm32l4xx_hal_tim_ex.c ****         return HAL_ERROR;
1411:Drivers/STM32L4xx_HAL_Driver/Src/stm32l4xx_hal_tim_ex.c ****       }
1412:Drivers/STM32L4xx_HAL_Driver/Src/stm32l4xx_hal_tim_ex.c ****       /* Enable the TIM Capture/Compare 2 DMA request */
1413:Drivers/STM32L4xx_HAL_Driver/Src/stm32l4xx_hal_tim_ex.c ****       __HAL_TIM_ENABLE_DMA(htim, TIM_DMA_CC2);
1414:Drivers/STM32L4xx_HAL_Driver/Src/stm32l4xx_hal_tim_ex.c ****       break;
1415:Drivers/STM32L4xx_HAL_Driver/Src/stm32l4xx_hal_tim_ex.c ****     }
1416:Drivers/STM32L4xx_HAL_Driver/Src/stm32l4xx_hal_tim_ex.c **** 
1417:Drivers/STM32L4xx_HAL_Driver/Src/stm32l4xx_hal_tim_ex.c ****     case TIM_CHANNEL_3:
1418:Drivers/STM32L4xx_HAL_Driver/Src/stm32l4xx_hal_tim_ex.c ****     {
1419:Drivers/STM32L4xx_HAL_Driver/Src/stm32l4xx_hal_tim_ex.c ****       /* Set the DMA compare callbacks */
1420:Drivers/STM32L4xx_HAL_Driver/Src/stm32l4xx_hal_tim_ex.c ****       htim->hdma[TIM_DMA_ID_CC3]->XferCpltCallback = TIM_DMADelayPulseNCplt;
1421:Drivers/STM32L4xx_HAL_Driver/Src/stm32l4xx_hal_tim_ex.c ****       htim->hdma[TIM_DMA_ID_CC3]->XferHalfCpltCallback = TIM_DMADelayPulseHalfCplt;
1422:Drivers/STM32L4xx_HAL_Driver/Src/stm32l4xx_hal_tim_ex.c **** 
1423:Drivers/STM32L4xx_HAL_Driver/Src/stm32l4xx_hal_tim_ex.c ****       /* Set the DMA error callback */
1424:Drivers/STM32L4xx_HAL_Driver/Src/stm32l4xx_hal_tim_ex.c ****       htim->hdma[TIM_DMA_ID_CC3]->XferErrorCallback = TIM_DMAErrorCCxN ;
1425:Drivers/STM32L4xx_HAL_Driver/Src/stm32l4xx_hal_tim_ex.c **** 
1426:Drivers/STM32L4xx_HAL_Driver/Src/stm32l4xx_hal_tim_ex.c ****       /* Enable the DMA channel */
1427:Drivers/STM32L4xx_HAL_Driver/Src/stm32l4xx_hal_tim_ex.c ****       if (HAL_DMA_Start_IT(htim->hdma[TIM_DMA_ID_CC3], (uint32_t)pData, (uint32_t)&htim->Instance->
1428:Drivers/STM32L4xx_HAL_Driver/Src/stm32l4xx_hal_tim_ex.c ****                            Length) != HAL_OK)
1429:Drivers/STM32L4xx_HAL_Driver/Src/stm32l4xx_hal_tim_ex.c ****       {
1430:Drivers/STM32L4xx_HAL_Driver/Src/stm32l4xx_hal_tim_ex.c ****         /* Return error status */
1431:Drivers/STM32L4xx_HAL_Driver/Src/stm32l4xx_hal_tim_ex.c ****         return HAL_ERROR;
1432:Drivers/STM32L4xx_HAL_Driver/Src/stm32l4xx_hal_tim_ex.c ****       }
1433:Drivers/STM32L4xx_HAL_Driver/Src/stm32l4xx_hal_tim_ex.c ****       /* Enable the TIM Capture/Compare 3 DMA request */
1434:Drivers/STM32L4xx_HAL_Driver/Src/stm32l4xx_hal_tim_ex.c ****       __HAL_TIM_ENABLE_DMA(htim, TIM_DMA_CC3);
1435:Drivers/STM32L4xx_HAL_Driver/Src/stm32l4xx_hal_tim_ex.c ****       break;
1436:Drivers/STM32L4xx_HAL_Driver/Src/stm32l4xx_hal_tim_ex.c ****     }
1437:Drivers/STM32L4xx_HAL_Driver/Src/stm32l4xx_hal_tim_ex.c **** 
1438:Drivers/STM32L4xx_HAL_Driver/Src/stm32l4xx_hal_tim_ex.c ****     default:
1439:Drivers/STM32L4xx_HAL_Driver/Src/stm32l4xx_hal_tim_ex.c ****       status = HAL_ERROR;
1440:Drivers/STM32L4xx_HAL_Driver/Src/stm32l4xx_hal_tim_ex.c ****       break;
1441:Drivers/STM32L4xx_HAL_Driver/Src/stm32l4xx_hal_tim_ex.c ****   }
1442:Drivers/STM32L4xx_HAL_Driver/Src/stm32l4xx_hal_tim_ex.c **** 
1443:Drivers/STM32L4xx_HAL_Driver/Src/stm32l4xx_hal_tim_ex.c ****   if (status == HAL_OK)
1444:Drivers/STM32L4xx_HAL_Driver/Src/stm32l4xx_hal_tim_ex.c ****   {
1445:Drivers/STM32L4xx_HAL_Driver/Src/stm32l4xx_hal_tim_ex.c ****     /* Enable the complementary PWM output  */
1446:Drivers/STM32L4xx_HAL_Driver/Src/stm32l4xx_hal_tim_ex.c ****     TIM_CCxNChannelCmd(htim->Instance, Channel, TIM_CCxN_ENABLE);
1447:Drivers/STM32L4xx_HAL_Driver/Src/stm32l4xx_hal_tim_ex.c **** 
1448:Drivers/STM32L4xx_HAL_Driver/Src/stm32l4xx_hal_tim_ex.c ****     /* Enable the Main Output */
1449:Drivers/STM32L4xx_HAL_Driver/Src/stm32l4xx_hal_tim_ex.c ****     __HAL_TIM_MOE_ENABLE(htim);
1450:Drivers/STM32L4xx_HAL_Driver/Src/stm32l4xx_hal_tim_ex.c **** 
1451:Drivers/STM32L4xx_HAL_Driver/Src/stm32l4xx_hal_tim_ex.c ****     /* Enable the Peripheral, except in trigger mode where enable is automatically done with trigge
1452:Drivers/STM32L4xx_HAL_Driver/Src/stm32l4xx_hal_tim_ex.c ****     if (IS_TIM_SLAVE_INSTANCE(htim->Instance))
1453:Drivers/STM32L4xx_HAL_Driver/Src/stm32l4xx_hal_tim_ex.c ****     {
1454:Drivers/STM32L4xx_HAL_Driver/Src/stm32l4xx_hal_tim_ex.c ****       tmpsmcr = htim->Instance->SMCR & TIM_SMCR_SMS;
1455:Drivers/STM32L4xx_HAL_Driver/Src/stm32l4xx_hal_tim_ex.c ****       if (!IS_TIM_SLAVEMODE_TRIGGER_ENABLED(tmpsmcr))
ARM GAS  /tmp/ccRvkrha.s 			page 27


1456:Drivers/STM32L4xx_HAL_Driver/Src/stm32l4xx_hal_tim_ex.c ****       {
1457:Drivers/STM32L4xx_HAL_Driver/Src/stm32l4xx_hal_tim_ex.c ****         __HAL_TIM_ENABLE(htim);
1458:Drivers/STM32L4xx_HAL_Driver/Src/stm32l4xx_hal_tim_ex.c ****       }
1459:Drivers/STM32L4xx_HAL_Driver/Src/stm32l4xx_hal_tim_ex.c ****     }
1460:Drivers/STM32L4xx_HAL_Driver/Src/stm32l4xx_hal_tim_ex.c ****     else
1461:Drivers/STM32L4xx_HAL_Driver/Src/stm32l4xx_hal_tim_ex.c ****     {
1462:Drivers/STM32L4xx_HAL_Driver/Src/stm32l4xx_hal_tim_ex.c ****       __HAL_TIM_ENABLE(htim);
1463:Drivers/STM32L4xx_HAL_Driver/Src/stm32l4xx_hal_tim_ex.c ****     }
1464:Drivers/STM32L4xx_HAL_Driver/Src/stm32l4xx_hal_tim_ex.c ****   }
1465:Drivers/STM32L4xx_HAL_Driver/Src/stm32l4xx_hal_tim_ex.c **** 
1466:Drivers/STM32L4xx_HAL_Driver/Src/stm32l4xx_hal_tim_ex.c ****   /* Return function status */
1467:Drivers/STM32L4xx_HAL_Driver/Src/stm32l4xx_hal_tim_ex.c ****   return status;
1468:Drivers/STM32L4xx_HAL_Driver/Src/stm32l4xx_hal_tim_ex.c **** }
1469:Drivers/STM32L4xx_HAL_Driver/Src/stm32l4xx_hal_tim_ex.c **** 
1470:Drivers/STM32L4xx_HAL_Driver/Src/stm32l4xx_hal_tim_ex.c **** /**
1471:Drivers/STM32L4xx_HAL_Driver/Src/stm32l4xx_hal_tim_ex.c ****   * @brief  Stops the TIM PWM signal generation in DMA mode on the complementary
1472:Drivers/STM32L4xx_HAL_Driver/Src/stm32l4xx_hal_tim_ex.c ****   *         output
1473:Drivers/STM32L4xx_HAL_Driver/Src/stm32l4xx_hal_tim_ex.c ****   * @param  htim TIM handle
1474:Drivers/STM32L4xx_HAL_Driver/Src/stm32l4xx_hal_tim_ex.c ****   * @param  Channel TIM Channel to be disabled
1475:Drivers/STM32L4xx_HAL_Driver/Src/stm32l4xx_hal_tim_ex.c ****   *          This parameter can be one of the following values:
1476:Drivers/STM32L4xx_HAL_Driver/Src/stm32l4xx_hal_tim_ex.c ****   *            @arg TIM_CHANNEL_1: TIM Channel 1 selected
1477:Drivers/STM32L4xx_HAL_Driver/Src/stm32l4xx_hal_tim_ex.c ****   *            @arg TIM_CHANNEL_2: TIM Channel 2 selected
1478:Drivers/STM32L4xx_HAL_Driver/Src/stm32l4xx_hal_tim_ex.c ****   *            @arg TIM_CHANNEL_3: TIM Channel 3 selected
1479:Drivers/STM32L4xx_HAL_Driver/Src/stm32l4xx_hal_tim_ex.c ****   * @retval HAL status
1480:Drivers/STM32L4xx_HAL_Driver/Src/stm32l4xx_hal_tim_ex.c ****   */
1481:Drivers/STM32L4xx_HAL_Driver/Src/stm32l4xx_hal_tim_ex.c **** HAL_StatusTypeDef HAL_TIMEx_PWMN_Stop_DMA(TIM_HandleTypeDef *htim, uint32_t Channel)
1482:Drivers/STM32L4xx_HAL_Driver/Src/stm32l4xx_hal_tim_ex.c **** {
1483:Drivers/STM32L4xx_HAL_Driver/Src/stm32l4xx_hal_tim_ex.c ****   HAL_StatusTypeDef status = HAL_OK;
1484:Drivers/STM32L4xx_HAL_Driver/Src/stm32l4xx_hal_tim_ex.c **** 
1485:Drivers/STM32L4xx_HAL_Driver/Src/stm32l4xx_hal_tim_ex.c ****   /* Check the parameters */
1486:Drivers/STM32L4xx_HAL_Driver/Src/stm32l4xx_hal_tim_ex.c ****   assert_param(IS_TIM_CCXN_INSTANCE(htim->Instance, Channel));
1487:Drivers/STM32L4xx_HAL_Driver/Src/stm32l4xx_hal_tim_ex.c **** 
1488:Drivers/STM32L4xx_HAL_Driver/Src/stm32l4xx_hal_tim_ex.c ****   switch (Channel)
1489:Drivers/STM32L4xx_HAL_Driver/Src/stm32l4xx_hal_tim_ex.c ****   {
1490:Drivers/STM32L4xx_HAL_Driver/Src/stm32l4xx_hal_tim_ex.c ****     case TIM_CHANNEL_1:
1491:Drivers/STM32L4xx_HAL_Driver/Src/stm32l4xx_hal_tim_ex.c ****     {
1492:Drivers/STM32L4xx_HAL_Driver/Src/stm32l4xx_hal_tim_ex.c ****       /* Disable the TIM Capture/Compare 1 DMA request */
1493:Drivers/STM32L4xx_HAL_Driver/Src/stm32l4xx_hal_tim_ex.c ****       __HAL_TIM_DISABLE_DMA(htim, TIM_DMA_CC1);
1494:Drivers/STM32L4xx_HAL_Driver/Src/stm32l4xx_hal_tim_ex.c ****       (void)HAL_DMA_Abort_IT(htim->hdma[TIM_DMA_ID_CC1]);
1495:Drivers/STM32L4xx_HAL_Driver/Src/stm32l4xx_hal_tim_ex.c ****       break;
1496:Drivers/STM32L4xx_HAL_Driver/Src/stm32l4xx_hal_tim_ex.c ****     }
1497:Drivers/STM32L4xx_HAL_Driver/Src/stm32l4xx_hal_tim_ex.c **** 
1498:Drivers/STM32L4xx_HAL_Driver/Src/stm32l4xx_hal_tim_ex.c ****     case TIM_CHANNEL_2:
1499:Drivers/STM32L4xx_HAL_Driver/Src/stm32l4xx_hal_tim_ex.c ****     {
1500:Drivers/STM32L4xx_HAL_Driver/Src/stm32l4xx_hal_tim_ex.c ****       /* Disable the TIM Capture/Compare 2 DMA request */
1501:Drivers/STM32L4xx_HAL_Driver/Src/stm32l4xx_hal_tim_ex.c ****       __HAL_TIM_DISABLE_DMA(htim, TIM_DMA_CC2);
1502:Drivers/STM32L4xx_HAL_Driver/Src/stm32l4xx_hal_tim_ex.c ****       (void)HAL_DMA_Abort_IT(htim->hdma[TIM_DMA_ID_CC2]);
1503:Drivers/STM32L4xx_HAL_Driver/Src/stm32l4xx_hal_tim_ex.c ****       break;
1504:Drivers/STM32L4xx_HAL_Driver/Src/stm32l4xx_hal_tim_ex.c ****     }
1505:Drivers/STM32L4xx_HAL_Driver/Src/stm32l4xx_hal_tim_ex.c **** 
1506:Drivers/STM32L4xx_HAL_Driver/Src/stm32l4xx_hal_tim_ex.c ****     case TIM_CHANNEL_3:
1507:Drivers/STM32L4xx_HAL_Driver/Src/stm32l4xx_hal_tim_ex.c ****     {
1508:Drivers/STM32L4xx_HAL_Driver/Src/stm32l4xx_hal_tim_ex.c ****       /* Disable the TIM Capture/Compare 3 DMA request */
1509:Drivers/STM32L4xx_HAL_Driver/Src/stm32l4xx_hal_tim_ex.c ****       __HAL_TIM_DISABLE_DMA(htim, TIM_DMA_CC3);
1510:Drivers/STM32L4xx_HAL_Driver/Src/stm32l4xx_hal_tim_ex.c ****       (void)HAL_DMA_Abort_IT(htim->hdma[TIM_DMA_ID_CC3]);
1511:Drivers/STM32L4xx_HAL_Driver/Src/stm32l4xx_hal_tim_ex.c ****       break;
1512:Drivers/STM32L4xx_HAL_Driver/Src/stm32l4xx_hal_tim_ex.c ****     }
ARM GAS  /tmp/ccRvkrha.s 			page 28


1513:Drivers/STM32L4xx_HAL_Driver/Src/stm32l4xx_hal_tim_ex.c **** 
1514:Drivers/STM32L4xx_HAL_Driver/Src/stm32l4xx_hal_tim_ex.c ****     default:
1515:Drivers/STM32L4xx_HAL_Driver/Src/stm32l4xx_hal_tim_ex.c ****       status = HAL_ERROR;
1516:Drivers/STM32L4xx_HAL_Driver/Src/stm32l4xx_hal_tim_ex.c ****       break;
1517:Drivers/STM32L4xx_HAL_Driver/Src/stm32l4xx_hal_tim_ex.c ****   }
1518:Drivers/STM32L4xx_HAL_Driver/Src/stm32l4xx_hal_tim_ex.c **** 
1519:Drivers/STM32L4xx_HAL_Driver/Src/stm32l4xx_hal_tim_ex.c ****   if (status == HAL_OK)
1520:Drivers/STM32L4xx_HAL_Driver/Src/stm32l4xx_hal_tim_ex.c ****   {
1521:Drivers/STM32L4xx_HAL_Driver/Src/stm32l4xx_hal_tim_ex.c ****     /* Disable the complementary PWM output */
1522:Drivers/STM32L4xx_HAL_Driver/Src/stm32l4xx_hal_tim_ex.c ****     TIM_CCxNChannelCmd(htim->Instance, Channel, TIM_CCxN_DISABLE);
1523:Drivers/STM32L4xx_HAL_Driver/Src/stm32l4xx_hal_tim_ex.c **** 
1524:Drivers/STM32L4xx_HAL_Driver/Src/stm32l4xx_hal_tim_ex.c ****     /* Disable the Main Output */
1525:Drivers/STM32L4xx_HAL_Driver/Src/stm32l4xx_hal_tim_ex.c ****     __HAL_TIM_MOE_DISABLE(htim);
1526:Drivers/STM32L4xx_HAL_Driver/Src/stm32l4xx_hal_tim_ex.c **** 
1527:Drivers/STM32L4xx_HAL_Driver/Src/stm32l4xx_hal_tim_ex.c ****     /* Disable the Peripheral */
1528:Drivers/STM32L4xx_HAL_Driver/Src/stm32l4xx_hal_tim_ex.c ****     __HAL_TIM_DISABLE(htim);
1529:Drivers/STM32L4xx_HAL_Driver/Src/stm32l4xx_hal_tim_ex.c **** 
1530:Drivers/STM32L4xx_HAL_Driver/Src/stm32l4xx_hal_tim_ex.c ****     /* Set the TIM complementary channel state */
1531:Drivers/STM32L4xx_HAL_Driver/Src/stm32l4xx_hal_tim_ex.c ****     TIM_CHANNEL_N_STATE_SET(htim, Channel, HAL_TIM_CHANNEL_STATE_READY);
1532:Drivers/STM32L4xx_HAL_Driver/Src/stm32l4xx_hal_tim_ex.c ****   }
1533:Drivers/STM32L4xx_HAL_Driver/Src/stm32l4xx_hal_tim_ex.c **** 
1534:Drivers/STM32L4xx_HAL_Driver/Src/stm32l4xx_hal_tim_ex.c ****   /* Return function status */
1535:Drivers/STM32L4xx_HAL_Driver/Src/stm32l4xx_hal_tim_ex.c ****   return status;
1536:Drivers/STM32L4xx_HAL_Driver/Src/stm32l4xx_hal_tim_ex.c **** }
1537:Drivers/STM32L4xx_HAL_Driver/Src/stm32l4xx_hal_tim_ex.c **** 
1538:Drivers/STM32L4xx_HAL_Driver/Src/stm32l4xx_hal_tim_ex.c **** /**
1539:Drivers/STM32L4xx_HAL_Driver/Src/stm32l4xx_hal_tim_ex.c ****   * @}
1540:Drivers/STM32L4xx_HAL_Driver/Src/stm32l4xx_hal_tim_ex.c ****   */
1541:Drivers/STM32L4xx_HAL_Driver/Src/stm32l4xx_hal_tim_ex.c **** 
1542:Drivers/STM32L4xx_HAL_Driver/Src/stm32l4xx_hal_tim_ex.c **** /** @defgroup TIMEx_Exported_Functions_Group4 Extended Timer Complementary One Pulse functions
1543:Drivers/STM32L4xx_HAL_Driver/Src/stm32l4xx_hal_tim_ex.c ****   * @brief    Timer Complementary One Pulse functions
1544:Drivers/STM32L4xx_HAL_Driver/Src/stm32l4xx_hal_tim_ex.c ****   *
1545:Drivers/STM32L4xx_HAL_Driver/Src/stm32l4xx_hal_tim_ex.c **** @verbatim
1546:Drivers/STM32L4xx_HAL_Driver/Src/stm32l4xx_hal_tim_ex.c ****   ==============================================================================
1547:Drivers/STM32L4xx_HAL_Driver/Src/stm32l4xx_hal_tim_ex.c ****                 ##### Timer Complementary One Pulse functions #####
1548:Drivers/STM32L4xx_HAL_Driver/Src/stm32l4xx_hal_tim_ex.c ****   ==============================================================================
1549:Drivers/STM32L4xx_HAL_Driver/Src/stm32l4xx_hal_tim_ex.c ****   [..]
1550:Drivers/STM32L4xx_HAL_Driver/Src/stm32l4xx_hal_tim_ex.c ****     This section provides functions allowing to:
1551:Drivers/STM32L4xx_HAL_Driver/Src/stm32l4xx_hal_tim_ex.c ****     (+) Start the Complementary One Pulse generation.
1552:Drivers/STM32L4xx_HAL_Driver/Src/stm32l4xx_hal_tim_ex.c ****     (+) Stop the Complementary One Pulse.
1553:Drivers/STM32L4xx_HAL_Driver/Src/stm32l4xx_hal_tim_ex.c ****     (+) Start the Complementary One Pulse and enable interrupts.
1554:Drivers/STM32L4xx_HAL_Driver/Src/stm32l4xx_hal_tim_ex.c ****     (+) Stop the Complementary One Pulse and disable interrupts.
1555:Drivers/STM32L4xx_HAL_Driver/Src/stm32l4xx_hal_tim_ex.c **** 
1556:Drivers/STM32L4xx_HAL_Driver/Src/stm32l4xx_hal_tim_ex.c **** @endverbatim
1557:Drivers/STM32L4xx_HAL_Driver/Src/stm32l4xx_hal_tim_ex.c ****   * @{
1558:Drivers/STM32L4xx_HAL_Driver/Src/stm32l4xx_hal_tim_ex.c ****   */
1559:Drivers/STM32L4xx_HAL_Driver/Src/stm32l4xx_hal_tim_ex.c **** 
1560:Drivers/STM32L4xx_HAL_Driver/Src/stm32l4xx_hal_tim_ex.c **** /**
1561:Drivers/STM32L4xx_HAL_Driver/Src/stm32l4xx_hal_tim_ex.c ****   * @brief  Starts the TIM One Pulse signal generation on the complementary
1562:Drivers/STM32L4xx_HAL_Driver/Src/stm32l4xx_hal_tim_ex.c ****   *         output.
1563:Drivers/STM32L4xx_HAL_Driver/Src/stm32l4xx_hal_tim_ex.c ****   * @note OutputChannel must match the pulse output channel chosen when calling
1564:Drivers/STM32L4xx_HAL_Driver/Src/stm32l4xx_hal_tim_ex.c ****   *       @ref HAL_TIM_OnePulse_ConfigChannel().
1565:Drivers/STM32L4xx_HAL_Driver/Src/stm32l4xx_hal_tim_ex.c ****   * @param  htim TIM One Pulse handle
1566:Drivers/STM32L4xx_HAL_Driver/Src/stm32l4xx_hal_tim_ex.c ****   * @param  OutputChannel pulse output channel to enable
1567:Drivers/STM32L4xx_HAL_Driver/Src/stm32l4xx_hal_tim_ex.c ****   *          This parameter can be one of the following values:
1568:Drivers/STM32L4xx_HAL_Driver/Src/stm32l4xx_hal_tim_ex.c ****   *            @arg TIM_CHANNEL_1: TIM Channel 1 selected
1569:Drivers/STM32L4xx_HAL_Driver/Src/stm32l4xx_hal_tim_ex.c ****   *            @arg TIM_CHANNEL_2: TIM Channel 2 selected
ARM GAS  /tmp/ccRvkrha.s 			page 29


1570:Drivers/STM32L4xx_HAL_Driver/Src/stm32l4xx_hal_tim_ex.c ****   * @retval HAL status
1571:Drivers/STM32L4xx_HAL_Driver/Src/stm32l4xx_hal_tim_ex.c ****   */
1572:Drivers/STM32L4xx_HAL_Driver/Src/stm32l4xx_hal_tim_ex.c **** HAL_StatusTypeDef HAL_TIMEx_OnePulseN_Start(TIM_HandleTypeDef *htim, uint32_t OutputChannel)
1573:Drivers/STM32L4xx_HAL_Driver/Src/stm32l4xx_hal_tim_ex.c **** {
1574:Drivers/STM32L4xx_HAL_Driver/Src/stm32l4xx_hal_tim_ex.c ****   uint32_t input_channel = (OutputChannel == TIM_CHANNEL_1) ? TIM_CHANNEL_2 : TIM_CHANNEL_1;
1575:Drivers/STM32L4xx_HAL_Driver/Src/stm32l4xx_hal_tim_ex.c ****   HAL_TIM_ChannelStateTypeDef channel_1_state = TIM_CHANNEL_STATE_GET(htim, TIM_CHANNEL_1);
1576:Drivers/STM32L4xx_HAL_Driver/Src/stm32l4xx_hal_tim_ex.c ****   HAL_TIM_ChannelStateTypeDef channel_2_state = TIM_CHANNEL_STATE_GET(htim, TIM_CHANNEL_2);
1577:Drivers/STM32L4xx_HAL_Driver/Src/stm32l4xx_hal_tim_ex.c ****   HAL_TIM_ChannelStateTypeDef complementary_channel_1_state = TIM_CHANNEL_N_STATE_GET(htim, TIM_CHA
1578:Drivers/STM32L4xx_HAL_Driver/Src/stm32l4xx_hal_tim_ex.c ****   HAL_TIM_ChannelStateTypeDef complementary_channel_2_state = TIM_CHANNEL_N_STATE_GET(htim, TIM_CHA
1579:Drivers/STM32L4xx_HAL_Driver/Src/stm32l4xx_hal_tim_ex.c **** 
1580:Drivers/STM32L4xx_HAL_Driver/Src/stm32l4xx_hal_tim_ex.c ****   /* Check the parameters */
1581:Drivers/STM32L4xx_HAL_Driver/Src/stm32l4xx_hal_tim_ex.c ****   assert_param(IS_TIM_CCXN_INSTANCE(htim->Instance, OutputChannel));
1582:Drivers/STM32L4xx_HAL_Driver/Src/stm32l4xx_hal_tim_ex.c **** 
1583:Drivers/STM32L4xx_HAL_Driver/Src/stm32l4xx_hal_tim_ex.c ****   /* Check the TIM channels state */
1584:Drivers/STM32L4xx_HAL_Driver/Src/stm32l4xx_hal_tim_ex.c ****   if ((channel_1_state != HAL_TIM_CHANNEL_STATE_READY)
1585:Drivers/STM32L4xx_HAL_Driver/Src/stm32l4xx_hal_tim_ex.c ****       || (channel_2_state != HAL_TIM_CHANNEL_STATE_READY)
1586:Drivers/STM32L4xx_HAL_Driver/Src/stm32l4xx_hal_tim_ex.c ****       || (complementary_channel_1_state != HAL_TIM_CHANNEL_STATE_READY)
1587:Drivers/STM32L4xx_HAL_Driver/Src/stm32l4xx_hal_tim_ex.c ****       || (complementary_channel_2_state != HAL_TIM_CHANNEL_STATE_READY))
1588:Drivers/STM32L4xx_HAL_Driver/Src/stm32l4xx_hal_tim_ex.c ****   {
1589:Drivers/STM32L4xx_HAL_Driver/Src/stm32l4xx_hal_tim_ex.c ****     return HAL_ERROR;
1590:Drivers/STM32L4xx_HAL_Driver/Src/stm32l4xx_hal_tim_ex.c ****   }
1591:Drivers/STM32L4xx_HAL_Driver/Src/stm32l4xx_hal_tim_ex.c **** 
1592:Drivers/STM32L4xx_HAL_Driver/Src/stm32l4xx_hal_tim_ex.c ****   /* Set the TIM channels state */
1593:Drivers/STM32L4xx_HAL_Driver/Src/stm32l4xx_hal_tim_ex.c ****   TIM_CHANNEL_STATE_SET(htim, TIM_CHANNEL_1, HAL_TIM_CHANNEL_STATE_BUSY);
1594:Drivers/STM32L4xx_HAL_Driver/Src/stm32l4xx_hal_tim_ex.c ****   TIM_CHANNEL_STATE_SET(htim, TIM_CHANNEL_2, HAL_TIM_CHANNEL_STATE_BUSY);
1595:Drivers/STM32L4xx_HAL_Driver/Src/stm32l4xx_hal_tim_ex.c ****   TIM_CHANNEL_N_STATE_SET(htim, TIM_CHANNEL_1, HAL_TIM_CHANNEL_STATE_BUSY);
1596:Drivers/STM32L4xx_HAL_Driver/Src/stm32l4xx_hal_tim_ex.c ****   TIM_CHANNEL_N_STATE_SET(htim, TIM_CHANNEL_2, HAL_TIM_CHANNEL_STATE_BUSY);
1597:Drivers/STM32L4xx_HAL_Driver/Src/stm32l4xx_hal_tim_ex.c **** 
1598:Drivers/STM32L4xx_HAL_Driver/Src/stm32l4xx_hal_tim_ex.c ****   /* Enable the complementary One Pulse output channel and the Input Capture channel */
1599:Drivers/STM32L4xx_HAL_Driver/Src/stm32l4xx_hal_tim_ex.c ****   TIM_CCxNChannelCmd(htim->Instance, OutputChannel, TIM_CCxN_ENABLE);
1600:Drivers/STM32L4xx_HAL_Driver/Src/stm32l4xx_hal_tim_ex.c ****   TIM_CCxChannelCmd(htim->Instance, input_channel, TIM_CCx_ENABLE);
1601:Drivers/STM32L4xx_HAL_Driver/Src/stm32l4xx_hal_tim_ex.c **** 
1602:Drivers/STM32L4xx_HAL_Driver/Src/stm32l4xx_hal_tim_ex.c ****   /* Enable the Main Output */
1603:Drivers/STM32L4xx_HAL_Driver/Src/stm32l4xx_hal_tim_ex.c ****   __HAL_TIM_MOE_ENABLE(htim);
1604:Drivers/STM32L4xx_HAL_Driver/Src/stm32l4xx_hal_tim_ex.c **** 
1605:Drivers/STM32L4xx_HAL_Driver/Src/stm32l4xx_hal_tim_ex.c ****   /* Return function status */
1606:Drivers/STM32L4xx_HAL_Driver/Src/stm32l4xx_hal_tim_ex.c ****   return HAL_OK;
1607:Drivers/STM32L4xx_HAL_Driver/Src/stm32l4xx_hal_tim_ex.c **** }
1608:Drivers/STM32L4xx_HAL_Driver/Src/stm32l4xx_hal_tim_ex.c **** 
1609:Drivers/STM32L4xx_HAL_Driver/Src/stm32l4xx_hal_tim_ex.c **** /**
1610:Drivers/STM32L4xx_HAL_Driver/Src/stm32l4xx_hal_tim_ex.c ****   * @brief  Stops the TIM One Pulse signal generation on the complementary
1611:Drivers/STM32L4xx_HAL_Driver/Src/stm32l4xx_hal_tim_ex.c ****   *         output.
1612:Drivers/STM32L4xx_HAL_Driver/Src/stm32l4xx_hal_tim_ex.c ****   * @note OutputChannel must match the pulse output channel chosen when calling
1613:Drivers/STM32L4xx_HAL_Driver/Src/stm32l4xx_hal_tim_ex.c ****   *       @ref HAL_TIM_OnePulse_ConfigChannel().
1614:Drivers/STM32L4xx_HAL_Driver/Src/stm32l4xx_hal_tim_ex.c ****   * @param  htim TIM One Pulse handle
1615:Drivers/STM32L4xx_HAL_Driver/Src/stm32l4xx_hal_tim_ex.c ****   * @param  OutputChannel pulse output channel to disable
1616:Drivers/STM32L4xx_HAL_Driver/Src/stm32l4xx_hal_tim_ex.c ****   *          This parameter can be one of the following values:
1617:Drivers/STM32L4xx_HAL_Driver/Src/stm32l4xx_hal_tim_ex.c ****   *            @arg TIM_CHANNEL_1: TIM Channel 1 selected
1618:Drivers/STM32L4xx_HAL_Driver/Src/stm32l4xx_hal_tim_ex.c ****   *            @arg TIM_CHANNEL_2: TIM Channel 2 selected
1619:Drivers/STM32L4xx_HAL_Driver/Src/stm32l4xx_hal_tim_ex.c ****   * @retval HAL status
1620:Drivers/STM32L4xx_HAL_Driver/Src/stm32l4xx_hal_tim_ex.c ****   */
1621:Drivers/STM32L4xx_HAL_Driver/Src/stm32l4xx_hal_tim_ex.c **** HAL_StatusTypeDef HAL_TIMEx_OnePulseN_Stop(TIM_HandleTypeDef *htim, uint32_t OutputChannel)
1622:Drivers/STM32L4xx_HAL_Driver/Src/stm32l4xx_hal_tim_ex.c **** {
1623:Drivers/STM32L4xx_HAL_Driver/Src/stm32l4xx_hal_tim_ex.c ****   uint32_t input_channel = (OutputChannel == TIM_CHANNEL_1) ? TIM_CHANNEL_2 : TIM_CHANNEL_1;
1624:Drivers/STM32L4xx_HAL_Driver/Src/stm32l4xx_hal_tim_ex.c **** 
1625:Drivers/STM32L4xx_HAL_Driver/Src/stm32l4xx_hal_tim_ex.c ****   /* Check the parameters */
1626:Drivers/STM32L4xx_HAL_Driver/Src/stm32l4xx_hal_tim_ex.c ****   assert_param(IS_TIM_CCXN_INSTANCE(htim->Instance, OutputChannel));
ARM GAS  /tmp/ccRvkrha.s 			page 30


1627:Drivers/STM32L4xx_HAL_Driver/Src/stm32l4xx_hal_tim_ex.c **** 
1628:Drivers/STM32L4xx_HAL_Driver/Src/stm32l4xx_hal_tim_ex.c ****   /* Disable the complementary One Pulse output channel and the Input Capture channel */
1629:Drivers/STM32L4xx_HAL_Driver/Src/stm32l4xx_hal_tim_ex.c ****   TIM_CCxNChannelCmd(htim->Instance, OutputChannel, TIM_CCxN_DISABLE);
1630:Drivers/STM32L4xx_HAL_Driver/Src/stm32l4xx_hal_tim_ex.c ****   TIM_CCxChannelCmd(htim->Instance, input_channel, TIM_CCx_DISABLE);
1631:Drivers/STM32L4xx_HAL_Driver/Src/stm32l4xx_hal_tim_ex.c **** 
1632:Drivers/STM32L4xx_HAL_Driver/Src/stm32l4xx_hal_tim_ex.c ****   /* Disable the Main Output */
1633:Drivers/STM32L4xx_HAL_Driver/Src/stm32l4xx_hal_tim_ex.c ****   __HAL_TIM_MOE_DISABLE(htim);
1634:Drivers/STM32L4xx_HAL_Driver/Src/stm32l4xx_hal_tim_ex.c **** 
1635:Drivers/STM32L4xx_HAL_Driver/Src/stm32l4xx_hal_tim_ex.c ****   /* Disable the Peripheral */
1636:Drivers/STM32L4xx_HAL_Driver/Src/stm32l4xx_hal_tim_ex.c ****   __HAL_TIM_DISABLE(htim);
1637:Drivers/STM32L4xx_HAL_Driver/Src/stm32l4xx_hal_tim_ex.c **** 
1638:Drivers/STM32L4xx_HAL_Driver/Src/stm32l4xx_hal_tim_ex.c ****   /* Set the TIM  channels state */
1639:Drivers/STM32L4xx_HAL_Driver/Src/stm32l4xx_hal_tim_ex.c ****   TIM_CHANNEL_STATE_SET(htim, TIM_CHANNEL_1, HAL_TIM_CHANNEL_STATE_READY);
1640:Drivers/STM32L4xx_HAL_Driver/Src/stm32l4xx_hal_tim_ex.c ****   TIM_CHANNEL_STATE_SET(htim, TIM_CHANNEL_2, HAL_TIM_CHANNEL_STATE_READY);
1641:Drivers/STM32L4xx_HAL_Driver/Src/stm32l4xx_hal_tim_ex.c ****   TIM_CHANNEL_N_STATE_SET(htim, TIM_CHANNEL_1, HAL_TIM_CHANNEL_STATE_READY);
1642:Drivers/STM32L4xx_HAL_Driver/Src/stm32l4xx_hal_tim_ex.c ****   TIM_CHANNEL_N_STATE_SET(htim, TIM_CHANNEL_2, HAL_TIM_CHANNEL_STATE_READY);
1643:Drivers/STM32L4xx_HAL_Driver/Src/stm32l4xx_hal_tim_ex.c **** 
1644:Drivers/STM32L4xx_HAL_Driver/Src/stm32l4xx_hal_tim_ex.c ****   /* Return function status */
1645:Drivers/STM32L4xx_HAL_Driver/Src/stm32l4xx_hal_tim_ex.c ****   return HAL_OK;
1646:Drivers/STM32L4xx_HAL_Driver/Src/stm32l4xx_hal_tim_ex.c **** }
1647:Drivers/STM32L4xx_HAL_Driver/Src/stm32l4xx_hal_tim_ex.c **** 
1648:Drivers/STM32L4xx_HAL_Driver/Src/stm32l4xx_hal_tim_ex.c **** /**
1649:Drivers/STM32L4xx_HAL_Driver/Src/stm32l4xx_hal_tim_ex.c ****   * @brief  Starts the TIM One Pulse signal generation in interrupt mode on the
1650:Drivers/STM32L4xx_HAL_Driver/Src/stm32l4xx_hal_tim_ex.c ****   *         complementary channel.
1651:Drivers/STM32L4xx_HAL_Driver/Src/stm32l4xx_hal_tim_ex.c ****   * @note OutputChannel must match the pulse output channel chosen when calling
1652:Drivers/STM32L4xx_HAL_Driver/Src/stm32l4xx_hal_tim_ex.c ****   *       @ref HAL_TIM_OnePulse_ConfigChannel().
1653:Drivers/STM32L4xx_HAL_Driver/Src/stm32l4xx_hal_tim_ex.c ****   * @param  htim TIM One Pulse handle
1654:Drivers/STM32L4xx_HAL_Driver/Src/stm32l4xx_hal_tim_ex.c ****   * @param  OutputChannel pulse output channel to enable
1655:Drivers/STM32L4xx_HAL_Driver/Src/stm32l4xx_hal_tim_ex.c ****   *          This parameter can be one of the following values:
1656:Drivers/STM32L4xx_HAL_Driver/Src/stm32l4xx_hal_tim_ex.c ****   *            @arg TIM_CHANNEL_1: TIM Channel 1 selected
1657:Drivers/STM32L4xx_HAL_Driver/Src/stm32l4xx_hal_tim_ex.c ****   *            @arg TIM_CHANNEL_2: TIM Channel 2 selected
1658:Drivers/STM32L4xx_HAL_Driver/Src/stm32l4xx_hal_tim_ex.c ****   * @retval HAL status
1659:Drivers/STM32L4xx_HAL_Driver/Src/stm32l4xx_hal_tim_ex.c ****   */
1660:Drivers/STM32L4xx_HAL_Driver/Src/stm32l4xx_hal_tim_ex.c **** HAL_StatusTypeDef HAL_TIMEx_OnePulseN_Start_IT(TIM_HandleTypeDef *htim, uint32_t OutputChannel)
1661:Drivers/STM32L4xx_HAL_Driver/Src/stm32l4xx_hal_tim_ex.c **** {
1662:Drivers/STM32L4xx_HAL_Driver/Src/stm32l4xx_hal_tim_ex.c ****   uint32_t input_channel = (OutputChannel == TIM_CHANNEL_1) ? TIM_CHANNEL_2 : TIM_CHANNEL_1;
1663:Drivers/STM32L4xx_HAL_Driver/Src/stm32l4xx_hal_tim_ex.c ****   HAL_TIM_ChannelStateTypeDef channel_1_state = TIM_CHANNEL_STATE_GET(htim, TIM_CHANNEL_1);
1664:Drivers/STM32L4xx_HAL_Driver/Src/stm32l4xx_hal_tim_ex.c ****   HAL_TIM_ChannelStateTypeDef channel_2_state = TIM_CHANNEL_STATE_GET(htim, TIM_CHANNEL_2);
1665:Drivers/STM32L4xx_HAL_Driver/Src/stm32l4xx_hal_tim_ex.c ****   HAL_TIM_ChannelStateTypeDef complementary_channel_1_state = TIM_CHANNEL_N_STATE_GET(htim, TIM_CHA
1666:Drivers/STM32L4xx_HAL_Driver/Src/stm32l4xx_hal_tim_ex.c ****   HAL_TIM_ChannelStateTypeDef complementary_channel_2_state = TIM_CHANNEL_N_STATE_GET(htim, TIM_CHA
1667:Drivers/STM32L4xx_HAL_Driver/Src/stm32l4xx_hal_tim_ex.c **** 
1668:Drivers/STM32L4xx_HAL_Driver/Src/stm32l4xx_hal_tim_ex.c ****   /* Check the parameters */
1669:Drivers/STM32L4xx_HAL_Driver/Src/stm32l4xx_hal_tim_ex.c ****   assert_param(IS_TIM_CCXN_INSTANCE(htim->Instance, OutputChannel));
1670:Drivers/STM32L4xx_HAL_Driver/Src/stm32l4xx_hal_tim_ex.c **** 
1671:Drivers/STM32L4xx_HAL_Driver/Src/stm32l4xx_hal_tim_ex.c ****   /* Check the TIM channels state */
1672:Drivers/STM32L4xx_HAL_Driver/Src/stm32l4xx_hal_tim_ex.c ****   if ((channel_1_state != HAL_TIM_CHANNEL_STATE_READY)
1673:Drivers/STM32L4xx_HAL_Driver/Src/stm32l4xx_hal_tim_ex.c ****       || (channel_2_state != HAL_TIM_CHANNEL_STATE_READY)
1674:Drivers/STM32L4xx_HAL_Driver/Src/stm32l4xx_hal_tim_ex.c ****       || (complementary_channel_1_state != HAL_TIM_CHANNEL_STATE_READY)
1675:Drivers/STM32L4xx_HAL_Driver/Src/stm32l4xx_hal_tim_ex.c ****       || (complementary_channel_2_state != HAL_TIM_CHANNEL_STATE_READY))
1676:Drivers/STM32L4xx_HAL_Driver/Src/stm32l4xx_hal_tim_ex.c ****   {
1677:Drivers/STM32L4xx_HAL_Driver/Src/stm32l4xx_hal_tim_ex.c ****     return HAL_ERROR;
1678:Drivers/STM32L4xx_HAL_Driver/Src/stm32l4xx_hal_tim_ex.c ****   }
1679:Drivers/STM32L4xx_HAL_Driver/Src/stm32l4xx_hal_tim_ex.c **** 
1680:Drivers/STM32L4xx_HAL_Driver/Src/stm32l4xx_hal_tim_ex.c ****   /* Set the TIM channels state */
1681:Drivers/STM32L4xx_HAL_Driver/Src/stm32l4xx_hal_tim_ex.c ****   TIM_CHANNEL_STATE_SET(htim, TIM_CHANNEL_1, HAL_TIM_CHANNEL_STATE_BUSY);
1682:Drivers/STM32L4xx_HAL_Driver/Src/stm32l4xx_hal_tim_ex.c ****   TIM_CHANNEL_STATE_SET(htim, TIM_CHANNEL_2, HAL_TIM_CHANNEL_STATE_BUSY);
1683:Drivers/STM32L4xx_HAL_Driver/Src/stm32l4xx_hal_tim_ex.c ****   TIM_CHANNEL_N_STATE_SET(htim, TIM_CHANNEL_1, HAL_TIM_CHANNEL_STATE_BUSY);
ARM GAS  /tmp/ccRvkrha.s 			page 31


1684:Drivers/STM32L4xx_HAL_Driver/Src/stm32l4xx_hal_tim_ex.c ****   TIM_CHANNEL_N_STATE_SET(htim, TIM_CHANNEL_2, HAL_TIM_CHANNEL_STATE_BUSY);
1685:Drivers/STM32L4xx_HAL_Driver/Src/stm32l4xx_hal_tim_ex.c **** 
1686:Drivers/STM32L4xx_HAL_Driver/Src/stm32l4xx_hal_tim_ex.c ****   /* Enable the TIM Capture/Compare 1 interrupt */
1687:Drivers/STM32L4xx_HAL_Driver/Src/stm32l4xx_hal_tim_ex.c ****   __HAL_TIM_ENABLE_IT(htim, TIM_IT_CC1);
1688:Drivers/STM32L4xx_HAL_Driver/Src/stm32l4xx_hal_tim_ex.c **** 
1689:Drivers/STM32L4xx_HAL_Driver/Src/stm32l4xx_hal_tim_ex.c ****   /* Enable the TIM Capture/Compare 2 interrupt */
1690:Drivers/STM32L4xx_HAL_Driver/Src/stm32l4xx_hal_tim_ex.c ****   __HAL_TIM_ENABLE_IT(htim, TIM_IT_CC2);
1691:Drivers/STM32L4xx_HAL_Driver/Src/stm32l4xx_hal_tim_ex.c **** 
1692:Drivers/STM32L4xx_HAL_Driver/Src/stm32l4xx_hal_tim_ex.c ****   /* Enable the complementary One Pulse output channel and the Input Capture channel */
1693:Drivers/STM32L4xx_HAL_Driver/Src/stm32l4xx_hal_tim_ex.c ****   TIM_CCxNChannelCmd(htim->Instance, OutputChannel, TIM_CCxN_ENABLE);
1694:Drivers/STM32L4xx_HAL_Driver/Src/stm32l4xx_hal_tim_ex.c ****   TIM_CCxChannelCmd(htim->Instance, input_channel, TIM_CCx_ENABLE);
1695:Drivers/STM32L4xx_HAL_Driver/Src/stm32l4xx_hal_tim_ex.c **** 
1696:Drivers/STM32L4xx_HAL_Driver/Src/stm32l4xx_hal_tim_ex.c ****   /* Enable the Main Output */
1697:Drivers/STM32L4xx_HAL_Driver/Src/stm32l4xx_hal_tim_ex.c ****   __HAL_TIM_MOE_ENABLE(htim);
1698:Drivers/STM32L4xx_HAL_Driver/Src/stm32l4xx_hal_tim_ex.c **** 
1699:Drivers/STM32L4xx_HAL_Driver/Src/stm32l4xx_hal_tim_ex.c ****   /* Return function status */
1700:Drivers/STM32L4xx_HAL_Driver/Src/stm32l4xx_hal_tim_ex.c ****   return HAL_OK;
1701:Drivers/STM32L4xx_HAL_Driver/Src/stm32l4xx_hal_tim_ex.c **** }
1702:Drivers/STM32L4xx_HAL_Driver/Src/stm32l4xx_hal_tim_ex.c **** 
1703:Drivers/STM32L4xx_HAL_Driver/Src/stm32l4xx_hal_tim_ex.c **** /**
1704:Drivers/STM32L4xx_HAL_Driver/Src/stm32l4xx_hal_tim_ex.c ****   * @brief  Stops the TIM One Pulse signal generation in interrupt mode on the
1705:Drivers/STM32L4xx_HAL_Driver/Src/stm32l4xx_hal_tim_ex.c ****   *         complementary channel.
1706:Drivers/STM32L4xx_HAL_Driver/Src/stm32l4xx_hal_tim_ex.c ****   * @note OutputChannel must match the pulse output channel chosen when calling
1707:Drivers/STM32L4xx_HAL_Driver/Src/stm32l4xx_hal_tim_ex.c ****   *       @ref HAL_TIM_OnePulse_ConfigChannel().
1708:Drivers/STM32L4xx_HAL_Driver/Src/stm32l4xx_hal_tim_ex.c ****   * @param  htim TIM One Pulse handle
1709:Drivers/STM32L4xx_HAL_Driver/Src/stm32l4xx_hal_tim_ex.c ****   * @param  OutputChannel pulse output channel to disable
1710:Drivers/STM32L4xx_HAL_Driver/Src/stm32l4xx_hal_tim_ex.c ****   *          This parameter can be one of the following values:
1711:Drivers/STM32L4xx_HAL_Driver/Src/stm32l4xx_hal_tim_ex.c ****   *            @arg TIM_CHANNEL_1: TIM Channel 1 selected
1712:Drivers/STM32L4xx_HAL_Driver/Src/stm32l4xx_hal_tim_ex.c ****   *            @arg TIM_CHANNEL_2: TIM Channel 2 selected
1713:Drivers/STM32L4xx_HAL_Driver/Src/stm32l4xx_hal_tim_ex.c ****   * @retval HAL status
1714:Drivers/STM32L4xx_HAL_Driver/Src/stm32l4xx_hal_tim_ex.c ****   */
1715:Drivers/STM32L4xx_HAL_Driver/Src/stm32l4xx_hal_tim_ex.c **** HAL_StatusTypeDef HAL_TIMEx_OnePulseN_Stop_IT(TIM_HandleTypeDef *htim, uint32_t OutputChannel)
1716:Drivers/STM32L4xx_HAL_Driver/Src/stm32l4xx_hal_tim_ex.c **** {
1717:Drivers/STM32L4xx_HAL_Driver/Src/stm32l4xx_hal_tim_ex.c ****   uint32_t input_channel = (OutputChannel == TIM_CHANNEL_1) ? TIM_CHANNEL_2 : TIM_CHANNEL_1;
1718:Drivers/STM32L4xx_HAL_Driver/Src/stm32l4xx_hal_tim_ex.c **** 
1719:Drivers/STM32L4xx_HAL_Driver/Src/stm32l4xx_hal_tim_ex.c ****   /* Check the parameters */
1720:Drivers/STM32L4xx_HAL_Driver/Src/stm32l4xx_hal_tim_ex.c ****   assert_param(IS_TIM_CCXN_INSTANCE(htim->Instance, OutputChannel));
1721:Drivers/STM32L4xx_HAL_Driver/Src/stm32l4xx_hal_tim_ex.c **** 
1722:Drivers/STM32L4xx_HAL_Driver/Src/stm32l4xx_hal_tim_ex.c ****   /* Disable the TIM Capture/Compare 1 interrupt */
1723:Drivers/STM32L4xx_HAL_Driver/Src/stm32l4xx_hal_tim_ex.c ****   __HAL_TIM_DISABLE_IT(htim, TIM_IT_CC1);
1724:Drivers/STM32L4xx_HAL_Driver/Src/stm32l4xx_hal_tim_ex.c **** 
1725:Drivers/STM32L4xx_HAL_Driver/Src/stm32l4xx_hal_tim_ex.c ****   /* Disable the TIM Capture/Compare 2 interrupt */
1726:Drivers/STM32L4xx_HAL_Driver/Src/stm32l4xx_hal_tim_ex.c ****   __HAL_TIM_DISABLE_IT(htim, TIM_IT_CC2);
1727:Drivers/STM32L4xx_HAL_Driver/Src/stm32l4xx_hal_tim_ex.c **** 
1728:Drivers/STM32L4xx_HAL_Driver/Src/stm32l4xx_hal_tim_ex.c ****   /* Disable the complementary One Pulse output channel and the Input Capture channel */
1729:Drivers/STM32L4xx_HAL_Driver/Src/stm32l4xx_hal_tim_ex.c ****   TIM_CCxNChannelCmd(htim->Instance, OutputChannel, TIM_CCxN_DISABLE);
1730:Drivers/STM32L4xx_HAL_Driver/Src/stm32l4xx_hal_tim_ex.c ****   TIM_CCxChannelCmd(htim->Instance, input_channel, TIM_CCx_DISABLE);
1731:Drivers/STM32L4xx_HAL_Driver/Src/stm32l4xx_hal_tim_ex.c **** 
1732:Drivers/STM32L4xx_HAL_Driver/Src/stm32l4xx_hal_tim_ex.c ****   /* Disable the Main Output */
1733:Drivers/STM32L4xx_HAL_Driver/Src/stm32l4xx_hal_tim_ex.c ****   __HAL_TIM_MOE_DISABLE(htim);
1734:Drivers/STM32L4xx_HAL_Driver/Src/stm32l4xx_hal_tim_ex.c **** 
1735:Drivers/STM32L4xx_HAL_Driver/Src/stm32l4xx_hal_tim_ex.c ****   /* Disable the Peripheral */
1736:Drivers/STM32L4xx_HAL_Driver/Src/stm32l4xx_hal_tim_ex.c ****   __HAL_TIM_DISABLE(htim);
1737:Drivers/STM32L4xx_HAL_Driver/Src/stm32l4xx_hal_tim_ex.c **** 
1738:Drivers/STM32L4xx_HAL_Driver/Src/stm32l4xx_hal_tim_ex.c ****   /* Set the TIM  channels state */
1739:Drivers/STM32L4xx_HAL_Driver/Src/stm32l4xx_hal_tim_ex.c ****   TIM_CHANNEL_STATE_SET(htim, TIM_CHANNEL_1, HAL_TIM_CHANNEL_STATE_READY);
1740:Drivers/STM32L4xx_HAL_Driver/Src/stm32l4xx_hal_tim_ex.c ****   TIM_CHANNEL_STATE_SET(htim, TIM_CHANNEL_2, HAL_TIM_CHANNEL_STATE_READY);
ARM GAS  /tmp/ccRvkrha.s 			page 32


1741:Drivers/STM32L4xx_HAL_Driver/Src/stm32l4xx_hal_tim_ex.c ****   TIM_CHANNEL_N_STATE_SET(htim, TIM_CHANNEL_1, HAL_TIM_CHANNEL_STATE_READY);
1742:Drivers/STM32L4xx_HAL_Driver/Src/stm32l4xx_hal_tim_ex.c ****   TIM_CHANNEL_N_STATE_SET(htim, TIM_CHANNEL_2, HAL_TIM_CHANNEL_STATE_READY);
1743:Drivers/STM32L4xx_HAL_Driver/Src/stm32l4xx_hal_tim_ex.c **** 
1744:Drivers/STM32L4xx_HAL_Driver/Src/stm32l4xx_hal_tim_ex.c ****   /* Return function status */
1745:Drivers/STM32L4xx_HAL_Driver/Src/stm32l4xx_hal_tim_ex.c ****   return HAL_OK;
1746:Drivers/STM32L4xx_HAL_Driver/Src/stm32l4xx_hal_tim_ex.c **** }
1747:Drivers/STM32L4xx_HAL_Driver/Src/stm32l4xx_hal_tim_ex.c **** 
1748:Drivers/STM32L4xx_HAL_Driver/Src/stm32l4xx_hal_tim_ex.c **** /**
1749:Drivers/STM32L4xx_HAL_Driver/Src/stm32l4xx_hal_tim_ex.c ****   * @}
1750:Drivers/STM32L4xx_HAL_Driver/Src/stm32l4xx_hal_tim_ex.c ****   */
1751:Drivers/STM32L4xx_HAL_Driver/Src/stm32l4xx_hal_tim_ex.c **** 
1752:Drivers/STM32L4xx_HAL_Driver/Src/stm32l4xx_hal_tim_ex.c **** /** @defgroup TIMEx_Exported_Functions_Group5 Extended Peripheral Control functions
1753:Drivers/STM32L4xx_HAL_Driver/Src/stm32l4xx_hal_tim_ex.c ****   * @brief    Peripheral Control functions
1754:Drivers/STM32L4xx_HAL_Driver/Src/stm32l4xx_hal_tim_ex.c ****   *
1755:Drivers/STM32L4xx_HAL_Driver/Src/stm32l4xx_hal_tim_ex.c **** @verbatim
1756:Drivers/STM32L4xx_HAL_Driver/Src/stm32l4xx_hal_tim_ex.c ****   ==============================================================================
1757:Drivers/STM32L4xx_HAL_Driver/Src/stm32l4xx_hal_tim_ex.c ****                     ##### Peripheral Control functions #####
1758:Drivers/STM32L4xx_HAL_Driver/Src/stm32l4xx_hal_tim_ex.c ****   ==============================================================================
1759:Drivers/STM32L4xx_HAL_Driver/Src/stm32l4xx_hal_tim_ex.c ****   [..]
1760:Drivers/STM32L4xx_HAL_Driver/Src/stm32l4xx_hal_tim_ex.c ****     This section provides functions allowing to:
1761:Drivers/STM32L4xx_HAL_Driver/Src/stm32l4xx_hal_tim_ex.c ****       (+) Configure the commutation event in case of use of the Hall sensor interface.
1762:Drivers/STM32L4xx_HAL_Driver/Src/stm32l4xx_hal_tim_ex.c ****       (+) Configure Output channels for OC and PWM mode.
1763:Drivers/STM32L4xx_HAL_Driver/Src/stm32l4xx_hal_tim_ex.c **** 
1764:Drivers/STM32L4xx_HAL_Driver/Src/stm32l4xx_hal_tim_ex.c ****       (+) Configure Complementary channels, break features and dead time.
1765:Drivers/STM32L4xx_HAL_Driver/Src/stm32l4xx_hal_tim_ex.c ****       (+) Configure Master synchronization.
1766:Drivers/STM32L4xx_HAL_Driver/Src/stm32l4xx_hal_tim_ex.c ****       (+) Configure timer remapping capabilities.
1767:Drivers/STM32L4xx_HAL_Driver/Src/stm32l4xx_hal_tim_ex.c ****       (+) Enable or disable channel grouping.
1768:Drivers/STM32L4xx_HAL_Driver/Src/stm32l4xx_hal_tim_ex.c **** 
1769:Drivers/STM32L4xx_HAL_Driver/Src/stm32l4xx_hal_tim_ex.c **** @endverbatim
1770:Drivers/STM32L4xx_HAL_Driver/Src/stm32l4xx_hal_tim_ex.c ****   * @{
1771:Drivers/STM32L4xx_HAL_Driver/Src/stm32l4xx_hal_tim_ex.c ****   */
1772:Drivers/STM32L4xx_HAL_Driver/Src/stm32l4xx_hal_tim_ex.c **** 
1773:Drivers/STM32L4xx_HAL_Driver/Src/stm32l4xx_hal_tim_ex.c **** /**
1774:Drivers/STM32L4xx_HAL_Driver/Src/stm32l4xx_hal_tim_ex.c ****   * @brief  Configure the TIM commutation event sequence.
1775:Drivers/STM32L4xx_HAL_Driver/Src/stm32l4xx_hal_tim_ex.c ****   * @note  This function is mandatory to use the commutation event in order to
1776:Drivers/STM32L4xx_HAL_Driver/Src/stm32l4xx_hal_tim_ex.c ****   *        update the configuration at each commutation detection on the TRGI input of the Timer,
1777:Drivers/STM32L4xx_HAL_Driver/Src/stm32l4xx_hal_tim_ex.c ****   *        the typical use of this feature is with the use of another Timer(interface Timer)
1778:Drivers/STM32L4xx_HAL_Driver/Src/stm32l4xx_hal_tim_ex.c ****   *        configured in Hall sensor interface, this interface Timer will generate the
1779:Drivers/STM32L4xx_HAL_Driver/Src/stm32l4xx_hal_tim_ex.c ****   *        commutation at its TRGO output (connected to Timer used in this function) each time
1780:Drivers/STM32L4xx_HAL_Driver/Src/stm32l4xx_hal_tim_ex.c ****   *        the TI1 of the Interface Timer detect a commutation at its input TI1.
1781:Drivers/STM32L4xx_HAL_Driver/Src/stm32l4xx_hal_tim_ex.c ****   * @param  htim TIM handle
1782:Drivers/STM32L4xx_HAL_Driver/Src/stm32l4xx_hal_tim_ex.c ****   * @param  InputTrigger the Internal trigger corresponding to the Timer Interfacing with the Hall 
1783:Drivers/STM32L4xx_HAL_Driver/Src/stm32l4xx_hal_tim_ex.c ****   *          This parameter can be one of the following values:
1784:Drivers/STM32L4xx_HAL_Driver/Src/stm32l4xx_hal_tim_ex.c ****   *            @arg TIM_TS_ITR0: Internal trigger 0 selected
1785:Drivers/STM32L4xx_HAL_Driver/Src/stm32l4xx_hal_tim_ex.c ****   *            @arg TIM_TS_ITR1: Internal trigger 1 selected
1786:Drivers/STM32L4xx_HAL_Driver/Src/stm32l4xx_hal_tim_ex.c ****   *            @arg TIM_TS_ITR2: Internal trigger 2 selected
1787:Drivers/STM32L4xx_HAL_Driver/Src/stm32l4xx_hal_tim_ex.c ****   *            @arg TIM_TS_ITR3: Internal trigger 3 selected
1788:Drivers/STM32L4xx_HAL_Driver/Src/stm32l4xx_hal_tim_ex.c ****   *            @arg TIM_TS_NONE: No trigger is needed
1789:Drivers/STM32L4xx_HAL_Driver/Src/stm32l4xx_hal_tim_ex.c ****   * @param  CommutationSource the Commutation Event source
1790:Drivers/STM32L4xx_HAL_Driver/Src/stm32l4xx_hal_tim_ex.c ****   *          This parameter can be one of the following values:
1791:Drivers/STM32L4xx_HAL_Driver/Src/stm32l4xx_hal_tim_ex.c ****   *            @arg TIM_COMMUTATION_TRGI: Commutation source is the TRGI of the Interface Timer
1792:Drivers/STM32L4xx_HAL_Driver/Src/stm32l4xx_hal_tim_ex.c ****   *            @arg TIM_COMMUTATION_SOFTWARE:  Commutation source is set by software using the COMG
1793:Drivers/STM32L4xx_HAL_Driver/Src/stm32l4xx_hal_tim_ex.c ****   * @retval HAL status
1794:Drivers/STM32L4xx_HAL_Driver/Src/stm32l4xx_hal_tim_ex.c ****   */
1795:Drivers/STM32L4xx_HAL_Driver/Src/stm32l4xx_hal_tim_ex.c **** HAL_StatusTypeDef HAL_TIMEx_ConfigCommutEvent(TIM_HandleTypeDef *htim, uint32_t  InputTrigger,
1796:Drivers/STM32L4xx_HAL_Driver/Src/stm32l4xx_hal_tim_ex.c ****                                               uint32_t  CommutationSource)
1797:Drivers/STM32L4xx_HAL_Driver/Src/stm32l4xx_hal_tim_ex.c **** {
ARM GAS  /tmp/ccRvkrha.s 			page 33


1798:Drivers/STM32L4xx_HAL_Driver/Src/stm32l4xx_hal_tim_ex.c ****   /* Check the parameters */
1799:Drivers/STM32L4xx_HAL_Driver/Src/stm32l4xx_hal_tim_ex.c ****   assert_param(IS_TIM_COMMUTATION_EVENT_INSTANCE(htim->Instance));
1800:Drivers/STM32L4xx_HAL_Driver/Src/stm32l4xx_hal_tim_ex.c ****   assert_param(IS_TIM_INTERNAL_TRIGGEREVENT_SELECTION(InputTrigger));
1801:Drivers/STM32L4xx_HAL_Driver/Src/stm32l4xx_hal_tim_ex.c **** 
1802:Drivers/STM32L4xx_HAL_Driver/Src/stm32l4xx_hal_tim_ex.c ****   __HAL_LOCK(htim);
1803:Drivers/STM32L4xx_HAL_Driver/Src/stm32l4xx_hal_tim_ex.c **** 
1804:Drivers/STM32L4xx_HAL_Driver/Src/stm32l4xx_hal_tim_ex.c ****   if ((InputTrigger == TIM_TS_ITR0) || (InputTrigger == TIM_TS_ITR1) ||
1805:Drivers/STM32L4xx_HAL_Driver/Src/stm32l4xx_hal_tim_ex.c ****       (InputTrigger == TIM_TS_ITR2) || (InputTrigger == TIM_TS_ITR3))
1806:Drivers/STM32L4xx_HAL_Driver/Src/stm32l4xx_hal_tim_ex.c ****   {
1807:Drivers/STM32L4xx_HAL_Driver/Src/stm32l4xx_hal_tim_ex.c ****     /* Select the Input trigger */
1808:Drivers/STM32L4xx_HAL_Driver/Src/stm32l4xx_hal_tim_ex.c ****     htim->Instance->SMCR &= ~TIM_SMCR_TS;
1809:Drivers/STM32L4xx_HAL_Driver/Src/stm32l4xx_hal_tim_ex.c ****     htim->Instance->SMCR |= InputTrigger;
1810:Drivers/STM32L4xx_HAL_Driver/Src/stm32l4xx_hal_tim_ex.c ****   }
1811:Drivers/STM32L4xx_HAL_Driver/Src/stm32l4xx_hal_tim_ex.c **** 
1812:Drivers/STM32L4xx_HAL_Driver/Src/stm32l4xx_hal_tim_ex.c ****   /* Select the Capture Compare preload feature */
1813:Drivers/STM32L4xx_HAL_Driver/Src/stm32l4xx_hal_tim_ex.c ****   htim->Instance->CR2 |= TIM_CR2_CCPC;
1814:Drivers/STM32L4xx_HAL_Driver/Src/stm32l4xx_hal_tim_ex.c ****   /* Select the Commutation event source */
1815:Drivers/STM32L4xx_HAL_Driver/Src/stm32l4xx_hal_tim_ex.c ****   htim->Instance->CR2 &= ~TIM_CR2_CCUS;
1816:Drivers/STM32L4xx_HAL_Driver/Src/stm32l4xx_hal_tim_ex.c ****   htim->Instance->CR2 |= CommutationSource;
1817:Drivers/STM32L4xx_HAL_Driver/Src/stm32l4xx_hal_tim_ex.c **** 
1818:Drivers/STM32L4xx_HAL_Driver/Src/stm32l4xx_hal_tim_ex.c ****   /* Disable Commutation Interrupt */
1819:Drivers/STM32L4xx_HAL_Driver/Src/stm32l4xx_hal_tim_ex.c ****   __HAL_TIM_DISABLE_IT(htim, TIM_IT_COM);
1820:Drivers/STM32L4xx_HAL_Driver/Src/stm32l4xx_hal_tim_ex.c **** 
1821:Drivers/STM32L4xx_HAL_Driver/Src/stm32l4xx_hal_tim_ex.c ****   /* Disable Commutation DMA request */
1822:Drivers/STM32L4xx_HAL_Driver/Src/stm32l4xx_hal_tim_ex.c ****   __HAL_TIM_DISABLE_DMA(htim, TIM_DMA_COM);
1823:Drivers/STM32L4xx_HAL_Driver/Src/stm32l4xx_hal_tim_ex.c **** 
1824:Drivers/STM32L4xx_HAL_Driver/Src/stm32l4xx_hal_tim_ex.c ****   __HAL_UNLOCK(htim);
1825:Drivers/STM32L4xx_HAL_Driver/Src/stm32l4xx_hal_tim_ex.c **** 
1826:Drivers/STM32L4xx_HAL_Driver/Src/stm32l4xx_hal_tim_ex.c ****   return HAL_OK;
1827:Drivers/STM32L4xx_HAL_Driver/Src/stm32l4xx_hal_tim_ex.c **** }
1828:Drivers/STM32L4xx_HAL_Driver/Src/stm32l4xx_hal_tim_ex.c **** 
1829:Drivers/STM32L4xx_HAL_Driver/Src/stm32l4xx_hal_tim_ex.c **** /**
1830:Drivers/STM32L4xx_HAL_Driver/Src/stm32l4xx_hal_tim_ex.c ****   * @brief  Configure the TIM commutation event sequence with interrupt.
1831:Drivers/STM32L4xx_HAL_Driver/Src/stm32l4xx_hal_tim_ex.c ****   * @note  This function is mandatory to use the commutation event in order to
1832:Drivers/STM32L4xx_HAL_Driver/Src/stm32l4xx_hal_tim_ex.c ****   *        update the configuration at each commutation detection on the TRGI input of the Timer,
1833:Drivers/STM32L4xx_HAL_Driver/Src/stm32l4xx_hal_tim_ex.c ****   *        the typical use of this feature is with the use of another Timer(interface Timer)
1834:Drivers/STM32L4xx_HAL_Driver/Src/stm32l4xx_hal_tim_ex.c ****   *        configured in Hall sensor interface, this interface Timer will generate the
1835:Drivers/STM32L4xx_HAL_Driver/Src/stm32l4xx_hal_tim_ex.c ****   *        commutation at its TRGO output (connected to Timer used in this function) each time
1836:Drivers/STM32L4xx_HAL_Driver/Src/stm32l4xx_hal_tim_ex.c ****   *        the TI1 of the Interface Timer detect a commutation at its input TI1.
1837:Drivers/STM32L4xx_HAL_Driver/Src/stm32l4xx_hal_tim_ex.c ****   * @param  htim TIM handle
1838:Drivers/STM32L4xx_HAL_Driver/Src/stm32l4xx_hal_tim_ex.c ****   * @param  InputTrigger the Internal trigger corresponding to the Timer Interfacing with the Hall 
1839:Drivers/STM32L4xx_HAL_Driver/Src/stm32l4xx_hal_tim_ex.c ****   *          This parameter can be one of the following values:
1840:Drivers/STM32L4xx_HAL_Driver/Src/stm32l4xx_hal_tim_ex.c ****   *            @arg TIM_TS_ITR0: Internal trigger 0 selected
1841:Drivers/STM32L4xx_HAL_Driver/Src/stm32l4xx_hal_tim_ex.c ****   *            @arg TIM_TS_ITR1: Internal trigger 1 selected
1842:Drivers/STM32L4xx_HAL_Driver/Src/stm32l4xx_hal_tim_ex.c ****   *            @arg TIM_TS_ITR2: Internal trigger 2 selected
1843:Drivers/STM32L4xx_HAL_Driver/Src/stm32l4xx_hal_tim_ex.c ****   *            @arg TIM_TS_ITR3: Internal trigger 3 selected
1844:Drivers/STM32L4xx_HAL_Driver/Src/stm32l4xx_hal_tim_ex.c ****   *            @arg TIM_TS_NONE: No trigger is needed
1845:Drivers/STM32L4xx_HAL_Driver/Src/stm32l4xx_hal_tim_ex.c ****   * @param  CommutationSource the Commutation Event source
1846:Drivers/STM32L4xx_HAL_Driver/Src/stm32l4xx_hal_tim_ex.c ****   *          This parameter can be one of the following values:
1847:Drivers/STM32L4xx_HAL_Driver/Src/stm32l4xx_hal_tim_ex.c ****   *            @arg TIM_COMMUTATION_TRGI: Commutation source is the TRGI of the Interface Timer
1848:Drivers/STM32L4xx_HAL_Driver/Src/stm32l4xx_hal_tim_ex.c ****   *            @arg TIM_COMMUTATION_SOFTWARE:  Commutation source is set by software using the COMG
1849:Drivers/STM32L4xx_HAL_Driver/Src/stm32l4xx_hal_tim_ex.c ****   * @retval HAL status
1850:Drivers/STM32L4xx_HAL_Driver/Src/stm32l4xx_hal_tim_ex.c ****   */
1851:Drivers/STM32L4xx_HAL_Driver/Src/stm32l4xx_hal_tim_ex.c **** HAL_StatusTypeDef HAL_TIMEx_ConfigCommutEvent_IT(TIM_HandleTypeDef *htim, uint32_t  InputTrigger,
1852:Drivers/STM32L4xx_HAL_Driver/Src/stm32l4xx_hal_tim_ex.c ****                                                  uint32_t  CommutationSource)
1853:Drivers/STM32L4xx_HAL_Driver/Src/stm32l4xx_hal_tim_ex.c **** {
1854:Drivers/STM32L4xx_HAL_Driver/Src/stm32l4xx_hal_tim_ex.c ****   /* Check the parameters */
ARM GAS  /tmp/ccRvkrha.s 			page 34


1855:Drivers/STM32L4xx_HAL_Driver/Src/stm32l4xx_hal_tim_ex.c ****   assert_param(IS_TIM_COMMUTATION_EVENT_INSTANCE(htim->Instance));
1856:Drivers/STM32L4xx_HAL_Driver/Src/stm32l4xx_hal_tim_ex.c ****   assert_param(IS_TIM_INTERNAL_TRIGGEREVENT_SELECTION(InputTrigger));
1857:Drivers/STM32L4xx_HAL_Driver/Src/stm32l4xx_hal_tim_ex.c **** 
1858:Drivers/STM32L4xx_HAL_Driver/Src/stm32l4xx_hal_tim_ex.c ****   __HAL_LOCK(htim);
1859:Drivers/STM32L4xx_HAL_Driver/Src/stm32l4xx_hal_tim_ex.c **** 
1860:Drivers/STM32L4xx_HAL_Driver/Src/stm32l4xx_hal_tim_ex.c ****   if ((InputTrigger == TIM_TS_ITR0) || (InputTrigger == TIM_TS_ITR1) ||
1861:Drivers/STM32L4xx_HAL_Driver/Src/stm32l4xx_hal_tim_ex.c ****       (InputTrigger == TIM_TS_ITR2) || (InputTrigger == TIM_TS_ITR3))
1862:Drivers/STM32L4xx_HAL_Driver/Src/stm32l4xx_hal_tim_ex.c ****   {
1863:Drivers/STM32L4xx_HAL_Driver/Src/stm32l4xx_hal_tim_ex.c ****     /* Select the Input trigger */
1864:Drivers/STM32L4xx_HAL_Driver/Src/stm32l4xx_hal_tim_ex.c ****     htim->Instance->SMCR &= ~TIM_SMCR_TS;
1865:Drivers/STM32L4xx_HAL_Driver/Src/stm32l4xx_hal_tim_ex.c ****     htim->Instance->SMCR |= InputTrigger;
1866:Drivers/STM32L4xx_HAL_Driver/Src/stm32l4xx_hal_tim_ex.c ****   }
1867:Drivers/STM32L4xx_HAL_Driver/Src/stm32l4xx_hal_tim_ex.c **** 
1868:Drivers/STM32L4xx_HAL_Driver/Src/stm32l4xx_hal_tim_ex.c ****   /* Select the Capture Compare preload feature */
1869:Drivers/STM32L4xx_HAL_Driver/Src/stm32l4xx_hal_tim_ex.c ****   htim->Instance->CR2 |= TIM_CR2_CCPC;
1870:Drivers/STM32L4xx_HAL_Driver/Src/stm32l4xx_hal_tim_ex.c ****   /* Select the Commutation event source */
1871:Drivers/STM32L4xx_HAL_Driver/Src/stm32l4xx_hal_tim_ex.c ****   htim->Instance->CR2 &= ~TIM_CR2_CCUS;
1872:Drivers/STM32L4xx_HAL_Driver/Src/stm32l4xx_hal_tim_ex.c ****   htim->Instance->CR2 |= CommutationSource;
1873:Drivers/STM32L4xx_HAL_Driver/Src/stm32l4xx_hal_tim_ex.c **** 
1874:Drivers/STM32L4xx_HAL_Driver/Src/stm32l4xx_hal_tim_ex.c ****   /* Disable Commutation DMA request */
1875:Drivers/STM32L4xx_HAL_Driver/Src/stm32l4xx_hal_tim_ex.c ****   __HAL_TIM_DISABLE_DMA(htim, TIM_DMA_COM);
1876:Drivers/STM32L4xx_HAL_Driver/Src/stm32l4xx_hal_tim_ex.c **** 
1877:Drivers/STM32L4xx_HAL_Driver/Src/stm32l4xx_hal_tim_ex.c ****   /* Enable the Commutation Interrupt */
1878:Drivers/STM32L4xx_HAL_Driver/Src/stm32l4xx_hal_tim_ex.c ****   __HAL_TIM_ENABLE_IT(htim, TIM_IT_COM);
1879:Drivers/STM32L4xx_HAL_Driver/Src/stm32l4xx_hal_tim_ex.c **** 
1880:Drivers/STM32L4xx_HAL_Driver/Src/stm32l4xx_hal_tim_ex.c ****   __HAL_UNLOCK(htim);
1881:Drivers/STM32L4xx_HAL_Driver/Src/stm32l4xx_hal_tim_ex.c **** 
1882:Drivers/STM32L4xx_HAL_Driver/Src/stm32l4xx_hal_tim_ex.c ****   return HAL_OK;
1883:Drivers/STM32L4xx_HAL_Driver/Src/stm32l4xx_hal_tim_ex.c **** }
1884:Drivers/STM32L4xx_HAL_Driver/Src/stm32l4xx_hal_tim_ex.c **** 
1885:Drivers/STM32L4xx_HAL_Driver/Src/stm32l4xx_hal_tim_ex.c **** /**
1886:Drivers/STM32L4xx_HAL_Driver/Src/stm32l4xx_hal_tim_ex.c ****   * @brief  Configure the TIM commutation event sequence with DMA.
1887:Drivers/STM32L4xx_HAL_Driver/Src/stm32l4xx_hal_tim_ex.c ****   * @note  This function is mandatory to use the commutation event in order to
1888:Drivers/STM32L4xx_HAL_Driver/Src/stm32l4xx_hal_tim_ex.c ****   *        update the configuration at each commutation detection on the TRGI input of the Timer,
1889:Drivers/STM32L4xx_HAL_Driver/Src/stm32l4xx_hal_tim_ex.c ****   *        the typical use of this feature is with the use of another Timer(interface Timer)
1890:Drivers/STM32L4xx_HAL_Driver/Src/stm32l4xx_hal_tim_ex.c ****   *        configured in Hall sensor interface, this interface Timer will generate the
1891:Drivers/STM32L4xx_HAL_Driver/Src/stm32l4xx_hal_tim_ex.c ****   *        commutation at its TRGO output (connected to Timer used in this function) each time
1892:Drivers/STM32L4xx_HAL_Driver/Src/stm32l4xx_hal_tim_ex.c ****   *        the TI1 of the Interface Timer detect a commutation at its input TI1.
1893:Drivers/STM32L4xx_HAL_Driver/Src/stm32l4xx_hal_tim_ex.c ****   * @note  The user should configure the DMA in his own software, in This function only the COMDE b
1894:Drivers/STM32L4xx_HAL_Driver/Src/stm32l4xx_hal_tim_ex.c ****   * @param  htim TIM handle
1895:Drivers/STM32L4xx_HAL_Driver/Src/stm32l4xx_hal_tim_ex.c ****   * @param  InputTrigger the Internal trigger corresponding to the Timer Interfacing with the Hall 
1896:Drivers/STM32L4xx_HAL_Driver/Src/stm32l4xx_hal_tim_ex.c ****   *          This parameter can be one of the following values:
1897:Drivers/STM32L4xx_HAL_Driver/Src/stm32l4xx_hal_tim_ex.c ****   *            @arg TIM_TS_ITR0: Internal trigger 0 selected
1898:Drivers/STM32L4xx_HAL_Driver/Src/stm32l4xx_hal_tim_ex.c ****   *            @arg TIM_TS_ITR1: Internal trigger 1 selected
1899:Drivers/STM32L4xx_HAL_Driver/Src/stm32l4xx_hal_tim_ex.c ****   *            @arg TIM_TS_ITR2: Internal trigger 2 selected
1900:Drivers/STM32L4xx_HAL_Driver/Src/stm32l4xx_hal_tim_ex.c ****   *            @arg TIM_TS_ITR3: Internal trigger 3 selected
1901:Drivers/STM32L4xx_HAL_Driver/Src/stm32l4xx_hal_tim_ex.c ****   *            @arg TIM_TS_NONE: No trigger is needed
1902:Drivers/STM32L4xx_HAL_Driver/Src/stm32l4xx_hal_tim_ex.c ****   * @param  CommutationSource the Commutation Event source
1903:Drivers/STM32L4xx_HAL_Driver/Src/stm32l4xx_hal_tim_ex.c ****   *          This parameter can be one of the following values:
1904:Drivers/STM32L4xx_HAL_Driver/Src/stm32l4xx_hal_tim_ex.c ****   *            @arg TIM_COMMUTATION_TRGI: Commutation source is the TRGI of the Interface Timer
1905:Drivers/STM32L4xx_HAL_Driver/Src/stm32l4xx_hal_tim_ex.c ****   *            @arg TIM_COMMUTATION_SOFTWARE:  Commutation source is set by software using the COMG
1906:Drivers/STM32L4xx_HAL_Driver/Src/stm32l4xx_hal_tim_ex.c ****   * @retval HAL status
1907:Drivers/STM32L4xx_HAL_Driver/Src/stm32l4xx_hal_tim_ex.c ****   */
1908:Drivers/STM32L4xx_HAL_Driver/Src/stm32l4xx_hal_tim_ex.c **** HAL_StatusTypeDef HAL_TIMEx_ConfigCommutEvent_DMA(TIM_HandleTypeDef *htim, uint32_t  InputTrigger,
1909:Drivers/STM32L4xx_HAL_Driver/Src/stm32l4xx_hal_tim_ex.c ****                                                   uint32_t  CommutationSource)
1910:Drivers/STM32L4xx_HAL_Driver/Src/stm32l4xx_hal_tim_ex.c **** {
1911:Drivers/STM32L4xx_HAL_Driver/Src/stm32l4xx_hal_tim_ex.c ****   /* Check the parameters */
ARM GAS  /tmp/ccRvkrha.s 			page 35


1912:Drivers/STM32L4xx_HAL_Driver/Src/stm32l4xx_hal_tim_ex.c ****   assert_param(IS_TIM_COMMUTATION_EVENT_INSTANCE(htim->Instance));
1913:Drivers/STM32L4xx_HAL_Driver/Src/stm32l4xx_hal_tim_ex.c ****   assert_param(IS_TIM_INTERNAL_TRIGGEREVENT_SELECTION(InputTrigger));
1914:Drivers/STM32L4xx_HAL_Driver/Src/stm32l4xx_hal_tim_ex.c **** 
1915:Drivers/STM32L4xx_HAL_Driver/Src/stm32l4xx_hal_tim_ex.c ****   __HAL_LOCK(htim);
1916:Drivers/STM32L4xx_HAL_Driver/Src/stm32l4xx_hal_tim_ex.c **** 
1917:Drivers/STM32L4xx_HAL_Driver/Src/stm32l4xx_hal_tim_ex.c ****   if ((InputTrigger == TIM_TS_ITR0) || (InputTrigger == TIM_TS_ITR1) ||
1918:Drivers/STM32L4xx_HAL_Driver/Src/stm32l4xx_hal_tim_ex.c ****       (InputTrigger == TIM_TS_ITR2) || (InputTrigger == TIM_TS_ITR3))
1919:Drivers/STM32L4xx_HAL_Driver/Src/stm32l4xx_hal_tim_ex.c ****   {
1920:Drivers/STM32L4xx_HAL_Driver/Src/stm32l4xx_hal_tim_ex.c ****     /* Select the Input trigger */
1921:Drivers/STM32L4xx_HAL_Driver/Src/stm32l4xx_hal_tim_ex.c ****     htim->Instance->SMCR &= ~TIM_SMCR_TS;
1922:Drivers/STM32L4xx_HAL_Driver/Src/stm32l4xx_hal_tim_ex.c ****     htim->Instance->SMCR |= InputTrigger;
1923:Drivers/STM32L4xx_HAL_Driver/Src/stm32l4xx_hal_tim_ex.c ****   }
1924:Drivers/STM32L4xx_HAL_Driver/Src/stm32l4xx_hal_tim_ex.c **** 
1925:Drivers/STM32L4xx_HAL_Driver/Src/stm32l4xx_hal_tim_ex.c ****   /* Select the Capture Compare preload feature */
1926:Drivers/STM32L4xx_HAL_Driver/Src/stm32l4xx_hal_tim_ex.c ****   htim->Instance->CR2 |= TIM_CR2_CCPC;
1927:Drivers/STM32L4xx_HAL_Driver/Src/stm32l4xx_hal_tim_ex.c ****   /* Select the Commutation event source */
1928:Drivers/STM32L4xx_HAL_Driver/Src/stm32l4xx_hal_tim_ex.c ****   htim->Instance->CR2 &= ~TIM_CR2_CCUS;
1929:Drivers/STM32L4xx_HAL_Driver/Src/stm32l4xx_hal_tim_ex.c ****   htim->Instance->CR2 |= CommutationSource;
1930:Drivers/STM32L4xx_HAL_Driver/Src/stm32l4xx_hal_tim_ex.c **** 
1931:Drivers/STM32L4xx_HAL_Driver/Src/stm32l4xx_hal_tim_ex.c ****   /* Enable the Commutation DMA Request */
1932:Drivers/STM32L4xx_HAL_Driver/Src/stm32l4xx_hal_tim_ex.c ****   /* Set the DMA Commutation Callback */
1933:Drivers/STM32L4xx_HAL_Driver/Src/stm32l4xx_hal_tim_ex.c ****   htim->hdma[TIM_DMA_ID_COMMUTATION]->XferCpltCallback = TIMEx_DMACommutationCplt;
1934:Drivers/STM32L4xx_HAL_Driver/Src/stm32l4xx_hal_tim_ex.c ****   htim->hdma[TIM_DMA_ID_COMMUTATION]->XferHalfCpltCallback = TIMEx_DMACommutationHalfCplt;
1935:Drivers/STM32L4xx_HAL_Driver/Src/stm32l4xx_hal_tim_ex.c ****   /* Set the DMA error callback */
1936:Drivers/STM32L4xx_HAL_Driver/Src/stm32l4xx_hal_tim_ex.c ****   htim->hdma[TIM_DMA_ID_COMMUTATION]->XferErrorCallback = TIM_DMAError;
1937:Drivers/STM32L4xx_HAL_Driver/Src/stm32l4xx_hal_tim_ex.c **** 
1938:Drivers/STM32L4xx_HAL_Driver/Src/stm32l4xx_hal_tim_ex.c ****   /* Disable Commutation Interrupt */
1939:Drivers/STM32L4xx_HAL_Driver/Src/stm32l4xx_hal_tim_ex.c ****   __HAL_TIM_DISABLE_IT(htim, TIM_IT_COM);
1940:Drivers/STM32L4xx_HAL_Driver/Src/stm32l4xx_hal_tim_ex.c **** 
1941:Drivers/STM32L4xx_HAL_Driver/Src/stm32l4xx_hal_tim_ex.c ****   /* Enable the Commutation DMA Request */
1942:Drivers/STM32L4xx_HAL_Driver/Src/stm32l4xx_hal_tim_ex.c ****   __HAL_TIM_ENABLE_DMA(htim, TIM_DMA_COM);
1943:Drivers/STM32L4xx_HAL_Driver/Src/stm32l4xx_hal_tim_ex.c **** 
1944:Drivers/STM32L4xx_HAL_Driver/Src/stm32l4xx_hal_tim_ex.c ****   __HAL_UNLOCK(htim);
1945:Drivers/STM32L4xx_HAL_Driver/Src/stm32l4xx_hal_tim_ex.c **** 
1946:Drivers/STM32L4xx_HAL_Driver/Src/stm32l4xx_hal_tim_ex.c ****   return HAL_OK;
1947:Drivers/STM32L4xx_HAL_Driver/Src/stm32l4xx_hal_tim_ex.c **** }
1948:Drivers/STM32L4xx_HAL_Driver/Src/stm32l4xx_hal_tim_ex.c **** 
1949:Drivers/STM32L4xx_HAL_Driver/Src/stm32l4xx_hal_tim_ex.c **** /**
1950:Drivers/STM32L4xx_HAL_Driver/Src/stm32l4xx_hal_tim_ex.c ****   * @brief  Configures the TIM in master mode.
1951:Drivers/STM32L4xx_HAL_Driver/Src/stm32l4xx_hal_tim_ex.c ****   * @param  htim TIM handle.
1952:Drivers/STM32L4xx_HAL_Driver/Src/stm32l4xx_hal_tim_ex.c ****   * @param  sMasterConfig pointer to a TIM_MasterConfigTypeDef structure that
1953:Drivers/STM32L4xx_HAL_Driver/Src/stm32l4xx_hal_tim_ex.c ****   *         contains the selected trigger output (TRGO) and the Master/Slave
1954:Drivers/STM32L4xx_HAL_Driver/Src/stm32l4xx_hal_tim_ex.c ****   *         mode.
1955:Drivers/STM32L4xx_HAL_Driver/Src/stm32l4xx_hal_tim_ex.c ****   * @retval HAL status
1956:Drivers/STM32L4xx_HAL_Driver/Src/stm32l4xx_hal_tim_ex.c ****   */
1957:Drivers/STM32L4xx_HAL_Driver/Src/stm32l4xx_hal_tim_ex.c **** HAL_StatusTypeDef HAL_TIMEx_MasterConfigSynchronization(TIM_HandleTypeDef *htim,
1958:Drivers/STM32L4xx_HAL_Driver/Src/stm32l4xx_hal_tim_ex.c ****                                                         const TIM_MasterConfigTypeDef *sMasterConfi
1959:Drivers/STM32L4xx_HAL_Driver/Src/stm32l4xx_hal_tim_ex.c **** {
1960:Drivers/STM32L4xx_HAL_Driver/Src/stm32l4xx_hal_tim_ex.c ****   uint32_t tmpcr2;
1961:Drivers/STM32L4xx_HAL_Driver/Src/stm32l4xx_hal_tim_ex.c ****   uint32_t tmpsmcr;
1962:Drivers/STM32L4xx_HAL_Driver/Src/stm32l4xx_hal_tim_ex.c **** 
1963:Drivers/STM32L4xx_HAL_Driver/Src/stm32l4xx_hal_tim_ex.c ****   /* Check the parameters */
1964:Drivers/STM32L4xx_HAL_Driver/Src/stm32l4xx_hal_tim_ex.c ****   assert_param(IS_TIM_MASTER_INSTANCE(htim->Instance));
1965:Drivers/STM32L4xx_HAL_Driver/Src/stm32l4xx_hal_tim_ex.c ****   assert_param(IS_TIM_TRGO_SOURCE(sMasterConfig->MasterOutputTrigger));
1966:Drivers/STM32L4xx_HAL_Driver/Src/stm32l4xx_hal_tim_ex.c ****   assert_param(IS_TIM_MSM_STATE(sMasterConfig->MasterSlaveMode));
1967:Drivers/STM32L4xx_HAL_Driver/Src/stm32l4xx_hal_tim_ex.c **** 
1968:Drivers/STM32L4xx_HAL_Driver/Src/stm32l4xx_hal_tim_ex.c ****   /* Check input state */
ARM GAS  /tmp/ccRvkrha.s 			page 36


1969:Drivers/STM32L4xx_HAL_Driver/Src/stm32l4xx_hal_tim_ex.c ****   __HAL_LOCK(htim);
1970:Drivers/STM32L4xx_HAL_Driver/Src/stm32l4xx_hal_tim_ex.c **** 
1971:Drivers/STM32L4xx_HAL_Driver/Src/stm32l4xx_hal_tim_ex.c ****   /* Change the handler state */
1972:Drivers/STM32L4xx_HAL_Driver/Src/stm32l4xx_hal_tim_ex.c ****   htim->State = HAL_TIM_STATE_BUSY;
1973:Drivers/STM32L4xx_HAL_Driver/Src/stm32l4xx_hal_tim_ex.c **** 
1974:Drivers/STM32L4xx_HAL_Driver/Src/stm32l4xx_hal_tim_ex.c ****   /* Get the TIMx CR2 register value */
1975:Drivers/STM32L4xx_HAL_Driver/Src/stm32l4xx_hal_tim_ex.c ****   tmpcr2 = htim->Instance->CR2;
1976:Drivers/STM32L4xx_HAL_Driver/Src/stm32l4xx_hal_tim_ex.c **** 
1977:Drivers/STM32L4xx_HAL_Driver/Src/stm32l4xx_hal_tim_ex.c ****   /* Get the TIMx SMCR register value */
1978:Drivers/STM32L4xx_HAL_Driver/Src/stm32l4xx_hal_tim_ex.c ****   tmpsmcr = htim->Instance->SMCR;
1979:Drivers/STM32L4xx_HAL_Driver/Src/stm32l4xx_hal_tim_ex.c **** 
1980:Drivers/STM32L4xx_HAL_Driver/Src/stm32l4xx_hal_tim_ex.c ****   /* If the timer supports ADC synchronization through TRGO2, set the master mode selection 2 */
1981:Drivers/STM32L4xx_HAL_Driver/Src/stm32l4xx_hal_tim_ex.c ****   if (IS_TIM_TRGO2_INSTANCE(htim->Instance))
1982:Drivers/STM32L4xx_HAL_Driver/Src/stm32l4xx_hal_tim_ex.c ****   {
1983:Drivers/STM32L4xx_HAL_Driver/Src/stm32l4xx_hal_tim_ex.c ****     /* Check the parameters */
1984:Drivers/STM32L4xx_HAL_Driver/Src/stm32l4xx_hal_tim_ex.c ****     assert_param(IS_TIM_TRGO2_SOURCE(sMasterConfig->MasterOutputTrigger2));
1985:Drivers/STM32L4xx_HAL_Driver/Src/stm32l4xx_hal_tim_ex.c **** 
1986:Drivers/STM32L4xx_HAL_Driver/Src/stm32l4xx_hal_tim_ex.c ****     /* Clear the MMS2 bits */
1987:Drivers/STM32L4xx_HAL_Driver/Src/stm32l4xx_hal_tim_ex.c ****     tmpcr2 &= ~TIM_CR2_MMS2;
1988:Drivers/STM32L4xx_HAL_Driver/Src/stm32l4xx_hal_tim_ex.c ****     /* Select the TRGO2 source*/
1989:Drivers/STM32L4xx_HAL_Driver/Src/stm32l4xx_hal_tim_ex.c ****     tmpcr2 |= sMasterConfig->MasterOutputTrigger2;
1990:Drivers/STM32L4xx_HAL_Driver/Src/stm32l4xx_hal_tim_ex.c ****   }
1991:Drivers/STM32L4xx_HAL_Driver/Src/stm32l4xx_hal_tim_ex.c **** 
1992:Drivers/STM32L4xx_HAL_Driver/Src/stm32l4xx_hal_tim_ex.c ****   /* Reset the MMS Bits */
1993:Drivers/STM32L4xx_HAL_Driver/Src/stm32l4xx_hal_tim_ex.c ****   tmpcr2 &= ~TIM_CR2_MMS;
1994:Drivers/STM32L4xx_HAL_Driver/Src/stm32l4xx_hal_tim_ex.c ****   /* Select the TRGO source */
1995:Drivers/STM32L4xx_HAL_Driver/Src/stm32l4xx_hal_tim_ex.c ****   tmpcr2 |=  sMasterConfig->MasterOutputTrigger;
1996:Drivers/STM32L4xx_HAL_Driver/Src/stm32l4xx_hal_tim_ex.c **** 
1997:Drivers/STM32L4xx_HAL_Driver/Src/stm32l4xx_hal_tim_ex.c ****   /* Update TIMx CR2 */
1998:Drivers/STM32L4xx_HAL_Driver/Src/stm32l4xx_hal_tim_ex.c ****   htim->Instance->CR2 = tmpcr2;
1999:Drivers/STM32L4xx_HAL_Driver/Src/stm32l4xx_hal_tim_ex.c **** 
2000:Drivers/STM32L4xx_HAL_Driver/Src/stm32l4xx_hal_tim_ex.c ****   if (IS_TIM_SLAVE_INSTANCE(htim->Instance))
2001:Drivers/STM32L4xx_HAL_Driver/Src/stm32l4xx_hal_tim_ex.c ****   {
2002:Drivers/STM32L4xx_HAL_Driver/Src/stm32l4xx_hal_tim_ex.c ****     /* Reset the MSM Bit */
2003:Drivers/STM32L4xx_HAL_Driver/Src/stm32l4xx_hal_tim_ex.c ****     tmpsmcr &= ~TIM_SMCR_MSM;
2004:Drivers/STM32L4xx_HAL_Driver/Src/stm32l4xx_hal_tim_ex.c ****     /* Set master mode */
2005:Drivers/STM32L4xx_HAL_Driver/Src/stm32l4xx_hal_tim_ex.c ****     tmpsmcr |= sMasterConfig->MasterSlaveMode;
2006:Drivers/STM32L4xx_HAL_Driver/Src/stm32l4xx_hal_tim_ex.c **** 
2007:Drivers/STM32L4xx_HAL_Driver/Src/stm32l4xx_hal_tim_ex.c ****     /* Update TIMx SMCR */
2008:Drivers/STM32L4xx_HAL_Driver/Src/stm32l4xx_hal_tim_ex.c ****     htim->Instance->SMCR = tmpsmcr;
2009:Drivers/STM32L4xx_HAL_Driver/Src/stm32l4xx_hal_tim_ex.c ****   }
2010:Drivers/STM32L4xx_HAL_Driver/Src/stm32l4xx_hal_tim_ex.c **** 
2011:Drivers/STM32L4xx_HAL_Driver/Src/stm32l4xx_hal_tim_ex.c ****   /* Change the htim state */
2012:Drivers/STM32L4xx_HAL_Driver/Src/stm32l4xx_hal_tim_ex.c ****   htim->State = HAL_TIM_STATE_READY;
2013:Drivers/STM32L4xx_HAL_Driver/Src/stm32l4xx_hal_tim_ex.c **** 
2014:Drivers/STM32L4xx_HAL_Driver/Src/stm32l4xx_hal_tim_ex.c ****   __HAL_UNLOCK(htim);
2015:Drivers/STM32L4xx_HAL_Driver/Src/stm32l4xx_hal_tim_ex.c **** 
2016:Drivers/STM32L4xx_HAL_Driver/Src/stm32l4xx_hal_tim_ex.c ****   return HAL_OK;
2017:Drivers/STM32L4xx_HAL_Driver/Src/stm32l4xx_hal_tim_ex.c **** }
2018:Drivers/STM32L4xx_HAL_Driver/Src/stm32l4xx_hal_tim_ex.c **** 
2019:Drivers/STM32L4xx_HAL_Driver/Src/stm32l4xx_hal_tim_ex.c **** /**
2020:Drivers/STM32L4xx_HAL_Driver/Src/stm32l4xx_hal_tim_ex.c ****   * @brief  Configures the Break feature, dead time, Lock level, OSSI/OSSR State
2021:Drivers/STM32L4xx_HAL_Driver/Src/stm32l4xx_hal_tim_ex.c ****   *         and the AOE(automatic output enable).
2022:Drivers/STM32L4xx_HAL_Driver/Src/stm32l4xx_hal_tim_ex.c ****   * @param  htim TIM handle
2023:Drivers/STM32L4xx_HAL_Driver/Src/stm32l4xx_hal_tim_ex.c ****   * @param  sBreakDeadTimeConfig pointer to a TIM_ConfigBreakDeadConfigTypeDef structure that
2024:Drivers/STM32L4xx_HAL_Driver/Src/stm32l4xx_hal_tim_ex.c ****   *         contains the BDTR Register configuration  information for the TIM peripheral.
2025:Drivers/STM32L4xx_HAL_Driver/Src/stm32l4xx_hal_tim_ex.c ****   * @note   Interrupts can be generated when an active level is detected on the
ARM GAS  /tmp/ccRvkrha.s 			page 37


2026:Drivers/STM32L4xx_HAL_Driver/Src/stm32l4xx_hal_tim_ex.c ****   *         break input, the break 2 input or the system break input. Break
2027:Drivers/STM32L4xx_HAL_Driver/Src/stm32l4xx_hal_tim_ex.c ****   *         interrupt can be enabled by calling the @ref __HAL_TIM_ENABLE_IT macro.
2028:Drivers/STM32L4xx_HAL_Driver/Src/stm32l4xx_hal_tim_ex.c ****   * @retval HAL status
2029:Drivers/STM32L4xx_HAL_Driver/Src/stm32l4xx_hal_tim_ex.c ****   */
2030:Drivers/STM32L4xx_HAL_Driver/Src/stm32l4xx_hal_tim_ex.c **** HAL_StatusTypeDef HAL_TIMEx_ConfigBreakDeadTime(TIM_HandleTypeDef *htim,
2031:Drivers/STM32L4xx_HAL_Driver/Src/stm32l4xx_hal_tim_ex.c ****                                                 const TIM_BreakDeadTimeConfigTypeDef *sBreakDeadTim
2032:Drivers/STM32L4xx_HAL_Driver/Src/stm32l4xx_hal_tim_ex.c **** {
2033:Drivers/STM32L4xx_HAL_Driver/Src/stm32l4xx_hal_tim_ex.c ****   /* Keep this variable initialized to 0 as it is used to configure BDTR register */
2034:Drivers/STM32L4xx_HAL_Driver/Src/stm32l4xx_hal_tim_ex.c ****   uint32_t tmpbdtr = 0U;
2035:Drivers/STM32L4xx_HAL_Driver/Src/stm32l4xx_hal_tim_ex.c **** 
2036:Drivers/STM32L4xx_HAL_Driver/Src/stm32l4xx_hal_tim_ex.c ****   /* Check the parameters */
2037:Drivers/STM32L4xx_HAL_Driver/Src/stm32l4xx_hal_tim_ex.c ****   assert_param(IS_TIM_BREAK_INSTANCE(htim->Instance));
2038:Drivers/STM32L4xx_HAL_Driver/Src/stm32l4xx_hal_tim_ex.c ****   assert_param(IS_TIM_OSSR_STATE(sBreakDeadTimeConfig->OffStateRunMode));
2039:Drivers/STM32L4xx_HAL_Driver/Src/stm32l4xx_hal_tim_ex.c ****   assert_param(IS_TIM_OSSI_STATE(sBreakDeadTimeConfig->OffStateIDLEMode));
2040:Drivers/STM32L4xx_HAL_Driver/Src/stm32l4xx_hal_tim_ex.c ****   assert_param(IS_TIM_LOCK_LEVEL(sBreakDeadTimeConfig->LockLevel));
2041:Drivers/STM32L4xx_HAL_Driver/Src/stm32l4xx_hal_tim_ex.c ****   assert_param(IS_TIM_DEADTIME(sBreakDeadTimeConfig->DeadTime));
2042:Drivers/STM32L4xx_HAL_Driver/Src/stm32l4xx_hal_tim_ex.c ****   assert_param(IS_TIM_BREAK_STATE(sBreakDeadTimeConfig->BreakState));
2043:Drivers/STM32L4xx_HAL_Driver/Src/stm32l4xx_hal_tim_ex.c ****   assert_param(IS_TIM_BREAK_POLARITY(sBreakDeadTimeConfig->BreakPolarity));
2044:Drivers/STM32L4xx_HAL_Driver/Src/stm32l4xx_hal_tim_ex.c ****   assert_param(IS_TIM_BREAK_FILTER(sBreakDeadTimeConfig->BreakFilter));
2045:Drivers/STM32L4xx_HAL_Driver/Src/stm32l4xx_hal_tim_ex.c ****   assert_param(IS_TIM_AUTOMATIC_OUTPUT_STATE(sBreakDeadTimeConfig->AutomaticOutput));
2046:Drivers/STM32L4xx_HAL_Driver/Src/stm32l4xx_hal_tim_ex.c **** 
2047:Drivers/STM32L4xx_HAL_Driver/Src/stm32l4xx_hal_tim_ex.c ****   /* Check input state */
2048:Drivers/STM32L4xx_HAL_Driver/Src/stm32l4xx_hal_tim_ex.c ****   __HAL_LOCK(htim);
2049:Drivers/STM32L4xx_HAL_Driver/Src/stm32l4xx_hal_tim_ex.c **** 
2050:Drivers/STM32L4xx_HAL_Driver/Src/stm32l4xx_hal_tim_ex.c ****   /* Set the Lock level, the Break enable Bit and the Polarity, the OSSR State,
2051:Drivers/STM32L4xx_HAL_Driver/Src/stm32l4xx_hal_tim_ex.c ****      the OSSI State, the dead time value and the Automatic Output Enable Bit */
2052:Drivers/STM32L4xx_HAL_Driver/Src/stm32l4xx_hal_tim_ex.c **** 
2053:Drivers/STM32L4xx_HAL_Driver/Src/stm32l4xx_hal_tim_ex.c ****   /* Set the BDTR bits */
2054:Drivers/STM32L4xx_HAL_Driver/Src/stm32l4xx_hal_tim_ex.c ****   MODIFY_REG(tmpbdtr, TIM_BDTR_DTG, sBreakDeadTimeConfig->DeadTime);
2055:Drivers/STM32L4xx_HAL_Driver/Src/stm32l4xx_hal_tim_ex.c ****   MODIFY_REG(tmpbdtr, TIM_BDTR_LOCK, sBreakDeadTimeConfig->LockLevel);
2056:Drivers/STM32L4xx_HAL_Driver/Src/stm32l4xx_hal_tim_ex.c ****   MODIFY_REG(tmpbdtr, TIM_BDTR_OSSI, sBreakDeadTimeConfig->OffStateIDLEMode);
2057:Drivers/STM32L4xx_HAL_Driver/Src/stm32l4xx_hal_tim_ex.c ****   MODIFY_REG(tmpbdtr, TIM_BDTR_OSSR, sBreakDeadTimeConfig->OffStateRunMode);
2058:Drivers/STM32L4xx_HAL_Driver/Src/stm32l4xx_hal_tim_ex.c ****   MODIFY_REG(tmpbdtr, TIM_BDTR_BKE, sBreakDeadTimeConfig->BreakState);
2059:Drivers/STM32L4xx_HAL_Driver/Src/stm32l4xx_hal_tim_ex.c ****   MODIFY_REG(tmpbdtr, TIM_BDTR_BKP, sBreakDeadTimeConfig->BreakPolarity);
2060:Drivers/STM32L4xx_HAL_Driver/Src/stm32l4xx_hal_tim_ex.c ****   MODIFY_REG(tmpbdtr, TIM_BDTR_AOE, sBreakDeadTimeConfig->AutomaticOutput);
2061:Drivers/STM32L4xx_HAL_Driver/Src/stm32l4xx_hal_tim_ex.c ****   MODIFY_REG(tmpbdtr, TIM_BDTR_BKF, (sBreakDeadTimeConfig->BreakFilter << TIM_BDTR_BKF_Pos));
2062:Drivers/STM32L4xx_HAL_Driver/Src/stm32l4xx_hal_tim_ex.c **** 
2063:Drivers/STM32L4xx_HAL_Driver/Src/stm32l4xx_hal_tim_ex.c ****   if (IS_TIM_BKIN2_INSTANCE(htim->Instance))
2064:Drivers/STM32L4xx_HAL_Driver/Src/stm32l4xx_hal_tim_ex.c ****   {
2065:Drivers/STM32L4xx_HAL_Driver/Src/stm32l4xx_hal_tim_ex.c ****     /* Check the parameters */
2066:Drivers/STM32L4xx_HAL_Driver/Src/stm32l4xx_hal_tim_ex.c ****     assert_param(IS_TIM_BREAK2_STATE(sBreakDeadTimeConfig->Break2State));
2067:Drivers/STM32L4xx_HAL_Driver/Src/stm32l4xx_hal_tim_ex.c ****     assert_param(IS_TIM_BREAK2_POLARITY(sBreakDeadTimeConfig->Break2Polarity));
2068:Drivers/STM32L4xx_HAL_Driver/Src/stm32l4xx_hal_tim_ex.c ****     assert_param(IS_TIM_BREAK_FILTER(sBreakDeadTimeConfig->Break2Filter));
2069:Drivers/STM32L4xx_HAL_Driver/Src/stm32l4xx_hal_tim_ex.c **** 
2070:Drivers/STM32L4xx_HAL_Driver/Src/stm32l4xx_hal_tim_ex.c ****     /* Set the BREAK2 input related BDTR bits */
2071:Drivers/STM32L4xx_HAL_Driver/Src/stm32l4xx_hal_tim_ex.c ****     MODIFY_REG(tmpbdtr, TIM_BDTR_BK2F, (sBreakDeadTimeConfig->Break2Filter << TIM_BDTR_BK2F_Pos));
2072:Drivers/STM32L4xx_HAL_Driver/Src/stm32l4xx_hal_tim_ex.c ****     MODIFY_REG(tmpbdtr, TIM_BDTR_BK2E, sBreakDeadTimeConfig->Break2State);
2073:Drivers/STM32L4xx_HAL_Driver/Src/stm32l4xx_hal_tim_ex.c ****     MODIFY_REG(tmpbdtr, TIM_BDTR_BK2P, sBreakDeadTimeConfig->Break2Polarity);
2074:Drivers/STM32L4xx_HAL_Driver/Src/stm32l4xx_hal_tim_ex.c ****   }
2075:Drivers/STM32L4xx_HAL_Driver/Src/stm32l4xx_hal_tim_ex.c **** 
2076:Drivers/STM32L4xx_HAL_Driver/Src/stm32l4xx_hal_tim_ex.c ****   /* Set TIMx_BDTR */
2077:Drivers/STM32L4xx_HAL_Driver/Src/stm32l4xx_hal_tim_ex.c ****   htim->Instance->BDTR = tmpbdtr;
2078:Drivers/STM32L4xx_HAL_Driver/Src/stm32l4xx_hal_tim_ex.c **** 
2079:Drivers/STM32L4xx_HAL_Driver/Src/stm32l4xx_hal_tim_ex.c ****   __HAL_UNLOCK(htim);
2080:Drivers/STM32L4xx_HAL_Driver/Src/stm32l4xx_hal_tim_ex.c **** 
2081:Drivers/STM32L4xx_HAL_Driver/Src/stm32l4xx_hal_tim_ex.c ****   return HAL_OK;
2082:Drivers/STM32L4xx_HAL_Driver/Src/stm32l4xx_hal_tim_ex.c **** }
ARM GAS  /tmp/ccRvkrha.s 			page 38


2083:Drivers/STM32L4xx_HAL_Driver/Src/stm32l4xx_hal_tim_ex.c **** 
2084:Drivers/STM32L4xx_HAL_Driver/Src/stm32l4xx_hal_tim_ex.c **** /**
2085:Drivers/STM32L4xx_HAL_Driver/Src/stm32l4xx_hal_tim_ex.c ****   * @brief  Configures the break input source.
2086:Drivers/STM32L4xx_HAL_Driver/Src/stm32l4xx_hal_tim_ex.c ****   * @param  htim TIM handle.
2087:Drivers/STM32L4xx_HAL_Driver/Src/stm32l4xx_hal_tim_ex.c ****   * @param  BreakInput Break input to configure
2088:Drivers/STM32L4xx_HAL_Driver/Src/stm32l4xx_hal_tim_ex.c ****   *          This parameter can be one of the following values:
2089:Drivers/STM32L4xx_HAL_Driver/Src/stm32l4xx_hal_tim_ex.c ****   *            @arg TIM_BREAKINPUT_BRK: Timer break input
2090:Drivers/STM32L4xx_HAL_Driver/Src/stm32l4xx_hal_tim_ex.c ****   *            @arg TIM_BREAKINPUT_BRK2: Timer break 2 input
2091:Drivers/STM32L4xx_HAL_Driver/Src/stm32l4xx_hal_tim_ex.c ****   * @param  sBreakInputConfig Break input source configuration
2092:Drivers/STM32L4xx_HAL_Driver/Src/stm32l4xx_hal_tim_ex.c ****   * @retval HAL status
2093:Drivers/STM32L4xx_HAL_Driver/Src/stm32l4xx_hal_tim_ex.c ****   */
2094:Drivers/STM32L4xx_HAL_Driver/Src/stm32l4xx_hal_tim_ex.c **** HAL_StatusTypeDef HAL_TIMEx_ConfigBreakInput(TIM_HandleTypeDef *htim,
2095:Drivers/STM32L4xx_HAL_Driver/Src/stm32l4xx_hal_tim_ex.c ****                                              uint32_t BreakInput,
2096:Drivers/STM32L4xx_HAL_Driver/Src/stm32l4xx_hal_tim_ex.c ****                                              const TIMEx_BreakInputConfigTypeDef *sBreakInputConfig
2097:Drivers/STM32L4xx_HAL_Driver/Src/stm32l4xx_hal_tim_ex.c **** {
2098:Drivers/STM32L4xx_HAL_Driver/Src/stm32l4xx_hal_tim_ex.c ****   HAL_StatusTypeDef status = HAL_OK;
2099:Drivers/STM32L4xx_HAL_Driver/Src/stm32l4xx_hal_tim_ex.c ****   uint32_t tmporx;
2100:Drivers/STM32L4xx_HAL_Driver/Src/stm32l4xx_hal_tim_ex.c ****   uint32_t bkin_enable_mask;
2101:Drivers/STM32L4xx_HAL_Driver/Src/stm32l4xx_hal_tim_ex.c ****   uint32_t bkin_polarity_mask;
2102:Drivers/STM32L4xx_HAL_Driver/Src/stm32l4xx_hal_tim_ex.c ****   uint32_t bkin_enable_bitpos;
2103:Drivers/STM32L4xx_HAL_Driver/Src/stm32l4xx_hal_tim_ex.c ****   uint32_t bkin_polarity_bitpos;
2104:Drivers/STM32L4xx_HAL_Driver/Src/stm32l4xx_hal_tim_ex.c **** 
2105:Drivers/STM32L4xx_HAL_Driver/Src/stm32l4xx_hal_tim_ex.c ****   /* Check the parameters */
2106:Drivers/STM32L4xx_HAL_Driver/Src/stm32l4xx_hal_tim_ex.c ****   assert_param(IS_TIM_BREAK_INSTANCE(htim->Instance));
2107:Drivers/STM32L4xx_HAL_Driver/Src/stm32l4xx_hal_tim_ex.c ****   assert_param(IS_TIM_BREAKINPUT(BreakInput));
2108:Drivers/STM32L4xx_HAL_Driver/Src/stm32l4xx_hal_tim_ex.c ****   assert_param(IS_TIM_BREAKINPUTSOURCE(sBreakInputConfig->Source));
2109:Drivers/STM32L4xx_HAL_Driver/Src/stm32l4xx_hal_tim_ex.c ****   assert_param(IS_TIM_BREAKINPUTSOURCE_STATE(sBreakInputConfig->Enable));
2110:Drivers/STM32L4xx_HAL_Driver/Src/stm32l4xx_hal_tim_ex.c **** #if defined(DFSDM1_Channel0)
2111:Drivers/STM32L4xx_HAL_Driver/Src/stm32l4xx_hal_tim_ex.c ****   if (sBreakInputConfig->Source != TIM_BREAKINPUTSOURCE_DFSDM1)
2112:Drivers/STM32L4xx_HAL_Driver/Src/stm32l4xx_hal_tim_ex.c ****   {
2113:Drivers/STM32L4xx_HAL_Driver/Src/stm32l4xx_hal_tim_ex.c ****     assert_param(IS_TIM_BREAKINPUTSOURCE_POLARITY(sBreakInputConfig->Polarity));
2114:Drivers/STM32L4xx_HAL_Driver/Src/stm32l4xx_hal_tim_ex.c ****   }
2115:Drivers/STM32L4xx_HAL_Driver/Src/stm32l4xx_hal_tim_ex.c **** #else
2116:Drivers/STM32L4xx_HAL_Driver/Src/stm32l4xx_hal_tim_ex.c ****   assert_param(IS_TIM_BREAKINPUTSOURCE_POLARITY(sBreakInputConfig->Polarity));
2117:Drivers/STM32L4xx_HAL_Driver/Src/stm32l4xx_hal_tim_ex.c **** #endif /* DFSDM1_Channel0 */
2118:Drivers/STM32L4xx_HAL_Driver/Src/stm32l4xx_hal_tim_ex.c **** 
2119:Drivers/STM32L4xx_HAL_Driver/Src/stm32l4xx_hal_tim_ex.c ****   /* Check input state */
2120:Drivers/STM32L4xx_HAL_Driver/Src/stm32l4xx_hal_tim_ex.c ****   __HAL_LOCK(htim);
2121:Drivers/STM32L4xx_HAL_Driver/Src/stm32l4xx_hal_tim_ex.c **** 
2122:Drivers/STM32L4xx_HAL_Driver/Src/stm32l4xx_hal_tim_ex.c ****   switch (sBreakInputConfig->Source)
2123:Drivers/STM32L4xx_HAL_Driver/Src/stm32l4xx_hal_tim_ex.c ****   {
2124:Drivers/STM32L4xx_HAL_Driver/Src/stm32l4xx_hal_tim_ex.c ****     case TIM_BREAKINPUTSOURCE_BKIN:
2125:Drivers/STM32L4xx_HAL_Driver/Src/stm32l4xx_hal_tim_ex.c ****     {
2126:Drivers/STM32L4xx_HAL_Driver/Src/stm32l4xx_hal_tim_ex.c ****       bkin_enable_mask = TIM1_OR2_BKINE;
2127:Drivers/STM32L4xx_HAL_Driver/Src/stm32l4xx_hal_tim_ex.c ****       bkin_enable_bitpos = TIM1_OR2_BKINE_Pos;
2128:Drivers/STM32L4xx_HAL_Driver/Src/stm32l4xx_hal_tim_ex.c ****       bkin_polarity_mask = TIM1_OR2_BKINP;
2129:Drivers/STM32L4xx_HAL_Driver/Src/stm32l4xx_hal_tim_ex.c ****       bkin_polarity_bitpos = TIM1_OR2_BKINP_Pos;
2130:Drivers/STM32L4xx_HAL_Driver/Src/stm32l4xx_hal_tim_ex.c ****       break;
2131:Drivers/STM32L4xx_HAL_Driver/Src/stm32l4xx_hal_tim_ex.c ****     }
2132:Drivers/STM32L4xx_HAL_Driver/Src/stm32l4xx_hal_tim_ex.c ****     case TIM_BREAKINPUTSOURCE_COMP1:
2133:Drivers/STM32L4xx_HAL_Driver/Src/stm32l4xx_hal_tim_ex.c ****     {
2134:Drivers/STM32L4xx_HAL_Driver/Src/stm32l4xx_hal_tim_ex.c ****       bkin_enable_mask = TIM1_OR2_BKCMP1E;
2135:Drivers/STM32L4xx_HAL_Driver/Src/stm32l4xx_hal_tim_ex.c ****       bkin_enable_bitpos = TIM1_OR2_BKCMP1E_Pos;
2136:Drivers/STM32L4xx_HAL_Driver/Src/stm32l4xx_hal_tim_ex.c ****       bkin_polarity_mask = TIM1_OR2_BKCMP1P;
2137:Drivers/STM32L4xx_HAL_Driver/Src/stm32l4xx_hal_tim_ex.c ****       bkin_polarity_bitpos = TIM1_OR2_BKCMP1P_Pos;
2138:Drivers/STM32L4xx_HAL_Driver/Src/stm32l4xx_hal_tim_ex.c ****       break;
2139:Drivers/STM32L4xx_HAL_Driver/Src/stm32l4xx_hal_tim_ex.c ****     }
ARM GAS  /tmp/ccRvkrha.s 			page 39


2140:Drivers/STM32L4xx_HAL_Driver/Src/stm32l4xx_hal_tim_ex.c ****     case TIM_BREAKINPUTSOURCE_COMP2:
2141:Drivers/STM32L4xx_HAL_Driver/Src/stm32l4xx_hal_tim_ex.c ****     {
2142:Drivers/STM32L4xx_HAL_Driver/Src/stm32l4xx_hal_tim_ex.c ****       bkin_enable_mask = TIM1_OR2_BKCMP2E;
2143:Drivers/STM32L4xx_HAL_Driver/Src/stm32l4xx_hal_tim_ex.c ****       bkin_enable_bitpos = TIM1_OR2_BKCMP2E_Pos;
2144:Drivers/STM32L4xx_HAL_Driver/Src/stm32l4xx_hal_tim_ex.c ****       bkin_polarity_mask = TIM1_OR2_BKCMP2P;
2145:Drivers/STM32L4xx_HAL_Driver/Src/stm32l4xx_hal_tim_ex.c ****       bkin_polarity_bitpos = TIM1_OR2_BKCMP2P_Pos;
2146:Drivers/STM32L4xx_HAL_Driver/Src/stm32l4xx_hal_tim_ex.c ****       break;
2147:Drivers/STM32L4xx_HAL_Driver/Src/stm32l4xx_hal_tim_ex.c ****     }
2148:Drivers/STM32L4xx_HAL_Driver/Src/stm32l4xx_hal_tim_ex.c **** #if defined(DFSDM1_Channel0)
2149:Drivers/STM32L4xx_HAL_Driver/Src/stm32l4xx_hal_tim_ex.c ****     case TIM_BREAKINPUTSOURCE_DFSDM1:
2150:Drivers/STM32L4xx_HAL_Driver/Src/stm32l4xx_hal_tim_ex.c ****     {
2151:Drivers/STM32L4xx_HAL_Driver/Src/stm32l4xx_hal_tim_ex.c ****       bkin_enable_mask = TIM1_OR2_BKDF1BK0E;
2152:Drivers/STM32L4xx_HAL_Driver/Src/stm32l4xx_hal_tim_ex.c ****       bkin_enable_bitpos = TIM1_OR2_BKDF1BK0E_Pos;
2153:Drivers/STM32L4xx_HAL_Driver/Src/stm32l4xx_hal_tim_ex.c ****       bkin_polarity_mask = 0U;
2154:Drivers/STM32L4xx_HAL_Driver/Src/stm32l4xx_hal_tim_ex.c ****       bkin_polarity_bitpos = 0U;
2155:Drivers/STM32L4xx_HAL_Driver/Src/stm32l4xx_hal_tim_ex.c ****       break;
2156:Drivers/STM32L4xx_HAL_Driver/Src/stm32l4xx_hal_tim_ex.c ****     }
2157:Drivers/STM32L4xx_HAL_Driver/Src/stm32l4xx_hal_tim_ex.c **** #endif /* DFSDM1_Channel0 */
2158:Drivers/STM32L4xx_HAL_Driver/Src/stm32l4xx_hal_tim_ex.c **** 
2159:Drivers/STM32L4xx_HAL_Driver/Src/stm32l4xx_hal_tim_ex.c ****     default:
2160:Drivers/STM32L4xx_HAL_Driver/Src/stm32l4xx_hal_tim_ex.c ****     {
2161:Drivers/STM32L4xx_HAL_Driver/Src/stm32l4xx_hal_tim_ex.c ****       bkin_enable_mask = 0U;
2162:Drivers/STM32L4xx_HAL_Driver/Src/stm32l4xx_hal_tim_ex.c ****       bkin_polarity_mask = 0U;
2163:Drivers/STM32L4xx_HAL_Driver/Src/stm32l4xx_hal_tim_ex.c ****       bkin_enable_bitpos = 0U;
2164:Drivers/STM32L4xx_HAL_Driver/Src/stm32l4xx_hal_tim_ex.c ****       bkin_polarity_bitpos = 0U;
2165:Drivers/STM32L4xx_HAL_Driver/Src/stm32l4xx_hal_tim_ex.c ****       break;
2166:Drivers/STM32L4xx_HAL_Driver/Src/stm32l4xx_hal_tim_ex.c ****     }
2167:Drivers/STM32L4xx_HAL_Driver/Src/stm32l4xx_hal_tim_ex.c ****   }
2168:Drivers/STM32L4xx_HAL_Driver/Src/stm32l4xx_hal_tim_ex.c **** 
2169:Drivers/STM32L4xx_HAL_Driver/Src/stm32l4xx_hal_tim_ex.c ****   switch (BreakInput)
2170:Drivers/STM32L4xx_HAL_Driver/Src/stm32l4xx_hal_tim_ex.c ****   {
2171:Drivers/STM32L4xx_HAL_Driver/Src/stm32l4xx_hal_tim_ex.c ****     case TIM_BREAKINPUT_BRK:
2172:Drivers/STM32L4xx_HAL_Driver/Src/stm32l4xx_hal_tim_ex.c ****     {
2173:Drivers/STM32L4xx_HAL_Driver/Src/stm32l4xx_hal_tim_ex.c ****       /* Get the TIMx_OR2 register value */
2174:Drivers/STM32L4xx_HAL_Driver/Src/stm32l4xx_hal_tim_ex.c ****       tmporx = htim->Instance->OR2;
2175:Drivers/STM32L4xx_HAL_Driver/Src/stm32l4xx_hal_tim_ex.c **** 
2176:Drivers/STM32L4xx_HAL_Driver/Src/stm32l4xx_hal_tim_ex.c ****       /* Enable the break input */
2177:Drivers/STM32L4xx_HAL_Driver/Src/stm32l4xx_hal_tim_ex.c ****       tmporx &= ~bkin_enable_mask;
2178:Drivers/STM32L4xx_HAL_Driver/Src/stm32l4xx_hal_tim_ex.c ****       tmporx |= (sBreakInputConfig->Enable << bkin_enable_bitpos) & bkin_enable_mask;
2179:Drivers/STM32L4xx_HAL_Driver/Src/stm32l4xx_hal_tim_ex.c **** 
2180:Drivers/STM32L4xx_HAL_Driver/Src/stm32l4xx_hal_tim_ex.c ****       /* Set the break input polarity */
2181:Drivers/STM32L4xx_HAL_Driver/Src/stm32l4xx_hal_tim_ex.c **** #if defined(DFSDM1_Channel0)
2182:Drivers/STM32L4xx_HAL_Driver/Src/stm32l4xx_hal_tim_ex.c ****       if (sBreakInputConfig->Source != TIM_BREAKINPUTSOURCE_DFSDM1)
2183:Drivers/STM32L4xx_HAL_Driver/Src/stm32l4xx_hal_tim_ex.c **** #endif /* DFSDM1_Channel0 */
2184:Drivers/STM32L4xx_HAL_Driver/Src/stm32l4xx_hal_tim_ex.c ****       {
2185:Drivers/STM32L4xx_HAL_Driver/Src/stm32l4xx_hal_tim_ex.c ****         tmporx &= ~bkin_polarity_mask;
2186:Drivers/STM32L4xx_HAL_Driver/Src/stm32l4xx_hal_tim_ex.c ****         tmporx |= (sBreakInputConfig->Polarity << bkin_polarity_bitpos) & bkin_polarity_mask;
2187:Drivers/STM32L4xx_HAL_Driver/Src/stm32l4xx_hal_tim_ex.c ****       }
2188:Drivers/STM32L4xx_HAL_Driver/Src/stm32l4xx_hal_tim_ex.c **** 
2189:Drivers/STM32L4xx_HAL_Driver/Src/stm32l4xx_hal_tim_ex.c ****       /* Set TIMx_OR2 */
2190:Drivers/STM32L4xx_HAL_Driver/Src/stm32l4xx_hal_tim_ex.c ****       htim->Instance->OR2 = tmporx;
2191:Drivers/STM32L4xx_HAL_Driver/Src/stm32l4xx_hal_tim_ex.c ****       break;
2192:Drivers/STM32L4xx_HAL_Driver/Src/stm32l4xx_hal_tim_ex.c ****     }
2193:Drivers/STM32L4xx_HAL_Driver/Src/stm32l4xx_hal_tim_ex.c ****     case TIM_BREAKINPUT_BRK2:
2194:Drivers/STM32L4xx_HAL_Driver/Src/stm32l4xx_hal_tim_ex.c ****     {
2195:Drivers/STM32L4xx_HAL_Driver/Src/stm32l4xx_hal_tim_ex.c ****       /* Get the TIMx_OR3 register value */
2196:Drivers/STM32L4xx_HAL_Driver/Src/stm32l4xx_hal_tim_ex.c ****       tmporx = htim->Instance->OR3;
ARM GAS  /tmp/ccRvkrha.s 			page 40


2197:Drivers/STM32L4xx_HAL_Driver/Src/stm32l4xx_hal_tim_ex.c **** 
2198:Drivers/STM32L4xx_HAL_Driver/Src/stm32l4xx_hal_tim_ex.c ****       /* Enable the break input */
2199:Drivers/STM32L4xx_HAL_Driver/Src/stm32l4xx_hal_tim_ex.c ****       tmporx &= ~bkin_enable_mask;
2200:Drivers/STM32L4xx_HAL_Driver/Src/stm32l4xx_hal_tim_ex.c ****       tmporx |= (sBreakInputConfig->Enable << bkin_enable_bitpos) & bkin_enable_mask;
2201:Drivers/STM32L4xx_HAL_Driver/Src/stm32l4xx_hal_tim_ex.c **** 
2202:Drivers/STM32L4xx_HAL_Driver/Src/stm32l4xx_hal_tim_ex.c ****       /* Set the break input polarity */
2203:Drivers/STM32L4xx_HAL_Driver/Src/stm32l4xx_hal_tim_ex.c **** #if defined(DFSDM1_Channel0)
2204:Drivers/STM32L4xx_HAL_Driver/Src/stm32l4xx_hal_tim_ex.c ****       if (sBreakInputConfig->Source != TIM_BREAKINPUTSOURCE_DFSDM1)
2205:Drivers/STM32L4xx_HAL_Driver/Src/stm32l4xx_hal_tim_ex.c **** #endif /* DFSDM1_Channel0 */
2206:Drivers/STM32L4xx_HAL_Driver/Src/stm32l4xx_hal_tim_ex.c ****       {
2207:Drivers/STM32L4xx_HAL_Driver/Src/stm32l4xx_hal_tim_ex.c ****         tmporx &= ~bkin_polarity_mask;
2208:Drivers/STM32L4xx_HAL_Driver/Src/stm32l4xx_hal_tim_ex.c ****         tmporx |= (sBreakInputConfig->Polarity << bkin_polarity_bitpos) & bkin_polarity_mask;
2209:Drivers/STM32L4xx_HAL_Driver/Src/stm32l4xx_hal_tim_ex.c ****       }
2210:Drivers/STM32L4xx_HAL_Driver/Src/stm32l4xx_hal_tim_ex.c **** 
2211:Drivers/STM32L4xx_HAL_Driver/Src/stm32l4xx_hal_tim_ex.c ****       /* Set TIMx_OR3 */
2212:Drivers/STM32L4xx_HAL_Driver/Src/stm32l4xx_hal_tim_ex.c ****       htim->Instance->OR3 = tmporx;
2213:Drivers/STM32L4xx_HAL_Driver/Src/stm32l4xx_hal_tim_ex.c ****       break;
2214:Drivers/STM32L4xx_HAL_Driver/Src/stm32l4xx_hal_tim_ex.c ****     }
2215:Drivers/STM32L4xx_HAL_Driver/Src/stm32l4xx_hal_tim_ex.c ****     default:
2216:Drivers/STM32L4xx_HAL_Driver/Src/stm32l4xx_hal_tim_ex.c ****       status = HAL_ERROR;
2217:Drivers/STM32L4xx_HAL_Driver/Src/stm32l4xx_hal_tim_ex.c ****       break;
2218:Drivers/STM32L4xx_HAL_Driver/Src/stm32l4xx_hal_tim_ex.c ****   }
2219:Drivers/STM32L4xx_HAL_Driver/Src/stm32l4xx_hal_tim_ex.c **** 
2220:Drivers/STM32L4xx_HAL_Driver/Src/stm32l4xx_hal_tim_ex.c ****   __HAL_UNLOCK(htim);
2221:Drivers/STM32L4xx_HAL_Driver/Src/stm32l4xx_hal_tim_ex.c **** 
2222:Drivers/STM32L4xx_HAL_Driver/Src/stm32l4xx_hal_tim_ex.c ****   return status;
2223:Drivers/STM32L4xx_HAL_Driver/Src/stm32l4xx_hal_tim_ex.c **** }
2224:Drivers/STM32L4xx_HAL_Driver/Src/stm32l4xx_hal_tim_ex.c **** 
2225:Drivers/STM32L4xx_HAL_Driver/Src/stm32l4xx_hal_tim_ex.c **** /**
2226:Drivers/STM32L4xx_HAL_Driver/Src/stm32l4xx_hal_tim_ex.c ****   * @brief  Configures the TIMx Remapping input capabilities.
2227:Drivers/STM32L4xx_HAL_Driver/Src/stm32l4xx_hal_tim_ex.c ****   * @param  htim TIM handle.
2228:Drivers/STM32L4xx_HAL_Driver/Src/stm32l4xx_hal_tim_ex.c ****   * @param  Remap specifies the TIM remapping source.
2229:Drivers/STM32L4xx_HAL_Driver/Src/stm32l4xx_hal_tim_ex.c ****     @if STM32L422xx
2230:Drivers/STM32L4xx_HAL_Driver/Src/stm32l4xx_hal_tim_ex.c ****   *         For TIM1, the parameter is a combination of 2 fields (field1 | field2):
2231:Drivers/STM32L4xx_HAL_Driver/Src/stm32l4xx_hal_tim_ex.c ****   *
2232:Drivers/STM32L4xx_HAL_Driver/Src/stm32l4xx_hal_tim_ex.c ****   *                   field1 can have the following values:
2233:Drivers/STM32L4xx_HAL_Driver/Src/stm32l4xx_hal_tim_ex.c ****   *            @arg TIM_TIM1_ETR_ADC1_NONE:           TIM1_ETR is not connected to any ADC1 AWD (an
2234:Drivers/STM32L4xx_HAL_Driver/Src/stm32l4xx_hal_tim_ex.c ****   *            @arg TIM_TIM1_ETR_ADC1_AWD1:           TIM1_ETR is connected to ADC1 AWD1
2235:Drivers/STM32L4xx_HAL_Driver/Src/stm32l4xx_hal_tim_ex.c ****   *            @arg TIM_TIM1_ETR_ADC1_AWD2:           TIM1_ETR is connected to ADC1 AWD2
2236:Drivers/STM32L4xx_HAL_Driver/Src/stm32l4xx_hal_tim_ex.c ****   *            @arg TIM_TIM1_ETR_ADC1_AWD3:           TIM1_ETR is connected to ADC1 AWD3
2237:Drivers/STM32L4xx_HAL_Driver/Src/stm32l4xx_hal_tim_ex.c ****   *
2238:Drivers/STM32L4xx_HAL_Driver/Src/stm32l4xx_hal_tim_ex.c ****   *                   field2 can have the following values:
2239:Drivers/STM32L4xx_HAL_Driver/Src/stm32l4xx_hal_tim_ex.c ****   *            @arg TIM_TIM1_TI1_GPIO:                TIM1 TI1 is connected to GPIO
2240:Drivers/STM32L4xx_HAL_Driver/Src/stm32l4xx_hal_tim_ex.c ****   *            @arg TIM_TIM1_TI1_COMP1:               TIM1 TI1 is connected to COMP1 output
2241:Drivers/STM32L4xx_HAL_Driver/Src/stm32l4xx_hal_tim_ex.c ****   *
2242:Drivers/STM32L4xx_HAL_Driver/Src/stm32l4xx_hal_tim_ex.c ****   @endif
2243:Drivers/STM32L4xx_HAL_Driver/Src/stm32l4xx_hal_tim_ex.c **** @if STM32L486xx
2244:Drivers/STM32L4xx_HAL_Driver/Src/stm32l4xx_hal_tim_ex.c ****   *         For TIM1, the parameter is a combination of 4 fields (field1 | field2 | field3 | field4
2245:Drivers/STM32L4xx_HAL_Driver/Src/stm32l4xx_hal_tim_ex.c ****   *
2246:Drivers/STM32L4xx_HAL_Driver/Src/stm32l4xx_hal_tim_ex.c ****   *                   field1 can have the following values:
2247:Drivers/STM32L4xx_HAL_Driver/Src/stm32l4xx_hal_tim_ex.c ****   *            @arg TIM_TIM1_ETR_ADC1_NONE:           TIM1_ETR is not connected to any ADC1 AWD (an
2248:Drivers/STM32L4xx_HAL_Driver/Src/stm32l4xx_hal_tim_ex.c ****   *            @arg TIM_TIM1_ETR_ADC1_AWD1:           TIM1_ETR is connected to ADC1 AWD1
2249:Drivers/STM32L4xx_HAL_Driver/Src/stm32l4xx_hal_tim_ex.c ****   *            @arg TIM_TIM1_ETR_ADC1_AWD2:           TIM1_ETR is connected to ADC1 AWD2
2250:Drivers/STM32L4xx_HAL_Driver/Src/stm32l4xx_hal_tim_ex.c ****   *            @arg TIM_TIM1_ETR_ADC1_AWD3:           TIM1_ETR is connected to ADC1 AWD3
2251:Drivers/STM32L4xx_HAL_Driver/Src/stm32l4xx_hal_tim_ex.c ****   *
2252:Drivers/STM32L4xx_HAL_Driver/Src/stm32l4xx_hal_tim_ex.c ****   *                   field2 can have the following values:
2253:Drivers/STM32L4xx_HAL_Driver/Src/stm32l4xx_hal_tim_ex.c ****   *            @arg TIM_TIM1_ETR_ADC3_NONE:           TIM1_ETR is not connected to any ADC3 AWD (an
ARM GAS  /tmp/ccRvkrha.s 			page 41


2254:Drivers/STM32L4xx_HAL_Driver/Src/stm32l4xx_hal_tim_ex.c ****   *            @arg TIM_TIM1_ETR_ADC3_AWD1:           TIM1_ETR is connected to ADC3 AWD1
2255:Drivers/STM32L4xx_HAL_Driver/Src/stm32l4xx_hal_tim_ex.c ****   *            @arg TIM_TIM1_ETR_ADC3_AWD2:           TIM1_ETR is connected to ADC3 AWD2
2256:Drivers/STM32L4xx_HAL_Driver/Src/stm32l4xx_hal_tim_ex.c ****   *            @arg TIM_TIM1_ETR_ADC3_AWD3:           TIM1_ETR is connected to ADC3 AWD3
2257:Drivers/STM32L4xx_HAL_Driver/Src/stm32l4xx_hal_tim_ex.c ****   *
2258:Drivers/STM32L4xx_HAL_Driver/Src/stm32l4xx_hal_tim_ex.c ****   *                   field3 can have the following values:
2259:Drivers/STM32L4xx_HAL_Driver/Src/stm32l4xx_hal_tim_ex.c ****   *            @arg TIM_TIM1_TI1_GPIO:                TIM1 TI1 is connected to GPIO
2260:Drivers/STM32L4xx_HAL_Driver/Src/stm32l4xx_hal_tim_ex.c ****   *            @arg TIM_TIM1_TI1_COMP1:               TIM1 TI1 is connected to COMP1 output
2261:Drivers/STM32L4xx_HAL_Driver/Src/stm32l4xx_hal_tim_ex.c ****   *
2262:Drivers/STM32L4xx_HAL_Driver/Src/stm32l4xx_hal_tim_ex.c ****   *                   field4 can have the following values:
2263:Drivers/STM32L4xx_HAL_Driver/Src/stm32l4xx_hal_tim_ex.c ****   *            @arg TIM_TIM1_ETR_COMP1:               TIM1_ETR is connected to COMP1 output
2264:Drivers/STM32L4xx_HAL_Driver/Src/stm32l4xx_hal_tim_ex.c ****   *            @arg TIM_TIM1_ETR_COMP2:               TIM1_ETR is connected to COMP2 output
2265:Drivers/STM32L4xx_HAL_Driver/Src/stm32l4xx_hal_tim_ex.c ****   *            @note  When field4 is set to TIM_TIM1_ETR_COMP1 or TIM_TIM1_ETR_COMP2 field1 and fie
2266:Drivers/STM32L4xx_HAL_Driver/Src/stm32l4xx_hal_tim_ex.c ****   @endif
2267:Drivers/STM32L4xx_HAL_Driver/Src/stm32l4xx_hal_tim_ex.c ****   @if STM32L443xx
2268:Drivers/STM32L4xx_HAL_Driver/Src/stm32l4xx_hal_tim_ex.c ****   *         For TIM1, the parameter is a combination of 3 fields (field1 | field2 | field3):
2269:Drivers/STM32L4xx_HAL_Driver/Src/stm32l4xx_hal_tim_ex.c ****   *
2270:Drivers/STM32L4xx_HAL_Driver/Src/stm32l4xx_hal_tim_ex.c ****   *                   field1 can have the following values:
2271:Drivers/STM32L4xx_HAL_Driver/Src/stm32l4xx_hal_tim_ex.c ****   *            @arg TIM_TIM1_ETR_ADC1_NONE:           TIM1_ETR is not connected to any ADC1 AWD (an
2272:Drivers/STM32L4xx_HAL_Driver/Src/stm32l4xx_hal_tim_ex.c ****   *            @arg TIM_TIM1_ETR_ADC1_AWD1:           TIM1_ETR is connected to ADC1 AWD1
2273:Drivers/STM32L4xx_HAL_Driver/Src/stm32l4xx_hal_tim_ex.c ****   *            @arg TIM_TIM1_ETR_ADC1_AWD2:           TIM1_ETR is connected to ADC1 AWD2
2274:Drivers/STM32L4xx_HAL_Driver/Src/stm32l4xx_hal_tim_ex.c ****   *            @arg TIM_TIM1_ETR_ADC1_AWD3:           TIM1_ETR is connected to ADC1 AWD3
2275:Drivers/STM32L4xx_HAL_Driver/Src/stm32l4xx_hal_tim_ex.c ****   *
2276:Drivers/STM32L4xx_HAL_Driver/Src/stm32l4xx_hal_tim_ex.c ****   *                   field2 can have the following values:
2277:Drivers/STM32L4xx_HAL_Driver/Src/stm32l4xx_hal_tim_ex.c ****   *            @arg TIM_TIM1_TI1_GPIO:                TIM1 TI1 is connected to GPIO
2278:Drivers/STM32L4xx_HAL_Driver/Src/stm32l4xx_hal_tim_ex.c ****   *            @arg TIM_TIM1_TI1_COMP1:               TIM1 TI1 is connected to COMP1 output
2279:Drivers/STM32L4xx_HAL_Driver/Src/stm32l4xx_hal_tim_ex.c ****   *
2280:Drivers/STM32L4xx_HAL_Driver/Src/stm32l4xx_hal_tim_ex.c ****   *                   field3 can have the following values:
2281:Drivers/STM32L4xx_HAL_Driver/Src/stm32l4xx_hal_tim_ex.c ****   *            @arg TIM_TIM1_ETR_COMP1:               TIM1_ETR is connected to COMP1 output
2282:Drivers/STM32L4xx_HAL_Driver/Src/stm32l4xx_hal_tim_ex.c ****   *            @arg TIM_TIM1_ETR_COMP2:               TIM1_ETR is connected to COMP2 output
2283:Drivers/STM32L4xx_HAL_Driver/Src/stm32l4xx_hal_tim_ex.c ****   *
2284:Drivers/STM32L4xx_HAL_Driver/Src/stm32l4xx_hal_tim_ex.c ****   *            @note  When field3 is set to TIM_TIM1_ETR_COMP1 or TIM_TIM1_ETR_COMP2 field1 values 
2285:Drivers/STM32L4xx_HAL_Driver/Src/stm32l4xx_hal_tim_ex.c ****   *
2286:Drivers/STM32L4xx_HAL_Driver/Src/stm32l4xx_hal_tim_ex.c ****   @endif
2287:Drivers/STM32L4xx_HAL_Driver/Src/stm32l4xx_hal_tim_ex.c ****   @if STM32L486xx
2288:Drivers/STM32L4xx_HAL_Driver/Src/stm32l4xx_hal_tim_ex.c ****   *         For TIM2, the parameter is a combination of 3 fields (field1 | field2 | field3):
2289:Drivers/STM32L4xx_HAL_Driver/Src/stm32l4xx_hal_tim_ex.c ****   *
2290:Drivers/STM32L4xx_HAL_Driver/Src/stm32l4xx_hal_tim_ex.c ****   *                   field1 can have the following values:
2291:Drivers/STM32L4xx_HAL_Driver/Src/stm32l4xx_hal_tim_ex.c ****   *            @arg TIM_TIM2_ITR1_TIM8_TRGO:          TIM2_ITR1 is connected to TIM8_TRGO
2292:Drivers/STM32L4xx_HAL_Driver/Src/stm32l4xx_hal_tim_ex.c ****   *            @arg TIM_TIM2_ITR1_OTG_FS_SOF:         TIM2_ITR1 is connected to OTG_FS SOF
2293:Drivers/STM32L4xx_HAL_Driver/Src/stm32l4xx_hal_tim_ex.c ****   *
2294:Drivers/STM32L4xx_HAL_Driver/Src/stm32l4xx_hal_tim_ex.c ****   *                   field2 can have the following values:
2295:Drivers/STM32L4xx_HAL_Driver/Src/stm32l4xx_hal_tim_ex.c ****   *            @arg TIM_TIM2_ETR_GPIO:                TIM2_ETR is connected to GPIO
2296:Drivers/STM32L4xx_HAL_Driver/Src/stm32l4xx_hal_tim_ex.c ****   *            @arg TIM_TIM2_ETR_LSE:                 TIM2_ETR is connected to LSE
2297:Drivers/STM32L4xx_HAL_Driver/Src/stm32l4xx_hal_tim_ex.c ****   *            @arg TIM_TIM2_ETR_COMP1:               TIM2_ETR is connected to COMP1 output
2298:Drivers/STM32L4xx_HAL_Driver/Src/stm32l4xx_hal_tim_ex.c ****   *            @arg TIM_TIM2_ETR_COMP2:               TIM2_ETR is connected to COMP2 output
2299:Drivers/STM32L4xx_HAL_Driver/Src/stm32l4xx_hal_tim_ex.c ****   *
2300:Drivers/STM32L4xx_HAL_Driver/Src/stm32l4xx_hal_tim_ex.c ****   *                   field3 can have the following values:
2301:Drivers/STM32L4xx_HAL_Driver/Src/stm32l4xx_hal_tim_ex.c ****   *            @arg TIM_TIM2_TI4_GPIO:                TIM2 TI4 is connected to GPIO
2302:Drivers/STM32L4xx_HAL_Driver/Src/stm32l4xx_hal_tim_ex.c ****   *            @arg TIM_TIM2_TI4_COMP1:               TIM2 TI4 is connected to COMP1 output
2303:Drivers/STM32L4xx_HAL_Driver/Src/stm32l4xx_hal_tim_ex.c ****   *            @arg TIM_TIM2_TI4_COMP2:               TIM2 TI4 is connected to COMP2 output
2304:Drivers/STM32L4xx_HAL_Driver/Src/stm32l4xx_hal_tim_ex.c ****   *            @arg TIM_TIM2_TI4_COMP1_COMP2:         TIM2 TI4 is connected to logical OR between C
2305:Drivers/STM32L4xx_HAL_Driver/Src/stm32l4xx_hal_tim_ex.c ****   @endif
2306:Drivers/STM32L4xx_HAL_Driver/Src/stm32l4xx_hal_tim_ex.c ****   @if STM32L422xx
2307:Drivers/STM32L4xx_HAL_Driver/Src/stm32l4xx_hal_tim_ex.c ****   *         For TIM2, the parameter is a combination of 3 fields (field1 | field2 | field3):
2308:Drivers/STM32L4xx_HAL_Driver/Src/stm32l4xx_hal_tim_ex.c ****   *
2309:Drivers/STM32L4xx_HAL_Driver/Src/stm32l4xx_hal_tim_ex.c ****   *                   field1 can have the following values:
2310:Drivers/STM32L4xx_HAL_Driver/Src/stm32l4xx_hal_tim_ex.c ****   *            @arg TIM_TIM2_ITR1_NONE:               No internal trigger on TIM2_ITR1
ARM GAS  /tmp/ccRvkrha.s 			page 42


2311:Drivers/STM32L4xx_HAL_Driver/Src/stm32l4xx_hal_tim_ex.c ****   *            @arg TIM_TIM2_ITR1_USB_SOF:            TIM2_ITR1 is connected to USB SOF
2312:Drivers/STM32L4xx_HAL_Driver/Src/stm32l4xx_hal_tim_ex.c ****   *
2313:Drivers/STM32L4xx_HAL_Driver/Src/stm32l4xx_hal_tim_ex.c ****   *                   field2 can have the following values:
2314:Drivers/STM32L4xx_HAL_Driver/Src/stm32l4xx_hal_tim_ex.c ****   *            @arg TIM_TIM2_ETR_GPIO:                TIM2_ETR is connected to GPIO
2315:Drivers/STM32L4xx_HAL_Driver/Src/stm32l4xx_hal_tim_ex.c ****   *            @arg TIM_TIM2_ETR_LSE:                 TIM2_ETR is connected to LSE
2316:Drivers/STM32L4xx_HAL_Driver/Src/stm32l4xx_hal_tim_ex.c ****   *            @arg TIM_TIM2_ETR_COMP1:               TIM2_ETR is connected to COMP1 output
2317:Drivers/STM32L4xx_HAL_Driver/Src/stm32l4xx_hal_tim_ex.c ****   *
2318:Drivers/STM32L4xx_HAL_Driver/Src/stm32l4xx_hal_tim_ex.c ****   *                   field3 can have the following values:
2319:Drivers/STM32L4xx_HAL_Driver/Src/stm32l4xx_hal_tim_ex.c ****   *            @arg TIM_TIM2_TI4_GPIO:                TIM2 TI4 is connected to GPIO
2320:Drivers/STM32L4xx_HAL_Driver/Src/stm32l4xx_hal_tim_ex.c ****   *            @arg TIM_TIM2_TI4_COMP1:               TIM2 TI4 is connected to COMP1 output
2321:Drivers/STM32L4xx_HAL_Driver/Src/stm32l4xx_hal_tim_ex.c ****   *
2322:Drivers/STM32L4xx_HAL_Driver/Src/stm32l4xx_hal_tim_ex.c ****   @endif
2323:Drivers/STM32L4xx_HAL_Driver/Src/stm32l4xx_hal_tim_ex.c ****   @if STM32L443xx
2324:Drivers/STM32L4xx_HAL_Driver/Src/stm32l4xx_hal_tim_ex.c ****   *         For TIM2, the parameter is a combination of 3 fields (field1 | field2 | field3):
2325:Drivers/STM32L4xx_HAL_Driver/Src/stm32l4xx_hal_tim_ex.c ****   *
2326:Drivers/STM32L4xx_HAL_Driver/Src/stm32l4xx_hal_tim_ex.c ****   *                   field1 can have the following values:
2327:Drivers/STM32L4xx_HAL_Driver/Src/stm32l4xx_hal_tim_ex.c ****   *            @arg TIM_TIM2_ITR1_NONE:               No internal trigger on TIM2_ITR1
2328:Drivers/STM32L4xx_HAL_Driver/Src/stm32l4xx_hal_tim_ex.c ****   *            @arg TIM_TIM2_ITR1_USB_SOF:            TIM2_ITR1 is connected to USB SOF
2329:Drivers/STM32L4xx_HAL_Driver/Src/stm32l4xx_hal_tim_ex.c ****   *
2330:Drivers/STM32L4xx_HAL_Driver/Src/stm32l4xx_hal_tim_ex.c ****   *                   field2 can have the following values:
2331:Drivers/STM32L4xx_HAL_Driver/Src/stm32l4xx_hal_tim_ex.c ****   *            @arg TIM_TIM2_ETR_GPIO:                TIM2_ETR is connected to GPIO
2332:Drivers/STM32L4xx_HAL_Driver/Src/stm32l4xx_hal_tim_ex.c ****   *            @arg TIM_TIM2_ETR_LSE:                 TIM2_ETR is connected to LSE
2333:Drivers/STM32L4xx_HAL_Driver/Src/stm32l4xx_hal_tim_ex.c ****   *            @arg TIM_TIM2_ETR_COMP1:               TIM2_ETR is connected to COMP1 output
2334:Drivers/STM32L4xx_HAL_Driver/Src/stm32l4xx_hal_tim_ex.c ****   *            @arg TIM_TIM2_ETR_COMP2:               TIM2_ETR is connected to COMP2 output
2335:Drivers/STM32L4xx_HAL_Driver/Src/stm32l4xx_hal_tim_ex.c ****   *
2336:Drivers/STM32L4xx_HAL_Driver/Src/stm32l4xx_hal_tim_ex.c ****   *                   field3 can have the following values:
2337:Drivers/STM32L4xx_HAL_Driver/Src/stm32l4xx_hal_tim_ex.c ****   *            @arg TIM_TIM2_TI4_GPIO:                TIM2 TI4 is connected to GPIO
2338:Drivers/STM32L4xx_HAL_Driver/Src/stm32l4xx_hal_tim_ex.c ****   *            @arg TIM_TIM2_TI4_COMP1:               TIM2 TI4 is connected to COMP1 output
2339:Drivers/STM32L4xx_HAL_Driver/Src/stm32l4xx_hal_tim_ex.c ****   *            @arg TIM_TIM2_TI4_COMP2:               TIM2 TI4 is connected to COMP2 output
2340:Drivers/STM32L4xx_HAL_Driver/Src/stm32l4xx_hal_tim_ex.c ****   *            @arg TIM_TIM2_TI4_COMP1_COMP2:         TIM2 TI4 is connected to logical OR between C
2341:Drivers/STM32L4xx_HAL_Driver/Src/stm32l4xx_hal_tim_ex.c ****   *
2342:Drivers/STM32L4xx_HAL_Driver/Src/stm32l4xx_hal_tim_ex.c ****   @endif
2343:Drivers/STM32L4xx_HAL_Driver/Src/stm32l4xx_hal_tim_ex.c ****   @if STM32L486xx
2344:Drivers/STM32L4xx_HAL_Driver/Src/stm32l4xx_hal_tim_ex.c ****   *         For TIM3, the parameter is a combination 2 fields(field1 | field2):
2345:Drivers/STM32L4xx_HAL_Driver/Src/stm32l4xx_hal_tim_ex.c ****   *
2346:Drivers/STM32L4xx_HAL_Driver/Src/stm32l4xx_hal_tim_ex.c ****   *                   field1 can have the following values:
2347:Drivers/STM32L4xx_HAL_Driver/Src/stm32l4xx_hal_tim_ex.c ****   *            @arg TIM_TIM3_TI1_GPIO:                TIM3 TI1 is connected to GPIO
2348:Drivers/STM32L4xx_HAL_Driver/Src/stm32l4xx_hal_tim_ex.c ****   *            @arg TIM_TIM3_TI1_COMP1:               TIM3 TI1 is connected to COMP1 output
2349:Drivers/STM32L4xx_HAL_Driver/Src/stm32l4xx_hal_tim_ex.c ****   *            @arg TIM_TIM3_TI1_COMP2:               TIM3 TI1 is connected to COMP2 output
2350:Drivers/STM32L4xx_HAL_Driver/Src/stm32l4xx_hal_tim_ex.c ****   *            @arg TIM_TIM3_TI1_COMP1_COMP2:         TIM3 TI1 is connected to logical OR between C
2351:Drivers/STM32L4xx_HAL_Driver/Src/stm32l4xx_hal_tim_ex.c ****   *
2352:Drivers/STM32L4xx_HAL_Driver/Src/stm32l4xx_hal_tim_ex.c ****   *                   field2 can have the following values:
2353:Drivers/STM32L4xx_HAL_Driver/Src/stm32l4xx_hal_tim_ex.c ****   *            @arg TIM_TIM3_ETR_GPIO:                TIM3_ETR is connected to GPIO
2354:Drivers/STM32L4xx_HAL_Driver/Src/stm32l4xx_hal_tim_ex.c ****   *            @arg TIM_TIM3_ETR_COMP1:               TIM3_ETR is connected to COMP1 output
2355:Drivers/STM32L4xx_HAL_Driver/Src/stm32l4xx_hal_tim_ex.c ****   *
2356:Drivers/STM32L4xx_HAL_Driver/Src/stm32l4xx_hal_tim_ex.c ****   @endif
2357:Drivers/STM32L4xx_HAL_Driver/Src/stm32l4xx_hal_tim_ex.c ****   @if STM32L486xx
2358:Drivers/STM32L4xx_HAL_Driver/Src/stm32l4xx_hal_tim_ex.c ****   *         For TIM8, the parameter is a combination of 3 fields (field1 | field2 | field3):
2359:Drivers/STM32L4xx_HAL_Driver/Src/stm32l4xx_hal_tim_ex.c ****   *
2360:Drivers/STM32L4xx_HAL_Driver/Src/stm32l4xx_hal_tim_ex.c ****   *                   field1 can have the following values:
2361:Drivers/STM32L4xx_HAL_Driver/Src/stm32l4xx_hal_tim_ex.c ****   *            @arg TIM_TIM8_ETR_ADC2_NONE:          TIM8_ETR is not connected to any ADC2 AWD (ana
2362:Drivers/STM32L4xx_HAL_Driver/Src/stm32l4xx_hal_tim_ex.c ****   *            @arg TIM_TIM8_ETR_ADC2_AWD1:          TIM8_ETR is connected to ADC2 AWD1
2363:Drivers/STM32L4xx_HAL_Driver/Src/stm32l4xx_hal_tim_ex.c ****   *            @arg TIM_TIM8_ETR_ADC2_AWD2:          TIM8_ETR is connected to ADC2 AWD2
2364:Drivers/STM32L4xx_HAL_Driver/Src/stm32l4xx_hal_tim_ex.c ****   *            @arg TIM_TIM8_ETR_ADC2_AWD3:          TIM8_ETR is connected to ADC2 AWD3
2365:Drivers/STM32L4xx_HAL_Driver/Src/stm32l4xx_hal_tim_ex.c ****   *
2366:Drivers/STM32L4xx_HAL_Driver/Src/stm32l4xx_hal_tim_ex.c ****   *                   field2 can have the following values:
2367:Drivers/STM32L4xx_HAL_Driver/Src/stm32l4xx_hal_tim_ex.c ****   *            @arg TIM_TIM8_ETR_ADC3_NONE:          TIM8_ETR is not connected to any ADC3 AWD (ana
ARM GAS  /tmp/ccRvkrha.s 			page 43


2368:Drivers/STM32L4xx_HAL_Driver/Src/stm32l4xx_hal_tim_ex.c ****   *            @arg TIM_TIM8_ETR_ADC3_AWD1:          TIM8_ETR is connected to ADC3 AWD1
2369:Drivers/STM32L4xx_HAL_Driver/Src/stm32l4xx_hal_tim_ex.c ****   *            @arg TIM_TIM8_ETR_ADC3_AWD2:          TIM8_ETR is connected to ADC3 AWD2
2370:Drivers/STM32L4xx_HAL_Driver/Src/stm32l4xx_hal_tim_ex.c ****   *            @arg TIM_TIM8_ETR_ADC3_AWD3:          TIM8_ETR is connected to ADC3 AWD3
2371:Drivers/STM32L4xx_HAL_Driver/Src/stm32l4xx_hal_tim_ex.c ****   *
2372:Drivers/STM32L4xx_HAL_Driver/Src/stm32l4xx_hal_tim_ex.c ****   *                   field3 can have the following values:
2373:Drivers/STM32L4xx_HAL_Driver/Src/stm32l4xx_hal_tim_ex.c ****   *            @arg TIM_TIM8_TI1_GPIO:               TIM8 TI1 is connected to GPIO
2374:Drivers/STM32L4xx_HAL_Driver/Src/stm32l4xx_hal_tim_ex.c ****   *            @arg TIM_TIM8_TI1_COMP2:              TIM8 TI1 is connected to COMP2 output
2375:Drivers/STM32L4xx_HAL_Driver/Src/stm32l4xx_hal_tim_ex.c ****   *
2376:Drivers/STM32L4xx_HAL_Driver/Src/stm32l4xx_hal_tim_ex.c ****   *                   field4 can have the following values:
2377:Drivers/STM32L4xx_HAL_Driver/Src/stm32l4xx_hal_tim_ex.c ****   *            @arg TIM_TIM8_ETR_COMP1:               TIM8_ETR is connected to COMP1 output
2378:Drivers/STM32L4xx_HAL_Driver/Src/stm32l4xx_hal_tim_ex.c ****   *            @arg TIM_TIM8_ETR_COMP2:               TIM8_ETR is connected to COMP2 output
2379:Drivers/STM32L4xx_HAL_Driver/Src/stm32l4xx_hal_tim_ex.c ****   *            @note  When field4 is set to TIM_TIM8_ETR_COMP1 or TIM_TIM8_ETR_COMP2 field1 and fie
2380:Drivers/STM32L4xx_HAL_Driver/Src/stm32l4xx_hal_tim_ex.c ****   *
2381:Drivers/STM32L4xx_HAL_Driver/Src/stm32l4xx_hal_tim_ex.c ****   @endif
2382:Drivers/STM32L4xx_HAL_Driver/Src/stm32l4xx_hal_tim_ex.c ****   @if STM32L422xx
2383:Drivers/STM32L4xx_HAL_Driver/Src/stm32l4xx_hal_tim_ex.c ****   *         For TIM15, the parameter is a combination of 2 fields (field1 | field2):
2384:Drivers/STM32L4xx_HAL_Driver/Src/stm32l4xx_hal_tim_ex.c ****   *
2385:Drivers/STM32L4xx_HAL_Driver/Src/stm32l4xx_hal_tim_ex.c ****   *                   field1 can have the following values:
2386:Drivers/STM32L4xx_HAL_Driver/Src/stm32l4xx_hal_tim_ex.c ****   *            @arg TIM_TIM15_TI1_GPIO:              TIM15 TI1 is connected to GPIO
2387:Drivers/STM32L4xx_HAL_Driver/Src/stm32l4xx_hal_tim_ex.c ****   *            @arg TIM_TIM15_TI1_LSE:               TIM15 TI1 is connected to LSE
2388:Drivers/STM32L4xx_HAL_Driver/Src/stm32l4xx_hal_tim_ex.c ****   *
2389:Drivers/STM32L4xx_HAL_Driver/Src/stm32l4xx_hal_tim_ex.c ****   *                   field2 can have the following values:
2390:Drivers/STM32L4xx_HAL_Driver/Src/stm32l4xx_hal_tim_ex.c ****   *            @arg TIM_TIM15_ENCODERMODE_NONE:      No redirection
2391:Drivers/STM32L4xx_HAL_Driver/Src/stm32l4xx_hal_tim_ex.c ****   *            @arg TIM_TIM15_ENCODERMODE_TIM2:      TIM2 IC1 and TIM2 IC2 are connected to TIM15 I
2392:Drivers/STM32L4xx_HAL_Driver/Src/stm32l4xx_hal_tim_ex.c ****   *
2393:Drivers/STM32L4xx_HAL_Driver/Src/stm32l4xx_hal_tim_ex.c ****   @endif
2394:Drivers/STM32L4xx_HAL_Driver/Src/stm32l4xx_hal_tim_ex.c ****   @if STM32L443xx
2395:Drivers/STM32L4xx_HAL_Driver/Src/stm32l4xx_hal_tim_ex.c ****   *         For TIM15, the parameter is a combination of 2 fields (field1 | field2):
2396:Drivers/STM32L4xx_HAL_Driver/Src/stm32l4xx_hal_tim_ex.c ****   *
2397:Drivers/STM32L4xx_HAL_Driver/Src/stm32l4xx_hal_tim_ex.c ****   *                   field1 can have the following values:
2398:Drivers/STM32L4xx_HAL_Driver/Src/stm32l4xx_hal_tim_ex.c ****   *            @arg TIM_TIM15_TI1_GPIO:              TIM15 TI1 is connected to GPIO
2399:Drivers/STM32L4xx_HAL_Driver/Src/stm32l4xx_hal_tim_ex.c ****   *            @arg TIM_TIM15_TI1_LSE:               TIM15 TI1 is connected to LSE
2400:Drivers/STM32L4xx_HAL_Driver/Src/stm32l4xx_hal_tim_ex.c ****   *
2401:Drivers/STM32L4xx_HAL_Driver/Src/stm32l4xx_hal_tim_ex.c ****   *                   field2 can have the following values:
2402:Drivers/STM32L4xx_HAL_Driver/Src/stm32l4xx_hal_tim_ex.c ****   *            @arg TIM_TIM15_ENCODERMODE_NONE:      No redirection
2403:Drivers/STM32L4xx_HAL_Driver/Src/stm32l4xx_hal_tim_ex.c ****   *            @arg TIM_TIM15_ENCODERMODE_TIM2:      TIM2 IC1 and TIM2 IC2 are connected to TIM15 I
2404:Drivers/STM32L4xx_HAL_Driver/Src/stm32l4xx_hal_tim_ex.c ****   *            @arg TIM_TIM15_ENCODERMODE_TIM3:      TIM3 IC1 and TIM3 IC2 are connected to TIM15 I
2405:Drivers/STM32L4xx_HAL_Driver/Src/stm32l4xx_hal_tim_ex.c ****   *            @arg TIM_TIM15_ENCODERMODE_TIM4:      TIM4 IC1 and TIM4 IC2 are connected to TIM15 I
2406:Drivers/STM32L4xx_HAL_Driver/Src/stm32l4xx_hal_tim_ex.c ****   *
2407:Drivers/STM32L4xx_HAL_Driver/Src/stm32l4xx_hal_tim_ex.c ****   @endif
2408:Drivers/STM32L4xx_HAL_Driver/Src/stm32l4xx_hal_tim_ex.c ****   @if STM32L486xx
2409:Drivers/STM32L4xx_HAL_Driver/Src/stm32l4xx_hal_tim_ex.c ****   *            @arg TIM_TIM16_TI1_GPIO:              TIM16 TI1 is connected to GPIO
2410:Drivers/STM32L4xx_HAL_Driver/Src/stm32l4xx_hal_tim_ex.c ****   *            @arg TIM_TIM16_TI1_LSI:               TIM16 TI1 is connected to LSI
2411:Drivers/STM32L4xx_HAL_Driver/Src/stm32l4xx_hal_tim_ex.c ****   *            @arg TIM_TIM16_TI1_LSE:               TIM16 TI1 is connected to LSE
2412:Drivers/STM32L4xx_HAL_Driver/Src/stm32l4xx_hal_tim_ex.c ****   *            @arg TIM_TIM16_TI1_RTC:               TIM16 TI1 is connected to RTC wakeup interrupt
2413:Drivers/STM32L4xx_HAL_Driver/Src/stm32l4xx_hal_tim_ex.c ****   *
2414:Drivers/STM32L4xx_HAL_Driver/Src/stm32l4xx_hal_tim_ex.c ****   @endif
2415:Drivers/STM32L4xx_HAL_Driver/Src/stm32l4xx_hal_tim_ex.c ****   @if STM32L422xx
2416:Drivers/STM32L4xx_HAL_Driver/Src/stm32l4xx_hal_tim_ex.c ****   *         For TIM16, the parameter can have the following values:
2417:Drivers/STM32L4xx_HAL_Driver/Src/stm32l4xx_hal_tim_ex.c ****   *            @arg TIM_TIM16_TI1_GPIO:              TIM16 TI1 is connected to GPIO
2418:Drivers/STM32L4xx_HAL_Driver/Src/stm32l4xx_hal_tim_ex.c ****   *            @arg TIM_TIM16_TI1_LSI:               TIM16 TI1 is connected to LSI
2419:Drivers/STM32L4xx_HAL_Driver/Src/stm32l4xx_hal_tim_ex.c ****   *            @arg TIM_TIM16_TI1_LSE:               TIM16 TI1 is connected to LSE
2420:Drivers/STM32L4xx_HAL_Driver/Src/stm32l4xx_hal_tim_ex.c ****   *            @arg TIM_TIM16_TI1_RTC:               TIM16 TI1 is connected to RTC wakeup interrupt
2421:Drivers/STM32L4xx_HAL_Driver/Src/stm32l4xx_hal_tim_ex.c ****   *            @arg TIM_TIM16_TI1_MSI:               TIM16 TI1 is connected to MSI  (constraints: M
2422:Drivers/STM32L4xx_HAL_Driver/Src/stm32l4xx_hal_tim_ex.c ****   *            @arg TIM_TIM16_TI1_HSE_32:            TIM16 TI1 is connected to HSE div 32  (note th
2423:Drivers/STM32L4xx_HAL_Driver/Src/stm32l4xx_hal_tim_ex.c ****   *            @arg TIM_TIM16_TI1_MCO:               TIM16 TI1 is connected to MCO
2424:Drivers/STM32L4xx_HAL_Driver/Src/stm32l4xx_hal_tim_ex.c ****   *
ARM GAS  /tmp/ccRvkrha.s 			page 44


2425:Drivers/STM32L4xx_HAL_Driver/Src/stm32l4xx_hal_tim_ex.c ****   @endif
2426:Drivers/STM32L4xx_HAL_Driver/Src/stm32l4xx_hal_tim_ex.c ****   @if STM32L443xx
2427:Drivers/STM32L4xx_HAL_Driver/Src/stm32l4xx_hal_tim_ex.c ****   *         For TIM16, the parameter can have the following values:
2428:Drivers/STM32L4xx_HAL_Driver/Src/stm32l4xx_hal_tim_ex.c ****   *            @arg TIM_TIM16_TI1_GPIO:              TIM16 TI1 is connected to GPIO
2429:Drivers/STM32L4xx_HAL_Driver/Src/stm32l4xx_hal_tim_ex.c ****   *            @arg TIM_TIM16_TI1_LSI:               TIM16 TI1 is connected to LSI
2430:Drivers/STM32L4xx_HAL_Driver/Src/stm32l4xx_hal_tim_ex.c ****   *            @arg TIM_TIM16_TI1_LSE:               TIM16 TI1 is connected to LSE
2431:Drivers/STM32L4xx_HAL_Driver/Src/stm32l4xx_hal_tim_ex.c ****   *            @arg TIM_TIM16_TI1_RTC:               TIM16 TI1 is connected to RTC wakeup interrupt
2432:Drivers/STM32L4xx_HAL_Driver/Src/stm32l4xx_hal_tim_ex.c ****   *            @arg TIM_TIM16_TI1_MSI:               TIM16 TI1 is connected to MSI  (constraints: M
2433:Drivers/STM32L4xx_HAL_Driver/Src/stm32l4xx_hal_tim_ex.c ****   *            @arg TIM_TIM16_TI1_HSE_32:            TIM16 TI1 is connected to HSE div 32  (note th
2434:Drivers/STM32L4xx_HAL_Driver/Src/stm32l4xx_hal_tim_ex.c ****   *            @arg TIM_TIM16_TI1_MCO:               TIM16 TI1 is connected to MCO
2435:Drivers/STM32L4xx_HAL_Driver/Src/stm32l4xx_hal_tim_ex.c ****   *
2436:Drivers/STM32L4xx_HAL_Driver/Src/stm32l4xx_hal_tim_ex.c ****   @endif
2437:Drivers/STM32L4xx_HAL_Driver/Src/stm32l4xx_hal_tim_ex.c ****   @if STM32L486xx
2438:Drivers/STM32L4xx_HAL_Driver/Src/stm32l4xx_hal_tim_ex.c ****   *         For TIM17, the parameter can have the following values:
2439:Drivers/STM32L4xx_HAL_Driver/Src/stm32l4xx_hal_tim_ex.c ****   *            @arg TIM_TIM17_TI1_GPIO:              TIM17 TI1 is connected to GPIO
2440:Drivers/STM32L4xx_HAL_Driver/Src/stm32l4xx_hal_tim_ex.c ****   *            @arg TIM_TIM17_TI1_MSI:               TIM17 TI1 is connected to MSI  (constraints: M
2441:Drivers/STM32L4xx_HAL_Driver/Src/stm32l4xx_hal_tim_ex.c ****   *            @arg TIM_TIM17_TI1_HSE_32:            TIM17 TI1 is connected to HSE div 32
2442:Drivers/STM32L4xx_HAL_Driver/Src/stm32l4xx_hal_tim_ex.c ****   *            @arg TIM_TIM17_TI1_MCO:               TIM17 TI1 is connected to MCO
2443:Drivers/STM32L4xx_HAL_Driver/Src/stm32l4xx_hal_tim_ex.c ****   @endif
2444:Drivers/STM32L4xx_HAL_Driver/Src/stm32l4xx_hal_tim_ex.c ****   *
2445:Drivers/STM32L4xx_HAL_Driver/Src/stm32l4xx_hal_tim_ex.c ****   * @retval HAL status
2446:Drivers/STM32L4xx_HAL_Driver/Src/stm32l4xx_hal_tim_ex.c ****   */
2447:Drivers/STM32L4xx_HAL_Driver/Src/stm32l4xx_hal_tim_ex.c **** HAL_StatusTypeDef HAL_TIMEx_RemapConfig(TIM_HandleTypeDef *htim, uint32_t Remap)
2448:Drivers/STM32L4xx_HAL_Driver/Src/stm32l4xx_hal_tim_ex.c **** {
2449:Drivers/STM32L4xx_HAL_Driver/Src/stm32l4xx_hal_tim_ex.c ****   uint32_t tmpor1;
2450:Drivers/STM32L4xx_HAL_Driver/Src/stm32l4xx_hal_tim_ex.c ****   uint32_t tmpor2;
2451:Drivers/STM32L4xx_HAL_Driver/Src/stm32l4xx_hal_tim_ex.c **** 
2452:Drivers/STM32L4xx_HAL_Driver/Src/stm32l4xx_hal_tim_ex.c ****   /* Check parameters */
2453:Drivers/STM32L4xx_HAL_Driver/Src/stm32l4xx_hal_tim_ex.c ****   assert_param(IS_TIM_REMAP_INSTANCE(htim->Instance));
2454:Drivers/STM32L4xx_HAL_Driver/Src/stm32l4xx_hal_tim_ex.c ****   assert_param(IS_TIM_REMAP(Remap));
2455:Drivers/STM32L4xx_HAL_Driver/Src/stm32l4xx_hal_tim_ex.c **** 
2456:Drivers/STM32L4xx_HAL_Driver/Src/stm32l4xx_hal_tim_ex.c ****   __HAL_LOCK(htim);
2457:Drivers/STM32L4xx_HAL_Driver/Src/stm32l4xx_hal_tim_ex.c **** 
2458:Drivers/STM32L4xx_HAL_Driver/Src/stm32l4xx_hal_tim_ex.c ****   /* Set ETR_SEL bit field (if required) */
2459:Drivers/STM32L4xx_HAL_Driver/Src/stm32l4xx_hal_tim_ex.c ****   if (IS_TIM_ETRSEL_INSTANCE(htim->Instance))
2460:Drivers/STM32L4xx_HAL_Driver/Src/stm32l4xx_hal_tim_ex.c ****   {
2461:Drivers/STM32L4xx_HAL_Driver/Src/stm32l4xx_hal_tim_ex.c ****     tmpor2 = htim->Instance->OR2;
2462:Drivers/STM32L4xx_HAL_Driver/Src/stm32l4xx_hal_tim_ex.c ****     tmpor2 &= ~TIM1_OR2_ETRSEL_Msk;
2463:Drivers/STM32L4xx_HAL_Driver/Src/stm32l4xx_hal_tim_ex.c ****     tmpor2 |= (Remap & TIM1_OR2_ETRSEL_Msk);
2464:Drivers/STM32L4xx_HAL_Driver/Src/stm32l4xx_hal_tim_ex.c **** 
2465:Drivers/STM32L4xx_HAL_Driver/Src/stm32l4xx_hal_tim_ex.c ****     /* Set TIMx_OR2 */
2466:Drivers/STM32L4xx_HAL_Driver/Src/stm32l4xx_hal_tim_ex.c ****     htim->Instance->OR2 = tmpor2;
2467:Drivers/STM32L4xx_HAL_Driver/Src/stm32l4xx_hal_tim_ex.c ****   }
2468:Drivers/STM32L4xx_HAL_Driver/Src/stm32l4xx_hal_tim_ex.c **** 
2469:Drivers/STM32L4xx_HAL_Driver/Src/stm32l4xx_hal_tim_ex.c ****   /* Set other remapping capabilities */
2470:Drivers/STM32L4xx_HAL_Driver/Src/stm32l4xx_hal_tim_ex.c ****   tmpor1 = Remap;
2471:Drivers/STM32L4xx_HAL_Driver/Src/stm32l4xx_hal_tim_ex.c ****   tmpor1 &= ~TIM1_OR2_ETRSEL_Msk;
2472:Drivers/STM32L4xx_HAL_Driver/Src/stm32l4xx_hal_tim_ex.c **** 
2473:Drivers/STM32L4xx_HAL_Driver/Src/stm32l4xx_hal_tim_ex.c ****   /* Set TIMx_OR1 */
2474:Drivers/STM32L4xx_HAL_Driver/Src/stm32l4xx_hal_tim_ex.c ****   htim->Instance->OR1 = tmpor1;
2475:Drivers/STM32L4xx_HAL_Driver/Src/stm32l4xx_hal_tim_ex.c **** 
2476:Drivers/STM32L4xx_HAL_Driver/Src/stm32l4xx_hal_tim_ex.c ****   __HAL_UNLOCK(htim);
2477:Drivers/STM32L4xx_HAL_Driver/Src/stm32l4xx_hal_tim_ex.c **** 
2478:Drivers/STM32L4xx_HAL_Driver/Src/stm32l4xx_hal_tim_ex.c ****   return HAL_OK;
2479:Drivers/STM32L4xx_HAL_Driver/Src/stm32l4xx_hal_tim_ex.c **** }
2480:Drivers/STM32L4xx_HAL_Driver/Src/stm32l4xx_hal_tim_ex.c **** 
2481:Drivers/STM32L4xx_HAL_Driver/Src/stm32l4xx_hal_tim_ex.c **** /**
ARM GAS  /tmp/ccRvkrha.s 			page 45


2482:Drivers/STM32L4xx_HAL_Driver/Src/stm32l4xx_hal_tim_ex.c ****   * @brief  Group channel 5 and channel 1, 2 or 3
2483:Drivers/STM32L4xx_HAL_Driver/Src/stm32l4xx_hal_tim_ex.c ****   * @param  htim TIM handle.
2484:Drivers/STM32L4xx_HAL_Driver/Src/stm32l4xx_hal_tim_ex.c ****   * @param  Channels specifies the reference signal(s) the OC5REF is combined with.
2485:Drivers/STM32L4xx_HAL_Driver/Src/stm32l4xx_hal_tim_ex.c ****   *         This parameter can be any combination of the following values:
2486:Drivers/STM32L4xx_HAL_Driver/Src/stm32l4xx_hal_tim_ex.c ****   *         TIM_GROUPCH5_NONE: No effect of OC5REF on OC1REFC, OC2REFC and OC3REFC
2487:Drivers/STM32L4xx_HAL_Driver/Src/stm32l4xx_hal_tim_ex.c ****   *         TIM_GROUPCH5_OC1REFC: OC1REFC is the logical AND of OC1REFC and OC5REF
2488:Drivers/STM32L4xx_HAL_Driver/Src/stm32l4xx_hal_tim_ex.c ****   *         TIM_GROUPCH5_OC2REFC: OC2REFC is the logical AND of OC2REFC and OC5REF
2489:Drivers/STM32L4xx_HAL_Driver/Src/stm32l4xx_hal_tim_ex.c ****   *         TIM_GROUPCH5_OC3REFC: OC3REFC is the logical AND of OC3REFC and OC5REF
2490:Drivers/STM32L4xx_HAL_Driver/Src/stm32l4xx_hal_tim_ex.c ****   * @retval HAL status
2491:Drivers/STM32L4xx_HAL_Driver/Src/stm32l4xx_hal_tim_ex.c ****   */
2492:Drivers/STM32L4xx_HAL_Driver/Src/stm32l4xx_hal_tim_ex.c **** HAL_StatusTypeDef HAL_TIMEx_GroupChannel5(TIM_HandleTypeDef *htim, uint32_t Channels)
2493:Drivers/STM32L4xx_HAL_Driver/Src/stm32l4xx_hal_tim_ex.c **** {
2494:Drivers/STM32L4xx_HAL_Driver/Src/stm32l4xx_hal_tim_ex.c ****   /* Check parameters */
2495:Drivers/STM32L4xx_HAL_Driver/Src/stm32l4xx_hal_tim_ex.c ****   assert_param(IS_TIM_COMBINED3PHASEPWM_INSTANCE(htim->Instance));
2496:Drivers/STM32L4xx_HAL_Driver/Src/stm32l4xx_hal_tim_ex.c ****   assert_param(IS_TIM_GROUPCH5(Channels));
2497:Drivers/STM32L4xx_HAL_Driver/Src/stm32l4xx_hal_tim_ex.c **** 
2498:Drivers/STM32L4xx_HAL_Driver/Src/stm32l4xx_hal_tim_ex.c ****   /* Process Locked */
2499:Drivers/STM32L4xx_HAL_Driver/Src/stm32l4xx_hal_tim_ex.c ****   __HAL_LOCK(htim);
2500:Drivers/STM32L4xx_HAL_Driver/Src/stm32l4xx_hal_tim_ex.c **** 
2501:Drivers/STM32L4xx_HAL_Driver/Src/stm32l4xx_hal_tim_ex.c ****   htim->State = HAL_TIM_STATE_BUSY;
2502:Drivers/STM32L4xx_HAL_Driver/Src/stm32l4xx_hal_tim_ex.c **** 
2503:Drivers/STM32L4xx_HAL_Driver/Src/stm32l4xx_hal_tim_ex.c ****   /* Clear GC5Cx bit fields */
2504:Drivers/STM32L4xx_HAL_Driver/Src/stm32l4xx_hal_tim_ex.c ****   htim->Instance->CCR5 &= ~(TIM_CCR5_GC5C3 | TIM_CCR5_GC5C2 | TIM_CCR5_GC5C1);
2505:Drivers/STM32L4xx_HAL_Driver/Src/stm32l4xx_hal_tim_ex.c **** 
2506:Drivers/STM32L4xx_HAL_Driver/Src/stm32l4xx_hal_tim_ex.c ****   /* Set GC5Cx bit fields */
2507:Drivers/STM32L4xx_HAL_Driver/Src/stm32l4xx_hal_tim_ex.c ****   htim->Instance->CCR5 |= Channels;
2508:Drivers/STM32L4xx_HAL_Driver/Src/stm32l4xx_hal_tim_ex.c **** 
2509:Drivers/STM32L4xx_HAL_Driver/Src/stm32l4xx_hal_tim_ex.c ****   /* Change the htim state */
2510:Drivers/STM32L4xx_HAL_Driver/Src/stm32l4xx_hal_tim_ex.c ****   htim->State = HAL_TIM_STATE_READY;
2511:Drivers/STM32L4xx_HAL_Driver/Src/stm32l4xx_hal_tim_ex.c **** 
2512:Drivers/STM32L4xx_HAL_Driver/Src/stm32l4xx_hal_tim_ex.c ****   __HAL_UNLOCK(htim);
2513:Drivers/STM32L4xx_HAL_Driver/Src/stm32l4xx_hal_tim_ex.c **** 
2514:Drivers/STM32L4xx_HAL_Driver/Src/stm32l4xx_hal_tim_ex.c ****   return HAL_OK;
2515:Drivers/STM32L4xx_HAL_Driver/Src/stm32l4xx_hal_tim_ex.c **** }
2516:Drivers/STM32L4xx_HAL_Driver/Src/stm32l4xx_hal_tim_ex.c **** 
2517:Drivers/STM32L4xx_HAL_Driver/Src/stm32l4xx_hal_tim_ex.c **** /**
2518:Drivers/STM32L4xx_HAL_Driver/Src/stm32l4xx_hal_tim_ex.c ****   * @}
2519:Drivers/STM32L4xx_HAL_Driver/Src/stm32l4xx_hal_tim_ex.c ****   */
2520:Drivers/STM32L4xx_HAL_Driver/Src/stm32l4xx_hal_tim_ex.c **** 
2521:Drivers/STM32L4xx_HAL_Driver/Src/stm32l4xx_hal_tim_ex.c **** /** @defgroup TIMEx_Exported_Functions_Group6 Extended Callbacks functions
2522:Drivers/STM32L4xx_HAL_Driver/Src/stm32l4xx_hal_tim_ex.c ****   * @brief    Extended Callbacks functions
2523:Drivers/STM32L4xx_HAL_Driver/Src/stm32l4xx_hal_tim_ex.c ****   *
2524:Drivers/STM32L4xx_HAL_Driver/Src/stm32l4xx_hal_tim_ex.c **** @verbatim
2525:Drivers/STM32L4xx_HAL_Driver/Src/stm32l4xx_hal_tim_ex.c ****   ==============================================================================
2526:Drivers/STM32L4xx_HAL_Driver/Src/stm32l4xx_hal_tim_ex.c ****                     ##### Extended Callbacks functions #####
2527:Drivers/STM32L4xx_HAL_Driver/Src/stm32l4xx_hal_tim_ex.c ****   ==============================================================================
2528:Drivers/STM32L4xx_HAL_Driver/Src/stm32l4xx_hal_tim_ex.c ****   [..]
2529:Drivers/STM32L4xx_HAL_Driver/Src/stm32l4xx_hal_tim_ex.c ****     This section provides Extended TIM callback functions:
2530:Drivers/STM32L4xx_HAL_Driver/Src/stm32l4xx_hal_tim_ex.c ****     (+) Timer Commutation callback
2531:Drivers/STM32L4xx_HAL_Driver/Src/stm32l4xx_hal_tim_ex.c ****     (+) Timer Break callback
2532:Drivers/STM32L4xx_HAL_Driver/Src/stm32l4xx_hal_tim_ex.c **** 
2533:Drivers/STM32L4xx_HAL_Driver/Src/stm32l4xx_hal_tim_ex.c **** @endverbatim
2534:Drivers/STM32L4xx_HAL_Driver/Src/stm32l4xx_hal_tim_ex.c ****   * @{
2535:Drivers/STM32L4xx_HAL_Driver/Src/stm32l4xx_hal_tim_ex.c ****   */
2536:Drivers/STM32L4xx_HAL_Driver/Src/stm32l4xx_hal_tim_ex.c **** 
2537:Drivers/STM32L4xx_HAL_Driver/Src/stm32l4xx_hal_tim_ex.c **** /**
2538:Drivers/STM32L4xx_HAL_Driver/Src/stm32l4xx_hal_tim_ex.c ****   * @brief  Commutation callback in non-blocking mode
ARM GAS  /tmp/ccRvkrha.s 			page 46


2539:Drivers/STM32L4xx_HAL_Driver/Src/stm32l4xx_hal_tim_ex.c ****   * @param  htim TIM handle
2540:Drivers/STM32L4xx_HAL_Driver/Src/stm32l4xx_hal_tim_ex.c ****   * @retval None
2541:Drivers/STM32L4xx_HAL_Driver/Src/stm32l4xx_hal_tim_ex.c ****   */
2542:Drivers/STM32L4xx_HAL_Driver/Src/stm32l4xx_hal_tim_ex.c **** __weak void HAL_TIMEx_CommutCallback(TIM_HandleTypeDef *htim)
2543:Drivers/STM32L4xx_HAL_Driver/Src/stm32l4xx_hal_tim_ex.c **** {
2544:Drivers/STM32L4xx_HAL_Driver/Src/stm32l4xx_hal_tim_ex.c ****   /* Prevent unused argument(s) compilation warning */
2545:Drivers/STM32L4xx_HAL_Driver/Src/stm32l4xx_hal_tim_ex.c ****   UNUSED(htim);
2546:Drivers/STM32L4xx_HAL_Driver/Src/stm32l4xx_hal_tim_ex.c **** 
2547:Drivers/STM32L4xx_HAL_Driver/Src/stm32l4xx_hal_tim_ex.c ****   /* NOTE : This function should not be modified, when the callback is needed,
2548:Drivers/STM32L4xx_HAL_Driver/Src/stm32l4xx_hal_tim_ex.c ****             the HAL_TIMEx_CommutCallback could be implemented in the user file
2549:Drivers/STM32L4xx_HAL_Driver/Src/stm32l4xx_hal_tim_ex.c ****    */
2550:Drivers/STM32L4xx_HAL_Driver/Src/stm32l4xx_hal_tim_ex.c **** }
2551:Drivers/STM32L4xx_HAL_Driver/Src/stm32l4xx_hal_tim_ex.c **** /**
2552:Drivers/STM32L4xx_HAL_Driver/Src/stm32l4xx_hal_tim_ex.c ****   * @brief  Commutation half complete callback in non-blocking mode
2553:Drivers/STM32L4xx_HAL_Driver/Src/stm32l4xx_hal_tim_ex.c ****   * @param  htim TIM handle
2554:Drivers/STM32L4xx_HAL_Driver/Src/stm32l4xx_hal_tim_ex.c ****   * @retval None
2555:Drivers/STM32L4xx_HAL_Driver/Src/stm32l4xx_hal_tim_ex.c ****   */
2556:Drivers/STM32L4xx_HAL_Driver/Src/stm32l4xx_hal_tim_ex.c **** __weak void HAL_TIMEx_CommutHalfCpltCallback(TIM_HandleTypeDef *htim)
2557:Drivers/STM32L4xx_HAL_Driver/Src/stm32l4xx_hal_tim_ex.c **** {
2558:Drivers/STM32L4xx_HAL_Driver/Src/stm32l4xx_hal_tim_ex.c ****   /* Prevent unused argument(s) compilation warning */
2559:Drivers/STM32L4xx_HAL_Driver/Src/stm32l4xx_hal_tim_ex.c ****   UNUSED(htim);
2560:Drivers/STM32L4xx_HAL_Driver/Src/stm32l4xx_hal_tim_ex.c **** 
2561:Drivers/STM32L4xx_HAL_Driver/Src/stm32l4xx_hal_tim_ex.c ****   /* NOTE : This function should not be modified, when the callback is needed,
2562:Drivers/STM32L4xx_HAL_Driver/Src/stm32l4xx_hal_tim_ex.c ****             the HAL_TIMEx_CommutHalfCpltCallback could be implemented in the user file
2563:Drivers/STM32L4xx_HAL_Driver/Src/stm32l4xx_hal_tim_ex.c ****    */
2564:Drivers/STM32L4xx_HAL_Driver/Src/stm32l4xx_hal_tim_ex.c **** }
2565:Drivers/STM32L4xx_HAL_Driver/Src/stm32l4xx_hal_tim_ex.c **** 
2566:Drivers/STM32L4xx_HAL_Driver/Src/stm32l4xx_hal_tim_ex.c **** /**
2567:Drivers/STM32L4xx_HAL_Driver/Src/stm32l4xx_hal_tim_ex.c ****   * @brief  Break detection callback in non-blocking mode
2568:Drivers/STM32L4xx_HAL_Driver/Src/stm32l4xx_hal_tim_ex.c ****   * @param  htim TIM handle
2569:Drivers/STM32L4xx_HAL_Driver/Src/stm32l4xx_hal_tim_ex.c ****   * @retval None
2570:Drivers/STM32L4xx_HAL_Driver/Src/stm32l4xx_hal_tim_ex.c ****   */
2571:Drivers/STM32L4xx_HAL_Driver/Src/stm32l4xx_hal_tim_ex.c **** __weak void HAL_TIMEx_BreakCallback(TIM_HandleTypeDef *htim)
2572:Drivers/STM32L4xx_HAL_Driver/Src/stm32l4xx_hal_tim_ex.c **** {
2573:Drivers/STM32L4xx_HAL_Driver/Src/stm32l4xx_hal_tim_ex.c ****   /* Prevent unused argument(s) compilation warning */
2574:Drivers/STM32L4xx_HAL_Driver/Src/stm32l4xx_hal_tim_ex.c ****   UNUSED(htim);
2575:Drivers/STM32L4xx_HAL_Driver/Src/stm32l4xx_hal_tim_ex.c **** 
2576:Drivers/STM32L4xx_HAL_Driver/Src/stm32l4xx_hal_tim_ex.c ****   /* NOTE : This function should not be modified, when the callback is needed,
2577:Drivers/STM32L4xx_HAL_Driver/Src/stm32l4xx_hal_tim_ex.c ****             the HAL_TIMEx_BreakCallback could be implemented in the user file
2578:Drivers/STM32L4xx_HAL_Driver/Src/stm32l4xx_hal_tim_ex.c ****    */
2579:Drivers/STM32L4xx_HAL_Driver/Src/stm32l4xx_hal_tim_ex.c **** }
2580:Drivers/STM32L4xx_HAL_Driver/Src/stm32l4xx_hal_tim_ex.c **** 
2581:Drivers/STM32L4xx_HAL_Driver/Src/stm32l4xx_hal_tim_ex.c **** /**
2582:Drivers/STM32L4xx_HAL_Driver/Src/stm32l4xx_hal_tim_ex.c ****   * @brief  Break2 detection callback in non blocking mode
2583:Drivers/STM32L4xx_HAL_Driver/Src/stm32l4xx_hal_tim_ex.c ****   * @param  htim: TIM handle
2584:Drivers/STM32L4xx_HAL_Driver/Src/stm32l4xx_hal_tim_ex.c ****   * @retval None
2585:Drivers/STM32L4xx_HAL_Driver/Src/stm32l4xx_hal_tim_ex.c ****   */
2586:Drivers/STM32L4xx_HAL_Driver/Src/stm32l4xx_hal_tim_ex.c **** __weak void HAL_TIMEx_Break2Callback(TIM_HandleTypeDef *htim)
2587:Drivers/STM32L4xx_HAL_Driver/Src/stm32l4xx_hal_tim_ex.c **** {
2588:Drivers/STM32L4xx_HAL_Driver/Src/stm32l4xx_hal_tim_ex.c ****   /* Prevent unused argument(s) compilation warning */
2589:Drivers/STM32L4xx_HAL_Driver/Src/stm32l4xx_hal_tim_ex.c ****   UNUSED(htim);
2590:Drivers/STM32L4xx_HAL_Driver/Src/stm32l4xx_hal_tim_ex.c **** 
2591:Drivers/STM32L4xx_HAL_Driver/Src/stm32l4xx_hal_tim_ex.c ****   /* NOTE : This function Should not be modified, when the callback is needed,
2592:Drivers/STM32L4xx_HAL_Driver/Src/stm32l4xx_hal_tim_ex.c ****             the HAL_TIMEx_Break2Callback could be implemented in the user file
2593:Drivers/STM32L4xx_HAL_Driver/Src/stm32l4xx_hal_tim_ex.c ****    */
2594:Drivers/STM32L4xx_HAL_Driver/Src/stm32l4xx_hal_tim_ex.c **** }
2595:Drivers/STM32L4xx_HAL_Driver/Src/stm32l4xx_hal_tim_ex.c **** /**
ARM GAS  /tmp/ccRvkrha.s 			page 47


2596:Drivers/STM32L4xx_HAL_Driver/Src/stm32l4xx_hal_tim_ex.c ****   * @}
2597:Drivers/STM32L4xx_HAL_Driver/Src/stm32l4xx_hal_tim_ex.c ****   */
2598:Drivers/STM32L4xx_HAL_Driver/Src/stm32l4xx_hal_tim_ex.c **** 
2599:Drivers/STM32L4xx_HAL_Driver/Src/stm32l4xx_hal_tim_ex.c **** /** @defgroup TIMEx_Exported_Functions_Group7 Extended Peripheral State functions
2600:Drivers/STM32L4xx_HAL_Driver/Src/stm32l4xx_hal_tim_ex.c ****   * @brief    Extended Peripheral State functions
2601:Drivers/STM32L4xx_HAL_Driver/Src/stm32l4xx_hal_tim_ex.c ****   *
2602:Drivers/STM32L4xx_HAL_Driver/Src/stm32l4xx_hal_tim_ex.c **** @verbatim
2603:Drivers/STM32L4xx_HAL_Driver/Src/stm32l4xx_hal_tim_ex.c ****   ==============================================================================
2604:Drivers/STM32L4xx_HAL_Driver/Src/stm32l4xx_hal_tim_ex.c ****                 ##### Extended Peripheral State functions #####
2605:Drivers/STM32L4xx_HAL_Driver/Src/stm32l4xx_hal_tim_ex.c ****   ==============================================================================
2606:Drivers/STM32L4xx_HAL_Driver/Src/stm32l4xx_hal_tim_ex.c ****   [..]
2607:Drivers/STM32L4xx_HAL_Driver/Src/stm32l4xx_hal_tim_ex.c ****     This subsection permits to get in run-time the status of the peripheral
2608:Drivers/STM32L4xx_HAL_Driver/Src/stm32l4xx_hal_tim_ex.c ****     and the data flow.
2609:Drivers/STM32L4xx_HAL_Driver/Src/stm32l4xx_hal_tim_ex.c **** 
2610:Drivers/STM32L4xx_HAL_Driver/Src/stm32l4xx_hal_tim_ex.c **** @endverbatim
2611:Drivers/STM32L4xx_HAL_Driver/Src/stm32l4xx_hal_tim_ex.c ****   * @{
2612:Drivers/STM32L4xx_HAL_Driver/Src/stm32l4xx_hal_tim_ex.c ****   */
2613:Drivers/STM32L4xx_HAL_Driver/Src/stm32l4xx_hal_tim_ex.c **** 
2614:Drivers/STM32L4xx_HAL_Driver/Src/stm32l4xx_hal_tim_ex.c **** /**
2615:Drivers/STM32L4xx_HAL_Driver/Src/stm32l4xx_hal_tim_ex.c ****   * @brief  Return the TIM Hall Sensor interface handle state.
2616:Drivers/STM32L4xx_HAL_Driver/Src/stm32l4xx_hal_tim_ex.c ****   * @param  htim TIM Hall Sensor handle
2617:Drivers/STM32L4xx_HAL_Driver/Src/stm32l4xx_hal_tim_ex.c ****   * @retval HAL state
2618:Drivers/STM32L4xx_HAL_Driver/Src/stm32l4xx_hal_tim_ex.c ****   */
2619:Drivers/STM32L4xx_HAL_Driver/Src/stm32l4xx_hal_tim_ex.c **** HAL_TIM_StateTypeDef HAL_TIMEx_HallSensor_GetState(const TIM_HandleTypeDef *htim)
2620:Drivers/STM32L4xx_HAL_Driver/Src/stm32l4xx_hal_tim_ex.c **** {
2621:Drivers/STM32L4xx_HAL_Driver/Src/stm32l4xx_hal_tim_ex.c ****   return htim->State;
2622:Drivers/STM32L4xx_HAL_Driver/Src/stm32l4xx_hal_tim_ex.c **** }
2623:Drivers/STM32L4xx_HAL_Driver/Src/stm32l4xx_hal_tim_ex.c **** 
2624:Drivers/STM32L4xx_HAL_Driver/Src/stm32l4xx_hal_tim_ex.c **** /**
2625:Drivers/STM32L4xx_HAL_Driver/Src/stm32l4xx_hal_tim_ex.c ****   * @brief  Return actual state of the TIM complementary channel.
2626:Drivers/STM32L4xx_HAL_Driver/Src/stm32l4xx_hal_tim_ex.c ****   * @param  htim TIM handle
2627:Drivers/STM32L4xx_HAL_Driver/Src/stm32l4xx_hal_tim_ex.c ****   * @param  ChannelN TIM Complementary channel
2628:Drivers/STM32L4xx_HAL_Driver/Src/stm32l4xx_hal_tim_ex.c ****   *          This parameter can be one of the following values:
2629:Drivers/STM32L4xx_HAL_Driver/Src/stm32l4xx_hal_tim_ex.c ****   *            @arg TIM_CHANNEL_1: TIM Channel 1
2630:Drivers/STM32L4xx_HAL_Driver/Src/stm32l4xx_hal_tim_ex.c ****   *            @arg TIM_CHANNEL_2: TIM Channel 2
2631:Drivers/STM32L4xx_HAL_Driver/Src/stm32l4xx_hal_tim_ex.c ****   *            @arg TIM_CHANNEL_3: TIM Channel 3
2632:Drivers/STM32L4xx_HAL_Driver/Src/stm32l4xx_hal_tim_ex.c ****   * @retval TIM Complementary channel state
2633:Drivers/STM32L4xx_HAL_Driver/Src/stm32l4xx_hal_tim_ex.c ****   */
2634:Drivers/STM32L4xx_HAL_Driver/Src/stm32l4xx_hal_tim_ex.c **** HAL_TIM_ChannelStateTypeDef HAL_TIMEx_GetChannelNState(const TIM_HandleTypeDef *htim,  uint32_t Cha
2635:Drivers/STM32L4xx_HAL_Driver/Src/stm32l4xx_hal_tim_ex.c **** {
2636:Drivers/STM32L4xx_HAL_Driver/Src/stm32l4xx_hal_tim_ex.c ****   HAL_TIM_ChannelStateTypeDef channel_state;
2637:Drivers/STM32L4xx_HAL_Driver/Src/stm32l4xx_hal_tim_ex.c **** 
2638:Drivers/STM32L4xx_HAL_Driver/Src/stm32l4xx_hal_tim_ex.c ****   /* Check the parameters */
2639:Drivers/STM32L4xx_HAL_Driver/Src/stm32l4xx_hal_tim_ex.c ****   assert_param(IS_TIM_CCXN_INSTANCE(htim->Instance, ChannelN));
2640:Drivers/STM32L4xx_HAL_Driver/Src/stm32l4xx_hal_tim_ex.c **** 
2641:Drivers/STM32L4xx_HAL_Driver/Src/stm32l4xx_hal_tim_ex.c ****   channel_state = TIM_CHANNEL_N_STATE_GET(htim, ChannelN);
2642:Drivers/STM32L4xx_HAL_Driver/Src/stm32l4xx_hal_tim_ex.c **** 
2643:Drivers/STM32L4xx_HAL_Driver/Src/stm32l4xx_hal_tim_ex.c ****   return channel_state;
2644:Drivers/STM32L4xx_HAL_Driver/Src/stm32l4xx_hal_tim_ex.c **** }
2645:Drivers/STM32L4xx_HAL_Driver/Src/stm32l4xx_hal_tim_ex.c **** /**
2646:Drivers/STM32L4xx_HAL_Driver/Src/stm32l4xx_hal_tim_ex.c ****   * @}
2647:Drivers/STM32L4xx_HAL_Driver/Src/stm32l4xx_hal_tim_ex.c ****   */
2648:Drivers/STM32L4xx_HAL_Driver/Src/stm32l4xx_hal_tim_ex.c **** 
2649:Drivers/STM32L4xx_HAL_Driver/Src/stm32l4xx_hal_tim_ex.c **** /**
2650:Drivers/STM32L4xx_HAL_Driver/Src/stm32l4xx_hal_tim_ex.c ****   * @}
2651:Drivers/STM32L4xx_HAL_Driver/Src/stm32l4xx_hal_tim_ex.c ****   */
2652:Drivers/STM32L4xx_HAL_Driver/Src/stm32l4xx_hal_tim_ex.c **** 
ARM GAS  /tmp/ccRvkrha.s 			page 48


2653:Drivers/STM32L4xx_HAL_Driver/Src/stm32l4xx_hal_tim_ex.c **** /* Private functions ---------------------------------------------------------*/
2654:Drivers/STM32L4xx_HAL_Driver/Src/stm32l4xx_hal_tim_ex.c **** /** @defgroup TIMEx_Private_Functions TIM Extended Private Functions
2655:Drivers/STM32L4xx_HAL_Driver/Src/stm32l4xx_hal_tim_ex.c ****   * @{
2656:Drivers/STM32L4xx_HAL_Driver/Src/stm32l4xx_hal_tim_ex.c ****   */
2657:Drivers/STM32L4xx_HAL_Driver/Src/stm32l4xx_hal_tim_ex.c **** 
2658:Drivers/STM32L4xx_HAL_Driver/Src/stm32l4xx_hal_tim_ex.c **** /**
2659:Drivers/STM32L4xx_HAL_Driver/Src/stm32l4xx_hal_tim_ex.c ****   * @brief  TIM DMA Commutation callback.
2660:Drivers/STM32L4xx_HAL_Driver/Src/stm32l4xx_hal_tim_ex.c ****   * @param  hdma pointer to DMA handle.
2661:Drivers/STM32L4xx_HAL_Driver/Src/stm32l4xx_hal_tim_ex.c ****   * @retval None
2662:Drivers/STM32L4xx_HAL_Driver/Src/stm32l4xx_hal_tim_ex.c ****   */
2663:Drivers/STM32L4xx_HAL_Driver/Src/stm32l4xx_hal_tim_ex.c **** void TIMEx_DMACommutationCplt(DMA_HandleTypeDef *hdma)
2664:Drivers/STM32L4xx_HAL_Driver/Src/stm32l4xx_hal_tim_ex.c **** {
2665:Drivers/STM32L4xx_HAL_Driver/Src/stm32l4xx_hal_tim_ex.c ****   TIM_HandleTypeDef *htim = (TIM_HandleTypeDef *)((DMA_HandleTypeDef *)hdma)->Parent;
2666:Drivers/STM32L4xx_HAL_Driver/Src/stm32l4xx_hal_tim_ex.c **** 
2667:Drivers/STM32L4xx_HAL_Driver/Src/stm32l4xx_hal_tim_ex.c ****   /* Change the htim state */
2668:Drivers/STM32L4xx_HAL_Driver/Src/stm32l4xx_hal_tim_ex.c ****   htim->State = HAL_TIM_STATE_READY;
2669:Drivers/STM32L4xx_HAL_Driver/Src/stm32l4xx_hal_tim_ex.c **** 
2670:Drivers/STM32L4xx_HAL_Driver/Src/stm32l4xx_hal_tim_ex.c **** #if (USE_HAL_TIM_REGISTER_CALLBACKS == 1)
2671:Drivers/STM32L4xx_HAL_Driver/Src/stm32l4xx_hal_tim_ex.c ****   htim->CommutationCallback(htim);
2672:Drivers/STM32L4xx_HAL_Driver/Src/stm32l4xx_hal_tim_ex.c **** #else
2673:Drivers/STM32L4xx_HAL_Driver/Src/stm32l4xx_hal_tim_ex.c ****   HAL_TIMEx_CommutCallback(htim);
2674:Drivers/STM32L4xx_HAL_Driver/Src/stm32l4xx_hal_tim_ex.c **** #endif /* USE_HAL_TIM_REGISTER_CALLBACKS */
2675:Drivers/STM32L4xx_HAL_Driver/Src/stm32l4xx_hal_tim_ex.c **** }
2676:Drivers/STM32L4xx_HAL_Driver/Src/stm32l4xx_hal_tim_ex.c **** 
2677:Drivers/STM32L4xx_HAL_Driver/Src/stm32l4xx_hal_tim_ex.c **** /**
2678:Drivers/STM32L4xx_HAL_Driver/Src/stm32l4xx_hal_tim_ex.c ****   * @brief  TIM DMA Commutation half complete callback.
2679:Drivers/STM32L4xx_HAL_Driver/Src/stm32l4xx_hal_tim_ex.c ****   * @param  hdma pointer to DMA handle.
2680:Drivers/STM32L4xx_HAL_Driver/Src/stm32l4xx_hal_tim_ex.c ****   * @retval None
2681:Drivers/STM32L4xx_HAL_Driver/Src/stm32l4xx_hal_tim_ex.c ****   */
2682:Drivers/STM32L4xx_HAL_Driver/Src/stm32l4xx_hal_tim_ex.c **** void TIMEx_DMACommutationHalfCplt(DMA_HandleTypeDef *hdma)
2683:Drivers/STM32L4xx_HAL_Driver/Src/stm32l4xx_hal_tim_ex.c **** {
2684:Drivers/STM32L4xx_HAL_Driver/Src/stm32l4xx_hal_tim_ex.c ****   TIM_HandleTypeDef *htim = (TIM_HandleTypeDef *)((DMA_HandleTypeDef *)hdma)->Parent;
2685:Drivers/STM32L4xx_HAL_Driver/Src/stm32l4xx_hal_tim_ex.c **** 
2686:Drivers/STM32L4xx_HAL_Driver/Src/stm32l4xx_hal_tim_ex.c ****   /* Change the htim state */
2687:Drivers/STM32L4xx_HAL_Driver/Src/stm32l4xx_hal_tim_ex.c ****   htim->State = HAL_TIM_STATE_READY;
2688:Drivers/STM32L4xx_HAL_Driver/Src/stm32l4xx_hal_tim_ex.c **** 
2689:Drivers/STM32L4xx_HAL_Driver/Src/stm32l4xx_hal_tim_ex.c **** #if (USE_HAL_TIM_REGISTER_CALLBACKS == 1)
2690:Drivers/STM32L4xx_HAL_Driver/Src/stm32l4xx_hal_tim_ex.c ****   htim->CommutationHalfCpltCallback(htim);
2691:Drivers/STM32L4xx_HAL_Driver/Src/stm32l4xx_hal_tim_ex.c **** #else
2692:Drivers/STM32L4xx_HAL_Driver/Src/stm32l4xx_hal_tim_ex.c ****   HAL_TIMEx_CommutHalfCpltCallback(htim);
2693:Drivers/STM32L4xx_HAL_Driver/Src/stm32l4xx_hal_tim_ex.c **** #endif /* USE_HAL_TIM_REGISTER_CALLBACKS */
2694:Drivers/STM32L4xx_HAL_Driver/Src/stm32l4xx_hal_tim_ex.c **** }
2695:Drivers/STM32L4xx_HAL_Driver/Src/stm32l4xx_hal_tim_ex.c **** 
2696:Drivers/STM32L4xx_HAL_Driver/Src/stm32l4xx_hal_tim_ex.c **** 
2697:Drivers/STM32L4xx_HAL_Driver/Src/stm32l4xx_hal_tim_ex.c **** /**
2698:Drivers/STM32L4xx_HAL_Driver/Src/stm32l4xx_hal_tim_ex.c ****   * @brief  TIM DMA Delay Pulse complete callback (complementary channel).
2699:Drivers/STM32L4xx_HAL_Driver/Src/stm32l4xx_hal_tim_ex.c ****   * @param  hdma pointer to DMA handle.
2700:Drivers/STM32L4xx_HAL_Driver/Src/stm32l4xx_hal_tim_ex.c ****   * @retval None
2701:Drivers/STM32L4xx_HAL_Driver/Src/stm32l4xx_hal_tim_ex.c ****   */
2702:Drivers/STM32L4xx_HAL_Driver/Src/stm32l4xx_hal_tim_ex.c **** static void TIM_DMADelayPulseNCplt(DMA_HandleTypeDef *hdma)
2703:Drivers/STM32L4xx_HAL_Driver/Src/stm32l4xx_hal_tim_ex.c **** {
2704:Drivers/STM32L4xx_HAL_Driver/Src/stm32l4xx_hal_tim_ex.c ****   TIM_HandleTypeDef *htim = (TIM_HandleTypeDef *)((DMA_HandleTypeDef *)hdma)->Parent;
2705:Drivers/STM32L4xx_HAL_Driver/Src/stm32l4xx_hal_tim_ex.c **** 
2706:Drivers/STM32L4xx_HAL_Driver/Src/stm32l4xx_hal_tim_ex.c ****   if (hdma == htim->hdma[TIM_DMA_ID_CC1])
2707:Drivers/STM32L4xx_HAL_Driver/Src/stm32l4xx_hal_tim_ex.c ****   {
2708:Drivers/STM32L4xx_HAL_Driver/Src/stm32l4xx_hal_tim_ex.c ****     htim->Channel = HAL_TIM_ACTIVE_CHANNEL_1;
2709:Drivers/STM32L4xx_HAL_Driver/Src/stm32l4xx_hal_tim_ex.c **** 
ARM GAS  /tmp/ccRvkrha.s 			page 49


2710:Drivers/STM32L4xx_HAL_Driver/Src/stm32l4xx_hal_tim_ex.c ****     if (hdma->Init.Mode == DMA_NORMAL)
2711:Drivers/STM32L4xx_HAL_Driver/Src/stm32l4xx_hal_tim_ex.c ****     {
2712:Drivers/STM32L4xx_HAL_Driver/Src/stm32l4xx_hal_tim_ex.c ****       TIM_CHANNEL_N_STATE_SET(htim, TIM_CHANNEL_1, HAL_TIM_CHANNEL_STATE_READY);
2713:Drivers/STM32L4xx_HAL_Driver/Src/stm32l4xx_hal_tim_ex.c ****     }
2714:Drivers/STM32L4xx_HAL_Driver/Src/stm32l4xx_hal_tim_ex.c ****   }
2715:Drivers/STM32L4xx_HAL_Driver/Src/stm32l4xx_hal_tim_ex.c ****   else if (hdma == htim->hdma[TIM_DMA_ID_CC2])
2716:Drivers/STM32L4xx_HAL_Driver/Src/stm32l4xx_hal_tim_ex.c ****   {
2717:Drivers/STM32L4xx_HAL_Driver/Src/stm32l4xx_hal_tim_ex.c ****     htim->Channel = HAL_TIM_ACTIVE_CHANNEL_2;
2718:Drivers/STM32L4xx_HAL_Driver/Src/stm32l4xx_hal_tim_ex.c **** 
2719:Drivers/STM32L4xx_HAL_Driver/Src/stm32l4xx_hal_tim_ex.c ****     if (hdma->Init.Mode == DMA_NORMAL)
2720:Drivers/STM32L4xx_HAL_Driver/Src/stm32l4xx_hal_tim_ex.c ****     {
2721:Drivers/STM32L4xx_HAL_Driver/Src/stm32l4xx_hal_tim_ex.c ****       TIM_CHANNEL_N_STATE_SET(htim, TIM_CHANNEL_2, HAL_TIM_CHANNEL_STATE_READY);
2722:Drivers/STM32L4xx_HAL_Driver/Src/stm32l4xx_hal_tim_ex.c ****     }
2723:Drivers/STM32L4xx_HAL_Driver/Src/stm32l4xx_hal_tim_ex.c ****   }
2724:Drivers/STM32L4xx_HAL_Driver/Src/stm32l4xx_hal_tim_ex.c ****   else if (hdma == htim->hdma[TIM_DMA_ID_CC3])
2725:Drivers/STM32L4xx_HAL_Driver/Src/stm32l4xx_hal_tim_ex.c ****   {
2726:Drivers/STM32L4xx_HAL_Driver/Src/stm32l4xx_hal_tim_ex.c ****     htim->Channel = HAL_TIM_ACTIVE_CHANNEL_3;
2727:Drivers/STM32L4xx_HAL_Driver/Src/stm32l4xx_hal_tim_ex.c **** 
2728:Drivers/STM32L4xx_HAL_Driver/Src/stm32l4xx_hal_tim_ex.c ****     if (hdma->Init.Mode == DMA_NORMAL)
2729:Drivers/STM32L4xx_HAL_Driver/Src/stm32l4xx_hal_tim_ex.c ****     {
2730:Drivers/STM32L4xx_HAL_Driver/Src/stm32l4xx_hal_tim_ex.c ****       TIM_CHANNEL_N_STATE_SET(htim, TIM_CHANNEL_3, HAL_TIM_CHANNEL_STATE_READY);
2731:Drivers/STM32L4xx_HAL_Driver/Src/stm32l4xx_hal_tim_ex.c ****     }
2732:Drivers/STM32L4xx_HAL_Driver/Src/stm32l4xx_hal_tim_ex.c ****   }
2733:Drivers/STM32L4xx_HAL_Driver/Src/stm32l4xx_hal_tim_ex.c ****   else
2734:Drivers/STM32L4xx_HAL_Driver/Src/stm32l4xx_hal_tim_ex.c ****   {
2735:Drivers/STM32L4xx_HAL_Driver/Src/stm32l4xx_hal_tim_ex.c ****     /* nothing to do */
2736:Drivers/STM32L4xx_HAL_Driver/Src/stm32l4xx_hal_tim_ex.c ****   }
2737:Drivers/STM32L4xx_HAL_Driver/Src/stm32l4xx_hal_tim_ex.c **** 
2738:Drivers/STM32L4xx_HAL_Driver/Src/stm32l4xx_hal_tim_ex.c **** #if (USE_HAL_TIM_REGISTER_CALLBACKS == 1)
2739:Drivers/STM32L4xx_HAL_Driver/Src/stm32l4xx_hal_tim_ex.c ****   htim->PWM_PulseFinishedCallback(htim);
2740:Drivers/STM32L4xx_HAL_Driver/Src/stm32l4xx_hal_tim_ex.c **** #else
2741:Drivers/STM32L4xx_HAL_Driver/Src/stm32l4xx_hal_tim_ex.c ****   HAL_TIM_PWM_PulseFinishedCallback(htim);
2742:Drivers/STM32L4xx_HAL_Driver/Src/stm32l4xx_hal_tim_ex.c **** #endif /* USE_HAL_TIM_REGISTER_CALLBACKS */
2743:Drivers/STM32L4xx_HAL_Driver/Src/stm32l4xx_hal_tim_ex.c **** 
2744:Drivers/STM32L4xx_HAL_Driver/Src/stm32l4xx_hal_tim_ex.c ****   htim->Channel = HAL_TIM_ACTIVE_CHANNEL_CLEARED;
2745:Drivers/STM32L4xx_HAL_Driver/Src/stm32l4xx_hal_tim_ex.c **** }
2746:Drivers/STM32L4xx_HAL_Driver/Src/stm32l4xx_hal_tim_ex.c **** 
2747:Drivers/STM32L4xx_HAL_Driver/Src/stm32l4xx_hal_tim_ex.c **** /**
2748:Drivers/STM32L4xx_HAL_Driver/Src/stm32l4xx_hal_tim_ex.c ****   * @brief  TIM DMA error callback (complementary channel)
2749:Drivers/STM32L4xx_HAL_Driver/Src/stm32l4xx_hal_tim_ex.c ****   * @param  hdma pointer to DMA handle.
2750:Drivers/STM32L4xx_HAL_Driver/Src/stm32l4xx_hal_tim_ex.c ****   * @retval None
2751:Drivers/STM32L4xx_HAL_Driver/Src/stm32l4xx_hal_tim_ex.c ****   */
2752:Drivers/STM32L4xx_HAL_Driver/Src/stm32l4xx_hal_tim_ex.c **** static void TIM_DMAErrorCCxN(DMA_HandleTypeDef *hdma)
2753:Drivers/STM32L4xx_HAL_Driver/Src/stm32l4xx_hal_tim_ex.c **** {
2754:Drivers/STM32L4xx_HAL_Driver/Src/stm32l4xx_hal_tim_ex.c ****   TIM_HandleTypeDef *htim = (TIM_HandleTypeDef *)((DMA_HandleTypeDef *)hdma)->Parent;
2755:Drivers/STM32L4xx_HAL_Driver/Src/stm32l4xx_hal_tim_ex.c **** 
2756:Drivers/STM32L4xx_HAL_Driver/Src/stm32l4xx_hal_tim_ex.c ****   if (hdma == htim->hdma[TIM_DMA_ID_CC1])
2757:Drivers/STM32L4xx_HAL_Driver/Src/stm32l4xx_hal_tim_ex.c ****   {
2758:Drivers/STM32L4xx_HAL_Driver/Src/stm32l4xx_hal_tim_ex.c ****     htim->Channel = HAL_TIM_ACTIVE_CHANNEL_1;
2759:Drivers/STM32L4xx_HAL_Driver/Src/stm32l4xx_hal_tim_ex.c ****     TIM_CHANNEL_N_STATE_SET(htim, TIM_CHANNEL_1, HAL_TIM_CHANNEL_STATE_READY);
2760:Drivers/STM32L4xx_HAL_Driver/Src/stm32l4xx_hal_tim_ex.c ****   }
2761:Drivers/STM32L4xx_HAL_Driver/Src/stm32l4xx_hal_tim_ex.c ****   else if (hdma == htim->hdma[TIM_DMA_ID_CC2])
2762:Drivers/STM32L4xx_HAL_Driver/Src/stm32l4xx_hal_tim_ex.c ****   {
2763:Drivers/STM32L4xx_HAL_Driver/Src/stm32l4xx_hal_tim_ex.c ****     htim->Channel = HAL_TIM_ACTIVE_CHANNEL_2;
2764:Drivers/STM32L4xx_HAL_Driver/Src/stm32l4xx_hal_tim_ex.c ****     TIM_CHANNEL_N_STATE_SET(htim, TIM_CHANNEL_2, HAL_TIM_CHANNEL_STATE_READY);
2765:Drivers/STM32L4xx_HAL_Driver/Src/stm32l4xx_hal_tim_ex.c ****   }
2766:Drivers/STM32L4xx_HAL_Driver/Src/stm32l4xx_hal_tim_ex.c ****   else if (hdma == htim->hdma[TIM_DMA_ID_CC3])
ARM GAS  /tmp/ccRvkrha.s 			page 50


2767:Drivers/STM32L4xx_HAL_Driver/Src/stm32l4xx_hal_tim_ex.c ****   {
2768:Drivers/STM32L4xx_HAL_Driver/Src/stm32l4xx_hal_tim_ex.c ****     htim->Channel = HAL_TIM_ACTIVE_CHANNEL_3;
2769:Drivers/STM32L4xx_HAL_Driver/Src/stm32l4xx_hal_tim_ex.c ****     TIM_CHANNEL_N_STATE_SET(htim, TIM_CHANNEL_3, HAL_TIM_CHANNEL_STATE_READY);
2770:Drivers/STM32L4xx_HAL_Driver/Src/stm32l4xx_hal_tim_ex.c ****   }
2771:Drivers/STM32L4xx_HAL_Driver/Src/stm32l4xx_hal_tim_ex.c ****   else
2772:Drivers/STM32L4xx_HAL_Driver/Src/stm32l4xx_hal_tim_ex.c ****   {
2773:Drivers/STM32L4xx_HAL_Driver/Src/stm32l4xx_hal_tim_ex.c ****     /* nothing to do */
2774:Drivers/STM32L4xx_HAL_Driver/Src/stm32l4xx_hal_tim_ex.c ****   }
2775:Drivers/STM32L4xx_HAL_Driver/Src/stm32l4xx_hal_tim_ex.c **** 
2776:Drivers/STM32L4xx_HAL_Driver/Src/stm32l4xx_hal_tim_ex.c **** #if (USE_HAL_TIM_REGISTER_CALLBACKS == 1)
2777:Drivers/STM32L4xx_HAL_Driver/Src/stm32l4xx_hal_tim_ex.c ****   htim->ErrorCallback(htim);
2778:Drivers/STM32L4xx_HAL_Driver/Src/stm32l4xx_hal_tim_ex.c **** #else
2779:Drivers/STM32L4xx_HAL_Driver/Src/stm32l4xx_hal_tim_ex.c ****   HAL_TIM_ErrorCallback(htim);
2780:Drivers/STM32L4xx_HAL_Driver/Src/stm32l4xx_hal_tim_ex.c **** #endif /* USE_HAL_TIM_REGISTER_CALLBACKS */
2781:Drivers/STM32L4xx_HAL_Driver/Src/stm32l4xx_hal_tim_ex.c **** 
2782:Drivers/STM32L4xx_HAL_Driver/Src/stm32l4xx_hal_tim_ex.c ****   htim->Channel = HAL_TIM_ACTIVE_CHANNEL_CLEARED;
2783:Drivers/STM32L4xx_HAL_Driver/Src/stm32l4xx_hal_tim_ex.c **** }
2784:Drivers/STM32L4xx_HAL_Driver/Src/stm32l4xx_hal_tim_ex.c **** 
2785:Drivers/STM32L4xx_HAL_Driver/Src/stm32l4xx_hal_tim_ex.c **** /**
2786:Drivers/STM32L4xx_HAL_Driver/Src/stm32l4xx_hal_tim_ex.c ****   * @brief  Enables or disables the TIM Capture Compare Channel xN.
2787:Drivers/STM32L4xx_HAL_Driver/Src/stm32l4xx_hal_tim_ex.c ****   * @param  TIMx to select the TIM peripheral
2788:Drivers/STM32L4xx_HAL_Driver/Src/stm32l4xx_hal_tim_ex.c ****   * @param  Channel specifies the TIM Channel
2789:Drivers/STM32L4xx_HAL_Driver/Src/stm32l4xx_hal_tim_ex.c ****   *          This parameter can be one of the following values:
2790:Drivers/STM32L4xx_HAL_Driver/Src/stm32l4xx_hal_tim_ex.c ****   *            @arg TIM_CHANNEL_1: TIM Channel 1
2791:Drivers/STM32L4xx_HAL_Driver/Src/stm32l4xx_hal_tim_ex.c ****   *            @arg TIM_CHANNEL_2: TIM Channel 2
2792:Drivers/STM32L4xx_HAL_Driver/Src/stm32l4xx_hal_tim_ex.c ****   *            @arg TIM_CHANNEL_3: TIM Channel 3
2793:Drivers/STM32L4xx_HAL_Driver/Src/stm32l4xx_hal_tim_ex.c ****   * @param  ChannelNState specifies the TIM Channel CCxNE bit new state.
2794:Drivers/STM32L4xx_HAL_Driver/Src/stm32l4xx_hal_tim_ex.c ****   *          This parameter can be: TIM_CCxN_ENABLE or TIM_CCxN_Disable.
2795:Drivers/STM32L4xx_HAL_Driver/Src/stm32l4xx_hal_tim_ex.c ****   * @retval None
2796:Drivers/STM32L4xx_HAL_Driver/Src/stm32l4xx_hal_tim_ex.c ****   */
2797:Drivers/STM32L4xx_HAL_Driver/Src/stm32l4xx_hal_tim_ex.c **** static void TIM_CCxNChannelCmd(TIM_TypeDef *TIMx, uint32_t Channel, uint32_t ChannelNState)
2798:Drivers/STM32L4xx_HAL_Driver/Src/stm32l4xx_hal_tim_ex.c **** {
  29              		.loc 1 2798 1 view -0
  30              		.cfi_startproc
  31              		@ args = 0, pretend = 0, frame = 0
  32              		@ frame_needed = 0, uses_anonymous_args = 0
  33              		@ link register save eliminated.
2799:Drivers/STM32L4xx_HAL_Driver/Src/stm32l4xx_hal_tim_ex.c ****   uint32_t tmp;
  34              		.loc 1 2799 3 view .LVU1
2800:Drivers/STM32L4xx_HAL_Driver/Src/stm32l4xx_hal_tim_ex.c **** 
2801:Drivers/STM32L4xx_HAL_Driver/Src/stm32l4xx_hal_tim_ex.c ****   tmp = TIM_CCER_CC1NE << (Channel & 0xFU); /* 0xFU = 15 bits max shift */
  35              		.loc 1 2801 3 view .LVU2
  36              		.loc 1 2801 36 is_stmt 0 view .LVU3
  37 0000 01F00F01 		and	r1, r1, #15
  38              	.LVL1:
  39              		.loc 1 2801 7 view .LVU4
  40 0004 0423     		movs	r3, #4
  41 0006 03FA01FC 		lsl	ip, r3, r1
  42              	.LVL2:
2802:Drivers/STM32L4xx_HAL_Driver/Src/stm32l4xx_hal_tim_ex.c **** 
2803:Drivers/STM32L4xx_HAL_Driver/Src/stm32l4xx_hal_tim_ex.c ****   /* Reset the CCxNE Bit */
2804:Drivers/STM32L4xx_HAL_Driver/Src/stm32l4xx_hal_tim_ex.c ****   TIMx->CCER &=  ~tmp;
  43              		.loc 1 2804 3 is_stmt 1 view .LVU5
  44              		.loc 1 2804 14 is_stmt 0 view .LVU6
  45 000a 036A     		ldr	r3, [r0, #32]
  46 000c 23EA0C03 		bic	r3, r3, ip
  47 0010 0362     		str	r3, [r0, #32]
ARM GAS  /tmp/ccRvkrha.s 			page 51


2805:Drivers/STM32L4xx_HAL_Driver/Src/stm32l4xx_hal_tim_ex.c **** 
2806:Drivers/STM32L4xx_HAL_Driver/Src/stm32l4xx_hal_tim_ex.c ****   /* Set or reset the CCxNE Bit */
2807:Drivers/STM32L4xx_HAL_Driver/Src/stm32l4xx_hal_tim_ex.c ****   TIMx->CCER |= (uint32_t)(ChannelNState << (Channel & 0xFU)); /* 0xFU = 15 bits max shift */
  48              		.loc 1 2807 3 is_stmt 1 view .LVU7
  49              		.loc 1 2807 14 is_stmt 0 view .LVU8
  50 0012 036A     		ldr	r3, [r0, #32]
  51              		.loc 1 2807 42 view .LVU9
  52 0014 02FA01F1 		lsl	r1, r2, r1
  53              		.loc 1 2807 14 view .LVU10
  54 0018 0B43     		orrs	r3, r3, r1
  55 001a 0362     		str	r3, [r0, #32]
2808:Drivers/STM32L4xx_HAL_Driver/Src/stm32l4xx_hal_tim_ex.c **** }
  56              		.loc 1 2808 1 view .LVU11
  57 001c 7047     		bx	lr
  58              		.cfi_endproc
  59              	.LFE176:
  61              		.section	.text.TIM_DMAErrorCCxN,"ax",%progbits
  62              		.align	1
  63              		.syntax unified
  64              		.thumb
  65              		.thumb_func
  67              	TIM_DMAErrorCCxN:
  68              	.LVL3:
  69              	.LFB175:
2753:Drivers/STM32L4xx_HAL_Driver/Src/stm32l4xx_hal_tim_ex.c ****   TIM_HandleTypeDef *htim = (TIM_HandleTypeDef *)((DMA_HandleTypeDef *)hdma)->Parent;
  70              		.loc 1 2753 1 is_stmt 1 view -0
  71              		.cfi_startproc
  72              		@ args = 0, pretend = 0, frame = 0
  73              		@ frame_needed = 0, uses_anonymous_args = 0
2753:Drivers/STM32L4xx_HAL_Driver/Src/stm32l4xx_hal_tim_ex.c ****   TIM_HandleTypeDef *htim = (TIM_HandleTypeDef *)((DMA_HandleTypeDef *)hdma)->Parent;
  74              		.loc 1 2753 1 is_stmt 0 view .LVU13
  75 0000 10B5     		push	{r4, lr}
  76              	.LCFI0:
  77              		.cfi_def_cfa_offset 8
  78              		.cfi_offset 4, -8
  79              		.cfi_offset 14, -4
2754:Drivers/STM32L4xx_HAL_Driver/Src/stm32l4xx_hal_tim_ex.c **** 
  80              		.loc 1 2754 3 is_stmt 1 view .LVU14
2754:Drivers/STM32L4xx_HAL_Driver/Src/stm32l4xx_hal_tim_ex.c **** 
  81              		.loc 1 2754 22 is_stmt 0 view .LVU15
  82 0002 846A     		ldr	r4, [r0, #40]
  83              	.LVL4:
2756:Drivers/STM32L4xx_HAL_Driver/Src/stm32l4xx_hal_tim_ex.c ****   {
  84              		.loc 1 2756 3 is_stmt 1 view .LVU16
2756:Drivers/STM32L4xx_HAL_Driver/Src/stm32l4xx_hal_tim_ex.c ****   {
  85              		.loc 1 2756 25 is_stmt 0 view .LVU17
  86 0004 636A     		ldr	r3, [r4, #36]
2756:Drivers/STM32L4xx_HAL_Driver/Src/stm32l4xx_hal_tim_ex.c ****   {
  87              		.loc 1 2756 6 view .LVU18
  88 0006 8342     		cmp	r3, r0
  89 0008 0BD0     		beq	.L7
2761:Drivers/STM32L4xx_HAL_Driver/Src/stm32l4xx_hal_tim_ex.c ****   {
  90              		.loc 1 2761 8 is_stmt 1 view .LVU19
2761:Drivers/STM32L4xx_HAL_Driver/Src/stm32l4xx_hal_tim_ex.c ****   {
  91              		.loc 1 2761 30 is_stmt 0 view .LVU20
  92 000a A36A     		ldr	r3, [r4, #40]
2761:Drivers/STM32L4xx_HAL_Driver/Src/stm32l4xx_hal_tim_ex.c ****   {
ARM GAS  /tmp/ccRvkrha.s 			page 52


  93              		.loc 1 2761 11 view .LVU21
  94 000c 8342     		cmp	r3, r0
  95 000e 0DD0     		beq	.L8
2766:Drivers/STM32L4xx_HAL_Driver/Src/stm32l4xx_hal_tim_ex.c ****   {
  96              		.loc 1 2766 8 is_stmt 1 view .LVU22
2766:Drivers/STM32L4xx_HAL_Driver/Src/stm32l4xx_hal_tim_ex.c ****   {
  97              		.loc 1 2766 30 is_stmt 0 view .LVU23
  98 0010 E36A     		ldr	r3, [r4, #44]
2766:Drivers/STM32L4xx_HAL_Driver/Src/stm32l4xx_hal_tim_ex.c ****   {
  99              		.loc 1 2766 11 view .LVU24
 100 0012 8342     		cmp	r3, r0
 101 0014 10D0     		beq	.L9
 102              	.L4:
2774:Drivers/STM32L4xx_HAL_Driver/Src/stm32l4xx_hal_tim_ex.c **** 
 103              		.loc 1 2774 3 is_stmt 1 view .LVU25
2779:Drivers/STM32L4xx_HAL_Driver/Src/stm32l4xx_hal_tim_ex.c **** #endif /* USE_HAL_TIM_REGISTER_CALLBACKS */
 104              		.loc 1 2779 3 view .LVU26
 105 0016 2046     		mov	r0, r4
 106              	.LVL5:
2779:Drivers/STM32L4xx_HAL_Driver/Src/stm32l4xx_hal_tim_ex.c **** #endif /* USE_HAL_TIM_REGISTER_CALLBACKS */
 107              		.loc 1 2779 3 is_stmt 0 view .LVU27
 108 0018 FFF7FEFF 		bl	HAL_TIM_ErrorCallback
 109              	.LVL6:
2782:Drivers/STM32L4xx_HAL_Driver/Src/stm32l4xx_hal_tim_ex.c **** }
 110              		.loc 1 2782 3 is_stmt 1 view .LVU28
2782:Drivers/STM32L4xx_HAL_Driver/Src/stm32l4xx_hal_tim_ex.c **** }
 111              		.loc 1 2782 17 is_stmt 0 view .LVU29
 112 001c 0023     		movs	r3, #0
 113 001e 2377     		strb	r3, [r4, #28]
2783:Drivers/STM32L4xx_HAL_Driver/Src/stm32l4xx_hal_tim_ex.c **** 
 114              		.loc 1 2783 1 view .LVU30
 115 0020 10BD     		pop	{r4, pc}
 116              	.LVL7:
 117              	.L7:
2758:Drivers/STM32L4xx_HAL_Driver/Src/stm32l4xx_hal_tim_ex.c ****     TIM_CHANNEL_N_STATE_SET(htim, TIM_CHANNEL_1, HAL_TIM_CHANNEL_STATE_READY);
 118              		.loc 1 2758 5 is_stmt 1 view .LVU31
2758:Drivers/STM32L4xx_HAL_Driver/Src/stm32l4xx_hal_tim_ex.c ****     TIM_CHANNEL_N_STATE_SET(htim, TIM_CHANNEL_1, HAL_TIM_CHANNEL_STATE_READY);
 119              		.loc 1 2758 19 is_stmt 0 view .LVU32
 120 0022 0123     		movs	r3, #1
 121 0024 2377     		strb	r3, [r4, #28]
2759:Drivers/STM32L4xx_HAL_Driver/Src/stm32l4xx_hal_tim_ex.c ****   }
 122              		.loc 1 2759 5 is_stmt 1 view .LVU33
 123 0026 84F84430 		strb	r3, [r4, #68]
 124 002a F4E7     		b	.L4
 125              	.L8:
2763:Drivers/STM32L4xx_HAL_Driver/Src/stm32l4xx_hal_tim_ex.c ****     TIM_CHANNEL_N_STATE_SET(htim, TIM_CHANNEL_2, HAL_TIM_CHANNEL_STATE_READY);
 126              		.loc 1 2763 5 view .LVU34
2763:Drivers/STM32L4xx_HAL_Driver/Src/stm32l4xx_hal_tim_ex.c ****     TIM_CHANNEL_N_STATE_SET(htim, TIM_CHANNEL_2, HAL_TIM_CHANNEL_STATE_READY);
 127              		.loc 1 2763 19 is_stmt 0 view .LVU35
 128 002c 0223     		movs	r3, #2
 129 002e 2377     		strb	r3, [r4, #28]
2764:Drivers/STM32L4xx_HAL_Driver/Src/stm32l4xx_hal_tim_ex.c ****   }
 130              		.loc 1 2764 5 is_stmt 1 view .LVU36
 131 0030 0123     		movs	r3, #1
 132 0032 84F84530 		strb	r3, [r4, #69]
 133 0036 EEE7     		b	.L4
 134              	.L9:
ARM GAS  /tmp/ccRvkrha.s 			page 53


2768:Drivers/STM32L4xx_HAL_Driver/Src/stm32l4xx_hal_tim_ex.c ****     TIM_CHANNEL_N_STATE_SET(htim, TIM_CHANNEL_3, HAL_TIM_CHANNEL_STATE_READY);
 135              		.loc 1 2768 5 view .LVU37
2768:Drivers/STM32L4xx_HAL_Driver/Src/stm32l4xx_hal_tim_ex.c ****     TIM_CHANNEL_N_STATE_SET(htim, TIM_CHANNEL_3, HAL_TIM_CHANNEL_STATE_READY);
 136              		.loc 1 2768 19 is_stmt 0 view .LVU38
 137 0038 0423     		movs	r3, #4
 138 003a 2377     		strb	r3, [r4, #28]
2769:Drivers/STM32L4xx_HAL_Driver/Src/stm32l4xx_hal_tim_ex.c ****   }
 139              		.loc 1 2769 5 is_stmt 1 view .LVU39
 140 003c 0123     		movs	r3, #1
 141 003e 84F84630 		strb	r3, [r4, #70]
 142 0042 E8E7     		b	.L4
 143              		.cfi_endproc
 144              	.LFE175:
 146              		.section	.text.TIM_DMADelayPulseNCplt,"ax",%progbits
 147              		.align	1
 148              		.syntax unified
 149              		.thumb
 150              		.thumb_func
 152              	TIM_DMADelayPulseNCplt:
 153              	.LVL8:
 154              	.LFB174:
2703:Drivers/STM32L4xx_HAL_Driver/Src/stm32l4xx_hal_tim_ex.c ****   TIM_HandleTypeDef *htim = (TIM_HandleTypeDef *)((DMA_HandleTypeDef *)hdma)->Parent;
 155              		.loc 1 2703 1 view -0
 156              		.cfi_startproc
 157              		@ args = 0, pretend = 0, frame = 0
 158              		@ frame_needed = 0, uses_anonymous_args = 0
2703:Drivers/STM32L4xx_HAL_Driver/Src/stm32l4xx_hal_tim_ex.c ****   TIM_HandleTypeDef *htim = (TIM_HandleTypeDef *)((DMA_HandleTypeDef *)hdma)->Parent;
 159              		.loc 1 2703 1 is_stmt 0 view .LVU41
 160 0000 10B5     		push	{r4, lr}
 161              	.LCFI1:
 162              		.cfi_def_cfa_offset 8
 163              		.cfi_offset 4, -8
 164              		.cfi_offset 14, -4
2704:Drivers/STM32L4xx_HAL_Driver/Src/stm32l4xx_hal_tim_ex.c **** 
 165              		.loc 1 2704 3 is_stmt 1 view .LVU42
2704:Drivers/STM32L4xx_HAL_Driver/Src/stm32l4xx_hal_tim_ex.c **** 
 166              		.loc 1 2704 22 is_stmt 0 view .LVU43
 167 0002 846A     		ldr	r4, [r0, #40]
 168              	.LVL9:
2706:Drivers/STM32L4xx_HAL_Driver/Src/stm32l4xx_hal_tim_ex.c ****   {
 169              		.loc 1 2706 3 is_stmt 1 view .LVU44
2706:Drivers/STM32L4xx_HAL_Driver/Src/stm32l4xx_hal_tim_ex.c ****   {
 170              		.loc 1 2706 25 is_stmt 0 view .LVU45
 171 0004 636A     		ldr	r3, [r4, #36]
2706:Drivers/STM32L4xx_HAL_Driver/Src/stm32l4xx_hal_tim_ex.c ****   {
 172              		.loc 1 2706 6 view .LVU46
 173 0006 8342     		cmp	r3, r0
 174 0008 0BD0     		beq	.L15
2715:Drivers/STM32L4xx_HAL_Driver/Src/stm32l4xx_hal_tim_ex.c ****   {
 175              		.loc 1 2715 8 is_stmt 1 view .LVU47
2715:Drivers/STM32L4xx_HAL_Driver/Src/stm32l4xx_hal_tim_ex.c ****   {
 176              		.loc 1 2715 30 is_stmt 0 view .LVU48
 177 000a A36A     		ldr	r3, [r4, #40]
2715:Drivers/STM32L4xx_HAL_Driver/Src/stm32l4xx_hal_tim_ex.c ****   {
 178              		.loc 1 2715 11 view .LVU49
 179 000c 8342     		cmp	r3, r0
 180 000e 11D0     		beq	.L16
ARM GAS  /tmp/ccRvkrha.s 			page 54


2724:Drivers/STM32L4xx_HAL_Driver/Src/stm32l4xx_hal_tim_ex.c ****   {
 181              		.loc 1 2724 8 is_stmt 1 view .LVU50
2724:Drivers/STM32L4xx_HAL_Driver/Src/stm32l4xx_hal_tim_ex.c ****   {
 182              		.loc 1 2724 30 is_stmt 0 view .LVU51
 183 0010 E36A     		ldr	r3, [r4, #44]
2724:Drivers/STM32L4xx_HAL_Driver/Src/stm32l4xx_hal_tim_ex.c ****   {
 184              		.loc 1 2724 11 view .LVU52
 185 0012 8342     		cmp	r3, r0
 186 0014 17D0     		beq	.L17
 187              	.L12:
2736:Drivers/STM32L4xx_HAL_Driver/Src/stm32l4xx_hal_tim_ex.c **** 
 188              		.loc 1 2736 3 is_stmt 1 view .LVU53
2741:Drivers/STM32L4xx_HAL_Driver/Src/stm32l4xx_hal_tim_ex.c **** #endif /* USE_HAL_TIM_REGISTER_CALLBACKS */
 189              		.loc 1 2741 3 view .LVU54
 190 0016 2046     		mov	r0, r4
 191              	.LVL10:
2741:Drivers/STM32L4xx_HAL_Driver/Src/stm32l4xx_hal_tim_ex.c **** #endif /* USE_HAL_TIM_REGISTER_CALLBACKS */
 192              		.loc 1 2741 3 is_stmt 0 view .LVU55
 193 0018 FFF7FEFF 		bl	HAL_TIM_PWM_PulseFinishedCallback
 194              	.LVL11:
2744:Drivers/STM32L4xx_HAL_Driver/Src/stm32l4xx_hal_tim_ex.c **** }
 195              		.loc 1 2744 3 is_stmt 1 view .LVU56
2744:Drivers/STM32L4xx_HAL_Driver/Src/stm32l4xx_hal_tim_ex.c **** }
 196              		.loc 1 2744 17 is_stmt 0 view .LVU57
 197 001c 0023     		movs	r3, #0
 198 001e 2377     		strb	r3, [r4, #28]
2745:Drivers/STM32L4xx_HAL_Driver/Src/stm32l4xx_hal_tim_ex.c **** 
 199              		.loc 1 2745 1 view .LVU58
 200 0020 10BD     		pop	{r4, pc}
 201              	.LVL12:
 202              	.L15:
2708:Drivers/STM32L4xx_HAL_Driver/Src/stm32l4xx_hal_tim_ex.c **** 
 203              		.loc 1 2708 5 is_stmt 1 view .LVU59
2708:Drivers/STM32L4xx_HAL_Driver/Src/stm32l4xx_hal_tim_ex.c **** 
 204              		.loc 1 2708 19 is_stmt 0 view .LVU60
 205 0022 0123     		movs	r3, #1
 206 0024 2377     		strb	r3, [r4, #28]
2710:Drivers/STM32L4xx_HAL_Driver/Src/stm32l4xx_hal_tim_ex.c ****     {
 207              		.loc 1 2710 5 is_stmt 1 view .LVU61
2710:Drivers/STM32L4xx_HAL_Driver/Src/stm32l4xx_hal_tim_ex.c ****     {
 208              		.loc 1 2710 19 is_stmt 0 view .LVU62
 209 0026 C369     		ldr	r3, [r0, #28]
2710:Drivers/STM32L4xx_HAL_Driver/Src/stm32l4xx_hal_tim_ex.c ****     {
 210              		.loc 1 2710 8 view .LVU63
 211 0028 002B     		cmp	r3, #0
 212 002a F4D1     		bne	.L12
2712:Drivers/STM32L4xx_HAL_Driver/Src/stm32l4xx_hal_tim_ex.c ****     }
 213              		.loc 1 2712 7 is_stmt 1 view .LVU64
 214 002c 0123     		movs	r3, #1
 215 002e 84F84430 		strb	r3, [r4, #68]
 216 0032 F0E7     		b	.L12
 217              	.L16:
2717:Drivers/STM32L4xx_HAL_Driver/Src/stm32l4xx_hal_tim_ex.c **** 
 218              		.loc 1 2717 5 view .LVU65
2717:Drivers/STM32L4xx_HAL_Driver/Src/stm32l4xx_hal_tim_ex.c **** 
 219              		.loc 1 2717 19 is_stmt 0 view .LVU66
 220 0034 0223     		movs	r3, #2
ARM GAS  /tmp/ccRvkrha.s 			page 55


 221 0036 2377     		strb	r3, [r4, #28]
2719:Drivers/STM32L4xx_HAL_Driver/Src/stm32l4xx_hal_tim_ex.c ****     {
 222              		.loc 1 2719 5 is_stmt 1 view .LVU67
2719:Drivers/STM32L4xx_HAL_Driver/Src/stm32l4xx_hal_tim_ex.c ****     {
 223              		.loc 1 2719 19 is_stmt 0 view .LVU68
 224 0038 C369     		ldr	r3, [r0, #28]
2719:Drivers/STM32L4xx_HAL_Driver/Src/stm32l4xx_hal_tim_ex.c ****     {
 225              		.loc 1 2719 8 view .LVU69
 226 003a 002B     		cmp	r3, #0
 227 003c EBD1     		bne	.L12
2721:Drivers/STM32L4xx_HAL_Driver/Src/stm32l4xx_hal_tim_ex.c ****     }
 228              		.loc 1 2721 7 is_stmt 1 view .LVU70
 229 003e 0123     		movs	r3, #1
 230 0040 84F84530 		strb	r3, [r4, #69]
 231 0044 E7E7     		b	.L12
 232              	.L17:
2726:Drivers/STM32L4xx_HAL_Driver/Src/stm32l4xx_hal_tim_ex.c **** 
 233              		.loc 1 2726 5 view .LVU71
2726:Drivers/STM32L4xx_HAL_Driver/Src/stm32l4xx_hal_tim_ex.c **** 
 234              		.loc 1 2726 19 is_stmt 0 view .LVU72
 235 0046 0423     		movs	r3, #4
 236 0048 2377     		strb	r3, [r4, #28]
2728:Drivers/STM32L4xx_HAL_Driver/Src/stm32l4xx_hal_tim_ex.c ****     {
 237              		.loc 1 2728 5 is_stmt 1 view .LVU73
2728:Drivers/STM32L4xx_HAL_Driver/Src/stm32l4xx_hal_tim_ex.c ****     {
 238              		.loc 1 2728 19 is_stmt 0 view .LVU74
 239 004a C369     		ldr	r3, [r0, #28]
2728:Drivers/STM32L4xx_HAL_Driver/Src/stm32l4xx_hal_tim_ex.c ****     {
 240              		.loc 1 2728 8 view .LVU75
 241 004c 002B     		cmp	r3, #0
 242 004e E2D1     		bne	.L12
2730:Drivers/STM32L4xx_HAL_Driver/Src/stm32l4xx_hal_tim_ex.c ****     }
 243              		.loc 1 2730 7 is_stmt 1 view .LVU76
 244 0050 0123     		movs	r3, #1
 245 0052 84F84630 		strb	r3, [r4, #70]
 246 0056 DEE7     		b	.L12
 247              		.cfi_endproc
 248              	.LFE174:
 250              		.section	.text.HAL_TIMEx_HallSensor_MspInit,"ax",%progbits
 251              		.align	1
 252              		.weak	HAL_TIMEx_HallSensor_MspInit
 253              		.syntax unified
 254              		.thumb
 255              		.thumb_func
 257              	HAL_TIMEx_HallSensor_MspInit:
 258              	.LVL13:
 259              	.LFB134:
 288:Drivers/STM32L4xx_HAL_Driver/Src/stm32l4xx_hal_tim_ex.c ****   /* Prevent unused argument(s) compilation warning */
 260              		.loc 1 288 1 view -0
 261              		.cfi_startproc
 262              		@ args = 0, pretend = 0, frame = 0
 263              		@ frame_needed = 0, uses_anonymous_args = 0
 264              		@ link register save eliminated.
 290:Drivers/STM32L4xx_HAL_Driver/Src/stm32l4xx_hal_tim_ex.c **** 
 265              		.loc 1 290 3 view .LVU78
 295:Drivers/STM32L4xx_HAL_Driver/Src/stm32l4xx_hal_tim_ex.c **** 
 266              		.loc 1 295 1 is_stmt 0 view .LVU79
ARM GAS  /tmp/ccRvkrha.s 			page 56


 267 0000 7047     		bx	lr
 268              		.cfi_endproc
 269              	.LFE134:
 271              		.section	.text.HAL_TIMEx_HallSensor_Init,"ax",%progbits
 272              		.align	1
 273              		.global	HAL_TIMEx_HallSensor_Init
 274              		.syntax unified
 275              		.thumb
 276              		.thumb_func
 278              	HAL_TIMEx_HallSensor_Init:
 279              	.LVL14:
 280              	.LFB132:
 141:Drivers/STM32L4xx_HAL_Driver/Src/stm32l4xx_hal_tim_ex.c ****   TIM_OC_InitTypeDef OC_Config;
 281              		.loc 1 141 1 is_stmt 1 view -0
 282              		.cfi_startproc
 283              		@ args = 0, pretend = 0, frame = 32
 284              		@ frame_needed = 0, uses_anonymous_args = 0
 142:Drivers/STM32L4xx_HAL_Driver/Src/stm32l4xx_hal_tim_ex.c **** 
 285              		.loc 1 142 3 view .LVU81
 145:Drivers/STM32L4xx_HAL_Driver/Src/stm32l4xx_hal_tim_ex.c ****   {
 286              		.loc 1 145 3 view .LVU82
 145:Drivers/STM32L4xx_HAL_Driver/Src/stm32l4xx_hal_tim_ex.c ****   {
 287              		.loc 1 145 6 is_stmt 0 view .LVU83
 288 0000 0028     		cmp	r0, #0
 289 0002 67D0     		beq	.L22
 141:Drivers/STM32L4xx_HAL_Driver/Src/stm32l4xx_hal_tim_ex.c ****   TIM_OC_InitTypeDef OC_Config;
 290              		.loc 1 141 1 view .LVU84
 291 0004 70B5     		push	{r4, r5, r6, lr}
 292              	.LCFI2:
 293              		.cfi_def_cfa_offset 16
 294              		.cfi_offset 4, -16
 295              		.cfi_offset 5, -12
 296              		.cfi_offset 6, -8
 297              		.cfi_offset 14, -4
 298 0006 88B0     		sub	sp, sp, #32
 299              	.LCFI3:
 300              		.cfi_def_cfa_offset 48
 301 0008 0E46     		mov	r6, r1
 302 000a 0446     		mov	r4, r0
 151:Drivers/STM32L4xx_HAL_Driver/Src/stm32l4xx_hal_tim_ex.c ****   assert_param(IS_TIM_COUNTER_MODE(htim->Init.CounterMode));
 303              		.loc 1 151 3 is_stmt 1 view .LVU85
 152:Drivers/STM32L4xx_HAL_Driver/Src/stm32l4xx_hal_tim_ex.c ****   assert_param(IS_TIM_CLOCKDIVISION_DIV(htim->Init.ClockDivision));
 304              		.loc 1 152 3 view .LVU86
 153:Drivers/STM32L4xx_HAL_Driver/Src/stm32l4xx_hal_tim_ex.c ****   assert_param(IS_TIM_AUTORELOAD_PRELOAD(htim->Init.AutoReloadPreload));
 305              		.loc 1 153 3 view .LVU87
 154:Drivers/STM32L4xx_HAL_Driver/Src/stm32l4xx_hal_tim_ex.c ****   assert_param(IS_TIM_IC_POLARITY(sConfig->IC1Polarity));
 306              		.loc 1 154 3 view .LVU88
 155:Drivers/STM32L4xx_HAL_Driver/Src/stm32l4xx_hal_tim_ex.c ****   assert_param(IS_TIM_PERIOD(htim, htim->Init.Period));
 307              		.loc 1 155 3 view .LVU89
 156:Drivers/STM32L4xx_HAL_Driver/Src/stm32l4xx_hal_tim_ex.c ****   assert_param(IS_TIM_IC_PRESCALER(sConfig->IC1Prescaler));
 308              		.loc 1 156 3 view .LVU90
 157:Drivers/STM32L4xx_HAL_Driver/Src/stm32l4xx_hal_tim_ex.c ****   assert_param(IS_TIM_IC_FILTER(sConfig->IC1Filter));
 309              		.loc 1 157 3 view .LVU91
 158:Drivers/STM32L4xx_HAL_Driver/Src/stm32l4xx_hal_tim_ex.c **** 
 310              		.loc 1 158 3 view .LVU92
 160:Drivers/STM32L4xx_HAL_Driver/Src/stm32l4xx_hal_tim_ex.c ****   {
 311              		.loc 1 160 3 view .LVU93
ARM GAS  /tmp/ccRvkrha.s 			page 57


 160:Drivers/STM32L4xx_HAL_Driver/Src/stm32l4xx_hal_tim_ex.c ****   {
 312              		.loc 1 160 11 is_stmt 0 view .LVU94
 313 000c 90F83D30 		ldrb	r3, [r0, #61]	@ zero_extendqisi2
 160:Drivers/STM32L4xx_HAL_Driver/Src/stm32l4xx_hal_tim_ex.c ****   {
 314              		.loc 1 160 6 view .LVU95
 315 0010 002B     		cmp	r3, #0
 316 0012 5AD0     		beq	.L27
 317              	.LVL15:
 318              	.L21:
 182:Drivers/STM32L4xx_HAL_Driver/Src/stm32l4xx_hal_tim_ex.c **** 
 319              		.loc 1 182 3 is_stmt 1 view .LVU96
 182:Drivers/STM32L4xx_HAL_Driver/Src/stm32l4xx_hal_tim_ex.c **** 
 320              		.loc 1 182 15 is_stmt 0 view .LVU97
 321 0014 0223     		movs	r3, #2
 322 0016 84F83D30 		strb	r3, [r4, #61]
 185:Drivers/STM32L4xx_HAL_Driver/Src/stm32l4xx_hal_tim_ex.c **** 
 323              		.loc 1 185 3 is_stmt 1 view .LVU98
 185:Drivers/STM32L4xx_HAL_Driver/Src/stm32l4xx_hal_tim_ex.c **** 
 324              		.loc 1 185 38 is_stmt 0 view .LVU99
 325 001a 2146     		mov	r1, r4
 185:Drivers/STM32L4xx_HAL_Driver/Src/stm32l4xx_hal_tim_ex.c **** 
 326              		.loc 1 185 3 view .LVU100
 327 001c 51F8040B 		ldr	r0, [r1], #4
 328 0020 FFF7FEFF 		bl	TIM_Base_SetConfig
 329              	.LVL16:
 188:Drivers/STM32L4xx_HAL_Driver/Src/stm32l4xx_hal_tim_ex.c **** 
 330              		.loc 1 188 3 is_stmt 1 view .LVU101
 331 0024 B368     		ldr	r3, [r6, #8]
 332 0026 0322     		movs	r2, #3
 333 0028 3168     		ldr	r1, [r6]
 334 002a 2068     		ldr	r0, [r4]
 335 002c FFF7FEFF 		bl	TIM_TI1_SetConfig
 336              	.LVL17:
 191:Drivers/STM32L4xx_HAL_Driver/Src/stm32l4xx_hal_tim_ex.c ****   /* Set the IC1PSC value */
 337              		.loc 1 191 3 view .LVU102
 191:Drivers/STM32L4xx_HAL_Driver/Src/stm32l4xx_hal_tim_ex.c ****   /* Set the IC1PSC value */
 338              		.loc 1 191 7 is_stmt 0 view .LVU103
 339 0030 2268     		ldr	r2, [r4]
 191:Drivers/STM32L4xx_HAL_Driver/Src/stm32l4xx_hal_tim_ex.c ****   /* Set the IC1PSC value */
 340              		.loc 1 191 25 view .LVU104
 341 0032 9369     		ldr	r3, [r2, #24]
 342 0034 23F00C03 		bic	r3, r3, #12
 343 0038 9361     		str	r3, [r2, #24]
 193:Drivers/STM32L4xx_HAL_Driver/Src/stm32l4xx_hal_tim_ex.c **** 
 344              		.loc 1 193 3 is_stmt 1 view .LVU105
 193:Drivers/STM32L4xx_HAL_Driver/Src/stm32l4xx_hal_tim_ex.c **** 
 345              		.loc 1 193 7 is_stmt 0 view .LVU106
 346 003a 2268     		ldr	r2, [r4]
 193:Drivers/STM32L4xx_HAL_Driver/Src/stm32l4xx_hal_tim_ex.c **** 
 347              		.loc 1 193 25 view .LVU107
 348 003c 9369     		ldr	r3, [r2, #24]
 193:Drivers/STM32L4xx_HAL_Driver/Src/stm32l4xx_hal_tim_ex.c **** 
 349              		.loc 1 193 35 view .LVU108
 350 003e 7168     		ldr	r1, [r6, #4]
 193:Drivers/STM32L4xx_HAL_Driver/Src/stm32l4xx_hal_tim_ex.c **** 
 351              		.loc 1 193 25 view .LVU109
 352 0040 0B43     		orrs	r3, r3, r1
ARM GAS  /tmp/ccRvkrha.s 			page 58


 353 0042 9361     		str	r3, [r2, #24]
 196:Drivers/STM32L4xx_HAL_Driver/Src/stm32l4xx_hal_tim_ex.c **** 
 354              		.loc 1 196 3 is_stmt 1 view .LVU110
 196:Drivers/STM32L4xx_HAL_Driver/Src/stm32l4xx_hal_tim_ex.c **** 
 355              		.loc 1 196 7 is_stmt 0 view .LVU111
 356 0044 2268     		ldr	r2, [r4]
 196:Drivers/STM32L4xx_HAL_Driver/Src/stm32l4xx_hal_tim_ex.c **** 
 357              		.loc 1 196 23 view .LVU112
 358 0046 5368     		ldr	r3, [r2, #4]
 359 0048 43F08003 		orr	r3, r3, #128
 360 004c 5360     		str	r3, [r2, #4]
 199:Drivers/STM32L4xx_HAL_Driver/Src/stm32l4xx_hal_tim_ex.c ****   htim->Instance->SMCR |= TIM_TS_TI1F_ED;
 361              		.loc 1 199 3 is_stmt 1 view .LVU113
 199:Drivers/STM32L4xx_HAL_Driver/Src/stm32l4xx_hal_tim_ex.c ****   htim->Instance->SMCR |= TIM_TS_TI1F_ED;
 362              		.loc 1 199 7 is_stmt 0 view .LVU114
 363 004e 2268     		ldr	r2, [r4]
 199:Drivers/STM32L4xx_HAL_Driver/Src/stm32l4xx_hal_tim_ex.c ****   htim->Instance->SMCR |= TIM_TS_TI1F_ED;
 364              		.loc 1 199 24 view .LVU115
 365 0050 9368     		ldr	r3, [r2, #8]
 366 0052 23F07003 		bic	r3, r3, #112
 367 0056 9360     		str	r3, [r2, #8]
 200:Drivers/STM32L4xx_HAL_Driver/Src/stm32l4xx_hal_tim_ex.c **** 
 368              		.loc 1 200 3 is_stmt 1 view .LVU116
 200:Drivers/STM32L4xx_HAL_Driver/Src/stm32l4xx_hal_tim_ex.c **** 
 369              		.loc 1 200 7 is_stmt 0 view .LVU117
 370 0058 2268     		ldr	r2, [r4]
 200:Drivers/STM32L4xx_HAL_Driver/Src/stm32l4xx_hal_tim_ex.c **** 
 371              		.loc 1 200 24 view .LVU118
 372 005a 9368     		ldr	r3, [r2, #8]
 373 005c 43F04003 		orr	r3, r3, #64
 374 0060 9360     		str	r3, [r2, #8]
 203:Drivers/STM32L4xx_HAL_Driver/Src/stm32l4xx_hal_tim_ex.c ****   htim->Instance->SMCR |= TIM_SLAVEMODE_RESET;
 375              		.loc 1 203 3 is_stmt 1 view .LVU119
 203:Drivers/STM32L4xx_HAL_Driver/Src/stm32l4xx_hal_tim_ex.c ****   htim->Instance->SMCR |= TIM_SLAVEMODE_RESET;
 376              		.loc 1 203 7 is_stmt 0 view .LVU120
 377 0062 2268     		ldr	r2, [r4]
 203:Drivers/STM32L4xx_HAL_Driver/Src/stm32l4xx_hal_tim_ex.c ****   htim->Instance->SMCR |= TIM_SLAVEMODE_RESET;
 378              		.loc 1 203 24 view .LVU121
 379 0064 9368     		ldr	r3, [r2, #8]
 380 0066 23F48033 		bic	r3, r3, #65536
 381 006a 23F00703 		bic	r3, r3, #7
 382 006e 9360     		str	r3, [r2, #8]
 204:Drivers/STM32L4xx_HAL_Driver/Src/stm32l4xx_hal_tim_ex.c **** 
 383              		.loc 1 204 3 is_stmt 1 view .LVU122
 204:Drivers/STM32L4xx_HAL_Driver/Src/stm32l4xx_hal_tim_ex.c **** 
 384              		.loc 1 204 7 is_stmt 0 view .LVU123
 385 0070 2268     		ldr	r2, [r4]
 204:Drivers/STM32L4xx_HAL_Driver/Src/stm32l4xx_hal_tim_ex.c **** 
 386              		.loc 1 204 24 view .LVU124
 387 0072 9368     		ldr	r3, [r2, #8]
 388 0074 43F00403 		orr	r3, r3, #4
 389 0078 9360     		str	r3, [r2, #8]
 207:Drivers/STM32L4xx_HAL_Driver/Src/stm32l4xx_hal_tim_ex.c ****   OC_Config.OCIdleState = TIM_OCIDLESTATE_RESET;
 390              		.loc 1 207 3 is_stmt 1 view .LVU125
 207:Drivers/STM32L4xx_HAL_Driver/Src/stm32l4xx_hal_tim_ex.c ****   OC_Config.OCIdleState = TIM_OCIDLESTATE_RESET;
 391              		.loc 1 207 24 is_stmt 0 view .LVU126
 392 007a 0025     		movs	r5, #0
ARM GAS  /tmp/ccRvkrha.s 			page 59


 393 007c 0595     		str	r5, [sp, #20]
 208:Drivers/STM32L4xx_HAL_Driver/Src/stm32l4xx_hal_tim_ex.c ****   OC_Config.OCMode = TIM_OCMODE_PWM2;
 394              		.loc 1 208 3 is_stmt 1 view .LVU127
 208:Drivers/STM32L4xx_HAL_Driver/Src/stm32l4xx_hal_tim_ex.c ****   OC_Config.OCMode = TIM_OCMODE_PWM2;
 395              		.loc 1 208 25 is_stmt 0 view .LVU128
 396 007e 0695     		str	r5, [sp, #24]
 209:Drivers/STM32L4xx_HAL_Driver/Src/stm32l4xx_hal_tim_ex.c ****   OC_Config.OCNIdleState = TIM_OCNIDLESTATE_RESET;
 397              		.loc 1 209 3 is_stmt 1 view .LVU129
 209:Drivers/STM32L4xx_HAL_Driver/Src/stm32l4xx_hal_tim_ex.c ****   OC_Config.OCNIdleState = TIM_OCNIDLESTATE_RESET;
 398              		.loc 1 209 20 is_stmt 0 view .LVU130
 399 0080 7023     		movs	r3, #112
 400 0082 0193     		str	r3, [sp, #4]
 210:Drivers/STM32L4xx_HAL_Driver/Src/stm32l4xx_hal_tim_ex.c ****   OC_Config.OCNPolarity = TIM_OCNPOLARITY_HIGH;
 401              		.loc 1 210 3 is_stmt 1 view .LVU131
 210:Drivers/STM32L4xx_HAL_Driver/Src/stm32l4xx_hal_tim_ex.c ****   OC_Config.OCNPolarity = TIM_OCNPOLARITY_HIGH;
 402              		.loc 1 210 26 is_stmt 0 view .LVU132
 403 0084 0795     		str	r5, [sp, #28]
 211:Drivers/STM32L4xx_HAL_Driver/Src/stm32l4xx_hal_tim_ex.c ****   OC_Config.OCPolarity = TIM_OCPOLARITY_HIGH;
 404              		.loc 1 211 3 is_stmt 1 view .LVU133
 211:Drivers/STM32L4xx_HAL_Driver/Src/stm32l4xx_hal_tim_ex.c ****   OC_Config.OCPolarity = TIM_OCPOLARITY_HIGH;
 405              		.loc 1 211 25 is_stmt 0 view .LVU134
 406 0086 0495     		str	r5, [sp, #16]
 212:Drivers/STM32L4xx_HAL_Driver/Src/stm32l4xx_hal_tim_ex.c ****   OC_Config.Pulse = sConfig->Commutation_Delay;
 407              		.loc 1 212 3 is_stmt 1 view .LVU135
 212:Drivers/STM32L4xx_HAL_Driver/Src/stm32l4xx_hal_tim_ex.c ****   OC_Config.Pulse = sConfig->Commutation_Delay;
 408              		.loc 1 212 24 is_stmt 0 view .LVU136
 409 0088 0395     		str	r5, [sp, #12]
 213:Drivers/STM32L4xx_HAL_Driver/Src/stm32l4xx_hal_tim_ex.c **** 
 410              		.loc 1 213 3 is_stmt 1 view .LVU137
 213:Drivers/STM32L4xx_HAL_Driver/Src/stm32l4xx_hal_tim_ex.c **** 
 411              		.loc 1 213 28 is_stmt 0 view .LVU138
 412 008a F368     		ldr	r3, [r6, #12]
 213:Drivers/STM32L4xx_HAL_Driver/Src/stm32l4xx_hal_tim_ex.c **** 
 413              		.loc 1 213 19 view .LVU139
 414 008c 0293     		str	r3, [sp, #8]
 215:Drivers/STM32L4xx_HAL_Driver/Src/stm32l4xx_hal_tim_ex.c **** 
 415              		.loc 1 215 3 is_stmt 1 view .LVU140
 416 008e 01A9     		add	r1, sp, #4
 417 0090 2068     		ldr	r0, [r4]
 418 0092 FFF7FEFF 		bl	TIM_OC2_SetConfig
 419              	.LVL18:
 219:Drivers/STM32L4xx_HAL_Driver/Src/stm32l4xx_hal_tim_ex.c ****   htim->Instance->CR2 |= TIM_TRGO_OC2REF;
 420              		.loc 1 219 3 view .LVU141
 219:Drivers/STM32L4xx_HAL_Driver/Src/stm32l4xx_hal_tim_ex.c ****   htim->Instance->CR2 |= TIM_TRGO_OC2REF;
 421              		.loc 1 219 7 is_stmt 0 view .LVU142
 422 0096 2268     		ldr	r2, [r4]
 219:Drivers/STM32L4xx_HAL_Driver/Src/stm32l4xx_hal_tim_ex.c ****   htim->Instance->CR2 |= TIM_TRGO_OC2REF;
 423              		.loc 1 219 23 view .LVU143
 424 0098 5368     		ldr	r3, [r2, #4]
 425 009a 23F07003 		bic	r3, r3, #112
 426 009e 5360     		str	r3, [r2, #4]
 220:Drivers/STM32L4xx_HAL_Driver/Src/stm32l4xx_hal_tim_ex.c **** 
 427              		.loc 1 220 3 is_stmt 1 view .LVU144
 220:Drivers/STM32L4xx_HAL_Driver/Src/stm32l4xx_hal_tim_ex.c **** 
 428              		.loc 1 220 7 is_stmt 0 view .LVU145
 429 00a0 2268     		ldr	r2, [r4]
 220:Drivers/STM32L4xx_HAL_Driver/Src/stm32l4xx_hal_tim_ex.c **** 
ARM GAS  /tmp/ccRvkrha.s 			page 60


 430              		.loc 1 220 23 view .LVU146
 431 00a2 5368     		ldr	r3, [r2, #4]
 432 00a4 43F05003 		orr	r3, r3, #80
 433 00a8 5360     		str	r3, [r2, #4]
 223:Drivers/STM32L4xx_HAL_Driver/Src/stm32l4xx_hal_tim_ex.c **** 
 434              		.loc 1 223 3 is_stmt 1 view .LVU147
 223:Drivers/STM32L4xx_HAL_Driver/Src/stm32l4xx_hal_tim_ex.c **** 
 435              		.loc 1 223 23 is_stmt 0 view .LVU148
 436 00aa 0123     		movs	r3, #1
 437 00ac 84F84830 		strb	r3, [r4, #72]
 226:Drivers/STM32L4xx_HAL_Driver/Src/stm32l4xx_hal_tim_ex.c ****   TIM_CHANNEL_STATE_SET(htim, TIM_CHANNEL_2, HAL_TIM_CHANNEL_STATE_READY);
 438              		.loc 1 226 3 is_stmt 1 view .LVU149
 439 00b0 84F83E30 		strb	r3, [r4, #62]
 227:Drivers/STM32L4xx_HAL_Driver/Src/stm32l4xx_hal_tim_ex.c ****   TIM_CHANNEL_N_STATE_SET(htim, TIM_CHANNEL_1, HAL_TIM_CHANNEL_STATE_READY);
 440              		.loc 1 227 3 view .LVU150
 441 00b4 84F83F30 		strb	r3, [r4, #63]
 228:Drivers/STM32L4xx_HAL_Driver/Src/stm32l4xx_hal_tim_ex.c ****   TIM_CHANNEL_N_STATE_SET(htim, TIM_CHANNEL_2, HAL_TIM_CHANNEL_STATE_READY);
 442              		.loc 1 228 3 view .LVU151
 443 00b8 84F84430 		strb	r3, [r4, #68]
 229:Drivers/STM32L4xx_HAL_Driver/Src/stm32l4xx_hal_tim_ex.c **** 
 444              		.loc 1 229 3 view .LVU152
 445 00bc 84F84530 		strb	r3, [r4, #69]
 232:Drivers/STM32L4xx_HAL_Driver/Src/stm32l4xx_hal_tim_ex.c **** 
 446              		.loc 1 232 3 view .LVU153
 232:Drivers/STM32L4xx_HAL_Driver/Src/stm32l4xx_hal_tim_ex.c **** 
 447              		.loc 1 232 15 is_stmt 0 view .LVU154
 448 00c0 84F83D30 		strb	r3, [r4, #61]
 234:Drivers/STM32L4xx_HAL_Driver/Src/stm32l4xx_hal_tim_ex.c **** }
 449              		.loc 1 234 3 is_stmt 1 view .LVU155
 234:Drivers/STM32L4xx_HAL_Driver/Src/stm32l4xx_hal_tim_ex.c **** }
 450              		.loc 1 234 10 is_stmt 0 view .LVU156
 451 00c4 2846     		mov	r0, r5
 235:Drivers/STM32L4xx_HAL_Driver/Src/stm32l4xx_hal_tim_ex.c **** 
 452              		.loc 1 235 1 view .LVU157
 453 00c6 08B0     		add	sp, sp, #32
 454              	.LCFI4:
 455              		.cfi_remember_state
 456              		.cfi_def_cfa_offset 16
 457              		@ sp needed
 458 00c8 70BD     		pop	{r4, r5, r6, pc}
 459              	.LVL19:
 460              	.L27:
 461              	.LCFI5:
 462              		.cfi_restore_state
 163:Drivers/STM32L4xx_HAL_Driver/Src/stm32l4xx_hal_tim_ex.c **** 
 463              		.loc 1 163 5 is_stmt 1 view .LVU158
 163:Drivers/STM32L4xx_HAL_Driver/Src/stm32l4xx_hal_tim_ex.c **** 
 464              		.loc 1 163 16 is_stmt 0 view .LVU159
 465 00ca 80F83C30 		strb	r3, [r0, #60]
 177:Drivers/STM32L4xx_HAL_Driver/Src/stm32l4xx_hal_tim_ex.c **** #endif /* USE_HAL_TIM_REGISTER_CALLBACKS */
 466              		.loc 1 177 5 is_stmt 1 view .LVU160
 467 00ce FFF7FEFF 		bl	HAL_TIMEx_HallSensor_MspInit
 468              	.LVL20:
 177:Drivers/STM32L4xx_HAL_Driver/Src/stm32l4xx_hal_tim_ex.c **** #endif /* USE_HAL_TIM_REGISTER_CALLBACKS */
 469              		.loc 1 177 5 is_stmt 0 view .LVU161
 470 00d2 9FE7     		b	.L21
 471              	.LVL21:
ARM GAS  /tmp/ccRvkrha.s 			page 61


 472              	.L22:
 473              	.LCFI6:
 474              		.cfi_def_cfa_offset 0
 475              		.cfi_restore 4
 476              		.cfi_restore 5
 477              		.cfi_restore 6
 478              		.cfi_restore 14
 147:Drivers/STM32L4xx_HAL_Driver/Src/stm32l4xx_hal_tim_ex.c ****   }
 479              		.loc 1 147 12 view .LVU162
 480 00d4 0120     		movs	r0, #1
 481              	.LVL22:
 235:Drivers/STM32L4xx_HAL_Driver/Src/stm32l4xx_hal_tim_ex.c **** 
 482              		.loc 1 235 1 view .LVU163
 483 00d6 7047     		bx	lr
 484              		.cfi_endproc
 485              	.LFE132:
 487              		.section	.text.HAL_TIMEx_HallSensor_MspDeInit,"ax",%progbits
 488              		.align	1
 489              		.weak	HAL_TIMEx_HallSensor_MspDeInit
 490              		.syntax unified
 491              		.thumb
 492              		.thumb_func
 494              	HAL_TIMEx_HallSensor_MspDeInit:
 495              	.LVL23:
 496              	.LFB135:
 303:Drivers/STM32L4xx_HAL_Driver/Src/stm32l4xx_hal_tim_ex.c ****   /* Prevent unused argument(s) compilation warning */
 497              		.loc 1 303 1 is_stmt 1 view -0
 498              		.cfi_startproc
 499              		@ args = 0, pretend = 0, frame = 0
 500              		@ frame_needed = 0, uses_anonymous_args = 0
 501              		@ link register save eliminated.
 305:Drivers/STM32L4xx_HAL_Driver/Src/stm32l4xx_hal_tim_ex.c **** 
 502              		.loc 1 305 3 view .LVU165
 310:Drivers/STM32L4xx_HAL_Driver/Src/stm32l4xx_hal_tim_ex.c **** 
 503              		.loc 1 310 1 is_stmt 0 view .LVU166
 504 0000 7047     		bx	lr
 505              		.cfi_endproc
 506              	.LFE135:
 508              		.section	.text.HAL_TIMEx_HallSensor_DeInit,"ax",%progbits
 509              		.align	1
 510              		.global	HAL_TIMEx_HallSensor_DeInit
 511              		.syntax unified
 512              		.thumb
 513              		.thumb_func
 515              	HAL_TIMEx_HallSensor_DeInit:
 516              	.LVL24:
 517              	.LFB133:
 243:Drivers/STM32L4xx_HAL_Driver/Src/stm32l4xx_hal_tim_ex.c ****   /* Check the parameters */
 518              		.loc 1 243 1 is_stmt 1 view -0
 519              		.cfi_startproc
 520              		@ args = 0, pretend = 0, frame = 0
 521              		@ frame_needed = 0, uses_anonymous_args = 0
 243:Drivers/STM32L4xx_HAL_Driver/Src/stm32l4xx_hal_tim_ex.c ****   /* Check the parameters */
 522              		.loc 1 243 1 is_stmt 0 view .LVU168
 523 0000 10B5     		push	{r4, lr}
 524              	.LCFI7:
 525              		.cfi_def_cfa_offset 8
ARM GAS  /tmp/ccRvkrha.s 			page 62


 526              		.cfi_offset 4, -8
 527              		.cfi_offset 14, -4
 528 0002 0446     		mov	r4, r0
 245:Drivers/STM32L4xx_HAL_Driver/Src/stm32l4xx_hal_tim_ex.c **** 
 529              		.loc 1 245 3 is_stmt 1 view .LVU169
 247:Drivers/STM32L4xx_HAL_Driver/Src/stm32l4xx_hal_tim_ex.c **** 
 530              		.loc 1 247 3 view .LVU170
 247:Drivers/STM32L4xx_HAL_Driver/Src/stm32l4xx_hal_tim_ex.c **** 
 531              		.loc 1 247 15 is_stmt 0 view .LVU171
 532 0004 0223     		movs	r3, #2
 533 0006 80F83D30 		strb	r3, [r0, #61]
 250:Drivers/STM32L4xx_HAL_Driver/Src/stm32l4xx_hal_tim_ex.c **** 
 534              		.loc 1 250 3 is_stmt 1 view .LVU172
 250:Drivers/STM32L4xx_HAL_Driver/Src/stm32l4xx_hal_tim_ex.c **** 
 535              		.loc 1 250 3 view .LVU173
 536 000a 0368     		ldr	r3, [r0]
 537 000c 196A     		ldr	r1, [r3, #32]
 538 000e 41F21112 		movw	r2, #4369
 539 0012 1142     		tst	r1, r2
 540 0014 08D1     		bne	.L30
 250:Drivers/STM32L4xx_HAL_Driver/Src/stm32l4xx_hal_tim_ex.c **** 
 541              		.loc 1 250 3 discriminator 1 view .LVU174
 542 0016 196A     		ldr	r1, [r3, #32]
 543 0018 40F24442 		movw	r2, #1092
 544 001c 1142     		tst	r1, r2
 545 001e 03D1     		bne	.L30
 250:Drivers/STM32L4xx_HAL_Driver/Src/stm32l4xx_hal_tim_ex.c **** 
 546              		.loc 1 250 3 discriminator 3 view .LVU175
 547 0020 1A68     		ldr	r2, [r3]
 548 0022 22F00102 		bic	r2, r2, #1
 549 0026 1A60     		str	r2, [r3]
 550              	.L30:
 250:Drivers/STM32L4xx_HAL_Driver/Src/stm32l4xx_hal_tim_ex.c **** 
 551              		.loc 1 250 3 discriminator 5 view .LVU176
 261:Drivers/STM32L4xx_HAL_Driver/Src/stm32l4xx_hal_tim_ex.c **** #endif /* USE_HAL_TIM_REGISTER_CALLBACKS */
 552              		.loc 1 261 3 discriminator 5 view .LVU177
 553 0028 2046     		mov	r0, r4
 554              	.LVL25:
 261:Drivers/STM32L4xx_HAL_Driver/Src/stm32l4xx_hal_tim_ex.c **** #endif /* USE_HAL_TIM_REGISTER_CALLBACKS */
 555              		.loc 1 261 3 is_stmt 0 discriminator 5 view .LVU178
 556 002a FFF7FEFF 		bl	HAL_TIMEx_HallSensor_MspDeInit
 557              	.LVL26:
 265:Drivers/STM32L4xx_HAL_Driver/Src/stm32l4xx_hal_tim_ex.c **** 
 558              		.loc 1 265 3 is_stmt 1 discriminator 5 view .LVU179
 265:Drivers/STM32L4xx_HAL_Driver/Src/stm32l4xx_hal_tim_ex.c **** 
 559              		.loc 1 265 23 is_stmt 0 discriminator 5 view .LVU180
 560 002e 0020     		movs	r0, #0
 561 0030 84F84800 		strb	r0, [r4, #72]
 268:Drivers/STM32L4xx_HAL_Driver/Src/stm32l4xx_hal_tim_ex.c ****   TIM_CHANNEL_STATE_SET(htim, TIM_CHANNEL_2, HAL_TIM_CHANNEL_STATE_RESET);
 562              		.loc 1 268 3 is_stmt 1 discriminator 5 view .LVU181
 563 0034 84F83E00 		strb	r0, [r4, #62]
 269:Drivers/STM32L4xx_HAL_Driver/Src/stm32l4xx_hal_tim_ex.c ****   TIM_CHANNEL_N_STATE_SET(htim, TIM_CHANNEL_1, HAL_TIM_CHANNEL_STATE_RESET);
 564              		.loc 1 269 3 discriminator 5 view .LVU182
 565 0038 84F83F00 		strb	r0, [r4, #63]
 270:Drivers/STM32L4xx_HAL_Driver/Src/stm32l4xx_hal_tim_ex.c ****   TIM_CHANNEL_N_STATE_SET(htim, TIM_CHANNEL_2, HAL_TIM_CHANNEL_STATE_RESET);
 566              		.loc 1 270 3 discriminator 5 view .LVU183
 567 003c 84F84400 		strb	r0, [r4, #68]
ARM GAS  /tmp/ccRvkrha.s 			page 63


 271:Drivers/STM32L4xx_HAL_Driver/Src/stm32l4xx_hal_tim_ex.c **** 
 568              		.loc 1 271 3 discriminator 5 view .LVU184
 569 0040 84F84500 		strb	r0, [r4, #69]
 274:Drivers/STM32L4xx_HAL_Driver/Src/stm32l4xx_hal_tim_ex.c **** 
 570              		.loc 1 274 3 discriminator 5 view .LVU185
 274:Drivers/STM32L4xx_HAL_Driver/Src/stm32l4xx_hal_tim_ex.c **** 
 571              		.loc 1 274 15 is_stmt 0 discriminator 5 view .LVU186
 572 0044 84F83D00 		strb	r0, [r4, #61]
 277:Drivers/STM32L4xx_HAL_Driver/Src/stm32l4xx_hal_tim_ex.c **** 
 573              		.loc 1 277 3 is_stmt 1 discriminator 5 view .LVU187
 277:Drivers/STM32L4xx_HAL_Driver/Src/stm32l4xx_hal_tim_ex.c **** 
 574              		.loc 1 277 3 discriminator 5 view .LVU188
 575 0048 84F83C00 		strb	r0, [r4, #60]
 277:Drivers/STM32L4xx_HAL_Driver/Src/stm32l4xx_hal_tim_ex.c **** 
 576              		.loc 1 277 3 discriminator 5 view .LVU189
 279:Drivers/STM32L4xx_HAL_Driver/Src/stm32l4xx_hal_tim_ex.c **** }
 577              		.loc 1 279 3 discriminator 5 view .LVU190
 280:Drivers/STM32L4xx_HAL_Driver/Src/stm32l4xx_hal_tim_ex.c **** 
 578              		.loc 1 280 1 is_stmt 0 discriminator 5 view .LVU191
 579 004c 10BD     		pop	{r4, pc}
 280:Drivers/STM32L4xx_HAL_Driver/Src/stm32l4xx_hal_tim_ex.c **** 
 580              		.loc 1 280 1 discriminator 5 view .LVU192
 581              		.cfi_endproc
 582              	.LFE133:
 584              		.section	.text.HAL_TIMEx_HallSensor_Start,"ax",%progbits
 585              		.align	1
 586              		.global	HAL_TIMEx_HallSensor_Start
 587              		.syntax unified
 588              		.thumb
 589              		.thumb_func
 591              	HAL_TIMEx_HallSensor_Start:
 592              	.LVL27:
 593              	.LFB136:
 318:Drivers/STM32L4xx_HAL_Driver/Src/stm32l4xx_hal_tim_ex.c ****   uint32_t tmpsmcr;
 594              		.loc 1 318 1 is_stmt 1 view -0
 595              		.cfi_startproc
 596              		@ args = 0, pretend = 0, frame = 0
 597              		@ frame_needed = 0, uses_anonymous_args = 0
 318:Drivers/STM32L4xx_HAL_Driver/Src/stm32l4xx_hal_tim_ex.c ****   uint32_t tmpsmcr;
 598              		.loc 1 318 1 is_stmt 0 view .LVU194
 599 0000 10B5     		push	{r4, lr}
 600              	.LCFI8:
 601              		.cfi_def_cfa_offset 8
 602              		.cfi_offset 4, -8
 603              		.cfi_offset 14, -4
 604 0002 0446     		mov	r4, r0
 319:Drivers/STM32L4xx_HAL_Driver/Src/stm32l4xx_hal_tim_ex.c ****   HAL_TIM_ChannelStateTypeDef channel_1_state = TIM_CHANNEL_STATE_GET(htim, TIM_CHANNEL_1);
 605              		.loc 1 319 3 is_stmt 1 view .LVU195
 320:Drivers/STM32L4xx_HAL_Driver/Src/stm32l4xx_hal_tim_ex.c ****   HAL_TIM_ChannelStateTypeDef channel_2_state = TIM_CHANNEL_STATE_GET(htim, TIM_CHANNEL_2);
 606              		.loc 1 320 3 view .LVU196
 320:Drivers/STM32L4xx_HAL_Driver/Src/stm32l4xx_hal_tim_ex.c ****   HAL_TIM_ChannelStateTypeDef channel_2_state = TIM_CHANNEL_STATE_GET(htim, TIM_CHANNEL_2);
 607              		.loc 1 320 31 is_stmt 0 view .LVU197
 608 0004 90F83E00 		ldrb	r0, [r0, #62]	@ zero_extendqisi2
 609              	.LVL28:
 320:Drivers/STM32L4xx_HAL_Driver/Src/stm32l4xx_hal_tim_ex.c ****   HAL_TIM_ChannelStateTypeDef channel_2_state = TIM_CHANNEL_STATE_GET(htim, TIM_CHANNEL_2);
 610              		.loc 1 320 31 view .LVU198
 611 0008 C0B2     		uxtb	r0, r0
ARM GAS  /tmp/ccRvkrha.s 			page 64


 612              	.LVL29:
 321:Drivers/STM32L4xx_HAL_Driver/Src/stm32l4xx_hal_tim_ex.c ****   HAL_TIM_ChannelStateTypeDef complementary_channel_1_state = TIM_CHANNEL_N_STATE_GET(htim, TIM_CHA
 613              		.loc 1 321 3 is_stmt 1 view .LVU199
 321:Drivers/STM32L4xx_HAL_Driver/Src/stm32l4xx_hal_tim_ex.c ****   HAL_TIM_ChannelStateTypeDef complementary_channel_1_state = TIM_CHANNEL_N_STATE_GET(htim, TIM_CHA
 614              		.loc 1 321 31 is_stmt 0 view .LVU200
 615 000a 94F83F30 		ldrb	r3, [r4, #63]	@ zero_extendqisi2
 616              	.LVL30:
 322:Drivers/STM32L4xx_HAL_Driver/Src/stm32l4xx_hal_tim_ex.c ****   HAL_TIM_ChannelStateTypeDef complementary_channel_2_state = TIM_CHANNEL_N_STATE_GET(htim, TIM_CHA
 617              		.loc 1 322 3 is_stmt 1 view .LVU201
 322:Drivers/STM32L4xx_HAL_Driver/Src/stm32l4xx_hal_tim_ex.c ****   HAL_TIM_ChannelStateTypeDef complementary_channel_2_state = TIM_CHANNEL_N_STATE_GET(htim, TIM_CHA
 618              		.loc 1 322 31 is_stmt 0 view .LVU202
 619 000e 94F84420 		ldrb	r2, [r4, #68]	@ zero_extendqisi2
 620              	.LVL31:
 323:Drivers/STM32L4xx_HAL_Driver/Src/stm32l4xx_hal_tim_ex.c **** 
 621              		.loc 1 323 3 is_stmt 1 view .LVU203
 323:Drivers/STM32L4xx_HAL_Driver/Src/stm32l4xx_hal_tim_ex.c **** 
 622              		.loc 1 323 31 is_stmt 0 view .LVU204
 623 0012 94F84510 		ldrb	r1, [r4, #69]	@ zero_extendqisi2
 624              	.LVL32:
 326:Drivers/STM32L4xx_HAL_Driver/Src/stm32l4xx_hal_tim_ex.c **** 
 625              		.loc 1 326 3 is_stmt 1 view .LVU205
 329:Drivers/STM32L4xx_HAL_Driver/Src/stm32l4xx_hal_tim_ex.c ****       || (channel_2_state != HAL_TIM_CHANNEL_STATE_READY)
 626              		.loc 1 329 3 view .LVU206
 329:Drivers/STM32L4xx_HAL_Driver/Src/stm32l4xx_hal_tim_ex.c ****       || (channel_2_state != HAL_TIM_CHANNEL_STATE_READY)
 627              		.loc 1 329 6 is_stmt 0 view .LVU207
 628 0016 0128     		cmp	r0, #1
 629 0018 36D1     		bne	.L36
 630 001a DBB2     		uxtb	r3, r3
 329:Drivers/STM32L4xx_HAL_Driver/Src/stm32l4xx_hal_tim_ex.c ****       || (channel_2_state != HAL_TIM_CHANNEL_STATE_READY)
 631              		.loc 1 329 6 view .LVU208
 632 001c D2B2     		uxtb	r2, r2
 329:Drivers/STM32L4xx_HAL_Driver/Src/stm32l4xx_hal_tim_ex.c ****       || (channel_2_state != HAL_TIM_CHANNEL_STATE_READY)
 633              		.loc 1 329 6 view .LVU209
 634 001e C9B2     		uxtb	r1, r1
 330:Drivers/STM32L4xx_HAL_Driver/Src/stm32l4xx_hal_tim_ex.c ****       || (complementary_channel_1_state != HAL_TIM_CHANNEL_STATE_READY)
 635              		.loc 1 330 7 view .LVU210
 636 0020 012B     		cmp	r3, #1
 637 0022 32D1     		bne	.L33
 331:Drivers/STM32L4xx_HAL_Driver/Src/stm32l4xx_hal_tim_ex.c ****       || (complementary_channel_2_state != HAL_TIM_CHANNEL_STATE_READY))
 638              		.loc 1 331 7 view .LVU211
 639 0024 012A     		cmp	r2, #1
 640 0026 31D1     		bne	.L37
 332:Drivers/STM32L4xx_HAL_Driver/Src/stm32l4xx_hal_tim_ex.c ****   {
 641              		.loc 1 332 7 view .LVU212
 642 0028 0129     		cmp	r1, #1
 643 002a 01D0     		beq	.L42
 334:Drivers/STM32L4xx_HAL_Driver/Src/stm32l4xx_hal_tim_ex.c ****   }
 644              		.loc 1 334 12 view .LVU213
 645 002c 1046     		mov	r0, r2
 646              	.LVL33:
 334:Drivers/STM32L4xx_HAL_Driver/Src/stm32l4xx_hal_tim_ex.c ****   }
 647              		.loc 1 334 12 view .LVU214
 648 002e 2CE0     		b	.L33
 649              	.LVL34:
 650              	.L42:
 338:Drivers/STM32L4xx_HAL_Driver/Src/stm32l4xx_hal_tim_ex.c ****   TIM_CHANNEL_STATE_SET(htim, TIM_CHANNEL_2, HAL_TIM_CHANNEL_STATE_BUSY);
 651              		.loc 1 338 3 is_stmt 1 view .LVU215
ARM GAS  /tmp/ccRvkrha.s 			page 65


 652 0030 0223     		movs	r3, #2
 653              	.LVL35:
 338:Drivers/STM32L4xx_HAL_Driver/Src/stm32l4xx_hal_tim_ex.c ****   TIM_CHANNEL_STATE_SET(htim, TIM_CHANNEL_2, HAL_TIM_CHANNEL_STATE_BUSY);
 654              		.loc 1 338 3 is_stmt 0 view .LVU216
 655 0032 84F83E30 		strb	r3, [r4, #62]
 339:Drivers/STM32L4xx_HAL_Driver/Src/stm32l4xx_hal_tim_ex.c ****   TIM_CHANNEL_N_STATE_SET(htim, TIM_CHANNEL_1, HAL_TIM_CHANNEL_STATE_BUSY);
 656              		.loc 1 339 3 is_stmt 1 view .LVU217
 657 0036 84F83F30 		strb	r3, [r4, #63]
 340:Drivers/STM32L4xx_HAL_Driver/Src/stm32l4xx_hal_tim_ex.c ****   TIM_CHANNEL_N_STATE_SET(htim, TIM_CHANNEL_2, HAL_TIM_CHANNEL_STATE_BUSY);
 658              		.loc 1 340 3 view .LVU218
 659 003a 84F84430 		strb	r3, [r4, #68]
 341:Drivers/STM32L4xx_HAL_Driver/Src/stm32l4xx_hal_tim_ex.c **** 
 660              		.loc 1 341 3 view .LVU219
 661 003e 84F84530 		strb	r3, [r4, #69]
 346:Drivers/STM32L4xx_HAL_Driver/Src/stm32l4xx_hal_tim_ex.c **** 
 662              		.loc 1 346 3 view .LVU220
 663 0042 0021     		movs	r1, #0
 664              	.LVL36:
 346:Drivers/STM32L4xx_HAL_Driver/Src/stm32l4xx_hal_tim_ex.c **** 
 665              		.loc 1 346 3 is_stmt 0 view .LVU221
 666 0044 2068     		ldr	r0, [r4]
 667              	.LVL37:
 346:Drivers/STM32L4xx_HAL_Driver/Src/stm32l4xx_hal_tim_ex.c **** 
 668              		.loc 1 346 3 view .LVU222
 669 0046 FFF7FEFF 		bl	TIM_CCxChannelCmd
 670              	.LVL38:
 349:Drivers/STM32L4xx_HAL_Driver/Src/stm32l4xx_hal_tim_ex.c ****   {
 671              		.loc 1 349 3 is_stmt 1 view .LVU223
 349:Drivers/STM32L4xx_HAL_Driver/Src/stm32l4xx_hal_tim_ex.c ****   {
 672              		.loc 1 349 7 is_stmt 0 view .LVU224
 673 004a 2368     		ldr	r3, [r4]
 349:Drivers/STM32L4xx_HAL_Driver/Src/stm32l4xx_hal_tim_ex.c ****   {
 674              		.loc 1 349 6 view .LVU225
 675 004c 124A     		ldr	r2, .L43
 676 004e 9342     		cmp	r3, r2
 677 0050 0CD0     		beq	.L34
 349:Drivers/STM32L4xx_HAL_Driver/Src/stm32l4xx_hal_tim_ex.c ****   {
 678              		.loc 1 349 7 discriminator 1 view .LVU226
 679 0052 B3F1804F 		cmp	r3, #1073741824
 680 0056 09D0     		beq	.L34
 349:Drivers/STM32L4xx_HAL_Driver/Src/stm32l4xx_hal_tim_ex.c ****   {
 681              		.loc 1 349 7 discriminator 2 view .LVU227
 682 0058 02F5A052 		add	r2, r2, #5120
 683 005c 9342     		cmp	r3, r2
 684 005e 05D0     		beq	.L34
 359:Drivers/STM32L4xx_HAL_Driver/Src/stm32l4xx_hal_tim_ex.c ****   }
 685              		.loc 1 359 5 is_stmt 1 view .LVU228
 686 0060 1A68     		ldr	r2, [r3]
 687 0062 42F00102 		orr	r2, r2, #1
 688 0066 1A60     		str	r2, [r3]
 363:Drivers/STM32L4xx_HAL_Driver/Src/stm32l4xx_hal_tim_ex.c **** }
 689              		.loc 1 363 10 is_stmt 0 view .LVU229
 690 0068 0020     		movs	r0, #0
 691 006a 0EE0     		b	.L33
 692              	.L34:
 351:Drivers/STM32L4xx_HAL_Driver/Src/stm32l4xx_hal_tim_ex.c ****     if (!IS_TIM_SLAVEMODE_TRIGGER_ENABLED(tmpsmcr))
 693              		.loc 1 351 5 is_stmt 1 view .LVU230
ARM GAS  /tmp/ccRvkrha.s 			page 66


 351:Drivers/STM32L4xx_HAL_Driver/Src/stm32l4xx_hal_tim_ex.c ****     if (!IS_TIM_SLAVEMODE_TRIGGER_ENABLED(tmpsmcr))
 694              		.loc 1 351 29 is_stmt 0 view .LVU231
 695 006c 9968     		ldr	r1, [r3, #8]
 351:Drivers/STM32L4xx_HAL_Driver/Src/stm32l4xx_hal_tim_ex.c ****     if (!IS_TIM_SLAVEMODE_TRIGGER_ENABLED(tmpsmcr))
 696              		.loc 1 351 13 view .LVU232
 697 006e 0B4A     		ldr	r2, .L43+4
 698 0070 0A40     		ands	r2, r2, r1
 699              	.LVL39:
 352:Drivers/STM32L4xx_HAL_Driver/Src/stm32l4xx_hal_tim_ex.c ****     {
 700              		.loc 1 352 5 is_stmt 1 view .LVU233
 352:Drivers/STM32L4xx_HAL_Driver/Src/stm32l4xx_hal_tim_ex.c ****     {
 701              		.loc 1 352 8 is_stmt 0 view .LVU234
 702 0072 062A     		cmp	r2, #6
 703 0074 0CD0     		beq	.L39
 352:Drivers/STM32L4xx_HAL_Driver/Src/stm32l4xx_hal_tim_ex.c ****     {
 704              		.loc 1 352 9 discriminator 1 view .LVU235
 705 0076 B2F5803F 		cmp	r2, #65536
 706 007a 0BD0     		beq	.L40
 354:Drivers/STM32L4xx_HAL_Driver/Src/stm32l4xx_hal_tim_ex.c ****     }
 707              		.loc 1 354 7 is_stmt 1 view .LVU236
 708 007c 1A68     		ldr	r2, [r3]
 709              	.LVL40:
 354:Drivers/STM32L4xx_HAL_Driver/Src/stm32l4xx_hal_tim_ex.c ****     }
 710              		.loc 1 354 7 is_stmt 0 view .LVU237
 711 007e 42F00102 		orr	r2, r2, #1
 712 0082 1A60     		str	r2, [r3]
 363:Drivers/STM32L4xx_HAL_Driver/Src/stm32l4xx_hal_tim_ex.c **** }
 713              		.loc 1 363 10 view .LVU238
 714 0084 0020     		movs	r0, #0
 715 0086 00E0     		b	.L33
 716              	.LVL41:
 717              	.L36:
 334:Drivers/STM32L4xx_HAL_Driver/Src/stm32l4xx_hal_tim_ex.c ****   }
 718              		.loc 1 334 12 view .LVU239
 719 0088 0120     		movs	r0, #1
 720              	.LVL42:
 721              	.L33:
 364:Drivers/STM32L4xx_HAL_Driver/Src/stm32l4xx_hal_tim_ex.c **** 
 722              		.loc 1 364 1 view .LVU240
 723 008a 10BD     		pop	{r4, pc}
 724              	.LVL43:
 725              	.L37:
 334:Drivers/STM32L4xx_HAL_Driver/Src/stm32l4xx_hal_tim_ex.c ****   }
 726              		.loc 1 334 12 view .LVU241
 727 008c 1846     		mov	r0, r3
 728              	.LVL44:
 334:Drivers/STM32L4xx_HAL_Driver/Src/stm32l4xx_hal_tim_ex.c ****   }
 729              		.loc 1 334 12 view .LVU242
 730 008e FCE7     		b	.L33
 731              	.LVL45:
 732              	.L39:
 363:Drivers/STM32L4xx_HAL_Driver/Src/stm32l4xx_hal_tim_ex.c **** }
 733              		.loc 1 363 10 view .LVU243
 734 0090 0020     		movs	r0, #0
 735 0092 FAE7     		b	.L33
 736              	.L40:
 737 0094 0020     		movs	r0, #0
ARM GAS  /tmp/ccRvkrha.s 			page 67


 738 0096 F8E7     		b	.L33
 739              	.L44:
 740              		.align	2
 741              	.L43:
 742 0098 002C0140 		.word	1073818624
 743 009c 07000100 		.word	65543
 744              		.cfi_endproc
 745              	.LFE136:
 747              		.section	.text.HAL_TIMEx_HallSensor_Stop,"ax",%progbits
 748              		.align	1
 749              		.global	HAL_TIMEx_HallSensor_Stop
 750              		.syntax unified
 751              		.thumb
 752              		.thumb_func
 754              	HAL_TIMEx_HallSensor_Stop:
 755              	.LVL46:
 756              	.LFB137:
 372:Drivers/STM32L4xx_HAL_Driver/Src/stm32l4xx_hal_tim_ex.c ****   /* Check the parameters */
 757              		.loc 1 372 1 is_stmt 1 view -0
 758              		.cfi_startproc
 759              		@ args = 0, pretend = 0, frame = 0
 760              		@ frame_needed = 0, uses_anonymous_args = 0
 372:Drivers/STM32L4xx_HAL_Driver/Src/stm32l4xx_hal_tim_ex.c ****   /* Check the parameters */
 761              		.loc 1 372 1 is_stmt 0 view .LVU245
 762 0000 10B5     		push	{r4, lr}
 763              	.LCFI9:
 764              		.cfi_def_cfa_offset 8
 765              		.cfi_offset 4, -8
 766              		.cfi_offset 14, -4
 767 0002 0446     		mov	r4, r0
 374:Drivers/STM32L4xx_HAL_Driver/Src/stm32l4xx_hal_tim_ex.c **** 
 768              		.loc 1 374 3 is_stmt 1 view .LVU246
 379:Drivers/STM32L4xx_HAL_Driver/Src/stm32l4xx_hal_tim_ex.c **** 
 769              		.loc 1 379 3 view .LVU247
 770 0004 0022     		movs	r2, #0
 771 0006 1146     		mov	r1, r2
 772 0008 0068     		ldr	r0, [r0]
 773              	.LVL47:
 379:Drivers/STM32L4xx_HAL_Driver/Src/stm32l4xx_hal_tim_ex.c **** 
 774              		.loc 1 379 3 is_stmt 0 view .LVU248
 775 000a FFF7FEFF 		bl	TIM_CCxChannelCmd
 776              	.LVL48:
 382:Drivers/STM32L4xx_HAL_Driver/Src/stm32l4xx_hal_tim_ex.c **** 
 777              		.loc 1 382 3 is_stmt 1 view .LVU249
 382:Drivers/STM32L4xx_HAL_Driver/Src/stm32l4xx_hal_tim_ex.c **** 
 778              		.loc 1 382 3 view .LVU250
 779 000e 2368     		ldr	r3, [r4]
 780 0010 196A     		ldr	r1, [r3, #32]
 781 0012 41F21112 		movw	r2, #4369
 782 0016 1142     		tst	r1, r2
 783 0018 08D1     		bne	.L46
 382:Drivers/STM32L4xx_HAL_Driver/Src/stm32l4xx_hal_tim_ex.c **** 
 784              		.loc 1 382 3 discriminator 1 view .LVU251
 785 001a 196A     		ldr	r1, [r3, #32]
 786 001c 40F24442 		movw	r2, #1092
 787 0020 1142     		tst	r1, r2
 788 0022 03D1     		bne	.L46
ARM GAS  /tmp/ccRvkrha.s 			page 68


 382:Drivers/STM32L4xx_HAL_Driver/Src/stm32l4xx_hal_tim_ex.c **** 
 789              		.loc 1 382 3 discriminator 3 view .LVU252
 790 0024 1A68     		ldr	r2, [r3]
 791 0026 22F00102 		bic	r2, r2, #1
 792 002a 1A60     		str	r2, [r3]
 793              	.L46:
 382:Drivers/STM32L4xx_HAL_Driver/Src/stm32l4xx_hal_tim_ex.c **** 
 794              		.loc 1 382 3 discriminator 5 view .LVU253
 385:Drivers/STM32L4xx_HAL_Driver/Src/stm32l4xx_hal_tim_ex.c ****   TIM_CHANNEL_STATE_SET(htim, TIM_CHANNEL_2, HAL_TIM_CHANNEL_STATE_READY);
 795              		.loc 1 385 3 discriminator 5 view .LVU254
 796 002c 0123     		movs	r3, #1
 797 002e 84F83E30 		strb	r3, [r4, #62]
 386:Drivers/STM32L4xx_HAL_Driver/Src/stm32l4xx_hal_tim_ex.c ****   TIM_CHANNEL_N_STATE_SET(htim, TIM_CHANNEL_1, HAL_TIM_CHANNEL_STATE_READY);
 798              		.loc 1 386 3 discriminator 5 view .LVU255
 799 0032 84F83F30 		strb	r3, [r4, #63]
 387:Drivers/STM32L4xx_HAL_Driver/Src/stm32l4xx_hal_tim_ex.c ****   TIM_CHANNEL_N_STATE_SET(htim, TIM_CHANNEL_2, HAL_TIM_CHANNEL_STATE_READY);
 800              		.loc 1 387 3 discriminator 5 view .LVU256
 801 0036 84F84430 		strb	r3, [r4, #68]
 388:Drivers/STM32L4xx_HAL_Driver/Src/stm32l4xx_hal_tim_ex.c **** 
 802              		.loc 1 388 3 discriminator 5 view .LVU257
 803 003a 84F84530 		strb	r3, [r4, #69]
 391:Drivers/STM32L4xx_HAL_Driver/Src/stm32l4xx_hal_tim_ex.c **** }
 804              		.loc 1 391 3 discriminator 5 view .LVU258
 392:Drivers/STM32L4xx_HAL_Driver/Src/stm32l4xx_hal_tim_ex.c **** 
 805              		.loc 1 392 1 is_stmt 0 discriminator 5 view .LVU259
 806 003e 0020     		movs	r0, #0
 807 0040 10BD     		pop	{r4, pc}
 392:Drivers/STM32L4xx_HAL_Driver/Src/stm32l4xx_hal_tim_ex.c **** 
 808              		.loc 1 392 1 discriminator 5 view .LVU260
 809              		.cfi_endproc
 810              	.LFE137:
 812              		.section	.text.HAL_TIMEx_HallSensor_Start_IT,"ax",%progbits
 813              		.align	1
 814              		.global	HAL_TIMEx_HallSensor_Start_IT
 815              		.syntax unified
 816              		.thumb
 817              		.thumb_func
 819              	HAL_TIMEx_HallSensor_Start_IT:
 820              	.LVL49:
 821              	.LFB138:
 400:Drivers/STM32L4xx_HAL_Driver/Src/stm32l4xx_hal_tim_ex.c ****   uint32_t tmpsmcr;
 822              		.loc 1 400 1 is_stmt 1 view -0
 823              		.cfi_startproc
 824              		@ args = 0, pretend = 0, frame = 0
 825              		@ frame_needed = 0, uses_anonymous_args = 0
 400:Drivers/STM32L4xx_HAL_Driver/Src/stm32l4xx_hal_tim_ex.c ****   uint32_t tmpsmcr;
 826              		.loc 1 400 1 is_stmt 0 view .LVU262
 827 0000 10B5     		push	{r4, lr}
 828              	.LCFI10:
 829              		.cfi_def_cfa_offset 8
 830              		.cfi_offset 4, -8
 831              		.cfi_offset 14, -4
 832 0002 0446     		mov	r4, r0
 401:Drivers/STM32L4xx_HAL_Driver/Src/stm32l4xx_hal_tim_ex.c ****   HAL_TIM_ChannelStateTypeDef channel_1_state = TIM_CHANNEL_STATE_GET(htim, TIM_CHANNEL_1);
 833              		.loc 1 401 3 is_stmt 1 view .LVU263
 402:Drivers/STM32L4xx_HAL_Driver/Src/stm32l4xx_hal_tim_ex.c ****   HAL_TIM_ChannelStateTypeDef channel_2_state = TIM_CHANNEL_STATE_GET(htim, TIM_CHANNEL_2);
 834              		.loc 1 402 3 view .LVU264
ARM GAS  /tmp/ccRvkrha.s 			page 69


 402:Drivers/STM32L4xx_HAL_Driver/Src/stm32l4xx_hal_tim_ex.c ****   HAL_TIM_ChannelStateTypeDef channel_2_state = TIM_CHANNEL_STATE_GET(htim, TIM_CHANNEL_2);
 835              		.loc 1 402 31 is_stmt 0 view .LVU265
 836 0004 90F83E00 		ldrb	r0, [r0, #62]	@ zero_extendqisi2
 837              	.LVL50:
 402:Drivers/STM32L4xx_HAL_Driver/Src/stm32l4xx_hal_tim_ex.c ****   HAL_TIM_ChannelStateTypeDef channel_2_state = TIM_CHANNEL_STATE_GET(htim, TIM_CHANNEL_2);
 838              		.loc 1 402 31 view .LVU266
 839 0008 C0B2     		uxtb	r0, r0
 840              	.LVL51:
 403:Drivers/STM32L4xx_HAL_Driver/Src/stm32l4xx_hal_tim_ex.c ****   HAL_TIM_ChannelStateTypeDef complementary_channel_1_state = TIM_CHANNEL_N_STATE_GET(htim, TIM_CHA
 841              		.loc 1 403 3 is_stmt 1 view .LVU267
 403:Drivers/STM32L4xx_HAL_Driver/Src/stm32l4xx_hal_tim_ex.c ****   HAL_TIM_ChannelStateTypeDef complementary_channel_1_state = TIM_CHANNEL_N_STATE_GET(htim, TIM_CHA
 842              		.loc 1 403 31 is_stmt 0 view .LVU268
 843 000a 94F83F30 		ldrb	r3, [r4, #63]	@ zero_extendqisi2
 844              	.LVL52:
 404:Drivers/STM32L4xx_HAL_Driver/Src/stm32l4xx_hal_tim_ex.c ****   HAL_TIM_ChannelStateTypeDef complementary_channel_2_state = TIM_CHANNEL_N_STATE_GET(htim, TIM_CHA
 845              		.loc 1 404 3 is_stmt 1 view .LVU269
 404:Drivers/STM32L4xx_HAL_Driver/Src/stm32l4xx_hal_tim_ex.c ****   HAL_TIM_ChannelStateTypeDef complementary_channel_2_state = TIM_CHANNEL_N_STATE_GET(htim, TIM_CHA
 846              		.loc 1 404 31 is_stmt 0 view .LVU270
 847 000e 94F84420 		ldrb	r2, [r4, #68]	@ zero_extendqisi2
 848              	.LVL53:
 405:Drivers/STM32L4xx_HAL_Driver/Src/stm32l4xx_hal_tim_ex.c **** 
 849              		.loc 1 405 3 is_stmt 1 view .LVU271
 405:Drivers/STM32L4xx_HAL_Driver/Src/stm32l4xx_hal_tim_ex.c **** 
 850              		.loc 1 405 31 is_stmt 0 view .LVU272
 851 0012 94F84510 		ldrb	r1, [r4, #69]	@ zero_extendqisi2
 852              	.LVL54:
 408:Drivers/STM32L4xx_HAL_Driver/Src/stm32l4xx_hal_tim_ex.c **** 
 853              		.loc 1 408 3 is_stmt 1 view .LVU273
 411:Drivers/STM32L4xx_HAL_Driver/Src/stm32l4xx_hal_tim_ex.c ****       || (channel_2_state != HAL_TIM_CHANNEL_STATE_READY)
 854              		.loc 1 411 3 view .LVU274
 411:Drivers/STM32L4xx_HAL_Driver/Src/stm32l4xx_hal_tim_ex.c ****       || (channel_2_state != HAL_TIM_CHANNEL_STATE_READY)
 855              		.loc 1 411 6 is_stmt 0 view .LVU275
 856 0016 0128     		cmp	r0, #1
 857 0018 3CD1     		bne	.L52
 858 001a DBB2     		uxtb	r3, r3
 411:Drivers/STM32L4xx_HAL_Driver/Src/stm32l4xx_hal_tim_ex.c ****       || (channel_2_state != HAL_TIM_CHANNEL_STATE_READY)
 859              		.loc 1 411 6 view .LVU276
 860 001c D2B2     		uxtb	r2, r2
 411:Drivers/STM32L4xx_HAL_Driver/Src/stm32l4xx_hal_tim_ex.c ****       || (channel_2_state != HAL_TIM_CHANNEL_STATE_READY)
 861              		.loc 1 411 6 view .LVU277
 862 001e C9B2     		uxtb	r1, r1
 412:Drivers/STM32L4xx_HAL_Driver/Src/stm32l4xx_hal_tim_ex.c ****       || (complementary_channel_1_state != HAL_TIM_CHANNEL_STATE_READY)
 863              		.loc 1 412 7 view .LVU278
 864 0020 012B     		cmp	r3, #1
 865 0022 38D1     		bne	.L49
 413:Drivers/STM32L4xx_HAL_Driver/Src/stm32l4xx_hal_tim_ex.c ****       || (complementary_channel_2_state != HAL_TIM_CHANNEL_STATE_READY))
 866              		.loc 1 413 7 view .LVU279
 867 0024 012A     		cmp	r2, #1
 868 0026 37D1     		bne	.L53
 414:Drivers/STM32L4xx_HAL_Driver/Src/stm32l4xx_hal_tim_ex.c ****   {
 869              		.loc 1 414 7 view .LVU280
 870 0028 0129     		cmp	r1, #1
 871 002a 01D0     		beq	.L58
 416:Drivers/STM32L4xx_HAL_Driver/Src/stm32l4xx_hal_tim_ex.c ****   }
 872              		.loc 1 416 12 view .LVU281
 873 002c 1046     		mov	r0, r2
 874              	.LVL55:
ARM GAS  /tmp/ccRvkrha.s 			page 70


 416:Drivers/STM32L4xx_HAL_Driver/Src/stm32l4xx_hal_tim_ex.c ****   }
 875              		.loc 1 416 12 view .LVU282
 876 002e 32E0     		b	.L49
 877              	.LVL56:
 878              	.L58:
 420:Drivers/STM32L4xx_HAL_Driver/Src/stm32l4xx_hal_tim_ex.c ****   TIM_CHANNEL_STATE_SET(htim, TIM_CHANNEL_2, HAL_TIM_CHANNEL_STATE_BUSY);
 879              		.loc 1 420 3 is_stmt 1 view .LVU283
 880 0030 0223     		movs	r3, #2
 881              	.LVL57:
 420:Drivers/STM32L4xx_HAL_Driver/Src/stm32l4xx_hal_tim_ex.c ****   TIM_CHANNEL_STATE_SET(htim, TIM_CHANNEL_2, HAL_TIM_CHANNEL_STATE_BUSY);
 882              		.loc 1 420 3 is_stmt 0 view .LVU284
 883 0032 84F83E30 		strb	r3, [r4, #62]
 421:Drivers/STM32L4xx_HAL_Driver/Src/stm32l4xx_hal_tim_ex.c ****   TIM_CHANNEL_N_STATE_SET(htim, TIM_CHANNEL_1, HAL_TIM_CHANNEL_STATE_BUSY);
 884              		.loc 1 421 3 is_stmt 1 view .LVU285
 885 0036 84F83F30 		strb	r3, [r4, #63]
 422:Drivers/STM32L4xx_HAL_Driver/Src/stm32l4xx_hal_tim_ex.c ****   TIM_CHANNEL_N_STATE_SET(htim, TIM_CHANNEL_2, HAL_TIM_CHANNEL_STATE_BUSY);
 886              		.loc 1 422 3 view .LVU286
 887 003a 84F84430 		strb	r3, [r4, #68]
 423:Drivers/STM32L4xx_HAL_Driver/Src/stm32l4xx_hal_tim_ex.c **** 
 888              		.loc 1 423 3 view .LVU287
 889 003e 84F84530 		strb	r3, [r4, #69]
 426:Drivers/STM32L4xx_HAL_Driver/Src/stm32l4xx_hal_tim_ex.c **** 
 890              		.loc 1 426 3 view .LVU288
 891 0042 2268     		ldr	r2, [r4]
 892              	.LVL58:
 426:Drivers/STM32L4xx_HAL_Driver/Src/stm32l4xx_hal_tim_ex.c **** 
 893              		.loc 1 426 3 is_stmt 0 view .LVU289
 894 0044 D368     		ldr	r3, [r2, #12]
 895 0046 43F00203 		orr	r3, r3, #2
 896 004a D360     		str	r3, [r2, #12]
 431:Drivers/STM32L4xx_HAL_Driver/Src/stm32l4xx_hal_tim_ex.c **** 
 897              		.loc 1 431 3 is_stmt 1 view .LVU290
 898 004c 0122     		movs	r2, #1
 899 004e 0021     		movs	r1, #0
 900              	.LVL59:
 431:Drivers/STM32L4xx_HAL_Driver/Src/stm32l4xx_hal_tim_ex.c **** 
 901              		.loc 1 431 3 is_stmt 0 view .LVU291
 902 0050 2068     		ldr	r0, [r4]
 903              	.LVL60:
 431:Drivers/STM32L4xx_HAL_Driver/Src/stm32l4xx_hal_tim_ex.c **** 
 904              		.loc 1 431 3 view .LVU292
 905 0052 FFF7FEFF 		bl	TIM_CCxChannelCmd
 906              	.LVL61:
 434:Drivers/STM32L4xx_HAL_Driver/Src/stm32l4xx_hal_tim_ex.c ****   {
 907              		.loc 1 434 3 is_stmt 1 view .LVU293
 434:Drivers/STM32L4xx_HAL_Driver/Src/stm32l4xx_hal_tim_ex.c ****   {
 908              		.loc 1 434 7 is_stmt 0 view .LVU294
 909 0056 2368     		ldr	r3, [r4]
 434:Drivers/STM32L4xx_HAL_Driver/Src/stm32l4xx_hal_tim_ex.c ****   {
 910              		.loc 1 434 6 view .LVU295
 911 0058 124A     		ldr	r2, .L59
 912 005a 9342     		cmp	r3, r2
 913 005c 0CD0     		beq	.L50
 434:Drivers/STM32L4xx_HAL_Driver/Src/stm32l4xx_hal_tim_ex.c ****   {
 914              		.loc 1 434 7 discriminator 1 view .LVU296
 915 005e B3F1804F 		cmp	r3, #1073741824
 916 0062 09D0     		beq	.L50
ARM GAS  /tmp/ccRvkrha.s 			page 71


 434:Drivers/STM32L4xx_HAL_Driver/Src/stm32l4xx_hal_tim_ex.c ****   {
 917              		.loc 1 434 7 discriminator 2 view .LVU297
 918 0064 02F5A052 		add	r2, r2, #5120
 919 0068 9342     		cmp	r3, r2
 920 006a 05D0     		beq	.L50
 444:Drivers/STM32L4xx_HAL_Driver/Src/stm32l4xx_hal_tim_ex.c ****   }
 921              		.loc 1 444 5 is_stmt 1 view .LVU298
 922 006c 1A68     		ldr	r2, [r3]
 923 006e 42F00102 		orr	r2, r2, #1
 924 0072 1A60     		str	r2, [r3]
 448:Drivers/STM32L4xx_HAL_Driver/Src/stm32l4xx_hal_tim_ex.c **** }
 925              		.loc 1 448 10 is_stmt 0 view .LVU299
 926 0074 0020     		movs	r0, #0
 927 0076 0EE0     		b	.L49
 928              	.L50:
 436:Drivers/STM32L4xx_HAL_Driver/Src/stm32l4xx_hal_tim_ex.c ****     if (!IS_TIM_SLAVEMODE_TRIGGER_ENABLED(tmpsmcr))
 929              		.loc 1 436 5 is_stmt 1 view .LVU300
 436:Drivers/STM32L4xx_HAL_Driver/Src/stm32l4xx_hal_tim_ex.c ****     if (!IS_TIM_SLAVEMODE_TRIGGER_ENABLED(tmpsmcr))
 930              		.loc 1 436 29 is_stmt 0 view .LVU301
 931 0078 9968     		ldr	r1, [r3, #8]
 436:Drivers/STM32L4xx_HAL_Driver/Src/stm32l4xx_hal_tim_ex.c ****     if (!IS_TIM_SLAVEMODE_TRIGGER_ENABLED(tmpsmcr))
 932              		.loc 1 436 13 view .LVU302
 933 007a 0B4A     		ldr	r2, .L59+4
 934 007c 0A40     		ands	r2, r2, r1
 935              	.LVL62:
 437:Drivers/STM32L4xx_HAL_Driver/Src/stm32l4xx_hal_tim_ex.c ****     {
 936              		.loc 1 437 5 is_stmt 1 view .LVU303
 437:Drivers/STM32L4xx_HAL_Driver/Src/stm32l4xx_hal_tim_ex.c ****     {
 937              		.loc 1 437 8 is_stmt 0 view .LVU304
 938 007e 062A     		cmp	r2, #6
 939 0080 0CD0     		beq	.L55
 437:Drivers/STM32L4xx_HAL_Driver/Src/stm32l4xx_hal_tim_ex.c ****     {
 940              		.loc 1 437 9 discriminator 1 view .LVU305
 941 0082 B2F5803F 		cmp	r2, #65536
 942 0086 0BD0     		beq	.L56
 439:Drivers/STM32L4xx_HAL_Driver/Src/stm32l4xx_hal_tim_ex.c ****     }
 943              		.loc 1 439 7 is_stmt 1 view .LVU306
 944 0088 1A68     		ldr	r2, [r3]
 945              	.LVL63:
 439:Drivers/STM32L4xx_HAL_Driver/Src/stm32l4xx_hal_tim_ex.c ****     }
 946              		.loc 1 439 7 is_stmt 0 view .LVU307
 947 008a 42F00102 		orr	r2, r2, #1
 948 008e 1A60     		str	r2, [r3]
 448:Drivers/STM32L4xx_HAL_Driver/Src/stm32l4xx_hal_tim_ex.c **** }
 949              		.loc 1 448 10 view .LVU308
 950 0090 0020     		movs	r0, #0
 951 0092 00E0     		b	.L49
 952              	.LVL64:
 953              	.L52:
 416:Drivers/STM32L4xx_HAL_Driver/Src/stm32l4xx_hal_tim_ex.c ****   }
 954              		.loc 1 416 12 view .LVU309
 955 0094 0120     		movs	r0, #1
 956              	.LVL65:
 957              	.L49:
 449:Drivers/STM32L4xx_HAL_Driver/Src/stm32l4xx_hal_tim_ex.c **** 
 958              		.loc 1 449 1 view .LVU310
 959 0096 10BD     		pop	{r4, pc}
ARM GAS  /tmp/ccRvkrha.s 			page 72


 960              	.LVL66:
 961              	.L53:
 416:Drivers/STM32L4xx_HAL_Driver/Src/stm32l4xx_hal_tim_ex.c ****   }
 962              		.loc 1 416 12 view .LVU311
 963 0098 1846     		mov	r0, r3
 964              	.LVL67:
 416:Drivers/STM32L4xx_HAL_Driver/Src/stm32l4xx_hal_tim_ex.c ****   }
 965              		.loc 1 416 12 view .LVU312
 966 009a FCE7     		b	.L49
 967              	.LVL68:
 968              	.L55:
 448:Drivers/STM32L4xx_HAL_Driver/Src/stm32l4xx_hal_tim_ex.c **** }
 969              		.loc 1 448 10 view .LVU313
 970 009c 0020     		movs	r0, #0
 971 009e FAE7     		b	.L49
 972              	.L56:
 973 00a0 0020     		movs	r0, #0
 974 00a2 F8E7     		b	.L49
 975              	.L60:
 976              		.align	2
 977              	.L59:
 978 00a4 002C0140 		.word	1073818624
 979 00a8 07000100 		.word	65543
 980              		.cfi_endproc
 981              	.LFE138:
 983              		.section	.text.HAL_TIMEx_HallSensor_Stop_IT,"ax",%progbits
 984              		.align	1
 985              		.global	HAL_TIMEx_HallSensor_Stop_IT
 986              		.syntax unified
 987              		.thumb
 988              		.thumb_func
 990              	HAL_TIMEx_HallSensor_Stop_IT:
 991              	.LVL69:
 992              	.LFB139:
 457:Drivers/STM32L4xx_HAL_Driver/Src/stm32l4xx_hal_tim_ex.c ****   /* Check the parameters */
 993              		.loc 1 457 1 is_stmt 1 view -0
 994              		.cfi_startproc
 995              		@ args = 0, pretend = 0, frame = 0
 996              		@ frame_needed = 0, uses_anonymous_args = 0
 457:Drivers/STM32L4xx_HAL_Driver/Src/stm32l4xx_hal_tim_ex.c ****   /* Check the parameters */
 997              		.loc 1 457 1 is_stmt 0 view .LVU315
 998 0000 10B5     		push	{r4, lr}
 999              	.LCFI11:
 1000              		.cfi_def_cfa_offset 8
 1001              		.cfi_offset 4, -8
 1002              		.cfi_offset 14, -4
 1003 0002 0446     		mov	r4, r0
 459:Drivers/STM32L4xx_HAL_Driver/Src/stm32l4xx_hal_tim_ex.c **** 
 1004              		.loc 1 459 3 is_stmt 1 view .LVU316
 464:Drivers/STM32L4xx_HAL_Driver/Src/stm32l4xx_hal_tim_ex.c **** 
 1005              		.loc 1 464 3 view .LVU317
 1006 0004 0022     		movs	r2, #0
 1007 0006 1146     		mov	r1, r2
 1008 0008 0068     		ldr	r0, [r0]
 1009              	.LVL70:
 464:Drivers/STM32L4xx_HAL_Driver/Src/stm32l4xx_hal_tim_ex.c **** 
 1010              		.loc 1 464 3 is_stmt 0 view .LVU318
ARM GAS  /tmp/ccRvkrha.s 			page 73


 1011 000a FFF7FEFF 		bl	TIM_CCxChannelCmd
 1012              	.LVL71:
 467:Drivers/STM32L4xx_HAL_Driver/Src/stm32l4xx_hal_tim_ex.c **** 
 1013              		.loc 1 467 3 is_stmt 1 view .LVU319
 1014 000e 2268     		ldr	r2, [r4]
 1015 0010 D368     		ldr	r3, [r2, #12]
 1016 0012 23F00203 		bic	r3, r3, #2
 1017 0016 D360     		str	r3, [r2, #12]
 470:Drivers/STM32L4xx_HAL_Driver/Src/stm32l4xx_hal_tim_ex.c **** 
 1018              		.loc 1 470 3 view .LVU320
 470:Drivers/STM32L4xx_HAL_Driver/Src/stm32l4xx_hal_tim_ex.c **** 
 1019              		.loc 1 470 3 view .LVU321
 1020 0018 2368     		ldr	r3, [r4]
 1021 001a 196A     		ldr	r1, [r3, #32]
 1022 001c 41F21112 		movw	r2, #4369
 1023 0020 1142     		tst	r1, r2
 1024 0022 08D1     		bne	.L62
 470:Drivers/STM32L4xx_HAL_Driver/Src/stm32l4xx_hal_tim_ex.c **** 
 1025              		.loc 1 470 3 discriminator 1 view .LVU322
 1026 0024 196A     		ldr	r1, [r3, #32]
 1027 0026 40F24442 		movw	r2, #1092
 1028 002a 1142     		tst	r1, r2
 1029 002c 03D1     		bne	.L62
 470:Drivers/STM32L4xx_HAL_Driver/Src/stm32l4xx_hal_tim_ex.c **** 
 1030              		.loc 1 470 3 discriminator 3 view .LVU323
 1031 002e 1A68     		ldr	r2, [r3]
 1032 0030 22F00102 		bic	r2, r2, #1
 1033 0034 1A60     		str	r2, [r3]
 1034              	.L62:
 470:Drivers/STM32L4xx_HAL_Driver/Src/stm32l4xx_hal_tim_ex.c **** 
 1035              		.loc 1 470 3 discriminator 5 view .LVU324
 473:Drivers/STM32L4xx_HAL_Driver/Src/stm32l4xx_hal_tim_ex.c ****   TIM_CHANNEL_STATE_SET(htim, TIM_CHANNEL_2, HAL_TIM_CHANNEL_STATE_READY);
 1036              		.loc 1 473 3 discriminator 5 view .LVU325
 1037 0036 0123     		movs	r3, #1
 1038 0038 84F83E30 		strb	r3, [r4, #62]
 474:Drivers/STM32L4xx_HAL_Driver/Src/stm32l4xx_hal_tim_ex.c ****   TIM_CHANNEL_N_STATE_SET(htim, TIM_CHANNEL_1, HAL_TIM_CHANNEL_STATE_READY);
 1039              		.loc 1 474 3 discriminator 5 view .LVU326
 1040 003c 84F83F30 		strb	r3, [r4, #63]
 475:Drivers/STM32L4xx_HAL_Driver/Src/stm32l4xx_hal_tim_ex.c ****   TIM_CHANNEL_N_STATE_SET(htim, TIM_CHANNEL_2, HAL_TIM_CHANNEL_STATE_READY);
 1041              		.loc 1 475 3 discriminator 5 view .LVU327
 1042 0040 84F84430 		strb	r3, [r4, #68]
 476:Drivers/STM32L4xx_HAL_Driver/Src/stm32l4xx_hal_tim_ex.c **** 
 1043              		.loc 1 476 3 discriminator 5 view .LVU328
 1044 0044 84F84530 		strb	r3, [r4, #69]
 479:Drivers/STM32L4xx_HAL_Driver/Src/stm32l4xx_hal_tim_ex.c **** }
 1045              		.loc 1 479 3 discriminator 5 view .LVU329
 480:Drivers/STM32L4xx_HAL_Driver/Src/stm32l4xx_hal_tim_ex.c **** 
 1046              		.loc 1 480 1 is_stmt 0 discriminator 5 view .LVU330
 1047 0048 0020     		movs	r0, #0
 1048 004a 10BD     		pop	{r4, pc}
 480:Drivers/STM32L4xx_HAL_Driver/Src/stm32l4xx_hal_tim_ex.c **** 
 1049              		.loc 1 480 1 discriminator 5 view .LVU331
 1050              		.cfi_endproc
 1051              	.LFE139:
 1053              		.section	.text.HAL_TIMEx_HallSensor_Start_DMA,"ax",%progbits
 1054              		.align	1
 1055              		.global	HAL_TIMEx_HallSensor_Start_DMA
ARM GAS  /tmp/ccRvkrha.s 			page 74


 1056              		.syntax unified
 1057              		.thumb
 1058              		.thumb_func
 1060              	HAL_TIMEx_HallSensor_Start_DMA:
 1061              	.LVL72:
 1062              	.LFB140:
 490:Drivers/STM32L4xx_HAL_Driver/Src/stm32l4xx_hal_tim_ex.c ****   uint32_t tmpsmcr;
 1063              		.loc 1 490 1 is_stmt 1 view -0
 1064              		.cfi_startproc
 1065              		@ args = 0, pretend = 0, frame = 0
 1066              		@ frame_needed = 0, uses_anonymous_args = 0
 490:Drivers/STM32L4xx_HAL_Driver/Src/stm32l4xx_hal_tim_ex.c ****   uint32_t tmpsmcr;
 1067              		.loc 1 490 1 is_stmt 0 view .LVU333
 1068 0000 F8B5     		push	{r3, r4, r5, r6, r7, lr}
 1069              	.LCFI12:
 1070              		.cfi_def_cfa_offset 24
 1071              		.cfi_offset 3, -24
 1072              		.cfi_offset 4, -20
 1073              		.cfi_offset 5, -16
 1074              		.cfi_offset 6, -12
 1075              		.cfi_offset 7, -8
 1076              		.cfi_offset 14, -4
 1077 0002 0446     		mov	r4, r0
 491:Drivers/STM32L4xx_HAL_Driver/Src/stm32l4xx_hal_tim_ex.c ****   HAL_TIM_ChannelStateTypeDef channel_1_state = TIM_CHANNEL_STATE_GET(htim, TIM_CHANNEL_1);
 1078              		.loc 1 491 3 is_stmt 1 view .LVU334
 492:Drivers/STM32L4xx_HAL_Driver/Src/stm32l4xx_hal_tim_ex.c ****   HAL_TIM_ChannelStateTypeDef complementary_channel_1_state = TIM_CHANNEL_N_STATE_GET(htim, TIM_CHA
 1079              		.loc 1 492 3 view .LVU335
 492:Drivers/STM32L4xx_HAL_Driver/Src/stm32l4xx_hal_tim_ex.c ****   HAL_TIM_ChannelStateTypeDef complementary_channel_1_state = TIM_CHANNEL_N_STATE_GET(htim, TIM_CHA
 1080              		.loc 1 492 31 is_stmt 0 view .LVU336
 1081 0004 90F83EC0 		ldrb	ip, [r0, #62]	@ zero_extendqisi2
 1082 0008 5FFA8CF0 		uxtb	r0, ip
 1083              	.LVL73:
 493:Drivers/STM32L4xx_HAL_Driver/Src/stm32l4xx_hal_tim_ex.c **** 
 1084              		.loc 1 493 3 is_stmt 1 view .LVU337
 493:Drivers/STM32L4xx_HAL_Driver/Src/stm32l4xx_hal_tim_ex.c **** 
 1085              		.loc 1 493 31 is_stmt 0 view .LVU338
 1086 000c 94F844C0 		ldrb	ip, [r4, #68]	@ zero_extendqisi2
 1087              	.LVL74:
 496:Drivers/STM32L4xx_HAL_Driver/Src/stm32l4xx_hal_tim_ex.c **** 
 1088              		.loc 1 496 3 is_stmt 1 view .LVU339
 499:Drivers/STM32L4xx_HAL_Driver/Src/stm32l4xx_hal_tim_ex.c ****       || (complementary_channel_1_state == HAL_TIM_CHANNEL_STATE_BUSY))
 1089              		.loc 1 499 3 view .LVU340
 499:Drivers/STM32L4xx_HAL_Driver/Src/stm32l4xx_hal_tim_ex.c ****       || (complementary_channel_1_state == HAL_TIM_CHANNEL_STATE_BUSY))
 1090              		.loc 1 499 6 is_stmt 0 view .LVU341
 1091 0010 0228     		cmp	r0, #2
 1092 0012 4ED0     		beq	.L65
 1093 0014 0F46     		mov	r7, r1
 1094 0016 1646     		mov	r6, r2
 1095 0018 5FFA8CF5 		uxtb	r5, ip
 500:Drivers/STM32L4xx_HAL_Driver/Src/stm32l4xx_hal_tim_ex.c ****   {
 1096              		.loc 1 500 7 view .LVU342
 1097 001c 022D     		cmp	r5, #2
 1098 001e 45D0     		beq	.L68
 504:Drivers/STM32L4xx_HAL_Driver/Src/stm32l4xx_hal_tim_ex.c ****            && (complementary_channel_1_state == HAL_TIM_CHANNEL_STATE_READY))
 1099              		.loc 1 504 8 is_stmt 1 view .LVU343
 504:Drivers/STM32L4xx_HAL_Driver/Src/stm32l4xx_hal_tim_ex.c ****            && (complementary_channel_1_state == HAL_TIM_CHANNEL_STATE_READY))
 1100              		.loc 1 504 11 is_stmt 0 view .LVU344
ARM GAS  /tmp/ccRvkrha.s 			page 75


 1101 0020 0128     		cmp	r0, #1
 1102 0022 45D1     		bne	.L69
 505:Drivers/STM32L4xx_HAL_Driver/Src/stm32l4xx_hal_tim_ex.c ****   {
 1103              		.loc 1 505 12 view .LVU345
 1104 0024 012D     		cmp	r5, #1
 1105 0026 44D1     		bne	.L65
 507:Drivers/STM32L4xx_HAL_Driver/Src/stm32l4xx_hal_tim_ex.c ****     {
 1106              		.loc 1 507 5 is_stmt 1 view .LVU346
 507:Drivers/STM32L4xx_HAL_Driver/Src/stm32l4xx_hal_tim_ex.c ****     {
 1107              		.loc 1 507 8 is_stmt 0 view .LVU347
 1108 0028 0029     		cmp	r1, #0
 1109 002a 43D0     		beq	.L70
 507:Drivers/STM32L4xx_HAL_Driver/Src/stm32l4xx_hal_tim_ex.c ****     {
 1110              		.loc 1 507 25 discriminator 1 view .LVU348
 1111 002c 0AB9     		cbnz	r2, .L74
 509:Drivers/STM32L4xx_HAL_Driver/Src/stm32l4xx_hal_tim_ex.c ****     }
 1112              		.loc 1 509 14 view .LVU349
 1113 002e 2846     		mov	r0, r5
 1114              	.LVL75:
 509:Drivers/STM32L4xx_HAL_Driver/Src/stm32l4xx_hal_tim_ex.c ****     }
 1115              		.loc 1 509 14 view .LVU350
 1116 0030 3FE0     		b	.L65
 1117              	.LVL76:
 1118              	.L74:
 513:Drivers/STM32L4xx_HAL_Driver/Src/stm32l4xx_hal_tim_ex.c ****       TIM_CHANNEL_N_STATE_SET(htim, TIM_CHANNEL_1, HAL_TIM_CHANNEL_STATE_BUSY);
 1119              		.loc 1 513 7 is_stmt 1 view .LVU351
 1120 0032 0223     		movs	r3, #2
 1121 0034 84F83E30 		strb	r3, [r4, #62]
 514:Drivers/STM32L4xx_HAL_Driver/Src/stm32l4xx_hal_tim_ex.c ****     }
 1122              		.loc 1 514 7 view .LVU352
 1123 0038 84F84430 		strb	r3, [r4, #68]
 525:Drivers/STM32L4xx_HAL_Driver/Src/stm32l4xx_hal_tim_ex.c **** 
 1124              		.loc 1 525 3 view .LVU353
 1125 003c 0122     		movs	r2, #1
 1126              	.LVL77:
 525:Drivers/STM32L4xx_HAL_Driver/Src/stm32l4xx_hal_tim_ex.c **** 
 1127              		.loc 1 525 3 is_stmt 0 view .LVU354
 1128 003e 0021     		movs	r1, #0
 1129              	.LVL78:
 525:Drivers/STM32L4xx_HAL_Driver/Src/stm32l4xx_hal_tim_ex.c **** 
 1130              		.loc 1 525 3 view .LVU355
 1131 0040 2068     		ldr	r0, [r4]
 1132              	.LVL79:
 525:Drivers/STM32L4xx_HAL_Driver/Src/stm32l4xx_hal_tim_ex.c **** 
 1133              		.loc 1 525 3 view .LVU356
 1134 0042 FFF7FEFF 		bl	TIM_CCxChannelCmd
 1135              	.LVL80:
 528:Drivers/STM32L4xx_HAL_Driver/Src/stm32l4xx_hal_tim_ex.c ****   htim->hdma[TIM_DMA_ID_CC1]->XferHalfCpltCallback = TIM_DMACaptureHalfCplt;
 1136              		.loc 1 528 3 is_stmt 1 view .LVU357
 528:Drivers/STM32L4xx_HAL_Driver/Src/stm32l4xx_hal_tim_ex.c ****   htim->hdma[TIM_DMA_ID_CC1]->XferHalfCpltCallback = TIM_DMACaptureHalfCplt;
 1137              		.loc 1 528 13 is_stmt 0 view .LVU358
 1138 0046 636A     		ldr	r3, [r4, #36]
 528:Drivers/STM32L4xx_HAL_Driver/Src/stm32l4xx_hal_tim_ex.c ****   htim->hdma[TIM_DMA_ID_CC1]->XferHalfCpltCallback = TIM_DMACaptureHalfCplt;
 1139              		.loc 1 528 48 view .LVU359
 1140 0048 1C4A     		ldr	r2, .L75
 1141 004a DA62     		str	r2, [r3, #44]
 529:Drivers/STM32L4xx_HAL_Driver/Src/stm32l4xx_hal_tim_ex.c ****   /* Set the DMA error callback */
ARM GAS  /tmp/ccRvkrha.s 			page 76


 1142              		.loc 1 529 3 is_stmt 1 view .LVU360
 529:Drivers/STM32L4xx_HAL_Driver/Src/stm32l4xx_hal_tim_ex.c ****   /* Set the DMA error callback */
 1143              		.loc 1 529 13 is_stmt 0 view .LVU361
 1144 004c 636A     		ldr	r3, [r4, #36]
 529:Drivers/STM32L4xx_HAL_Driver/Src/stm32l4xx_hal_tim_ex.c ****   /* Set the DMA error callback */
 1145              		.loc 1 529 52 view .LVU362
 1146 004e 1C4A     		ldr	r2, .L75+4
 1147 0050 1A63     		str	r2, [r3, #48]
 531:Drivers/STM32L4xx_HAL_Driver/Src/stm32l4xx_hal_tim_ex.c **** 
 1148              		.loc 1 531 3 is_stmt 1 view .LVU363
 531:Drivers/STM32L4xx_HAL_Driver/Src/stm32l4xx_hal_tim_ex.c **** 
 1149              		.loc 1 531 13 is_stmt 0 view .LVU364
 1150 0052 636A     		ldr	r3, [r4, #36]
 531:Drivers/STM32L4xx_HAL_Driver/Src/stm32l4xx_hal_tim_ex.c **** 
 1151              		.loc 1 531 49 view .LVU365
 1152 0054 1B4A     		ldr	r2, .L75+8
 1153 0056 5A63     		str	r2, [r3, #52]
 534:Drivers/STM32L4xx_HAL_Driver/Src/stm32l4xx_hal_tim_ex.c ****   {
 1154              		.loc 1 534 3 is_stmt 1 view .LVU366
 534:Drivers/STM32L4xx_HAL_Driver/Src/stm32l4xx_hal_tim_ex.c ****   {
 1155              		.loc 1 534 67 is_stmt 0 view .LVU367
 1156 0058 2168     		ldr	r1, [r4]
 534:Drivers/STM32L4xx_HAL_Driver/Src/stm32l4xx_hal_tim_ex.c ****   {
 1157              		.loc 1 534 7 view .LVU368
 1158 005a 3346     		mov	r3, r6
 1159 005c 3A46     		mov	r2, r7
 1160 005e 3431     		adds	r1, r1, #52
 1161 0060 606A     		ldr	r0, [r4, #36]
 1162 0062 FFF7FEFF 		bl	HAL_DMA_Start_IT
 1163              	.LVL81:
 534:Drivers/STM32L4xx_HAL_Driver/Src/stm32l4xx_hal_tim_ex.c ****   {
 1164              		.loc 1 534 6 view .LVU369
 1165 0066 38BB     		cbnz	r0, .L72
 540:Drivers/STM32L4xx_HAL_Driver/Src/stm32l4xx_hal_tim_ex.c **** 
 1166              		.loc 1 540 3 is_stmt 1 view .LVU370
 1167 0068 2268     		ldr	r2, [r4]
 1168 006a D368     		ldr	r3, [r2, #12]
 1169 006c 43F40073 		orr	r3, r3, #512
 1170 0070 D360     		str	r3, [r2, #12]
 543:Drivers/STM32L4xx_HAL_Driver/Src/stm32l4xx_hal_tim_ex.c ****   {
 1171              		.loc 1 543 3 view .LVU371
 543:Drivers/STM32L4xx_HAL_Driver/Src/stm32l4xx_hal_tim_ex.c ****   {
 1172              		.loc 1 543 7 is_stmt 0 view .LVU372
 1173 0072 2368     		ldr	r3, [r4]
 543:Drivers/STM32L4xx_HAL_Driver/Src/stm32l4xx_hal_tim_ex.c ****   {
 1174              		.loc 1 543 6 view .LVU373
 1175 0074 144A     		ldr	r2, .L75+12
 1176 0076 9342     		cmp	r3, r2
 1177 0078 0BD0     		beq	.L66
 543:Drivers/STM32L4xx_HAL_Driver/Src/stm32l4xx_hal_tim_ex.c ****   {
 1178              		.loc 1 543 7 discriminator 1 view .LVU374
 1179 007a B3F1804F 		cmp	r3, #1073741824
 1180 007e 08D0     		beq	.L66
 543:Drivers/STM32L4xx_HAL_Driver/Src/stm32l4xx_hal_tim_ex.c ****   {
 1181              		.loc 1 543 7 discriminator 2 view .LVU375
 1182 0080 02F5A052 		add	r2, r2, #5120
 1183 0084 9342     		cmp	r3, r2
ARM GAS  /tmp/ccRvkrha.s 			page 77


 1184 0086 04D0     		beq	.L66
 553:Drivers/STM32L4xx_HAL_Driver/Src/stm32l4xx_hal_tim_ex.c ****   }
 1185              		.loc 1 553 5 is_stmt 1 view .LVU376
 1186 0088 1A68     		ldr	r2, [r3]
 1187 008a 42F00102 		orr	r2, r2, #1
 1188 008e 1A60     		str	r2, [r3]
 1189 0090 0FE0     		b	.L65
 1190              	.L66:
 545:Drivers/STM32L4xx_HAL_Driver/Src/stm32l4xx_hal_tim_ex.c ****     if (!IS_TIM_SLAVEMODE_TRIGGER_ENABLED(tmpsmcr))
 1191              		.loc 1 545 5 view .LVU377
 545:Drivers/STM32L4xx_HAL_Driver/Src/stm32l4xx_hal_tim_ex.c ****     if (!IS_TIM_SLAVEMODE_TRIGGER_ENABLED(tmpsmcr))
 1192              		.loc 1 545 29 is_stmt 0 view .LVU378
 1193 0092 9968     		ldr	r1, [r3, #8]
 545:Drivers/STM32L4xx_HAL_Driver/Src/stm32l4xx_hal_tim_ex.c ****     if (!IS_TIM_SLAVEMODE_TRIGGER_ENABLED(tmpsmcr))
 1194              		.loc 1 545 13 view .LVU379
 1195 0094 0D4A     		ldr	r2, .L75+16
 1196 0096 0A40     		ands	r2, r2, r1
 1197              	.LVL82:
 546:Drivers/STM32L4xx_HAL_Driver/Src/stm32l4xx_hal_tim_ex.c ****     {
 1198              		.loc 1 546 5 is_stmt 1 view .LVU380
 546:Drivers/STM32L4xx_HAL_Driver/Src/stm32l4xx_hal_tim_ex.c ****     {
 1199              		.loc 1 546 8 is_stmt 0 view .LVU381
 1200 0098 062A     		cmp	r2, #6
 1201 009a 0AD0     		beq	.L65
 546:Drivers/STM32L4xx_HAL_Driver/Src/stm32l4xx_hal_tim_ex.c ****     {
 1202              		.loc 1 546 9 discriminator 1 view .LVU382
 1203 009c B2F5803F 		cmp	r2, #65536
 1204 00a0 07D0     		beq	.L65
 548:Drivers/STM32L4xx_HAL_Driver/Src/stm32l4xx_hal_tim_ex.c ****     }
 1205              		.loc 1 548 7 is_stmt 1 view .LVU383
 1206 00a2 1A68     		ldr	r2, [r3]
 1207              	.LVL83:
 548:Drivers/STM32L4xx_HAL_Driver/Src/stm32l4xx_hal_tim_ex.c ****     }
 1208              		.loc 1 548 7 is_stmt 0 view .LVU384
 1209 00a4 42F00102 		orr	r2, r2, #1
 1210 00a8 1A60     		str	r2, [r3]
 1211 00aa 02E0     		b	.L65
 1212              	.LVL84:
 1213              	.L68:
 502:Drivers/STM32L4xx_HAL_Driver/Src/stm32l4xx_hal_tim_ex.c ****   }
 1214              		.loc 1 502 12 view .LVU385
 1215 00ac 2846     		mov	r0, r5
 1216              	.LVL85:
 502:Drivers/STM32L4xx_HAL_Driver/Src/stm32l4xx_hal_tim_ex.c ****   }
 1217              		.loc 1 502 12 view .LVU386
 1218 00ae 00E0     		b	.L65
 1219              	.LVL86:
 1220              	.L69:
 519:Drivers/STM32L4xx_HAL_Driver/Src/stm32l4xx_hal_tim_ex.c ****   }
 1221              		.loc 1 519 12 view .LVU387
 1222 00b0 0120     		movs	r0, #1
 1223              	.LVL87:
 1224              	.L65:
 558:Drivers/STM32L4xx_HAL_Driver/Src/stm32l4xx_hal_tim_ex.c **** 
 1225              		.loc 1 558 1 view .LVU388
 1226 00b2 F8BD     		pop	{r3, r4, r5, r6, r7, pc}
 1227              	.LVL88:
ARM GAS  /tmp/ccRvkrha.s 			page 78


 1228              	.L70:
 509:Drivers/STM32L4xx_HAL_Driver/Src/stm32l4xx_hal_tim_ex.c ****     }
 1229              		.loc 1 509 14 view .LVU389
 1230 00b4 2846     		mov	r0, r5
 1231              	.LVL89:
 509:Drivers/STM32L4xx_HAL_Driver/Src/stm32l4xx_hal_tim_ex.c ****     }
 1232              		.loc 1 509 14 view .LVU390
 1233 00b6 FCE7     		b	.L65
 1234              	.LVL90:
 1235              	.L72:
 537:Drivers/STM32L4xx_HAL_Driver/Src/stm32l4xx_hal_tim_ex.c ****   }
 1236              		.loc 1 537 12 view .LVU391
 1237 00b8 2846     		mov	r0, r5
 1238 00ba FAE7     		b	.L65
 1239              	.L76:
 1240              		.align	2
 1241              	.L75:
 1242 00bc 00000000 		.word	TIM_DMACaptureCplt
 1243 00c0 00000000 		.word	TIM_DMACaptureHalfCplt
 1244 00c4 00000000 		.word	TIM_DMAError
 1245 00c8 002C0140 		.word	1073818624
 1246 00cc 07000100 		.word	65543
 1247              		.cfi_endproc
 1248              	.LFE140:
 1250              		.section	.text.HAL_TIMEx_HallSensor_Stop_DMA,"ax",%progbits
 1251              		.align	1
 1252              		.global	HAL_TIMEx_HallSensor_Stop_DMA
 1253              		.syntax unified
 1254              		.thumb
 1255              		.thumb_func
 1257              	HAL_TIMEx_HallSensor_Stop_DMA:
 1258              	.LVL91:
 1259              	.LFB141:
 566:Drivers/STM32L4xx_HAL_Driver/Src/stm32l4xx_hal_tim_ex.c ****   /* Check the parameters */
 1260              		.loc 1 566 1 is_stmt 1 view -0
 1261              		.cfi_startproc
 1262              		@ args = 0, pretend = 0, frame = 0
 1263              		@ frame_needed = 0, uses_anonymous_args = 0
 566:Drivers/STM32L4xx_HAL_Driver/Src/stm32l4xx_hal_tim_ex.c ****   /* Check the parameters */
 1264              		.loc 1 566 1 is_stmt 0 view .LVU393
 1265 0000 10B5     		push	{r4, lr}
 1266              	.LCFI13:
 1267              		.cfi_def_cfa_offset 8
 1268              		.cfi_offset 4, -8
 1269              		.cfi_offset 14, -4
 1270 0002 0446     		mov	r4, r0
 568:Drivers/STM32L4xx_HAL_Driver/Src/stm32l4xx_hal_tim_ex.c **** 
 1271              		.loc 1 568 3 is_stmt 1 view .LVU394
 573:Drivers/STM32L4xx_HAL_Driver/Src/stm32l4xx_hal_tim_ex.c **** 
 1272              		.loc 1 573 3 view .LVU395
 1273 0004 0022     		movs	r2, #0
 1274 0006 1146     		mov	r1, r2
 1275 0008 0068     		ldr	r0, [r0]
 1276              	.LVL92:
 573:Drivers/STM32L4xx_HAL_Driver/Src/stm32l4xx_hal_tim_ex.c **** 
 1277              		.loc 1 573 3 is_stmt 0 view .LVU396
 1278 000a FFF7FEFF 		bl	TIM_CCxChannelCmd
ARM GAS  /tmp/ccRvkrha.s 			page 79


 1279              	.LVL93:
 577:Drivers/STM32L4xx_HAL_Driver/Src/stm32l4xx_hal_tim_ex.c **** 
 1280              		.loc 1 577 3 is_stmt 1 view .LVU397
 1281 000e 2268     		ldr	r2, [r4]
 1282 0010 D368     		ldr	r3, [r2, #12]
 1283 0012 23F40073 		bic	r3, r3, #512
 1284 0016 D360     		str	r3, [r2, #12]
 579:Drivers/STM32L4xx_HAL_Driver/Src/stm32l4xx_hal_tim_ex.c **** 
 1285              		.loc 1 579 3 view .LVU398
 579:Drivers/STM32L4xx_HAL_Driver/Src/stm32l4xx_hal_tim_ex.c **** 
 1286              		.loc 1 579 9 is_stmt 0 view .LVU399
 1287 0018 606A     		ldr	r0, [r4, #36]
 1288 001a FFF7FEFF 		bl	HAL_DMA_Abort_IT
 1289              	.LVL94:
 582:Drivers/STM32L4xx_HAL_Driver/Src/stm32l4xx_hal_tim_ex.c **** 
 1290              		.loc 1 582 3 is_stmt 1 view .LVU400
 582:Drivers/STM32L4xx_HAL_Driver/Src/stm32l4xx_hal_tim_ex.c **** 
 1291              		.loc 1 582 3 view .LVU401
 1292 001e 2368     		ldr	r3, [r4]
 1293 0020 196A     		ldr	r1, [r3, #32]
 1294 0022 41F21112 		movw	r2, #4369
 1295 0026 1142     		tst	r1, r2
 1296 0028 08D1     		bne	.L78
 582:Drivers/STM32L4xx_HAL_Driver/Src/stm32l4xx_hal_tim_ex.c **** 
 1297              		.loc 1 582 3 discriminator 1 view .LVU402
 1298 002a 196A     		ldr	r1, [r3, #32]
 1299 002c 40F24442 		movw	r2, #1092
 1300 0030 1142     		tst	r1, r2
 1301 0032 03D1     		bne	.L78
 582:Drivers/STM32L4xx_HAL_Driver/Src/stm32l4xx_hal_tim_ex.c **** 
 1302              		.loc 1 582 3 discriminator 3 view .LVU403
 1303 0034 1A68     		ldr	r2, [r3]
 1304 0036 22F00102 		bic	r2, r2, #1
 1305 003a 1A60     		str	r2, [r3]
 1306              	.L78:
 582:Drivers/STM32L4xx_HAL_Driver/Src/stm32l4xx_hal_tim_ex.c **** 
 1307              		.loc 1 582 3 discriminator 5 view .LVU404
 585:Drivers/STM32L4xx_HAL_Driver/Src/stm32l4xx_hal_tim_ex.c ****   TIM_CHANNEL_N_STATE_SET(htim, TIM_CHANNEL_1, HAL_TIM_CHANNEL_STATE_READY);
 1308              		.loc 1 585 3 discriminator 5 view .LVU405
 1309 003c 0123     		movs	r3, #1
 1310 003e 84F83E30 		strb	r3, [r4, #62]
 586:Drivers/STM32L4xx_HAL_Driver/Src/stm32l4xx_hal_tim_ex.c **** 
 1311              		.loc 1 586 3 discriminator 5 view .LVU406
 1312 0042 84F84430 		strb	r3, [r4, #68]
 589:Drivers/STM32L4xx_HAL_Driver/Src/stm32l4xx_hal_tim_ex.c **** }
 1313              		.loc 1 589 3 discriminator 5 view .LVU407
 590:Drivers/STM32L4xx_HAL_Driver/Src/stm32l4xx_hal_tim_ex.c **** 
 1314              		.loc 1 590 1 is_stmt 0 discriminator 5 view .LVU408
 1315 0046 0020     		movs	r0, #0
 1316 0048 10BD     		pop	{r4, pc}
 590:Drivers/STM32L4xx_HAL_Driver/Src/stm32l4xx_hal_tim_ex.c **** 
 1317              		.loc 1 590 1 discriminator 5 view .LVU409
 1318              		.cfi_endproc
 1319              	.LFE141:
 1321              		.section	.text.HAL_TIMEx_OCN_Start,"ax",%progbits
 1322              		.align	1
 1323              		.global	HAL_TIMEx_OCN_Start
ARM GAS  /tmp/ccRvkrha.s 			page 80


 1324              		.syntax unified
 1325              		.thumb
 1326              		.thumb_func
 1328              	HAL_TIMEx_OCN_Start:
 1329              	.LVL95:
 1330              	.LFB142:
 628:Drivers/STM32L4xx_HAL_Driver/Src/stm32l4xx_hal_tim_ex.c ****   uint32_t tmpsmcr;
 1331              		.loc 1 628 1 is_stmt 1 view -0
 1332              		.cfi_startproc
 1333              		@ args = 0, pretend = 0, frame = 0
 1334              		@ frame_needed = 0, uses_anonymous_args = 0
 628:Drivers/STM32L4xx_HAL_Driver/Src/stm32l4xx_hal_tim_ex.c ****   uint32_t tmpsmcr;
 1335              		.loc 1 628 1 is_stmt 0 view .LVU411
 1336 0000 10B5     		push	{r4, lr}
 1337              	.LCFI14:
 1338              		.cfi_def_cfa_offset 8
 1339              		.cfi_offset 4, -8
 1340              		.cfi_offset 14, -4
 1341 0002 0446     		mov	r4, r0
 629:Drivers/STM32L4xx_HAL_Driver/Src/stm32l4xx_hal_tim_ex.c **** 
 1342              		.loc 1 629 3 is_stmt 1 view .LVU412
 632:Drivers/STM32L4xx_HAL_Driver/Src/stm32l4xx_hal_tim_ex.c **** 
 1343              		.loc 1 632 3 view .LVU413
 635:Drivers/STM32L4xx_HAL_Driver/Src/stm32l4xx_hal_tim_ex.c ****   {
 1344              		.loc 1 635 3 view .LVU414
 635:Drivers/STM32L4xx_HAL_Driver/Src/stm32l4xx_hal_tim_ex.c ****   {
 1345              		.loc 1 635 46 is_stmt 0 view .LVU415
 1346 0004 0846     		mov	r0, r1
 1347              	.LVL96:
 635:Drivers/STM32L4xx_HAL_Driver/Src/stm32l4xx_hal_tim_ex.c ****   {
 1348              		.loc 1 635 46 view .LVU416
 1349 0006 39BB     		cbnz	r1, .L81
 635:Drivers/STM32L4xx_HAL_Driver/Src/stm32l4xx_hal_tim_ex.c ****   {
 1350              		.loc 1 635 7 discriminator 1 view .LVU417
 1351 0008 94F84430 		ldrb	r3, [r4, #68]	@ zero_extendqisi2
 1352 000c DBB2     		uxtb	r3, r3
 635:Drivers/STM32L4xx_HAL_Driver/Src/stm32l4xx_hal_tim_ex.c ****   {
 1353              		.loc 1 635 46 discriminator 1 view .LVU418
 1354 000e 013B     		subs	r3, r3, #1
 1355 0010 18BF     		it	ne
 1356 0012 0123     		movne	r3, #1
 1357              	.L82:
 635:Drivers/STM32L4xx_HAL_Driver/Src/stm32l4xx_hal_tim_ex.c ****   {
 1358              		.loc 1 635 6 discriminator 12 view .LVU419
 1359 0014 002B     		cmp	r3, #0
 1360 0016 56D1     		bne	.L92
 641:Drivers/STM32L4xx_HAL_Driver/Src/stm32l4xx_hal_tim_ex.c **** 
 1361              		.loc 1 641 3 is_stmt 1 view .LVU420
 1362 0018 0028     		cmp	r0, #0
 1363 001a 36D1     		bne	.L86
 641:Drivers/STM32L4xx_HAL_Driver/Src/stm32l4xx_hal_tim_ex.c **** 
 1364              		.loc 1 641 3 is_stmt 0 discriminator 1 view .LVU421
 1365 001c 0223     		movs	r3, #2
 1366 001e 84F84430 		strb	r3, [r4, #68]
 1367              	.L87:
 644:Drivers/STM32L4xx_HAL_Driver/Src/stm32l4xx_hal_tim_ex.c **** 
 1368              		.loc 1 644 3 is_stmt 1 view .LVU422
ARM GAS  /tmp/ccRvkrha.s 			page 81


 1369 0022 0422     		movs	r2, #4
 1370 0024 0146     		mov	r1, r0
 1371              	.LVL97:
 644:Drivers/STM32L4xx_HAL_Driver/Src/stm32l4xx_hal_tim_ex.c **** 
 1372              		.loc 1 644 3 is_stmt 0 view .LVU423
 1373 0026 2068     		ldr	r0, [r4]
 1374              	.LVL98:
 644:Drivers/STM32L4xx_HAL_Driver/Src/stm32l4xx_hal_tim_ex.c **** 
 1375              		.loc 1 644 3 view .LVU424
 1376 0028 FFF7FEFF 		bl	TIM_CCxNChannelCmd
 1377              	.LVL99:
 647:Drivers/STM32L4xx_HAL_Driver/Src/stm32l4xx_hal_tim_ex.c **** 
 1378              		.loc 1 647 3 is_stmt 1 view .LVU425
 1379 002c 2268     		ldr	r2, [r4]
 1380 002e 536C     		ldr	r3, [r2, #68]
 1381 0030 43F40043 		orr	r3, r3, #32768
 1382 0034 5364     		str	r3, [r2, #68]
 650:Drivers/STM32L4xx_HAL_Driver/Src/stm32l4xx_hal_tim_ex.c ****   {
 1383              		.loc 1 650 3 view .LVU426
 650:Drivers/STM32L4xx_HAL_Driver/Src/stm32l4xx_hal_tim_ex.c ****   {
 1384              		.loc 1 650 7 is_stmt 0 view .LVU427
 1385 0036 2368     		ldr	r3, [r4]
 650:Drivers/STM32L4xx_HAL_Driver/Src/stm32l4xx_hal_tim_ex.c ****   {
 1386              		.loc 1 650 6 view .LVU428
 1387 0038 264A     		ldr	r2, .L100
 1388 003a 9342     		cmp	r3, r2
 1389 003c 35D0     		beq	.L90
 650:Drivers/STM32L4xx_HAL_Driver/Src/stm32l4xx_hal_tim_ex.c ****   {
 1390              		.loc 1 650 7 discriminator 1 view .LVU429
 1391 003e B3F1804F 		cmp	r3, #1073741824
 1392 0042 32D0     		beq	.L90
 650:Drivers/STM32L4xx_HAL_Driver/Src/stm32l4xx_hal_tim_ex.c ****   {
 1393              		.loc 1 650 7 discriminator 2 view .LVU430
 1394 0044 02F5A052 		add	r2, r2, #5120
 1395 0048 9342     		cmp	r3, r2
 1396 004a 2ED0     		beq	.L90
 660:Drivers/STM32L4xx_HAL_Driver/Src/stm32l4xx_hal_tim_ex.c ****   }
 1397              		.loc 1 660 5 is_stmt 1 view .LVU431
 1398 004c 1A68     		ldr	r2, [r3]
 1399 004e 42F00102 		orr	r2, r2, #1
 1400 0052 1A60     		str	r2, [r3]
 664:Drivers/STM32L4xx_HAL_Driver/Src/stm32l4xx_hal_tim_ex.c **** }
 1401              		.loc 1 664 10 is_stmt 0 view .LVU432
 1402 0054 0020     		movs	r0, #0
 1403 0056 37E0     		b	.L85
 1404              	.LVL100:
 1405              	.L81:
 635:Drivers/STM32L4xx_HAL_Driver/Src/stm32l4xx_hal_tim_ex.c ****   {
 1406              		.loc 1 635 46 discriminator 2 view .LVU433
 1407 0058 0429     		cmp	r1, #4
 1408 005a 08D0     		beq	.L96
 635:Drivers/STM32L4xx_HAL_Driver/Src/stm32l4xx_hal_tim_ex.c ****   {
 1409              		.loc 1 635 46 discriminator 5 view .LVU434
 1410 005c 0829     		cmp	r1, #8
 1411 005e 0DD0     		beq	.L97
 635:Drivers/STM32L4xx_HAL_Driver/Src/stm32l4xx_hal_tim_ex.c ****   {
 1412              		.loc 1 635 7 discriminator 8 view .LVU435
ARM GAS  /tmp/ccRvkrha.s 			page 82


 1413 0060 94F84730 		ldrb	r3, [r4, #71]	@ zero_extendqisi2
 1414 0064 DBB2     		uxtb	r3, r3
 635:Drivers/STM32L4xx_HAL_Driver/Src/stm32l4xx_hal_tim_ex.c ****   {
 1415              		.loc 1 635 46 discriminator 8 view .LVU436
 1416 0066 013B     		subs	r3, r3, #1
 1417 0068 18BF     		it	ne
 1418 006a 0123     		movne	r3, #1
 1419 006c D2E7     		b	.L82
 1420              	.L96:
 635:Drivers/STM32L4xx_HAL_Driver/Src/stm32l4xx_hal_tim_ex.c ****   {
 1421              		.loc 1 635 7 discriminator 4 view .LVU437
 1422 006e 94F84530 		ldrb	r3, [r4, #69]	@ zero_extendqisi2
 1423 0072 DBB2     		uxtb	r3, r3
 635:Drivers/STM32L4xx_HAL_Driver/Src/stm32l4xx_hal_tim_ex.c ****   {
 1424              		.loc 1 635 46 discriminator 4 view .LVU438
 1425 0074 013B     		subs	r3, r3, #1
 1426 0076 18BF     		it	ne
 1427 0078 0123     		movne	r3, #1
 1428 007a CBE7     		b	.L82
 1429              	.L97:
 635:Drivers/STM32L4xx_HAL_Driver/Src/stm32l4xx_hal_tim_ex.c ****   {
 1430              		.loc 1 635 7 discriminator 7 view .LVU439
 1431 007c 94F84630 		ldrb	r3, [r4, #70]	@ zero_extendqisi2
 1432 0080 DBB2     		uxtb	r3, r3
 635:Drivers/STM32L4xx_HAL_Driver/Src/stm32l4xx_hal_tim_ex.c ****   {
 1433              		.loc 1 635 46 discriminator 7 view .LVU440
 1434 0082 013B     		subs	r3, r3, #1
 1435 0084 18BF     		it	ne
 1436 0086 0123     		movne	r3, #1
 1437 0088 C4E7     		b	.L82
 1438              	.L86:
 641:Drivers/STM32L4xx_HAL_Driver/Src/stm32l4xx_hal_tim_ex.c **** 
 1439              		.loc 1 641 3 discriminator 2 view .LVU441
 1440 008a 0428     		cmp	r0, #4
 1441 008c 05D0     		beq	.L98
 641:Drivers/STM32L4xx_HAL_Driver/Src/stm32l4xx_hal_tim_ex.c **** 
 1442              		.loc 1 641 3 discriminator 4 view .LVU442
 1443 008e 0828     		cmp	r0, #8
 1444 0090 07D0     		beq	.L99
 641:Drivers/STM32L4xx_HAL_Driver/Src/stm32l4xx_hal_tim_ex.c **** 
 1445              		.loc 1 641 3 discriminator 7 view .LVU443
 1446 0092 0223     		movs	r3, #2
 1447 0094 84F84730 		strb	r3, [r4, #71]
 1448 0098 C3E7     		b	.L87
 1449              	.L98:
 641:Drivers/STM32L4xx_HAL_Driver/Src/stm32l4xx_hal_tim_ex.c **** 
 1450              		.loc 1 641 3 discriminator 3 view .LVU444
 1451 009a 0223     		movs	r3, #2
 1452 009c 84F84530 		strb	r3, [r4, #69]
 1453 00a0 BFE7     		b	.L87
 1454              	.L99:
 641:Drivers/STM32L4xx_HAL_Driver/Src/stm32l4xx_hal_tim_ex.c **** 
 1455              		.loc 1 641 3 discriminator 6 view .LVU445
 1456 00a2 0223     		movs	r3, #2
 1457 00a4 84F84630 		strb	r3, [r4, #70]
 1458 00a8 BBE7     		b	.L87
 1459              	.LVL101:
ARM GAS  /tmp/ccRvkrha.s 			page 83


 1460              	.L90:
 652:Drivers/STM32L4xx_HAL_Driver/Src/stm32l4xx_hal_tim_ex.c ****     if (!IS_TIM_SLAVEMODE_TRIGGER_ENABLED(tmpsmcr))
 1461              		.loc 1 652 5 is_stmt 1 view .LVU446
 652:Drivers/STM32L4xx_HAL_Driver/Src/stm32l4xx_hal_tim_ex.c ****     if (!IS_TIM_SLAVEMODE_TRIGGER_ENABLED(tmpsmcr))
 1462              		.loc 1 652 29 is_stmt 0 view .LVU447
 1463 00aa 9968     		ldr	r1, [r3, #8]
 652:Drivers/STM32L4xx_HAL_Driver/Src/stm32l4xx_hal_tim_ex.c ****     if (!IS_TIM_SLAVEMODE_TRIGGER_ENABLED(tmpsmcr))
 1464              		.loc 1 652 13 view .LVU448
 1465 00ac 0A4A     		ldr	r2, .L100+4
 1466 00ae 0A40     		ands	r2, r2, r1
 1467              	.LVL102:
 653:Drivers/STM32L4xx_HAL_Driver/Src/stm32l4xx_hal_tim_ex.c ****     {
 1468              		.loc 1 653 5 is_stmt 1 view .LVU449
 653:Drivers/STM32L4xx_HAL_Driver/Src/stm32l4xx_hal_tim_ex.c ****     {
 1469              		.loc 1 653 8 is_stmt 0 view .LVU450
 1470 00b0 062A     		cmp	r2, #6
 1471 00b2 0AD0     		beq	.L93
 653:Drivers/STM32L4xx_HAL_Driver/Src/stm32l4xx_hal_tim_ex.c ****     {
 1472              		.loc 1 653 9 discriminator 1 view .LVU451
 1473 00b4 B2F5803F 		cmp	r2, #65536
 1474 00b8 09D0     		beq	.L94
 655:Drivers/STM32L4xx_HAL_Driver/Src/stm32l4xx_hal_tim_ex.c ****     }
 1475              		.loc 1 655 7 is_stmt 1 view .LVU452
 1476 00ba 1A68     		ldr	r2, [r3]
 1477              	.LVL103:
 655:Drivers/STM32L4xx_HAL_Driver/Src/stm32l4xx_hal_tim_ex.c ****     }
 1478              		.loc 1 655 7 is_stmt 0 view .LVU453
 1479 00bc 42F00102 		orr	r2, r2, #1
 1480 00c0 1A60     		str	r2, [r3]
 664:Drivers/STM32L4xx_HAL_Driver/Src/stm32l4xx_hal_tim_ex.c **** }
 1481              		.loc 1 664 10 view .LVU454
 1482 00c2 0020     		movs	r0, #0
 1483 00c4 00E0     		b	.L85
 1484              	.LVL104:
 1485              	.L92:
 637:Drivers/STM32L4xx_HAL_Driver/Src/stm32l4xx_hal_tim_ex.c ****   }
 1486              		.loc 1 637 12 view .LVU455
 1487 00c6 0120     		movs	r0, #1
 1488              	.LVL105:
 1489              	.L85:
 665:Drivers/STM32L4xx_HAL_Driver/Src/stm32l4xx_hal_tim_ex.c **** 
 1490              		.loc 1 665 1 view .LVU456
 1491 00c8 10BD     		pop	{r4, pc}
 1492              	.LVL106:
 1493              	.L93:
 664:Drivers/STM32L4xx_HAL_Driver/Src/stm32l4xx_hal_tim_ex.c **** }
 1494              		.loc 1 664 10 view .LVU457
 1495 00ca 0020     		movs	r0, #0
 1496 00cc FCE7     		b	.L85
 1497              	.L94:
 1498 00ce 0020     		movs	r0, #0
 1499 00d0 FAE7     		b	.L85
 1500              	.L101:
 1501 00d2 00BF     		.align	2
 1502              	.L100:
 1503 00d4 002C0140 		.word	1073818624
 1504 00d8 07000100 		.word	65543
ARM GAS  /tmp/ccRvkrha.s 			page 84


 1505              		.cfi_endproc
 1506              	.LFE142:
 1508              		.section	.text.HAL_TIMEx_OCN_Stop,"ax",%progbits
 1509              		.align	1
 1510              		.global	HAL_TIMEx_OCN_Stop
 1511              		.syntax unified
 1512              		.thumb
 1513              		.thumb_func
 1515              	HAL_TIMEx_OCN_Stop:
 1516              	.LVL107:
 1517              	.LFB143:
 679:Drivers/STM32L4xx_HAL_Driver/Src/stm32l4xx_hal_tim_ex.c ****   /* Check the parameters */
 1518              		.loc 1 679 1 is_stmt 1 view -0
 1519              		.cfi_startproc
 1520              		@ args = 0, pretend = 0, frame = 0
 1521              		@ frame_needed = 0, uses_anonymous_args = 0
 679:Drivers/STM32L4xx_HAL_Driver/Src/stm32l4xx_hal_tim_ex.c ****   /* Check the parameters */
 1522              		.loc 1 679 1 is_stmt 0 view .LVU459
 1523 0000 38B5     		push	{r3, r4, r5, lr}
 1524              	.LCFI15:
 1525              		.cfi_def_cfa_offset 16
 1526              		.cfi_offset 3, -16
 1527              		.cfi_offset 4, -12
 1528              		.cfi_offset 5, -8
 1529              		.cfi_offset 14, -4
 1530 0002 0446     		mov	r4, r0
 1531 0004 0D46     		mov	r5, r1
 681:Drivers/STM32L4xx_HAL_Driver/Src/stm32l4xx_hal_tim_ex.c **** 
 1532              		.loc 1 681 3 is_stmt 1 view .LVU460
 684:Drivers/STM32L4xx_HAL_Driver/Src/stm32l4xx_hal_tim_ex.c **** 
 1533              		.loc 1 684 3 view .LVU461
 1534 0006 0022     		movs	r2, #0
 1535 0008 0068     		ldr	r0, [r0]
 1536              	.LVL108:
 684:Drivers/STM32L4xx_HAL_Driver/Src/stm32l4xx_hal_tim_ex.c **** 
 1537              		.loc 1 684 3 is_stmt 0 view .LVU462
 1538 000a FFF7FEFF 		bl	TIM_CCxNChannelCmd
 1539              	.LVL109:
 687:Drivers/STM32L4xx_HAL_Driver/Src/stm32l4xx_hal_tim_ex.c **** 
 1540              		.loc 1 687 3 is_stmt 1 view .LVU463
 687:Drivers/STM32L4xx_HAL_Driver/Src/stm32l4xx_hal_tim_ex.c **** 
 1541              		.loc 1 687 3 view .LVU464
 1542 000e 2368     		ldr	r3, [r4]
 1543 0010 196A     		ldr	r1, [r3, #32]
 1544 0012 41F21112 		movw	r2, #4369
 1545 0016 1142     		tst	r1, r2
 1546 0018 08D1     		bne	.L103
 687:Drivers/STM32L4xx_HAL_Driver/Src/stm32l4xx_hal_tim_ex.c **** 
 1547              		.loc 1 687 3 discriminator 1 view .LVU465
 1548 001a 196A     		ldr	r1, [r3, #32]
 1549 001c 40F24442 		movw	r2, #1092
 1550 0020 1142     		tst	r1, r2
 1551 0022 03D1     		bne	.L103
 687:Drivers/STM32L4xx_HAL_Driver/Src/stm32l4xx_hal_tim_ex.c **** 
 1552              		.loc 1 687 3 discriminator 3 view .LVU466
 1553 0024 5A6C     		ldr	r2, [r3, #68]
 1554 0026 22F40042 		bic	r2, r2, #32768
ARM GAS  /tmp/ccRvkrha.s 			page 85


 1555 002a 5A64     		str	r2, [r3, #68]
 1556              	.L103:
 687:Drivers/STM32L4xx_HAL_Driver/Src/stm32l4xx_hal_tim_ex.c **** 
 1557              		.loc 1 687 3 discriminator 5 view .LVU467
 690:Drivers/STM32L4xx_HAL_Driver/Src/stm32l4xx_hal_tim_ex.c **** 
 1558              		.loc 1 690 3 discriminator 5 view .LVU468
 690:Drivers/STM32L4xx_HAL_Driver/Src/stm32l4xx_hal_tim_ex.c **** 
 1559              		.loc 1 690 3 discriminator 5 view .LVU469
 1560 002c 2368     		ldr	r3, [r4]
 1561 002e 196A     		ldr	r1, [r3, #32]
 1562 0030 41F21112 		movw	r2, #4369
 1563 0034 1142     		tst	r1, r2
 1564 0036 08D1     		bne	.L104
 690:Drivers/STM32L4xx_HAL_Driver/Src/stm32l4xx_hal_tim_ex.c **** 
 1565              		.loc 1 690 3 discriminator 1 view .LVU470
 1566 0038 196A     		ldr	r1, [r3, #32]
 1567 003a 40F24442 		movw	r2, #1092
 1568 003e 1142     		tst	r1, r2
 1569 0040 03D1     		bne	.L104
 690:Drivers/STM32L4xx_HAL_Driver/Src/stm32l4xx_hal_tim_ex.c **** 
 1570              		.loc 1 690 3 discriminator 3 view .LVU471
 1571 0042 1A68     		ldr	r2, [r3]
 1572 0044 22F00102 		bic	r2, r2, #1
 1573 0048 1A60     		str	r2, [r3]
 1574              	.L104:
 690:Drivers/STM32L4xx_HAL_Driver/Src/stm32l4xx_hal_tim_ex.c **** 
 1575              		.loc 1 690 3 discriminator 5 view .LVU472
 693:Drivers/STM32L4xx_HAL_Driver/Src/stm32l4xx_hal_tim_ex.c **** 
 1576              		.loc 1 693 3 discriminator 5 view .LVU473
 1577 004a 25B9     		cbnz	r5, .L105
 693:Drivers/STM32L4xx_HAL_Driver/Src/stm32l4xx_hal_tim_ex.c **** 
 1578              		.loc 1 693 3 is_stmt 0 discriminator 1 view .LVU474
 1579 004c 0123     		movs	r3, #1
 1580 004e 84F84430 		strb	r3, [r4, #68]
 1581              	.L106:
 696:Drivers/STM32L4xx_HAL_Driver/Src/stm32l4xx_hal_tim_ex.c **** }
 1582              		.loc 1 696 3 is_stmt 1 view .LVU475
 697:Drivers/STM32L4xx_HAL_Driver/Src/stm32l4xx_hal_tim_ex.c **** 
 1583              		.loc 1 697 1 is_stmt 0 view .LVU476
 1584 0052 0020     		movs	r0, #0
 1585 0054 38BD     		pop	{r3, r4, r5, pc}
 1586              	.LVL110:
 1587              	.L105:
 693:Drivers/STM32L4xx_HAL_Driver/Src/stm32l4xx_hal_tim_ex.c **** 
 1588              		.loc 1 693 3 discriminator 2 view .LVU477
 1589 0056 042D     		cmp	r5, #4
 1590 0058 05D0     		beq	.L110
 693:Drivers/STM32L4xx_HAL_Driver/Src/stm32l4xx_hal_tim_ex.c **** 
 1591              		.loc 1 693 3 discriminator 4 view .LVU478
 1592 005a 082D     		cmp	r5, #8
 1593 005c 07D0     		beq	.L111
 693:Drivers/STM32L4xx_HAL_Driver/Src/stm32l4xx_hal_tim_ex.c **** 
 1594              		.loc 1 693 3 discriminator 7 view .LVU479
 1595 005e 0123     		movs	r3, #1
 1596 0060 84F84730 		strb	r3, [r4, #71]
 1597 0064 F5E7     		b	.L106
 1598              	.L110:
ARM GAS  /tmp/ccRvkrha.s 			page 86


 693:Drivers/STM32L4xx_HAL_Driver/Src/stm32l4xx_hal_tim_ex.c **** 
 1599              		.loc 1 693 3 discriminator 3 view .LVU480
 1600 0066 0123     		movs	r3, #1
 1601 0068 84F84530 		strb	r3, [r4, #69]
 1602 006c F1E7     		b	.L106
 1603              	.L111:
 693:Drivers/STM32L4xx_HAL_Driver/Src/stm32l4xx_hal_tim_ex.c **** 
 1604              		.loc 1 693 3 discriminator 6 view .LVU481
 1605 006e 0123     		movs	r3, #1
 1606 0070 84F84630 		strb	r3, [r4, #70]
 1607 0074 EDE7     		b	.L106
 1608              		.cfi_endproc
 1609              	.LFE143:
 1611              		.section	.text.HAL_TIMEx_OCN_Start_IT,"ax",%progbits
 1612              		.align	1
 1613              		.global	HAL_TIMEx_OCN_Start_IT
 1614              		.syntax unified
 1615              		.thumb
 1616              		.thumb_func
 1618              	HAL_TIMEx_OCN_Start_IT:
 1619              	.LVL111:
 1620              	.LFB144:
 711:Drivers/STM32L4xx_HAL_Driver/Src/stm32l4xx_hal_tim_ex.c ****   HAL_StatusTypeDef status = HAL_OK;
 1621              		.loc 1 711 1 is_stmt 1 view -0
 1622              		.cfi_startproc
 1623              		@ args = 0, pretend = 0, frame = 0
 1624              		@ frame_needed = 0, uses_anonymous_args = 0
 711:Drivers/STM32L4xx_HAL_Driver/Src/stm32l4xx_hal_tim_ex.c ****   HAL_StatusTypeDef status = HAL_OK;
 1625              		.loc 1 711 1 is_stmt 0 view .LVU483
 1626 0000 10B5     		push	{r4, lr}
 1627              	.LCFI16:
 1628              		.cfi_def_cfa_offset 8
 1629              		.cfi_offset 4, -8
 1630              		.cfi_offset 14, -4
 1631 0002 0446     		mov	r4, r0
 712:Drivers/STM32L4xx_HAL_Driver/Src/stm32l4xx_hal_tim_ex.c ****   uint32_t tmpsmcr;
 1632              		.loc 1 712 3 is_stmt 1 view .LVU484
 1633              	.LVL112:
 713:Drivers/STM32L4xx_HAL_Driver/Src/stm32l4xx_hal_tim_ex.c **** 
 1634              		.loc 1 713 3 view .LVU485
 716:Drivers/STM32L4xx_HAL_Driver/Src/stm32l4xx_hal_tim_ex.c **** 
 1635              		.loc 1 716 3 view .LVU486
 719:Drivers/STM32L4xx_HAL_Driver/Src/stm32l4xx_hal_tim_ex.c ****   {
 1636              		.loc 1 719 3 view .LVU487
 719:Drivers/STM32L4xx_HAL_Driver/Src/stm32l4xx_hal_tim_ex.c ****   {
 1637              		.loc 1 719 46 is_stmt 0 view .LVU488
 1638 0004 0846     		mov	r0, r1
 1639              	.LVL113:
 719:Drivers/STM32L4xx_HAL_Driver/Src/stm32l4xx_hal_tim_ex.c ****   {
 1640              		.loc 1 719 46 view .LVU489
 1641 0006 91B9     		cbnz	r1, .L113
 719:Drivers/STM32L4xx_HAL_Driver/Src/stm32l4xx_hal_tim_ex.c ****   {
 1642              		.loc 1 719 7 discriminator 1 view .LVU490
 1643 0008 94F84430 		ldrb	r3, [r4, #68]	@ zero_extendqisi2
 1644 000c DBB2     		uxtb	r3, r3
 719:Drivers/STM32L4xx_HAL_Driver/Src/stm32l4xx_hal_tim_ex.c ****   {
 1645              		.loc 1 719 46 discriminator 1 view .LVU491
ARM GAS  /tmp/ccRvkrha.s 			page 87


 1646 000e 013B     		subs	r3, r3, #1
 1647 0010 18BF     		it	ne
 1648 0012 0123     		movne	r3, #1
 1649              	.L114:
 719:Drivers/STM32L4xx_HAL_Driver/Src/stm32l4xx_hal_tim_ex.c ****   {
 1650              		.loc 1 719 6 discriminator 12 view .LVU492
 1651 0014 002B     		cmp	r3, #0
 1652 0016 72D1     		bne	.L127
 725:Drivers/STM32L4xx_HAL_Driver/Src/stm32l4xx_hal_tim_ex.c **** 
 1653              		.loc 1 725 3 is_stmt 1 view .LVU493
 1654 0018 10BB     		cbnz	r0, .L118
 725:Drivers/STM32L4xx_HAL_Driver/Src/stm32l4xx_hal_tim_ex.c **** 
 1655              		.loc 1 725 3 is_stmt 0 discriminator 1 view .LVU494
 1656 001a 0223     		movs	r3, #2
 1657 001c 84F84430 		strb	r3, [r4, #68]
 1658              	.L119:
 727:Drivers/STM32L4xx_HAL_Driver/Src/stm32l4xx_hal_tim_ex.c ****   {
 1659              		.loc 1 727 3 is_stmt 1 view .LVU495
 1660 0020 0428     		cmp	r0, #4
 1661 0022 52D0     		beq	.L122
 1662 0024 0828     		cmp	r0, #8
 1663 0026 56D0     		beq	.L123
 1664 0028 50B3     		cbz	r0, .L132
 1665 002a 0120     		movs	r0, #1
 1666              	.LVL114:
 1667              	.L117:
 784:Drivers/STM32L4xx_HAL_Driver/Src/stm32l4xx_hal_tim_ex.c **** 
 1668              		.loc 1 784 1 is_stmt 0 view .LVU496
 1669 002c 10BD     		pop	{r4, pc}
 1670              	.LVL115:
 1671              	.L113:
 719:Drivers/STM32L4xx_HAL_Driver/Src/stm32l4xx_hal_tim_ex.c ****   {
 1672              		.loc 1 719 46 discriminator 2 view .LVU497
 1673 002e 0429     		cmp	r1, #4
 1674 0030 08D0     		beq	.L133
 719:Drivers/STM32L4xx_HAL_Driver/Src/stm32l4xx_hal_tim_ex.c ****   {
 1675              		.loc 1 719 46 discriminator 5 view .LVU498
 1676 0032 0829     		cmp	r1, #8
 1677 0034 0DD0     		beq	.L134
 719:Drivers/STM32L4xx_HAL_Driver/Src/stm32l4xx_hal_tim_ex.c ****   {
 1678              		.loc 1 719 7 discriminator 8 view .LVU499
 1679 0036 94F84730 		ldrb	r3, [r4, #71]	@ zero_extendqisi2
 1680 003a DBB2     		uxtb	r3, r3
 719:Drivers/STM32L4xx_HAL_Driver/Src/stm32l4xx_hal_tim_ex.c ****   {
 1681              		.loc 1 719 46 discriminator 8 view .LVU500
 1682 003c 013B     		subs	r3, r3, #1
 1683 003e 18BF     		it	ne
 1684 0040 0123     		movne	r3, #1
 1685 0042 E7E7     		b	.L114
 1686              	.L133:
 719:Drivers/STM32L4xx_HAL_Driver/Src/stm32l4xx_hal_tim_ex.c ****   {
 1687              		.loc 1 719 7 discriminator 4 view .LVU501
 1688 0044 94F84530 		ldrb	r3, [r4, #69]	@ zero_extendqisi2
 1689 0048 DBB2     		uxtb	r3, r3
 719:Drivers/STM32L4xx_HAL_Driver/Src/stm32l4xx_hal_tim_ex.c ****   {
 1690              		.loc 1 719 46 discriminator 4 view .LVU502
 1691 004a 013B     		subs	r3, r3, #1
ARM GAS  /tmp/ccRvkrha.s 			page 88


 1692 004c 18BF     		it	ne
 1693 004e 0123     		movne	r3, #1
 1694 0050 E0E7     		b	.L114
 1695              	.L134:
 719:Drivers/STM32L4xx_HAL_Driver/Src/stm32l4xx_hal_tim_ex.c ****   {
 1696              		.loc 1 719 7 discriminator 7 view .LVU503
 1697 0052 94F84630 		ldrb	r3, [r4, #70]	@ zero_extendqisi2
 1698 0056 DBB2     		uxtb	r3, r3
 719:Drivers/STM32L4xx_HAL_Driver/Src/stm32l4xx_hal_tim_ex.c ****   {
 1699              		.loc 1 719 46 discriminator 7 view .LVU504
 1700 0058 013B     		subs	r3, r3, #1
 1701 005a 18BF     		it	ne
 1702 005c 0123     		movne	r3, #1
 1703 005e D9E7     		b	.L114
 1704              	.L118:
 725:Drivers/STM32L4xx_HAL_Driver/Src/stm32l4xx_hal_tim_ex.c **** 
 1705              		.loc 1 725 3 discriminator 2 view .LVU505
 1706 0060 0428     		cmp	r0, #4
 1707 0062 05D0     		beq	.L135
 725:Drivers/STM32L4xx_HAL_Driver/Src/stm32l4xx_hal_tim_ex.c **** 
 1708              		.loc 1 725 3 discriminator 4 view .LVU506
 1709 0064 0828     		cmp	r0, #8
 1710 0066 07D0     		beq	.L136
 725:Drivers/STM32L4xx_HAL_Driver/Src/stm32l4xx_hal_tim_ex.c **** 
 1711              		.loc 1 725 3 discriminator 7 view .LVU507
 1712 0068 0223     		movs	r3, #2
 1713 006a 84F84730 		strb	r3, [r4, #71]
 1714 006e D7E7     		b	.L119
 1715              	.L135:
 725:Drivers/STM32L4xx_HAL_Driver/Src/stm32l4xx_hal_tim_ex.c **** 
 1716              		.loc 1 725 3 discriminator 3 view .LVU508
 1717 0070 0223     		movs	r3, #2
 1718 0072 84F84530 		strb	r3, [r4, #69]
 1719 0076 D3E7     		b	.L119
 1720              	.L136:
 725:Drivers/STM32L4xx_HAL_Driver/Src/stm32l4xx_hal_tim_ex.c **** 
 1721              		.loc 1 725 3 discriminator 6 view .LVU509
 1722 0078 0223     		movs	r3, #2
 1723 007a 84F84630 		strb	r3, [r4, #70]
 1724 007e CFE7     		b	.L119
 1725              	.L132:
 732:Drivers/STM32L4xx_HAL_Driver/Src/stm32l4xx_hal_tim_ex.c ****       break;
 1726              		.loc 1 732 7 is_stmt 1 view .LVU510
 1727 0080 2268     		ldr	r2, [r4]
 1728 0082 D368     		ldr	r3, [r2, #12]
 1729 0084 43F00203 		orr	r3, r3, #2
 1730 0088 D360     		str	r3, [r2, #12]
 733:Drivers/STM32L4xx_HAL_Driver/Src/stm32l4xx_hal_tim_ex.c ****     }
 1731              		.loc 1 733 7 view .LVU511
 756:Drivers/STM32L4xx_HAL_Driver/Src/stm32l4xx_hal_tim_ex.c ****   {
 1732              		.loc 1 756 3 view .LVU512
 1733              	.L124:
 759:Drivers/STM32L4xx_HAL_Driver/Src/stm32l4xx_hal_tim_ex.c **** 
 1734              		.loc 1 759 5 view .LVU513
 1735 008a 2268     		ldr	r2, [r4]
 1736 008c D368     		ldr	r3, [r2, #12]
 1737 008e 43F08003 		orr	r3, r3, #128
ARM GAS  /tmp/ccRvkrha.s 			page 89


 1738 0092 D360     		str	r3, [r2, #12]
 762:Drivers/STM32L4xx_HAL_Driver/Src/stm32l4xx_hal_tim_ex.c **** 
 1739              		.loc 1 762 5 view .LVU514
 1740 0094 0422     		movs	r2, #4
 1741 0096 0146     		mov	r1, r0
 1742 0098 2068     		ldr	r0, [r4]
 1743              	.LVL116:
 762:Drivers/STM32L4xx_HAL_Driver/Src/stm32l4xx_hal_tim_ex.c **** 
 1744              		.loc 1 762 5 is_stmt 0 view .LVU515
 1745 009a FFF7FEFF 		bl	TIM_CCxNChannelCmd
 1746              	.LVL117:
 765:Drivers/STM32L4xx_HAL_Driver/Src/stm32l4xx_hal_tim_ex.c **** 
 1747              		.loc 1 765 5 is_stmt 1 view .LVU516
 1748 009e 2268     		ldr	r2, [r4]
 1749 00a0 536C     		ldr	r3, [r2, #68]
 1750 00a2 43F40043 		orr	r3, r3, #32768
 1751 00a6 5364     		str	r3, [r2, #68]
 768:Drivers/STM32L4xx_HAL_Driver/Src/stm32l4xx_hal_tim_ex.c ****     {
 1752              		.loc 1 768 5 view .LVU517
 768:Drivers/STM32L4xx_HAL_Driver/Src/stm32l4xx_hal_tim_ex.c ****     {
 1753              		.loc 1 768 9 is_stmt 0 view .LVU518
 1754 00a8 2368     		ldr	r3, [r4]
 768:Drivers/STM32L4xx_HAL_Driver/Src/stm32l4xx_hal_tim_ex.c ****     {
 1755              		.loc 1 768 8 view .LVU519
 1756 00aa 184A     		ldr	r2, .L137
 1757 00ac 9342     		cmp	r3, r2
 1758 00ae 18D0     		beq	.L125
 768:Drivers/STM32L4xx_HAL_Driver/Src/stm32l4xx_hal_tim_ex.c ****     {
 1759              		.loc 1 768 9 discriminator 1 view .LVU520
 1760 00b0 B3F1804F 		cmp	r3, #1073741824
 1761 00b4 15D0     		beq	.L125
 768:Drivers/STM32L4xx_HAL_Driver/Src/stm32l4xx_hal_tim_ex.c ****     {
 1762              		.loc 1 768 9 discriminator 2 view .LVU521
 1763 00b6 02F5A052 		add	r2, r2, #5120
 1764 00ba 9342     		cmp	r3, r2
 1765 00bc 11D0     		beq	.L125
 778:Drivers/STM32L4xx_HAL_Driver/Src/stm32l4xx_hal_tim_ex.c ****     }
 1766              		.loc 1 778 7 is_stmt 1 view .LVU522
 1767 00be 1A68     		ldr	r2, [r3]
 1768 00c0 42F00102 		orr	r2, r2, #1
 1769 00c4 1A60     		str	r2, [r3]
 1770 00c6 0020     		movs	r0, #0
 1771 00c8 B0E7     		b	.L117
 1772              	.LVL118:
 1773              	.L122:
 739:Drivers/STM32L4xx_HAL_Driver/Src/stm32l4xx_hal_tim_ex.c ****       break;
 1774              		.loc 1 739 7 view .LVU523
 1775 00ca 2268     		ldr	r2, [r4]
 1776 00cc D368     		ldr	r3, [r2, #12]
 1777 00ce 43F00403 		orr	r3, r3, #4
 1778 00d2 D360     		str	r3, [r2, #12]
 740:Drivers/STM32L4xx_HAL_Driver/Src/stm32l4xx_hal_tim_ex.c ****     }
 1779              		.loc 1 740 7 view .LVU524
 756:Drivers/STM32L4xx_HAL_Driver/Src/stm32l4xx_hal_tim_ex.c ****   {
 1780              		.loc 1 756 3 view .LVU525
 1781 00d4 D9E7     		b	.L124
 1782              	.L123:
ARM GAS  /tmp/ccRvkrha.s 			page 90


 746:Drivers/STM32L4xx_HAL_Driver/Src/stm32l4xx_hal_tim_ex.c ****       break;
 1783              		.loc 1 746 7 view .LVU526
 1784 00d6 2268     		ldr	r2, [r4]
 1785 00d8 D368     		ldr	r3, [r2, #12]
 1786 00da 43F00803 		orr	r3, r3, #8
 1787 00de D360     		str	r3, [r2, #12]
 747:Drivers/STM32L4xx_HAL_Driver/Src/stm32l4xx_hal_tim_ex.c ****     }
 1788              		.loc 1 747 7 view .LVU527
 756:Drivers/STM32L4xx_HAL_Driver/Src/stm32l4xx_hal_tim_ex.c ****   {
 1789              		.loc 1 756 3 view .LVU528
 1790 00e0 D3E7     		b	.L124
 1791              	.LVL119:
 1792              	.L125:
 770:Drivers/STM32L4xx_HAL_Driver/Src/stm32l4xx_hal_tim_ex.c ****       if (!IS_TIM_SLAVEMODE_TRIGGER_ENABLED(tmpsmcr))
 1793              		.loc 1 770 7 view .LVU529
 770:Drivers/STM32L4xx_HAL_Driver/Src/stm32l4xx_hal_tim_ex.c ****       if (!IS_TIM_SLAVEMODE_TRIGGER_ENABLED(tmpsmcr))
 1794              		.loc 1 770 31 is_stmt 0 view .LVU530
 1795 00e2 9968     		ldr	r1, [r3, #8]
 770:Drivers/STM32L4xx_HAL_Driver/Src/stm32l4xx_hal_tim_ex.c ****       if (!IS_TIM_SLAVEMODE_TRIGGER_ENABLED(tmpsmcr))
 1796              		.loc 1 770 15 view .LVU531
 1797 00e4 0A4A     		ldr	r2, .L137+4
 1798 00e6 0A40     		ands	r2, r2, r1
 1799              	.LVL120:
 771:Drivers/STM32L4xx_HAL_Driver/Src/stm32l4xx_hal_tim_ex.c ****       {
 1800              		.loc 1 771 7 is_stmt 1 view .LVU532
 771:Drivers/STM32L4xx_HAL_Driver/Src/stm32l4xx_hal_tim_ex.c ****       {
 1801              		.loc 1 771 10 is_stmt 0 view .LVU533
 1802 00e8 062A     		cmp	r2, #6
 1803 00ea 0AD0     		beq	.L129
 771:Drivers/STM32L4xx_HAL_Driver/Src/stm32l4xx_hal_tim_ex.c ****       {
 1804              		.loc 1 771 11 discriminator 1 view .LVU534
 1805 00ec B2F5803F 		cmp	r2, #65536
 1806 00f0 09D0     		beq	.L130
 773:Drivers/STM32L4xx_HAL_Driver/Src/stm32l4xx_hal_tim_ex.c ****       }
 1807              		.loc 1 773 9 is_stmt 1 view .LVU535
 1808 00f2 1A68     		ldr	r2, [r3]
 1809              	.LVL121:
 773:Drivers/STM32L4xx_HAL_Driver/Src/stm32l4xx_hal_tim_ex.c ****       }
 1810              		.loc 1 773 9 is_stmt 0 view .LVU536
 1811 00f4 42F00102 		orr	r2, r2, #1
 1812 00f8 1A60     		str	r2, [r3]
 1813 00fa 0020     		movs	r0, #0
 1814 00fc 96E7     		b	.L117
 1815              	.LVL122:
 1816              	.L127:
 721:Drivers/STM32L4xx_HAL_Driver/Src/stm32l4xx_hal_tim_ex.c ****   }
 1817              		.loc 1 721 12 view .LVU537
 1818 00fe 0120     		movs	r0, #1
 1819              	.LVL123:
 721:Drivers/STM32L4xx_HAL_Driver/Src/stm32l4xx_hal_tim_ex.c ****   }
 1820              		.loc 1 721 12 view .LVU538
 1821 0100 94E7     		b	.L117
 1822              	.LVL124:
 1823              	.L129:
 721:Drivers/STM32L4xx_HAL_Driver/Src/stm32l4xx_hal_tim_ex.c ****   }
 1824              		.loc 1 721 12 view .LVU539
 1825 0102 0020     		movs	r0, #0
ARM GAS  /tmp/ccRvkrha.s 			page 91


 1826 0104 92E7     		b	.L117
 1827              	.L130:
 1828 0106 0020     		movs	r0, #0
 1829 0108 90E7     		b	.L117
 1830              	.L138:
 1831 010a 00BF     		.align	2
 1832              	.L137:
 1833 010c 002C0140 		.word	1073818624
 1834 0110 07000100 		.word	65543
 1835              		.cfi_endproc
 1836              	.LFE144:
 1838              		.section	.text.HAL_TIMEx_OCN_Stop_IT,"ax",%progbits
 1839              		.align	1
 1840              		.global	HAL_TIMEx_OCN_Stop_IT
 1841              		.syntax unified
 1842              		.thumb
 1843              		.thumb_func
 1845              	HAL_TIMEx_OCN_Stop_IT:
 1846              	.LVL125:
 1847              	.LFB145:
 798:Drivers/STM32L4xx_HAL_Driver/Src/stm32l4xx_hal_tim_ex.c ****   HAL_StatusTypeDef status = HAL_OK;
 1848              		.loc 1 798 1 is_stmt 1 view -0
 1849              		.cfi_startproc
 1850              		@ args = 0, pretend = 0, frame = 0
 1851              		@ frame_needed = 0, uses_anonymous_args = 0
 798:Drivers/STM32L4xx_HAL_Driver/Src/stm32l4xx_hal_tim_ex.c ****   HAL_StatusTypeDef status = HAL_OK;
 1852              		.loc 1 798 1 is_stmt 0 view .LVU541
 1853 0000 38B5     		push	{r3, r4, r5, lr}
 1854              	.LCFI17:
 1855              		.cfi_def_cfa_offset 16
 1856              		.cfi_offset 3, -16
 1857              		.cfi_offset 4, -12
 1858              		.cfi_offset 5, -8
 1859              		.cfi_offset 14, -4
 1860 0002 0546     		mov	r5, r0
 1861 0004 0C46     		mov	r4, r1
 799:Drivers/STM32L4xx_HAL_Driver/Src/stm32l4xx_hal_tim_ex.c ****   uint32_t tmpccer;
 1862              		.loc 1 799 3 is_stmt 1 view .LVU542
 1863              	.LVL126:
 800:Drivers/STM32L4xx_HAL_Driver/Src/stm32l4xx_hal_tim_ex.c **** 
 1864              		.loc 1 800 3 view .LVU543
 803:Drivers/STM32L4xx_HAL_Driver/Src/stm32l4xx_hal_tim_ex.c **** 
 1865              		.loc 1 803 3 view .LVU544
 805:Drivers/STM32L4xx_HAL_Driver/Src/stm32l4xx_hal_tim_ex.c ****   {
 1866              		.loc 1 805 3 view .LVU545
 1867 0006 0429     		cmp	r1, #4
 1868 0008 3CD0     		beq	.L140
 1869 000a 0829     		cmp	r1, #8
 1870 000c 40D0     		beq	.L141
 1871 000e 09B1     		cbz	r1, .L152
 1872 0010 0120     		movs	r0, #1
 1873              	.LVL127:
 1874              	.L142:
 856:Drivers/STM32L4xx_HAL_Driver/Src/stm32l4xx_hal_tim_ex.c **** }
 1875              		.loc 1 856 3 view .LVU546
 857:Drivers/STM32L4xx_HAL_Driver/Src/stm32l4xx_hal_tim_ex.c **** 
 1876              		.loc 1 857 1 is_stmt 0 view .LVU547
ARM GAS  /tmp/ccRvkrha.s 			page 92


 1877 0012 38BD     		pop	{r3, r4, r5, pc}
 1878              	.LVL128:
 1879              	.L152:
 810:Drivers/STM32L4xx_HAL_Driver/Src/stm32l4xx_hal_tim_ex.c ****       break;
 1880              		.loc 1 810 7 is_stmt 1 view .LVU548
 1881 0014 0268     		ldr	r2, [r0]
 1882 0016 D368     		ldr	r3, [r2, #12]
 1883 0018 23F00203 		bic	r3, r3, #2
 1884 001c D360     		str	r3, [r2, #12]
 811:Drivers/STM32L4xx_HAL_Driver/Src/stm32l4xx_hal_tim_ex.c ****     }
 1885              		.loc 1 811 7 view .LVU549
 833:Drivers/STM32L4xx_HAL_Driver/Src/stm32l4xx_hal_tim_ex.c ****   {
 1886              		.loc 1 833 3 view .LVU550
 1887              	.L143:
 836:Drivers/STM32L4xx_HAL_Driver/Src/stm32l4xx_hal_tim_ex.c **** 
 1888              		.loc 1 836 5 view .LVU551
 1889 001e 0022     		movs	r2, #0
 1890 0020 2146     		mov	r1, r4
 1891              	.LVL129:
 836:Drivers/STM32L4xx_HAL_Driver/Src/stm32l4xx_hal_tim_ex.c **** 
 1892              		.loc 1 836 5 is_stmt 0 view .LVU552
 1893 0022 2868     		ldr	r0, [r5]
 1894              	.LVL130:
 836:Drivers/STM32L4xx_HAL_Driver/Src/stm32l4xx_hal_tim_ex.c **** 
 1895              		.loc 1 836 5 view .LVU553
 1896 0024 FFF7FEFF 		bl	TIM_CCxNChannelCmd
 1897              	.LVL131:
 839:Drivers/STM32L4xx_HAL_Driver/Src/stm32l4xx_hal_tim_ex.c ****     if ((tmpccer & TIM_CCER_CCxNE_MASK) == (uint32_t)RESET)
 1898              		.loc 1 839 5 is_stmt 1 view .LVU554
 839:Drivers/STM32L4xx_HAL_Driver/Src/stm32l4xx_hal_tim_ex.c ****     if ((tmpccer & TIM_CCER_CCxNE_MASK) == (uint32_t)RESET)
 1899              		.loc 1 839 19 is_stmt 0 view .LVU555
 1900 0028 2B68     		ldr	r3, [r5]
 839:Drivers/STM32L4xx_HAL_Driver/Src/stm32l4xx_hal_tim_ex.c ****     if ((tmpccer & TIM_CCER_CCxNE_MASK) == (uint32_t)RESET)
 1901              		.loc 1 839 13 view .LVU556
 1902 002a 196A     		ldr	r1, [r3, #32]
 1903              	.LVL132:
 840:Drivers/STM32L4xx_HAL_Driver/Src/stm32l4xx_hal_tim_ex.c ****     {
 1904              		.loc 1 840 5 is_stmt 1 view .LVU557
 840:Drivers/STM32L4xx_HAL_Driver/Src/stm32l4xx_hal_tim_ex.c ****     {
 1905              		.loc 1 840 8 is_stmt 0 view .LVU558
 1906 002c 40F24442 		movw	r2, #1092
 1907 0030 1142     		tst	r1, r2
 1908 0032 03D1     		bne	.L144
 842:Drivers/STM32L4xx_HAL_Driver/Src/stm32l4xx_hal_tim_ex.c ****     }
 1909              		.loc 1 842 7 is_stmt 1 view .LVU559
 1910 0034 DA68     		ldr	r2, [r3, #12]
 1911 0036 22F08002 		bic	r2, r2, #128
 1912 003a DA60     		str	r2, [r3, #12]
 1913              	.L144:
 846:Drivers/STM32L4xx_HAL_Driver/Src/stm32l4xx_hal_tim_ex.c **** 
 1914              		.loc 1 846 5 view .LVU560
 846:Drivers/STM32L4xx_HAL_Driver/Src/stm32l4xx_hal_tim_ex.c **** 
 1915              		.loc 1 846 5 view .LVU561
 1916 003c 2B68     		ldr	r3, [r5]
 1917 003e 196A     		ldr	r1, [r3, #32]
 1918              	.LVL133:
 846:Drivers/STM32L4xx_HAL_Driver/Src/stm32l4xx_hal_tim_ex.c **** 
ARM GAS  /tmp/ccRvkrha.s 			page 93


 1919              		.loc 1 846 5 is_stmt 0 view .LVU562
 1920 0040 41F21112 		movw	r2, #4369
 1921 0044 1142     		tst	r1, r2
 1922 0046 08D1     		bne	.L145
 846:Drivers/STM32L4xx_HAL_Driver/Src/stm32l4xx_hal_tim_ex.c **** 
 1923              		.loc 1 846 5 is_stmt 1 discriminator 1 view .LVU563
 1924 0048 196A     		ldr	r1, [r3, #32]
 1925 004a 40F24442 		movw	r2, #1092
 1926 004e 1142     		tst	r1, r2
 1927 0050 03D1     		bne	.L145
 846:Drivers/STM32L4xx_HAL_Driver/Src/stm32l4xx_hal_tim_ex.c **** 
 1928              		.loc 1 846 5 discriminator 3 view .LVU564
 1929 0052 5A6C     		ldr	r2, [r3, #68]
 1930 0054 22F40042 		bic	r2, r2, #32768
 1931 0058 5A64     		str	r2, [r3, #68]
 1932              	.L145:
 846:Drivers/STM32L4xx_HAL_Driver/Src/stm32l4xx_hal_tim_ex.c **** 
 1933              		.loc 1 846 5 discriminator 5 view .LVU565
 849:Drivers/STM32L4xx_HAL_Driver/Src/stm32l4xx_hal_tim_ex.c **** 
 1934              		.loc 1 849 5 discriminator 5 view .LVU566
 849:Drivers/STM32L4xx_HAL_Driver/Src/stm32l4xx_hal_tim_ex.c **** 
 1935              		.loc 1 849 5 discriminator 5 view .LVU567
 1936 005a 2B68     		ldr	r3, [r5]
 1937 005c 196A     		ldr	r1, [r3, #32]
 1938 005e 41F21112 		movw	r2, #4369
 1939 0062 1142     		tst	r1, r2
 1940 0064 08D1     		bne	.L146
 849:Drivers/STM32L4xx_HAL_Driver/Src/stm32l4xx_hal_tim_ex.c **** 
 1941              		.loc 1 849 5 discriminator 1 view .LVU568
 1942 0066 196A     		ldr	r1, [r3, #32]
 1943 0068 40F24442 		movw	r2, #1092
 1944 006c 1142     		tst	r1, r2
 1945 006e 03D1     		bne	.L146
 849:Drivers/STM32L4xx_HAL_Driver/Src/stm32l4xx_hal_tim_ex.c **** 
 1946              		.loc 1 849 5 discriminator 3 view .LVU569
 1947 0070 1A68     		ldr	r2, [r3]
 1948 0072 22F00102 		bic	r2, r2, #1
 1949 0076 1A60     		str	r2, [r3]
 1950              	.L146:
 849:Drivers/STM32L4xx_HAL_Driver/Src/stm32l4xx_hal_tim_ex.c **** 
 1951              		.loc 1 849 5 discriminator 5 view .LVU570
 852:Drivers/STM32L4xx_HAL_Driver/Src/stm32l4xx_hal_tim_ex.c ****   }
 1952              		.loc 1 852 5 discriminator 5 view .LVU571
 1953 0078 84B9     		cbnz	r4, .L147
 852:Drivers/STM32L4xx_HAL_Driver/Src/stm32l4xx_hal_tim_ex.c ****   }
 1954              		.loc 1 852 5 is_stmt 0 discriminator 1 view .LVU572
 1955 007a 0123     		movs	r3, #1
 1956 007c 85F84430 		strb	r3, [r5, #68]
 1957 0080 0020     		movs	r0, #0
 1958 0082 C6E7     		b	.L142
 1959              	.LVL134:
 1960              	.L140:
 817:Drivers/STM32L4xx_HAL_Driver/Src/stm32l4xx_hal_tim_ex.c ****       break;
 1961              		.loc 1 817 7 is_stmt 1 view .LVU573
 1962 0084 0268     		ldr	r2, [r0]
 1963 0086 D368     		ldr	r3, [r2, #12]
 1964 0088 23F00403 		bic	r3, r3, #4
ARM GAS  /tmp/ccRvkrha.s 			page 94


 1965 008c D360     		str	r3, [r2, #12]
 818:Drivers/STM32L4xx_HAL_Driver/Src/stm32l4xx_hal_tim_ex.c ****     }
 1966              		.loc 1 818 7 view .LVU574
 833:Drivers/STM32L4xx_HAL_Driver/Src/stm32l4xx_hal_tim_ex.c ****   {
 1967              		.loc 1 833 3 view .LVU575
 1968 008e C6E7     		b	.L143
 1969              	.L141:
 824:Drivers/STM32L4xx_HAL_Driver/Src/stm32l4xx_hal_tim_ex.c ****       break;
 1970              		.loc 1 824 7 view .LVU576
 1971 0090 0268     		ldr	r2, [r0]
 1972 0092 D368     		ldr	r3, [r2, #12]
 1973 0094 23F00803 		bic	r3, r3, #8
 1974 0098 D360     		str	r3, [r2, #12]
 825:Drivers/STM32L4xx_HAL_Driver/Src/stm32l4xx_hal_tim_ex.c ****     }
 1975              		.loc 1 825 7 view .LVU577
 833:Drivers/STM32L4xx_HAL_Driver/Src/stm32l4xx_hal_tim_ex.c ****   {
 1976              		.loc 1 833 3 view .LVU578
 1977 009a C0E7     		b	.L143
 1978              	.LVL135:
 1979              	.L147:
 852:Drivers/STM32L4xx_HAL_Driver/Src/stm32l4xx_hal_tim_ex.c ****   }
 1980              		.loc 1 852 5 is_stmt 0 discriminator 2 view .LVU579
 1981 009c 042C     		cmp	r4, #4
 1982 009e 06D0     		beq	.L153
 852:Drivers/STM32L4xx_HAL_Driver/Src/stm32l4xx_hal_tim_ex.c ****   }
 1983              		.loc 1 852 5 discriminator 4 view .LVU580
 1984 00a0 082C     		cmp	r4, #8
 1985 00a2 09D0     		beq	.L154
 852:Drivers/STM32L4xx_HAL_Driver/Src/stm32l4xx_hal_tim_ex.c ****   }
 1986              		.loc 1 852 5 discriminator 7 view .LVU581
 1987 00a4 0123     		movs	r3, #1
 1988 00a6 85F84730 		strb	r3, [r5, #71]
 1989 00aa 0020     		movs	r0, #0
 1990 00ac B1E7     		b	.L142
 1991              	.L153:
 852:Drivers/STM32L4xx_HAL_Driver/Src/stm32l4xx_hal_tim_ex.c ****   }
 1992              		.loc 1 852 5 discriminator 3 view .LVU582
 1993 00ae 0123     		movs	r3, #1
 1994 00b0 85F84530 		strb	r3, [r5, #69]
 1995 00b4 0020     		movs	r0, #0
 1996 00b6 ACE7     		b	.L142
 1997              	.L154:
 852:Drivers/STM32L4xx_HAL_Driver/Src/stm32l4xx_hal_tim_ex.c ****   }
 1998              		.loc 1 852 5 discriminator 6 view .LVU583
 1999 00b8 0123     		movs	r3, #1
 2000 00ba 85F84630 		strb	r3, [r5, #70]
 2001 00be 0020     		movs	r0, #0
 2002 00c0 A7E7     		b	.L142
 2003              		.cfi_endproc
 2004              	.LFE145:
 2006              		.section	.text.HAL_TIMEx_OCN_Start_DMA,"ax",%progbits
 2007              		.align	1
 2008              		.global	HAL_TIMEx_OCN_Start_DMA
 2009              		.syntax unified
 2010              		.thumb
 2011              		.thumb_func
 2013              	HAL_TIMEx_OCN_Start_DMA:
ARM GAS  /tmp/ccRvkrha.s 			page 95


 2014              	.LVL136:
 2015              	.LFB146:
 874:Drivers/STM32L4xx_HAL_Driver/Src/stm32l4xx_hal_tim_ex.c ****   HAL_StatusTypeDef status = HAL_OK;
 2016              		.loc 1 874 1 is_stmt 1 view -0
 2017              		.cfi_startproc
 2018              		@ args = 0, pretend = 0, frame = 0
 2019              		@ frame_needed = 0, uses_anonymous_args = 0
 874:Drivers/STM32L4xx_HAL_Driver/Src/stm32l4xx_hal_tim_ex.c ****   HAL_StatusTypeDef status = HAL_OK;
 2020              		.loc 1 874 1 is_stmt 0 view .LVU585
 2021 0000 70B5     		push	{r4, r5, r6, lr}
 2022              	.LCFI18:
 2023              		.cfi_def_cfa_offset 16
 2024              		.cfi_offset 4, -16
 2025              		.cfi_offset 5, -12
 2026              		.cfi_offset 6, -8
 2027              		.cfi_offset 14, -4
 2028 0002 0446     		mov	r4, r0
 2029 0004 1646     		mov	r6, r2
 875:Drivers/STM32L4xx_HAL_Driver/Src/stm32l4xx_hal_tim_ex.c ****   uint32_t tmpsmcr;
 2030              		.loc 1 875 3 is_stmt 1 view .LVU586
 2031              	.LVL137:
 876:Drivers/STM32L4xx_HAL_Driver/Src/stm32l4xx_hal_tim_ex.c **** 
 2032              		.loc 1 876 3 view .LVU587
 879:Drivers/STM32L4xx_HAL_Driver/Src/stm32l4xx_hal_tim_ex.c **** 
 2033              		.loc 1 879 3 view .LVU588
 882:Drivers/STM32L4xx_HAL_Driver/Src/stm32l4xx_hal_tim_ex.c ****   {
 2034              		.loc 1 882 3 view .LVU589
 882:Drivers/STM32L4xx_HAL_Driver/Src/stm32l4xx_hal_tim_ex.c ****   {
 2035              		.loc 1 882 46 is_stmt 0 view .LVU590
 2036 0006 0D46     		mov	r5, r1
 2037 0008 49BB     		cbnz	r1, .L156
 882:Drivers/STM32L4xx_HAL_Driver/Src/stm32l4xx_hal_tim_ex.c ****   {
 2038              		.loc 1 882 7 discriminator 1 view .LVU591
 2039 000a 90F84400 		ldrb	r0, [r0, #68]	@ zero_extendqisi2
 2040              	.LVL138:
 882:Drivers/STM32L4xx_HAL_Driver/Src/stm32l4xx_hal_tim_ex.c ****   {
 2041              		.loc 1 882 7 discriminator 1 view .LVU592
 2042 000e C0B2     		uxtb	r0, r0
 882:Drivers/STM32L4xx_HAL_Driver/Src/stm32l4xx_hal_tim_ex.c ****   {
 2043              		.loc 1 882 46 discriminator 1 view .LVU593
 2044 0010 0228     		cmp	r0, #2
 2045 0012 14BF     		ite	ne
 2046 0014 0020     		movne	r0, #0
 2047 0016 0120     		moveq	r0, #1
 2048              	.L157:
 882:Drivers/STM32L4xx_HAL_Driver/Src/stm32l4xx_hal_tim_ex.c ****   {
 2049              		.loc 1 882 6 discriminator 12 view .LVU594
 2050 0018 0028     		cmp	r0, #0
 2051 001a 40F0D480 		bne	.L174
 886:Drivers/STM32L4xx_HAL_Driver/Src/stm32l4xx_hal_tim_ex.c ****   {
 2052              		.loc 1 886 8 is_stmt 1 view .LVU595
 886:Drivers/STM32L4xx_HAL_Driver/Src/stm32l4xx_hal_tim_ex.c ****   {
 2053              		.loc 1 886 51 is_stmt 0 view .LVU596
 2054 001e 002D     		cmp	r5, #0
 2055 0020 39D1     		bne	.L161
 886:Drivers/STM32L4xx_HAL_Driver/Src/stm32l4xx_hal_tim_ex.c ****   {
 2056              		.loc 1 886 12 discriminator 1 view .LVU597
ARM GAS  /tmp/ccRvkrha.s 			page 96


 2057 0022 94F84420 		ldrb	r2, [r4, #68]	@ zero_extendqisi2
 2058              	.LVL139:
 886:Drivers/STM32L4xx_HAL_Driver/Src/stm32l4xx_hal_tim_ex.c ****   {
 2059              		.loc 1 886 12 discriminator 1 view .LVU598
 2060 0026 D2B2     		uxtb	r2, r2
 886:Drivers/STM32L4xx_HAL_Driver/Src/stm32l4xx_hal_tim_ex.c ****   {
 2061              		.loc 1 886 51 discriminator 1 view .LVU599
 2062 0028 012A     		cmp	r2, #1
 2063 002a 14BF     		ite	ne
 2064 002c 0022     		movne	r2, #0
 2065 002e 0122     		moveq	r2, #1
 2066              	.L162:
 886:Drivers/STM32L4xx_HAL_Driver/Src/stm32l4xx_hal_tim_ex.c ****   {
 2067              		.loc 1 886 11 discriminator 12 view .LVU600
 2068 0030 002A     		cmp	r2, #0
 2069 0032 00F0CA80 		beq	.L175
 888:Drivers/STM32L4xx_HAL_Driver/Src/stm32l4xx_hal_tim_ex.c ****     {
 2070              		.loc 1 888 5 is_stmt 1 view .LVU601
 888:Drivers/STM32L4xx_HAL_Driver/Src/stm32l4xx_hal_tim_ex.c ****     {
 2071              		.loc 1 888 8 is_stmt 0 view .LVU602
 2072 0036 002E     		cmp	r6, #0
 2073 0038 00F0C980 		beq	.L176
 888:Drivers/STM32L4xx_HAL_Driver/Src/stm32l4xx_hal_tim_ex.c ****     {
 2074              		.loc 1 888 25 discriminator 1 view .LVU603
 2075 003c 002B     		cmp	r3, #0
 2076 003e 00F0C880 		beq	.L177
 894:Drivers/STM32L4xx_HAL_Driver/Src/stm32l4xx_hal_tim_ex.c ****     }
 2077              		.loc 1 894 7 is_stmt 1 view .LVU604
 2078 0042 002D     		cmp	r5, #0
 2079 0044 43D1     		bne	.L165
 894:Drivers/STM32L4xx_HAL_Driver/Src/stm32l4xx_hal_tim_ex.c ****     }
 2080              		.loc 1 894 7 is_stmt 0 discriminator 1 view .LVU605
 2081 0046 0222     		movs	r2, #2
 2082 0048 84F84420 		strb	r2, [r4, #68]
 2083              	.L166:
 902:Drivers/STM32L4xx_HAL_Driver/Src/stm32l4xx_hal_tim_ex.c ****   {
 2084              		.loc 1 902 3 is_stmt 1 view .LVU606
 2085 004c 042D     		cmp	r5, #4
 2086 004e 7FD0     		beq	.L169
 2087 0050 082D     		cmp	r5, #8
 2088 0052 00F09480 		beq	.L170
 2089 0056 002D     		cmp	r5, #0
 2090 0058 49D0     		beq	.L185
 2091 005a 0120     		movs	r0, #1
 2092 005c B6E0     		b	.L160
 2093              	.LVL140:
 2094              	.L156:
 882:Drivers/STM32L4xx_HAL_Driver/Src/stm32l4xx_hal_tim_ex.c ****   {
 2095              		.loc 1 882 46 is_stmt 0 discriminator 2 view .LVU607
 2096 005e 0429     		cmp	r1, #4
 2097 0060 09D0     		beq	.L186
 882:Drivers/STM32L4xx_HAL_Driver/Src/stm32l4xx_hal_tim_ex.c ****   {
 2098              		.loc 1 882 46 discriminator 5 view .LVU608
 2099 0062 0829     		cmp	r1, #8
 2100 0064 0FD0     		beq	.L187
 882:Drivers/STM32L4xx_HAL_Driver/Src/stm32l4xx_hal_tim_ex.c ****   {
 2101              		.loc 1 882 7 discriminator 8 view .LVU609
ARM GAS  /tmp/ccRvkrha.s 			page 97


 2102 0066 90F84700 		ldrb	r0, [r0, #71]	@ zero_extendqisi2
 2103              	.LVL141:
 882:Drivers/STM32L4xx_HAL_Driver/Src/stm32l4xx_hal_tim_ex.c ****   {
 2104              		.loc 1 882 7 discriminator 8 view .LVU610
 2105 006a C0B2     		uxtb	r0, r0
 882:Drivers/STM32L4xx_HAL_Driver/Src/stm32l4xx_hal_tim_ex.c ****   {
 2106              		.loc 1 882 46 discriminator 8 view .LVU611
 2107 006c 0228     		cmp	r0, #2
 2108 006e 14BF     		ite	ne
 2109 0070 0020     		movne	r0, #0
 2110 0072 0120     		moveq	r0, #1
 2111 0074 D0E7     		b	.L157
 2112              	.LVL142:
 2113              	.L186:
 882:Drivers/STM32L4xx_HAL_Driver/Src/stm32l4xx_hal_tim_ex.c ****   {
 2114              		.loc 1 882 7 discriminator 4 view .LVU612
 2115 0076 90F84500 		ldrb	r0, [r0, #69]	@ zero_extendqisi2
 2116              	.LVL143:
 882:Drivers/STM32L4xx_HAL_Driver/Src/stm32l4xx_hal_tim_ex.c ****   {
 2117              		.loc 1 882 7 discriminator 4 view .LVU613
 2118 007a C0B2     		uxtb	r0, r0
 882:Drivers/STM32L4xx_HAL_Driver/Src/stm32l4xx_hal_tim_ex.c ****   {
 2119              		.loc 1 882 46 discriminator 4 view .LVU614
 2120 007c 0228     		cmp	r0, #2
 2121 007e 14BF     		ite	ne
 2122 0080 0020     		movne	r0, #0
 2123 0082 0120     		moveq	r0, #1
 2124 0084 C8E7     		b	.L157
 2125              	.LVL144:
 2126              	.L187:
 882:Drivers/STM32L4xx_HAL_Driver/Src/stm32l4xx_hal_tim_ex.c ****   {
 2127              		.loc 1 882 7 discriminator 7 view .LVU615
 2128 0086 90F84600 		ldrb	r0, [r0, #70]	@ zero_extendqisi2
 2129              	.LVL145:
 882:Drivers/STM32L4xx_HAL_Driver/Src/stm32l4xx_hal_tim_ex.c ****   {
 2130              		.loc 1 882 7 discriminator 7 view .LVU616
 2131 008a C0B2     		uxtb	r0, r0
 882:Drivers/STM32L4xx_HAL_Driver/Src/stm32l4xx_hal_tim_ex.c ****   {
 2132              		.loc 1 882 46 discriminator 7 view .LVU617
 2133 008c 0228     		cmp	r0, #2
 2134 008e 14BF     		ite	ne
 2135 0090 0020     		movne	r0, #0
 2136 0092 0120     		moveq	r0, #1
 2137 0094 C0E7     		b	.L157
 2138              	.L161:
 886:Drivers/STM32L4xx_HAL_Driver/Src/stm32l4xx_hal_tim_ex.c ****   {
 2139              		.loc 1 886 51 discriminator 2 view .LVU618
 2140 0096 042D     		cmp	r5, #4
 2141 0098 09D0     		beq	.L188
 886:Drivers/STM32L4xx_HAL_Driver/Src/stm32l4xx_hal_tim_ex.c ****   {
 2142              		.loc 1 886 51 discriminator 5 view .LVU619
 2143 009a 082D     		cmp	r5, #8
 2144 009c 0FD0     		beq	.L189
 886:Drivers/STM32L4xx_HAL_Driver/Src/stm32l4xx_hal_tim_ex.c ****   {
 2145              		.loc 1 886 12 discriminator 8 view .LVU620
 2146 009e 94F84720 		ldrb	r2, [r4, #71]	@ zero_extendqisi2
 2147              	.LVL146:
ARM GAS  /tmp/ccRvkrha.s 			page 98


 886:Drivers/STM32L4xx_HAL_Driver/Src/stm32l4xx_hal_tim_ex.c ****   {
 2148              		.loc 1 886 12 discriminator 8 view .LVU621
 2149 00a2 D2B2     		uxtb	r2, r2
 886:Drivers/STM32L4xx_HAL_Driver/Src/stm32l4xx_hal_tim_ex.c ****   {
 2150              		.loc 1 886 51 discriminator 8 view .LVU622
 2151 00a4 012A     		cmp	r2, #1
 2152 00a6 14BF     		ite	ne
 2153 00a8 0022     		movne	r2, #0
 2154 00aa 0122     		moveq	r2, #1
 2155 00ac C0E7     		b	.L162
 2156              	.LVL147:
 2157              	.L188:
 886:Drivers/STM32L4xx_HAL_Driver/Src/stm32l4xx_hal_tim_ex.c ****   {
 2158              		.loc 1 886 12 discriminator 4 view .LVU623
 2159 00ae 94F84520 		ldrb	r2, [r4, #69]	@ zero_extendqisi2
 2160              	.LVL148:
 886:Drivers/STM32L4xx_HAL_Driver/Src/stm32l4xx_hal_tim_ex.c ****   {
 2161              		.loc 1 886 12 discriminator 4 view .LVU624
 2162 00b2 D2B2     		uxtb	r2, r2
 886:Drivers/STM32L4xx_HAL_Driver/Src/stm32l4xx_hal_tim_ex.c ****   {
 2163              		.loc 1 886 51 discriminator 4 view .LVU625
 2164 00b4 012A     		cmp	r2, #1
 2165 00b6 14BF     		ite	ne
 2166 00b8 0022     		movne	r2, #0
 2167 00ba 0122     		moveq	r2, #1
 2168 00bc B8E7     		b	.L162
 2169              	.LVL149:
 2170              	.L189:
 886:Drivers/STM32L4xx_HAL_Driver/Src/stm32l4xx_hal_tim_ex.c ****   {
 2171              		.loc 1 886 12 discriminator 7 view .LVU626
 2172 00be 94F84620 		ldrb	r2, [r4, #70]	@ zero_extendqisi2
 2173              	.LVL150:
 886:Drivers/STM32L4xx_HAL_Driver/Src/stm32l4xx_hal_tim_ex.c ****   {
 2174              		.loc 1 886 12 discriminator 7 view .LVU627
 2175 00c2 D2B2     		uxtb	r2, r2
 886:Drivers/STM32L4xx_HAL_Driver/Src/stm32l4xx_hal_tim_ex.c ****   {
 2176              		.loc 1 886 51 discriminator 7 view .LVU628
 2177 00c4 012A     		cmp	r2, #1
 2178 00c6 14BF     		ite	ne
 2179 00c8 0022     		movne	r2, #0
 2180 00ca 0122     		moveq	r2, #1
 2181 00cc B0E7     		b	.L162
 2182              	.L165:
 894:Drivers/STM32L4xx_HAL_Driver/Src/stm32l4xx_hal_tim_ex.c ****     }
 2183              		.loc 1 894 7 discriminator 2 view .LVU629
 2184 00ce 042D     		cmp	r5, #4
 2185 00d0 05D0     		beq	.L190
 894:Drivers/STM32L4xx_HAL_Driver/Src/stm32l4xx_hal_tim_ex.c ****     }
 2186              		.loc 1 894 7 discriminator 4 view .LVU630
 2187 00d2 082D     		cmp	r5, #8
 2188 00d4 07D0     		beq	.L191
 894:Drivers/STM32L4xx_HAL_Driver/Src/stm32l4xx_hal_tim_ex.c ****     }
 2189              		.loc 1 894 7 discriminator 7 view .LVU631
 2190 00d6 0222     		movs	r2, #2
 2191 00d8 84F84720 		strb	r2, [r4, #71]
 2192 00dc B6E7     		b	.L166
 2193              	.L190:
ARM GAS  /tmp/ccRvkrha.s 			page 99


 894:Drivers/STM32L4xx_HAL_Driver/Src/stm32l4xx_hal_tim_ex.c ****     }
 2194              		.loc 1 894 7 discriminator 3 view .LVU632
 2195 00de 0222     		movs	r2, #2
 2196 00e0 84F84520 		strb	r2, [r4, #69]
 2197 00e4 B2E7     		b	.L166
 2198              	.L191:
 894:Drivers/STM32L4xx_HAL_Driver/Src/stm32l4xx_hal_tim_ex.c ****     }
 2199              		.loc 1 894 7 discriminator 6 view .LVU633
 2200 00e6 0222     		movs	r2, #2
 2201 00e8 84F84620 		strb	r2, [r4, #70]
 2202 00ec AEE7     		b	.L166
 2203              	.L185:
 907:Drivers/STM32L4xx_HAL_Driver/Src/stm32l4xx_hal_tim_ex.c ****       htim->hdma[TIM_DMA_ID_CC1]->XferHalfCpltCallback = TIM_DMADelayPulseHalfCplt;
 2204              		.loc 1 907 7 is_stmt 1 view .LVU634
 907:Drivers/STM32L4xx_HAL_Driver/Src/stm32l4xx_hal_tim_ex.c ****       htim->hdma[TIM_DMA_ID_CC1]->XferHalfCpltCallback = TIM_DMADelayPulseHalfCplt;
 2205              		.loc 1 907 17 is_stmt 0 view .LVU635
 2206 00ee 626A     		ldr	r2, [r4, #36]
 907:Drivers/STM32L4xx_HAL_Driver/Src/stm32l4xx_hal_tim_ex.c ****       htim->hdma[TIM_DMA_ID_CC1]->XferHalfCpltCallback = TIM_DMADelayPulseHalfCplt;
 2207              		.loc 1 907 52 view .LVU636
 2208 00f0 3E49     		ldr	r1, .L192
 2209              	.LVL151:
 907:Drivers/STM32L4xx_HAL_Driver/Src/stm32l4xx_hal_tim_ex.c ****       htim->hdma[TIM_DMA_ID_CC1]->XferHalfCpltCallback = TIM_DMADelayPulseHalfCplt;
 2210              		.loc 1 907 52 view .LVU637
 2211 00f2 D162     		str	r1, [r2, #44]
 908:Drivers/STM32L4xx_HAL_Driver/Src/stm32l4xx_hal_tim_ex.c **** 
 2212              		.loc 1 908 7 is_stmt 1 view .LVU638
 908:Drivers/STM32L4xx_HAL_Driver/Src/stm32l4xx_hal_tim_ex.c **** 
 2213              		.loc 1 908 17 is_stmt 0 view .LVU639
 2214 00f4 626A     		ldr	r2, [r4, #36]
 908:Drivers/STM32L4xx_HAL_Driver/Src/stm32l4xx_hal_tim_ex.c **** 
 2215              		.loc 1 908 56 view .LVU640
 2216 00f6 3E49     		ldr	r1, .L192+4
 2217 00f8 1163     		str	r1, [r2, #48]
 911:Drivers/STM32L4xx_HAL_Driver/Src/stm32l4xx_hal_tim_ex.c **** 
 2218              		.loc 1 911 7 is_stmt 1 view .LVU641
 911:Drivers/STM32L4xx_HAL_Driver/Src/stm32l4xx_hal_tim_ex.c **** 
 2219              		.loc 1 911 17 is_stmt 0 view .LVU642
 2220 00fa 626A     		ldr	r2, [r4, #36]
 911:Drivers/STM32L4xx_HAL_Driver/Src/stm32l4xx_hal_tim_ex.c **** 
 2221              		.loc 1 911 53 view .LVU643
 2222 00fc 3D49     		ldr	r1, .L192+8
 2223 00fe 5163     		str	r1, [r2, #52]
 914:Drivers/STM32L4xx_HAL_Driver/Src/stm32l4xx_hal_tim_ex.c ****                            Length) != HAL_OK)
 2224              		.loc 1 914 7 is_stmt 1 view .LVU644
 914:Drivers/STM32L4xx_HAL_Driver/Src/stm32l4xx_hal_tim_ex.c ****                            Length) != HAL_OK)
 2225              		.loc 1 914 88 is_stmt 0 view .LVU645
 2226 0100 2268     		ldr	r2, [r4]
 914:Drivers/STM32L4xx_HAL_Driver/Src/stm32l4xx_hal_tim_ex.c ****                            Length) != HAL_OK)
 2227              		.loc 1 914 11 view .LVU646
 2228 0102 3432     		adds	r2, r2, #52
 2229 0104 3146     		mov	r1, r6
 2230 0106 606A     		ldr	r0, [r4, #36]
 2231 0108 FFF7FEFF 		bl	HAL_DMA_Start_IT
 2232              	.LVL152:
 914:Drivers/STM32L4xx_HAL_Driver/Src/stm32l4xx_hal_tim_ex.c ****                            Length) != HAL_OK)
 2233              		.loc 1 914 10 view .LVU647
 2234 010c 0028     		cmp	r0, #0
ARM GAS  /tmp/ccRvkrha.s 			page 100


 2235 010e 62D1     		bne	.L179
 921:Drivers/STM32L4xx_HAL_Driver/Src/stm32l4xx_hal_tim_ex.c ****       break;
 2236              		.loc 1 921 7 is_stmt 1 view .LVU648
 2237 0110 2268     		ldr	r2, [r4]
 2238 0112 D368     		ldr	r3, [r2, #12]
 2239 0114 43F40073 		orr	r3, r3, #512
 2240 0118 D360     		str	r3, [r2, #12]
 922:Drivers/STM32L4xx_HAL_Driver/Src/stm32l4xx_hal_tim_ex.c ****     }
 2241              		.loc 1 922 7 view .LVU649
 972:Drivers/STM32L4xx_HAL_Driver/Src/stm32l4xx_hal_tim_ex.c ****   {
 2242              		.loc 1 972 3 view .LVU650
 2243              	.L171:
 975:Drivers/STM32L4xx_HAL_Driver/Src/stm32l4xx_hal_tim_ex.c **** 
 2244              		.loc 1 975 5 view .LVU651
 2245 011a 0422     		movs	r2, #4
 2246 011c 2946     		mov	r1, r5
 2247 011e 2068     		ldr	r0, [r4]
 2248 0120 FFF7FEFF 		bl	TIM_CCxNChannelCmd
 2249              	.LVL153:
 978:Drivers/STM32L4xx_HAL_Driver/Src/stm32l4xx_hal_tim_ex.c **** 
 2250              		.loc 1 978 5 view .LVU652
 2251 0124 2268     		ldr	r2, [r4]
 2252 0126 536C     		ldr	r3, [r2, #68]
 2253 0128 43F40043 		orr	r3, r3, #32768
 2254 012c 5364     		str	r3, [r2, #68]
 981:Drivers/STM32L4xx_HAL_Driver/Src/stm32l4xx_hal_tim_ex.c ****     {
 2255              		.loc 1 981 5 view .LVU653
 981:Drivers/STM32L4xx_HAL_Driver/Src/stm32l4xx_hal_tim_ex.c ****     {
 2256              		.loc 1 981 9 is_stmt 0 view .LVU654
 2257 012e 2368     		ldr	r3, [r4]
 981:Drivers/STM32L4xx_HAL_Driver/Src/stm32l4xx_hal_tim_ex.c ****     {
 2258              		.loc 1 981 8 view .LVU655
 2259 0130 314A     		ldr	r2, .L192+12
 2260 0132 9342     		cmp	r3, r2
 2261 0134 39D0     		beq	.L172
 981:Drivers/STM32L4xx_HAL_Driver/Src/stm32l4xx_hal_tim_ex.c ****     {
 2262              		.loc 1 981 9 discriminator 1 view .LVU656
 2263 0136 B3F1804F 		cmp	r3, #1073741824
 2264 013a 36D0     		beq	.L172
 981:Drivers/STM32L4xx_HAL_Driver/Src/stm32l4xx_hal_tim_ex.c ****     {
 2265              		.loc 1 981 9 discriminator 2 view .LVU657
 2266 013c 02F5A052 		add	r2, r2, #5120
 2267 0140 9342     		cmp	r3, r2
 2268 0142 32D0     		beq	.L172
 991:Drivers/STM32L4xx_HAL_Driver/Src/stm32l4xx_hal_tim_ex.c ****     }
 2269              		.loc 1 991 7 is_stmt 1 view .LVU658
 2270 0144 1A68     		ldr	r2, [r3]
 2271 0146 42F00102 		orr	r2, r2, #1
 2272 014a 1A60     		str	r2, [r3]
 2273 014c 0020     		movs	r0, #0
 2274 014e 3DE0     		b	.L160
 2275              	.LVL154:
 2276              	.L169:
 928:Drivers/STM32L4xx_HAL_Driver/Src/stm32l4xx_hal_tim_ex.c ****       htim->hdma[TIM_DMA_ID_CC2]->XferHalfCpltCallback = TIM_DMADelayPulseHalfCplt;
 2277              		.loc 1 928 7 view .LVU659
 928:Drivers/STM32L4xx_HAL_Driver/Src/stm32l4xx_hal_tim_ex.c ****       htim->hdma[TIM_DMA_ID_CC2]->XferHalfCpltCallback = TIM_DMADelayPulseHalfCplt;
 2278              		.loc 1 928 17 is_stmt 0 view .LVU660
ARM GAS  /tmp/ccRvkrha.s 			page 101


 2279 0150 A26A     		ldr	r2, [r4, #40]
 928:Drivers/STM32L4xx_HAL_Driver/Src/stm32l4xx_hal_tim_ex.c ****       htim->hdma[TIM_DMA_ID_CC2]->XferHalfCpltCallback = TIM_DMADelayPulseHalfCplt;
 2280              		.loc 1 928 52 view .LVU661
 2281 0152 2649     		ldr	r1, .L192
 2282              	.LVL155:
 928:Drivers/STM32L4xx_HAL_Driver/Src/stm32l4xx_hal_tim_ex.c ****       htim->hdma[TIM_DMA_ID_CC2]->XferHalfCpltCallback = TIM_DMADelayPulseHalfCplt;
 2283              		.loc 1 928 52 view .LVU662
 2284 0154 D162     		str	r1, [r2, #44]
 929:Drivers/STM32L4xx_HAL_Driver/Src/stm32l4xx_hal_tim_ex.c **** 
 2285              		.loc 1 929 7 is_stmt 1 view .LVU663
 929:Drivers/STM32L4xx_HAL_Driver/Src/stm32l4xx_hal_tim_ex.c **** 
 2286              		.loc 1 929 17 is_stmt 0 view .LVU664
 2287 0156 A26A     		ldr	r2, [r4, #40]
 929:Drivers/STM32L4xx_HAL_Driver/Src/stm32l4xx_hal_tim_ex.c **** 
 2288              		.loc 1 929 56 view .LVU665
 2289 0158 2549     		ldr	r1, .L192+4
 2290 015a 1163     		str	r1, [r2, #48]
 932:Drivers/STM32L4xx_HAL_Driver/Src/stm32l4xx_hal_tim_ex.c **** 
 2291              		.loc 1 932 7 is_stmt 1 view .LVU666
 932:Drivers/STM32L4xx_HAL_Driver/Src/stm32l4xx_hal_tim_ex.c **** 
 2292              		.loc 1 932 17 is_stmt 0 view .LVU667
 2293 015c A26A     		ldr	r2, [r4, #40]
 932:Drivers/STM32L4xx_HAL_Driver/Src/stm32l4xx_hal_tim_ex.c **** 
 2294              		.loc 1 932 53 view .LVU668
 2295 015e 2549     		ldr	r1, .L192+8
 2296 0160 5163     		str	r1, [r2, #52]
 935:Drivers/STM32L4xx_HAL_Driver/Src/stm32l4xx_hal_tim_ex.c ****                            Length) != HAL_OK)
 2297              		.loc 1 935 7 is_stmt 1 view .LVU669
 935:Drivers/STM32L4xx_HAL_Driver/Src/stm32l4xx_hal_tim_ex.c ****                            Length) != HAL_OK)
 2298              		.loc 1 935 88 is_stmt 0 view .LVU670
 2299 0162 2268     		ldr	r2, [r4]
 935:Drivers/STM32L4xx_HAL_Driver/Src/stm32l4xx_hal_tim_ex.c ****                            Length) != HAL_OK)
 2300              		.loc 1 935 11 view .LVU671
 2301 0164 3832     		adds	r2, r2, #56
 2302 0166 3146     		mov	r1, r6
 2303 0168 A06A     		ldr	r0, [r4, #40]
 2304 016a FFF7FEFF 		bl	HAL_DMA_Start_IT
 2305              	.LVL156:
 935:Drivers/STM32L4xx_HAL_Driver/Src/stm32l4xx_hal_tim_ex.c ****                            Length) != HAL_OK)
 2306              		.loc 1 935 10 view .LVU672
 2307 016e 0028     		cmp	r0, #0
 2308 0170 33D1     		bne	.L180
 942:Drivers/STM32L4xx_HAL_Driver/Src/stm32l4xx_hal_tim_ex.c ****       break;
 2309              		.loc 1 942 7 is_stmt 1 view .LVU673
 2310 0172 2268     		ldr	r2, [r4]
 2311 0174 D368     		ldr	r3, [r2, #12]
 2312 0176 43F48063 		orr	r3, r3, #1024
 2313 017a D360     		str	r3, [r2, #12]
 943:Drivers/STM32L4xx_HAL_Driver/Src/stm32l4xx_hal_tim_ex.c ****     }
 2314              		.loc 1 943 7 view .LVU674
 972:Drivers/STM32L4xx_HAL_Driver/Src/stm32l4xx_hal_tim_ex.c ****   {
 2315              		.loc 1 972 3 view .LVU675
 2316 017c CDE7     		b	.L171
 2317              	.LVL157:
 2318              	.L170:
 949:Drivers/STM32L4xx_HAL_Driver/Src/stm32l4xx_hal_tim_ex.c ****       htim->hdma[TIM_DMA_ID_CC3]->XferHalfCpltCallback = TIM_DMADelayPulseHalfCplt;
 2319              		.loc 1 949 7 view .LVU676
ARM GAS  /tmp/ccRvkrha.s 			page 102


 949:Drivers/STM32L4xx_HAL_Driver/Src/stm32l4xx_hal_tim_ex.c ****       htim->hdma[TIM_DMA_ID_CC3]->XferHalfCpltCallback = TIM_DMADelayPulseHalfCplt;
 2320              		.loc 1 949 17 is_stmt 0 view .LVU677
 2321 017e E26A     		ldr	r2, [r4, #44]
 949:Drivers/STM32L4xx_HAL_Driver/Src/stm32l4xx_hal_tim_ex.c ****       htim->hdma[TIM_DMA_ID_CC3]->XferHalfCpltCallback = TIM_DMADelayPulseHalfCplt;
 2322              		.loc 1 949 52 view .LVU678
 2323 0180 1A49     		ldr	r1, .L192
 2324              	.LVL158:
 949:Drivers/STM32L4xx_HAL_Driver/Src/stm32l4xx_hal_tim_ex.c ****       htim->hdma[TIM_DMA_ID_CC3]->XferHalfCpltCallback = TIM_DMADelayPulseHalfCplt;
 2325              		.loc 1 949 52 view .LVU679
 2326 0182 D162     		str	r1, [r2, #44]
 950:Drivers/STM32L4xx_HAL_Driver/Src/stm32l4xx_hal_tim_ex.c **** 
 2327              		.loc 1 950 7 is_stmt 1 view .LVU680
 950:Drivers/STM32L4xx_HAL_Driver/Src/stm32l4xx_hal_tim_ex.c **** 
 2328              		.loc 1 950 17 is_stmt 0 view .LVU681
 2329 0184 E26A     		ldr	r2, [r4, #44]
 950:Drivers/STM32L4xx_HAL_Driver/Src/stm32l4xx_hal_tim_ex.c **** 
 2330              		.loc 1 950 56 view .LVU682
 2331 0186 1A49     		ldr	r1, .L192+4
 2332 0188 1163     		str	r1, [r2, #48]
 953:Drivers/STM32L4xx_HAL_Driver/Src/stm32l4xx_hal_tim_ex.c **** 
 2333              		.loc 1 953 7 is_stmt 1 view .LVU683
 953:Drivers/STM32L4xx_HAL_Driver/Src/stm32l4xx_hal_tim_ex.c **** 
 2334              		.loc 1 953 17 is_stmt 0 view .LVU684
 2335 018a E26A     		ldr	r2, [r4, #44]
 953:Drivers/STM32L4xx_HAL_Driver/Src/stm32l4xx_hal_tim_ex.c **** 
 2336              		.loc 1 953 53 view .LVU685
 2337 018c 1949     		ldr	r1, .L192+8
 2338 018e 5163     		str	r1, [r2, #52]
 956:Drivers/STM32L4xx_HAL_Driver/Src/stm32l4xx_hal_tim_ex.c ****                            Length) != HAL_OK)
 2339              		.loc 1 956 7 is_stmt 1 view .LVU686
 956:Drivers/STM32L4xx_HAL_Driver/Src/stm32l4xx_hal_tim_ex.c ****                            Length) != HAL_OK)
 2340              		.loc 1 956 88 is_stmt 0 view .LVU687
 2341 0190 2268     		ldr	r2, [r4]
 956:Drivers/STM32L4xx_HAL_Driver/Src/stm32l4xx_hal_tim_ex.c ****                            Length) != HAL_OK)
 2342              		.loc 1 956 11 view .LVU688
 2343 0192 3C32     		adds	r2, r2, #60
 2344 0194 3146     		mov	r1, r6
 2345 0196 E06A     		ldr	r0, [r4, #44]
 2346 0198 FFF7FEFF 		bl	HAL_DMA_Start_IT
 2347              	.LVL159:
 956:Drivers/STM32L4xx_HAL_Driver/Src/stm32l4xx_hal_tim_ex.c ****                            Length) != HAL_OK)
 2348              		.loc 1 956 10 view .LVU689
 2349 019c F8B9     		cbnz	r0, .L181
 963:Drivers/STM32L4xx_HAL_Driver/Src/stm32l4xx_hal_tim_ex.c ****       break;
 2350              		.loc 1 963 7 is_stmt 1 view .LVU690
 2351 019e 2268     		ldr	r2, [r4]
 2352 01a0 D368     		ldr	r3, [r2, #12]
 2353 01a2 43F40063 		orr	r3, r3, #2048
 2354 01a6 D360     		str	r3, [r2, #12]
 964:Drivers/STM32L4xx_HAL_Driver/Src/stm32l4xx_hal_tim_ex.c ****     }
 2355              		.loc 1 964 7 view .LVU691
 972:Drivers/STM32L4xx_HAL_Driver/Src/stm32l4xx_hal_tim_ex.c ****   {
 2356              		.loc 1 972 3 view .LVU692
 2357 01a8 B7E7     		b	.L171
 2358              	.L172:
 983:Drivers/STM32L4xx_HAL_Driver/Src/stm32l4xx_hal_tim_ex.c ****       if (!IS_TIM_SLAVEMODE_TRIGGER_ENABLED(tmpsmcr))
 2359              		.loc 1 983 7 view .LVU693
ARM GAS  /tmp/ccRvkrha.s 			page 103


 983:Drivers/STM32L4xx_HAL_Driver/Src/stm32l4xx_hal_tim_ex.c ****       if (!IS_TIM_SLAVEMODE_TRIGGER_ENABLED(tmpsmcr))
 2360              		.loc 1 983 31 is_stmt 0 view .LVU694
 2361 01aa 9968     		ldr	r1, [r3, #8]
 983:Drivers/STM32L4xx_HAL_Driver/Src/stm32l4xx_hal_tim_ex.c ****       if (!IS_TIM_SLAVEMODE_TRIGGER_ENABLED(tmpsmcr))
 2362              		.loc 1 983 15 view .LVU695
 2363 01ac 134A     		ldr	r2, .L192+16
 2364 01ae 0A40     		ands	r2, r2, r1
 2365              	.LVL160:
 984:Drivers/STM32L4xx_HAL_Driver/Src/stm32l4xx_hal_tim_ex.c ****       {
 2366              		.loc 1 984 7 is_stmt 1 view .LVU696
 984:Drivers/STM32L4xx_HAL_Driver/Src/stm32l4xx_hal_tim_ex.c ****       {
 2367              		.loc 1 984 10 is_stmt 0 view .LVU697
 2368 01b0 062A     		cmp	r2, #6
 2369 01b2 16D0     		beq	.L182
 984:Drivers/STM32L4xx_HAL_Driver/Src/stm32l4xx_hal_tim_ex.c ****       {
 2370              		.loc 1 984 11 discriminator 1 view .LVU698
 2371 01b4 B2F5803F 		cmp	r2, #65536
 2372 01b8 15D0     		beq	.L183
 986:Drivers/STM32L4xx_HAL_Driver/Src/stm32l4xx_hal_tim_ex.c ****       }
 2373              		.loc 1 986 9 is_stmt 1 view .LVU699
 2374 01ba 1A68     		ldr	r2, [r3]
 2375              	.LVL161:
 986:Drivers/STM32L4xx_HAL_Driver/Src/stm32l4xx_hal_tim_ex.c ****       }
 2376              		.loc 1 986 9 is_stmt 0 view .LVU700
 2377 01bc 42F00102 		orr	r2, r2, #1
 2378 01c0 1A60     		str	r2, [r3]
 2379 01c2 0020     		movs	r0, #0
 2380 01c4 02E0     		b	.L160
 2381              	.LVL162:
 2382              	.L174:
 884:Drivers/STM32L4xx_HAL_Driver/Src/stm32l4xx_hal_tim_ex.c ****   }
 2383              		.loc 1 884 12 view .LVU701
 2384 01c6 0220     		movs	r0, #2
 2385 01c8 00E0     		b	.L160
 2386              	.LVL163:
 2387              	.L175:
 899:Drivers/STM32L4xx_HAL_Driver/Src/stm32l4xx_hal_tim_ex.c ****   }
 2388              		.loc 1 899 12 view .LVU702
 2389 01ca 0120     		movs	r0, #1
 2390              	.LVL164:
 2391              	.L160:
 997:Drivers/STM32L4xx_HAL_Driver/Src/stm32l4xx_hal_tim_ex.c **** 
 2392              		.loc 1 997 1 view .LVU703
 2393 01cc 70BD     		pop	{r4, r5, r6, pc}
 2394              	.LVL165:
 2395              	.L176:
 890:Drivers/STM32L4xx_HAL_Driver/Src/stm32l4xx_hal_tim_ex.c ****     }
 2396              		.loc 1 890 14 view .LVU704
 2397 01ce 0120     		movs	r0, #1
 2398 01d0 FCE7     		b	.L160
 2399              	.L177:
 2400 01d2 0120     		movs	r0, #1
 2401 01d4 FAE7     		b	.L160
 2402              	.LVL166:
 2403              	.L179:
 918:Drivers/STM32L4xx_HAL_Driver/Src/stm32l4xx_hal_tim_ex.c ****       }
 2404              		.loc 1 918 16 view .LVU705
ARM GAS  /tmp/ccRvkrha.s 			page 104


 2405 01d6 0120     		movs	r0, #1
 2406 01d8 F8E7     		b	.L160
 2407              	.L180:
 939:Drivers/STM32L4xx_HAL_Driver/Src/stm32l4xx_hal_tim_ex.c ****       }
 2408              		.loc 1 939 16 view .LVU706
 2409 01da 0120     		movs	r0, #1
 2410 01dc F6E7     		b	.L160
 2411              	.L181:
 960:Drivers/STM32L4xx_HAL_Driver/Src/stm32l4xx_hal_tim_ex.c ****       }
 2412              		.loc 1 960 16 view .LVU707
 2413 01de 0120     		movs	r0, #1
 2414 01e0 F4E7     		b	.L160
 2415              	.LVL167:
 2416              	.L182:
 960:Drivers/STM32L4xx_HAL_Driver/Src/stm32l4xx_hal_tim_ex.c ****       }
 2417              		.loc 1 960 16 view .LVU708
 2418 01e2 0020     		movs	r0, #0
 2419 01e4 F2E7     		b	.L160
 2420              	.L183:
 2421 01e6 0020     		movs	r0, #0
 2422 01e8 F0E7     		b	.L160
 2423              	.L193:
 2424 01ea 00BF     		.align	2
 2425              	.L192:
 2426 01ec 00000000 		.word	TIM_DMADelayPulseNCplt
 2427 01f0 00000000 		.word	TIM_DMADelayPulseHalfCplt
 2428 01f4 00000000 		.word	TIM_DMAErrorCCxN
 2429 01f8 002C0140 		.word	1073818624
 2430 01fc 07000100 		.word	65543
 2431              		.cfi_endproc
 2432              	.LFE146:
 2434              		.section	.text.HAL_TIMEx_OCN_Stop_DMA,"ax",%progbits
 2435              		.align	1
 2436              		.global	HAL_TIMEx_OCN_Stop_DMA
 2437              		.syntax unified
 2438              		.thumb
 2439              		.thumb_func
 2441              	HAL_TIMEx_OCN_Stop_DMA:
 2442              	.LVL168:
 2443              	.LFB147:
1011:Drivers/STM32L4xx_HAL_Driver/Src/stm32l4xx_hal_tim_ex.c ****   HAL_StatusTypeDef status = HAL_OK;
 2444              		.loc 1 1011 1 is_stmt 1 view -0
 2445              		.cfi_startproc
 2446              		@ args = 0, pretend = 0, frame = 0
 2447              		@ frame_needed = 0, uses_anonymous_args = 0
1011:Drivers/STM32L4xx_HAL_Driver/Src/stm32l4xx_hal_tim_ex.c ****   HAL_StatusTypeDef status = HAL_OK;
 2448              		.loc 1 1011 1 is_stmt 0 view .LVU710
 2449 0000 38B5     		push	{r3, r4, r5, lr}
 2450              	.LCFI19:
 2451              		.cfi_def_cfa_offset 16
 2452              		.cfi_offset 3, -16
 2453              		.cfi_offset 4, -12
 2454              		.cfi_offset 5, -8
 2455              		.cfi_offset 14, -4
 2456 0002 0546     		mov	r5, r0
 2457 0004 0C46     		mov	r4, r1
1012:Drivers/STM32L4xx_HAL_Driver/Src/stm32l4xx_hal_tim_ex.c **** 
ARM GAS  /tmp/ccRvkrha.s 			page 105


 2458              		.loc 1 1012 3 is_stmt 1 view .LVU711
 2459              	.LVL169:
1015:Drivers/STM32L4xx_HAL_Driver/Src/stm32l4xx_hal_tim_ex.c **** 
 2460              		.loc 1 1015 3 view .LVU712
1017:Drivers/STM32L4xx_HAL_Driver/Src/stm32l4xx_hal_tim_ex.c ****   {
 2461              		.loc 1 1017 3 view .LVU713
 2462 0006 0429     		cmp	r1, #4
 2463 0008 35D0     		beq	.L195
 2464 000a 0829     		cmp	r1, #8
 2465 000c 3CD0     		beq	.L196
 2466 000e 09B1     		cbz	r1, .L206
 2467 0010 0120     		movs	r0, #1
 2468              	.LVL170:
 2469              	.L197:
1064:Drivers/STM32L4xx_HAL_Driver/Src/stm32l4xx_hal_tim_ex.c **** }
 2470              		.loc 1 1064 3 view .LVU714
1065:Drivers/STM32L4xx_HAL_Driver/Src/stm32l4xx_hal_tim_ex.c **** 
 2471              		.loc 1 1065 1 is_stmt 0 view .LVU715
 2472 0012 38BD     		pop	{r3, r4, r5, pc}
 2473              	.LVL171:
 2474              	.L206:
1022:Drivers/STM32L4xx_HAL_Driver/Src/stm32l4xx_hal_tim_ex.c ****       (void)HAL_DMA_Abort_IT(htim->hdma[TIM_DMA_ID_CC1]);
 2475              		.loc 1 1022 7 is_stmt 1 view .LVU716
 2476 0014 0268     		ldr	r2, [r0]
 2477 0016 D368     		ldr	r3, [r2, #12]
 2478 0018 23F40073 		bic	r3, r3, #512
 2479 001c D360     		str	r3, [r2, #12]
1023:Drivers/STM32L4xx_HAL_Driver/Src/stm32l4xx_hal_tim_ex.c ****       break;
 2480              		.loc 1 1023 7 view .LVU717
1023:Drivers/STM32L4xx_HAL_Driver/Src/stm32l4xx_hal_tim_ex.c ****       break;
 2481              		.loc 1 1023 13 is_stmt 0 view .LVU718
 2482 001e 406A     		ldr	r0, [r0, #36]
 2483              	.LVL172:
1023:Drivers/STM32L4xx_HAL_Driver/Src/stm32l4xx_hal_tim_ex.c ****       break;
 2484              		.loc 1 1023 13 view .LVU719
 2485 0020 FFF7FEFF 		bl	HAL_DMA_Abort_IT
 2486              	.LVL173:
1024:Drivers/STM32L4xx_HAL_Driver/Src/stm32l4xx_hal_tim_ex.c ****     }
 2487              		.loc 1 1024 7 is_stmt 1 view .LVU720
1048:Drivers/STM32L4xx_HAL_Driver/Src/stm32l4xx_hal_tim_ex.c ****   {
 2488              		.loc 1 1048 3 view .LVU721
 2489              	.L198:
1051:Drivers/STM32L4xx_HAL_Driver/Src/stm32l4xx_hal_tim_ex.c **** 
 2490              		.loc 1 1051 5 view .LVU722
 2491 0024 0022     		movs	r2, #0
 2492 0026 2146     		mov	r1, r4
 2493 0028 2868     		ldr	r0, [r5]
 2494 002a FFF7FEFF 		bl	TIM_CCxNChannelCmd
 2495              	.LVL174:
1054:Drivers/STM32L4xx_HAL_Driver/Src/stm32l4xx_hal_tim_ex.c **** 
 2496              		.loc 1 1054 5 view .LVU723
1054:Drivers/STM32L4xx_HAL_Driver/Src/stm32l4xx_hal_tim_ex.c **** 
 2497              		.loc 1 1054 5 view .LVU724
 2498 002e 2B68     		ldr	r3, [r5]
 2499 0030 196A     		ldr	r1, [r3, #32]
 2500 0032 41F21112 		movw	r2, #4369
 2501 0036 1142     		tst	r1, r2
ARM GAS  /tmp/ccRvkrha.s 			page 106


 2502 0038 08D1     		bne	.L199
1054:Drivers/STM32L4xx_HAL_Driver/Src/stm32l4xx_hal_tim_ex.c **** 
 2503              		.loc 1 1054 5 discriminator 1 view .LVU725
 2504 003a 196A     		ldr	r1, [r3, #32]
 2505 003c 40F24442 		movw	r2, #1092
 2506 0040 1142     		tst	r1, r2
 2507 0042 03D1     		bne	.L199
1054:Drivers/STM32L4xx_HAL_Driver/Src/stm32l4xx_hal_tim_ex.c **** 
 2508              		.loc 1 1054 5 discriminator 3 view .LVU726
 2509 0044 5A6C     		ldr	r2, [r3, #68]
 2510 0046 22F40042 		bic	r2, r2, #32768
 2511 004a 5A64     		str	r2, [r3, #68]
 2512              	.L199:
1054:Drivers/STM32L4xx_HAL_Driver/Src/stm32l4xx_hal_tim_ex.c **** 
 2513              		.loc 1 1054 5 discriminator 5 view .LVU727
1057:Drivers/STM32L4xx_HAL_Driver/Src/stm32l4xx_hal_tim_ex.c **** 
 2514              		.loc 1 1057 5 discriminator 5 view .LVU728
1057:Drivers/STM32L4xx_HAL_Driver/Src/stm32l4xx_hal_tim_ex.c **** 
 2515              		.loc 1 1057 5 discriminator 5 view .LVU729
 2516 004c 2B68     		ldr	r3, [r5]
 2517 004e 196A     		ldr	r1, [r3, #32]
 2518 0050 41F21112 		movw	r2, #4369
 2519 0054 1142     		tst	r1, r2
 2520 0056 08D1     		bne	.L200
1057:Drivers/STM32L4xx_HAL_Driver/Src/stm32l4xx_hal_tim_ex.c **** 
 2521              		.loc 1 1057 5 discriminator 1 view .LVU730
 2522 0058 196A     		ldr	r1, [r3, #32]
 2523 005a 40F24442 		movw	r2, #1092
 2524 005e 1142     		tst	r1, r2
 2525 0060 03D1     		bne	.L200
1057:Drivers/STM32L4xx_HAL_Driver/Src/stm32l4xx_hal_tim_ex.c **** 
 2526              		.loc 1 1057 5 discriminator 3 view .LVU731
 2527 0062 1A68     		ldr	r2, [r3]
 2528 0064 22F00102 		bic	r2, r2, #1
 2529 0068 1A60     		str	r2, [r3]
 2530              	.L200:
1057:Drivers/STM32L4xx_HAL_Driver/Src/stm32l4xx_hal_tim_ex.c **** 
 2531              		.loc 1 1057 5 discriminator 5 view .LVU732
1060:Drivers/STM32L4xx_HAL_Driver/Src/stm32l4xx_hal_tim_ex.c ****   }
 2532              		.loc 1 1060 5 discriminator 5 view .LVU733
 2533 006a B4B9     		cbnz	r4, .L201
1060:Drivers/STM32L4xx_HAL_Driver/Src/stm32l4xx_hal_tim_ex.c ****   }
 2534              		.loc 1 1060 5 is_stmt 0 discriminator 1 view .LVU734
 2535 006c 0123     		movs	r3, #1
 2536 006e 85F84430 		strb	r3, [r5, #68]
 2537 0072 0020     		movs	r0, #0
 2538 0074 CDE7     		b	.L197
 2539              	.LVL175:
 2540              	.L195:
1030:Drivers/STM32L4xx_HAL_Driver/Src/stm32l4xx_hal_tim_ex.c ****       (void)HAL_DMA_Abort_IT(htim->hdma[TIM_DMA_ID_CC2]);
 2541              		.loc 1 1030 7 is_stmt 1 view .LVU735
 2542 0076 0268     		ldr	r2, [r0]
 2543 0078 D368     		ldr	r3, [r2, #12]
 2544 007a 23F48063 		bic	r3, r3, #1024
 2545 007e D360     		str	r3, [r2, #12]
1031:Drivers/STM32L4xx_HAL_Driver/Src/stm32l4xx_hal_tim_ex.c ****       break;
 2546              		.loc 1 1031 7 view .LVU736
ARM GAS  /tmp/ccRvkrha.s 			page 107


1031:Drivers/STM32L4xx_HAL_Driver/Src/stm32l4xx_hal_tim_ex.c ****       break;
 2547              		.loc 1 1031 13 is_stmt 0 view .LVU737
 2548 0080 806A     		ldr	r0, [r0, #40]
 2549              	.LVL176:
1031:Drivers/STM32L4xx_HAL_Driver/Src/stm32l4xx_hal_tim_ex.c ****       break;
 2550              		.loc 1 1031 13 view .LVU738
 2551 0082 FFF7FEFF 		bl	HAL_DMA_Abort_IT
 2552              	.LVL177:
1032:Drivers/STM32L4xx_HAL_Driver/Src/stm32l4xx_hal_tim_ex.c ****     }
 2553              		.loc 1 1032 7 is_stmt 1 view .LVU739
1048:Drivers/STM32L4xx_HAL_Driver/Src/stm32l4xx_hal_tim_ex.c ****   {
 2554              		.loc 1 1048 3 view .LVU740
 2555 0086 CDE7     		b	.L198
 2556              	.LVL178:
 2557              	.L196:
1038:Drivers/STM32L4xx_HAL_Driver/Src/stm32l4xx_hal_tim_ex.c ****       (void)HAL_DMA_Abort_IT(htim->hdma[TIM_DMA_ID_CC3]);
 2558              		.loc 1 1038 7 view .LVU741
 2559 0088 0268     		ldr	r2, [r0]
 2560 008a D368     		ldr	r3, [r2, #12]
 2561 008c 23F40063 		bic	r3, r3, #2048
 2562 0090 D360     		str	r3, [r2, #12]
1039:Drivers/STM32L4xx_HAL_Driver/Src/stm32l4xx_hal_tim_ex.c ****       break;
 2563              		.loc 1 1039 7 view .LVU742
1039:Drivers/STM32L4xx_HAL_Driver/Src/stm32l4xx_hal_tim_ex.c ****       break;
 2564              		.loc 1 1039 13 is_stmt 0 view .LVU743
 2565 0092 C06A     		ldr	r0, [r0, #44]
 2566              	.LVL179:
1039:Drivers/STM32L4xx_HAL_Driver/Src/stm32l4xx_hal_tim_ex.c ****       break;
 2567              		.loc 1 1039 13 view .LVU744
 2568 0094 FFF7FEFF 		bl	HAL_DMA_Abort_IT
 2569              	.LVL180:
1040:Drivers/STM32L4xx_HAL_Driver/Src/stm32l4xx_hal_tim_ex.c ****     }
 2570              		.loc 1 1040 7 is_stmt 1 view .LVU745
1048:Drivers/STM32L4xx_HAL_Driver/Src/stm32l4xx_hal_tim_ex.c ****   {
 2571              		.loc 1 1048 3 view .LVU746
 2572 0098 C4E7     		b	.L198
 2573              	.L201:
1060:Drivers/STM32L4xx_HAL_Driver/Src/stm32l4xx_hal_tim_ex.c ****   }
 2574              		.loc 1 1060 5 is_stmt 0 discriminator 2 view .LVU747
 2575 009a 042C     		cmp	r4, #4
 2576 009c 06D0     		beq	.L207
1060:Drivers/STM32L4xx_HAL_Driver/Src/stm32l4xx_hal_tim_ex.c ****   }
 2577              		.loc 1 1060 5 discriminator 4 view .LVU748
 2578 009e 082C     		cmp	r4, #8
 2579 00a0 09D0     		beq	.L208
1060:Drivers/STM32L4xx_HAL_Driver/Src/stm32l4xx_hal_tim_ex.c ****   }
 2580              		.loc 1 1060 5 discriminator 7 view .LVU749
 2581 00a2 0123     		movs	r3, #1
 2582 00a4 85F84730 		strb	r3, [r5, #71]
 2583 00a8 0020     		movs	r0, #0
 2584 00aa B2E7     		b	.L197
 2585              	.L207:
1060:Drivers/STM32L4xx_HAL_Driver/Src/stm32l4xx_hal_tim_ex.c ****   }
 2586              		.loc 1 1060 5 discriminator 3 view .LVU750
 2587 00ac 0123     		movs	r3, #1
 2588 00ae 85F84530 		strb	r3, [r5, #69]
 2589 00b2 0020     		movs	r0, #0
ARM GAS  /tmp/ccRvkrha.s 			page 108


 2590 00b4 ADE7     		b	.L197
 2591              	.L208:
1060:Drivers/STM32L4xx_HAL_Driver/Src/stm32l4xx_hal_tim_ex.c ****   }
 2592              		.loc 1 1060 5 discriminator 6 view .LVU751
 2593 00b6 0123     		movs	r3, #1
 2594 00b8 85F84630 		strb	r3, [r5, #70]
 2595 00bc 0020     		movs	r0, #0
 2596 00be A8E7     		b	.L197
 2597              		.cfi_endproc
 2598              	.LFE147:
 2600              		.section	.text.HAL_TIMEx_PWMN_Start,"ax",%progbits
 2601              		.align	1
 2602              		.global	HAL_TIMEx_PWMN_Start
 2603              		.syntax unified
 2604              		.thumb
 2605              		.thumb_func
 2607              	HAL_TIMEx_PWMN_Start:
 2608              	.LVL181:
 2609              	.LFB148:
1101:Drivers/STM32L4xx_HAL_Driver/Src/stm32l4xx_hal_tim_ex.c ****   uint32_t tmpsmcr;
 2610              		.loc 1 1101 1 is_stmt 1 view -0
 2611              		.cfi_startproc
 2612              		@ args = 0, pretend = 0, frame = 0
 2613              		@ frame_needed = 0, uses_anonymous_args = 0
1101:Drivers/STM32L4xx_HAL_Driver/Src/stm32l4xx_hal_tim_ex.c ****   uint32_t tmpsmcr;
 2614              		.loc 1 1101 1 is_stmt 0 view .LVU753
 2615 0000 10B5     		push	{r4, lr}
 2616              	.LCFI20:
 2617              		.cfi_def_cfa_offset 8
 2618              		.cfi_offset 4, -8
 2619              		.cfi_offset 14, -4
 2620 0002 0446     		mov	r4, r0
1102:Drivers/STM32L4xx_HAL_Driver/Src/stm32l4xx_hal_tim_ex.c **** 
 2621              		.loc 1 1102 3 is_stmt 1 view .LVU754
1105:Drivers/STM32L4xx_HAL_Driver/Src/stm32l4xx_hal_tim_ex.c **** 
 2622              		.loc 1 1105 3 view .LVU755
1108:Drivers/STM32L4xx_HAL_Driver/Src/stm32l4xx_hal_tim_ex.c ****   {
 2623              		.loc 1 1108 3 view .LVU756
1108:Drivers/STM32L4xx_HAL_Driver/Src/stm32l4xx_hal_tim_ex.c ****   {
 2624              		.loc 1 1108 46 is_stmt 0 view .LVU757
 2625 0004 0846     		mov	r0, r1
 2626              	.LVL182:
1108:Drivers/STM32L4xx_HAL_Driver/Src/stm32l4xx_hal_tim_ex.c ****   {
 2627              		.loc 1 1108 46 view .LVU758
 2628 0006 39BB     		cbnz	r1, .L210
1108:Drivers/STM32L4xx_HAL_Driver/Src/stm32l4xx_hal_tim_ex.c ****   {
 2629              		.loc 1 1108 7 discriminator 1 view .LVU759
 2630 0008 94F84430 		ldrb	r3, [r4, #68]	@ zero_extendqisi2
 2631 000c DBB2     		uxtb	r3, r3
1108:Drivers/STM32L4xx_HAL_Driver/Src/stm32l4xx_hal_tim_ex.c ****   {
 2632              		.loc 1 1108 46 discriminator 1 view .LVU760
 2633 000e 013B     		subs	r3, r3, #1
 2634 0010 18BF     		it	ne
 2635 0012 0123     		movne	r3, #1
 2636              	.L211:
1108:Drivers/STM32L4xx_HAL_Driver/Src/stm32l4xx_hal_tim_ex.c ****   {
 2637              		.loc 1 1108 6 discriminator 12 view .LVU761
ARM GAS  /tmp/ccRvkrha.s 			page 109


 2638 0014 002B     		cmp	r3, #0
 2639 0016 56D1     		bne	.L221
1114:Drivers/STM32L4xx_HAL_Driver/Src/stm32l4xx_hal_tim_ex.c **** 
 2640              		.loc 1 1114 3 is_stmt 1 view .LVU762
 2641 0018 0028     		cmp	r0, #0
 2642 001a 36D1     		bne	.L215
1114:Drivers/STM32L4xx_HAL_Driver/Src/stm32l4xx_hal_tim_ex.c **** 
 2643              		.loc 1 1114 3 is_stmt 0 discriminator 1 view .LVU763
 2644 001c 0223     		movs	r3, #2
 2645 001e 84F84430 		strb	r3, [r4, #68]
 2646              	.L216:
1117:Drivers/STM32L4xx_HAL_Driver/Src/stm32l4xx_hal_tim_ex.c **** 
 2647              		.loc 1 1117 3 is_stmt 1 view .LVU764
 2648 0022 0422     		movs	r2, #4
 2649 0024 0146     		mov	r1, r0
 2650              	.LVL183:
1117:Drivers/STM32L4xx_HAL_Driver/Src/stm32l4xx_hal_tim_ex.c **** 
 2651              		.loc 1 1117 3 is_stmt 0 view .LVU765
 2652 0026 2068     		ldr	r0, [r4]
 2653              	.LVL184:
1117:Drivers/STM32L4xx_HAL_Driver/Src/stm32l4xx_hal_tim_ex.c **** 
 2654              		.loc 1 1117 3 view .LVU766
 2655 0028 FFF7FEFF 		bl	TIM_CCxNChannelCmd
 2656              	.LVL185:
1120:Drivers/STM32L4xx_HAL_Driver/Src/stm32l4xx_hal_tim_ex.c **** 
 2657              		.loc 1 1120 3 is_stmt 1 view .LVU767
 2658 002c 2268     		ldr	r2, [r4]
 2659 002e 536C     		ldr	r3, [r2, #68]
 2660 0030 43F40043 		orr	r3, r3, #32768
 2661 0034 5364     		str	r3, [r2, #68]
1123:Drivers/STM32L4xx_HAL_Driver/Src/stm32l4xx_hal_tim_ex.c ****   {
 2662              		.loc 1 1123 3 view .LVU768
1123:Drivers/STM32L4xx_HAL_Driver/Src/stm32l4xx_hal_tim_ex.c ****   {
 2663              		.loc 1 1123 7 is_stmt 0 view .LVU769
 2664 0036 2368     		ldr	r3, [r4]
1123:Drivers/STM32L4xx_HAL_Driver/Src/stm32l4xx_hal_tim_ex.c ****   {
 2665              		.loc 1 1123 6 view .LVU770
 2666 0038 264A     		ldr	r2, .L229
 2667 003a 9342     		cmp	r3, r2
 2668 003c 35D0     		beq	.L219
1123:Drivers/STM32L4xx_HAL_Driver/Src/stm32l4xx_hal_tim_ex.c ****   {
 2669              		.loc 1 1123 7 discriminator 1 view .LVU771
 2670 003e B3F1804F 		cmp	r3, #1073741824
 2671 0042 32D0     		beq	.L219
1123:Drivers/STM32L4xx_HAL_Driver/Src/stm32l4xx_hal_tim_ex.c ****   {
 2672              		.loc 1 1123 7 discriminator 2 view .LVU772
 2673 0044 02F5A052 		add	r2, r2, #5120
 2674 0048 9342     		cmp	r3, r2
 2675 004a 2ED0     		beq	.L219
1133:Drivers/STM32L4xx_HAL_Driver/Src/stm32l4xx_hal_tim_ex.c ****   }
 2676              		.loc 1 1133 5 is_stmt 1 view .LVU773
 2677 004c 1A68     		ldr	r2, [r3]
 2678 004e 42F00102 		orr	r2, r2, #1
 2679 0052 1A60     		str	r2, [r3]
1137:Drivers/STM32L4xx_HAL_Driver/Src/stm32l4xx_hal_tim_ex.c **** }
 2680              		.loc 1 1137 10 is_stmt 0 view .LVU774
 2681 0054 0020     		movs	r0, #0
ARM GAS  /tmp/ccRvkrha.s 			page 110


 2682 0056 37E0     		b	.L214
 2683              	.LVL186:
 2684              	.L210:
1108:Drivers/STM32L4xx_HAL_Driver/Src/stm32l4xx_hal_tim_ex.c ****   {
 2685              		.loc 1 1108 46 discriminator 2 view .LVU775
 2686 0058 0429     		cmp	r1, #4
 2687 005a 08D0     		beq	.L225
1108:Drivers/STM32L4xx_HAL_Driver/Src/stm32l4xx_hal_tim_ex.c ****   {
 2688              		.loc 1 1108 46 discriminator 5 view .LVU776
 2689 005c 0829     		cmp	r1, #8
 2690 005e 0DD0     		beq	.L226
1108:Drivers/STM32L4xx_HAL_Driver/Src/stm32l4xx_hal_tim_ex.c ****   {
 2691              		.loc 1 1108 7 discriminator 8 view .LVU777
 2692 0060 94F84730 		ldrb	r3, [r4, #71]	@ zero_extendqisi2
 2693 0064 DBB2     		uxtb	r3, r3
1108:Drivers/STM32L4xx_HAL_Driver/Src/stm32l4xx_hal_tim_ex.c ****   {
 2694              		.loc 1 1108 46 discriminator 8 view .LVU778
 2695 0066 013B     		subs	r3, r3, #1
 2696 0068 18BF     		it	ne
 2697 006a 0123     		movne	r3, #1
 2698 006c D2E7     		b	.L211
 2699              	.L225:
1108:Drivers/STM32L4xx_HAL_Driver/Src/stm32l4xx_hal_tim_ex.c ****   {
 2700              		.loc 1 1108 7 discriminator 4 view .LVU779
 2701 006e 94F84530 		ldrb	r3, [r4, #69]	@ zero_extendqisi2
 2702 0072 DBB2     		uxtb	r3, r3
1108:Drivers/STM32L4xx_HAL_Driver/Src/stm32l4xx_hal_tim_ex.c ****   {
 2703              		.loc 1 1108 46 discriminator 4 view .LVU780
 2704 0074 013B     		subs	r3, r3, #1
 2705 0076 18BF     		it	ne
 2706 0078 0123     		movne	r3, #1
 2707 007a CBE7     		b	.L211
 2708              	.L226:
1108:Drivers/STM32L4xx_HAL_Driver/Src/stm32l4xx_hal_tim_ex.c ****   {
 2709              		.loc 1 1108 7 discriminator 7 view .LVU781
 2710 007c 94F84630 		ldrb	r3, [r4, #70]	@ zero_extendqisi2
 2711 0080 DBB2     		uxtb	r3, r3
1108:Drivers/STM32L4xx_HAL_Driver/Src/stm32l4xx_hal_tim_ex.c ****   {
 2712              		.loc 1 1108 46 discriminator 7 view .LVU782
 2713 0082 013B     		subs	r3, r3, #1
 2714 0084 18BF     		it	ne
 2715 0086 0123     		movne	r3, #1
 2716 0088 C4E7     		b	.L211
 2717              	.L215:
1114:Drivers/STM32L4xx_HAL_Driver/Src/stm32l4xx_hal_tim_ex.c **** 
 2718              		.loc 1 1114 3 discriminator 2 view .LVU783
 2719 008a 0428     		cmp	r0, #4
 2720 008c 05D0     		beq	.L227
1114:Drivers/STM32L4xx_HAL_Driver/Src/stm32l4xx_hal_tim_ex.c **** 
 2721              		.loc 1 1114 3 discriminator 4 view .LVU784
 2722 008e 0828     		cmp	r0, #8
 2723 0090 07D0     		beq	.L228
1114:Drivers/STM32L4xx_HAL_Driver/Src/stm32l4xx_hal_tim_ex.c **** 
 2724              		.loc 1 1114 3 discriminator 7 view .LVU785
 2725 0092 0223     		movs	r3, #2
 2726 0094 84F84730 		strb	r3, [r4, #71]
 2727 0098 C3E7     		b	.L216
ARM GAS  /tmp/ccRvkrha.s 			page 111


 2728              	.L227:
1114:Drivers/STM32L4xx_HAL_Driver/Src/stm32l4xx_hal_tim_ex.c **** 
 2729              		.loc 1 1114 3 discriminator 3 view .LVU786
 2730 009a 0223     		movs	r3, #2
 2731 009c 84F84530 		strb	r3, [r4, #69]
 2732 00a0 BFE7     		b	.L216
 2733              	.L228:
1114:Drivers/STM32L4xx_HAL_Driver/Src/stm32l4xx_hal_tim_ex.c **** 
 2734              		.loc 1 1114 3 discriminator 6 view .LVU787
 2735 00a2 0223     		movs	r3, #2
 2736 00a4 84F84630 		strb	r3, [r4, #70]
 2737 00a8 BBE7     		b	.L216
 2738              	.LVL187:
 2739              	.L219:
1125:Drivers/STM32L4xx_HAL_Driver/Src/stm32l4xx_hal_tim_ex.c ****     if (!IS_TIM_SLAVEMODE_TRIGGER_ENABLED(tmpsmcr))
 2740              		.loc 1 1125 5 is_stmt 1 view .LVU788
1125:Drivers/STM32L4xx_HAL_Driver/Src/stm32l4xx_hal_tim_ex.c ****     if (!IS_TIM_SLAVEMODE_TRIGGER_ENABLED(tmpsmcr))
 2741              		.loc 1 1125 29 is_stmt 0 view .LVU789
 2742 00aa 9968     		ldr	r1, [r3, #8]
1125:Drivers/STM32L4xx_HAL_Driver/Src/stm32l4xx_hal_tim_ex.c ****     if (!IS_TIM_SLAVEMODE_TRIGGER_ENABLED(tmpsmcr))
 2743              		.loc 1 1125 13 view .LVU790
 2744 00ac 0A4A     		ldr	r2, .L229+4
 2745 00ae 0A40     		ands	r2, r2, r1
 2746              	.LVL188:
1126:Drivers/STM32L4xx_HAL_Driver/Src/stm32l4xx_hal_tim_ex.c ****     {
 2747              		.loc 1 1126 5 is_stmt 1 view .LVU791
1126:Drivers/STM32L4xx_HAL_Driver/Src/stm32l4xx_hal_tim_ex.c ****     {
 2748              		.loc 1 1126 8 is_stmt 0 view .LVU792
 2749 00b0 062A     		cmp	r2, #6
 2750 00b2 0AD0     		beq	.L222
1126:Drivers/STM32L4xx_HAL_Driver/Src/stm32l4xx_hal_tim_ex.c ****     {
 2751              		.loc 1 1126 9 discriminator 1 view .LVU793
 2752 00b4 B2F5803F 		cmp	r2, #65536
 2753 00b8 09D0     		beq	.L223
1128:Drivers/STM32L4xx_HAL_Driver/Src/stm32l4xx_hal_tim_ex.c ****     }
 2754              		.loc 1 1128 7 is_stmt 1 view .LVU794
 2755 00ba 1A68     		ldr	r2, [r3]
 2756              	.LVL189:
1128:Drivers/STM32L4xx_HAL_Driver/Src/stm32l4xx_hal_tim_ex.c ****     }
 2757              		.loc 1 1128 7 is_stmt 0 view .LVU795
 2758 00bc 42F00102 		orr	r2, r2, #1
 2759 00c0 1A60     		str	r2, [r3]
1137:Drivers/STM32L4xx_HAL_Driver/Src/stm32l4xx_hal_tim_ex.c **** }
 2760              		.loc 1 1137 10 view .LVU796
 2761 00c2 0020     		movs	r0, #0
 2762 00c4 00E0     		b	.L214
 2763              	.LVL190:
 2764              	.L221:
1110:Drivers/STM32L4xx_HAL_Driver/Src/stm32l4xx_hal_tim_ex.c ****   }
 2765              		.loc 1 1110 12 view .LVU797
 2766 00c6 0120     		movs	r0, #1
 2767              	.LVL191:
 2768              	.L214:
1138:Drivers/STM32L4xx_HAL_Driver/Src/stm32l4xx_hal_tim_ex.c **** 
 2769              		.loc 1 1138 1 view .LVU798
 2770 00c8 10BD     		pop	{r4, pc}
 2771              	.LVL192:
ARM GAS  /tmp/ccRvkrha.s 			page 112


 2772              	.L222:
1137:Drivers/STM32L4xx_HAL_Driver/Src/stm32l4xx_hal_tim_ex.c **** }
 2773              		.loc 1 1137 10 view .LVU799
 2774 00ca 0020     		movs	r0, #0
 2775 00cc FCE7     		b	.L214
 2776              	.L223:
 2777 00ce 0020     		movs	r0, #0
 2778 00d0 FAE7     		b	.L214
 2779              	.L230:
 2780 00d2 00BF     		.align	2
 2781              	.L229:
 2782 00d4 002C0140 		.word	1073818624
 2783 00d8 07000100 		.word	65543
 2784              		.cfi_endproc
 2785              	.LFE148:
 2787              		.section	.text.HAL_TIMEx_PWMN_Stop,"ax",%progbits
 2788              		.align	1
 2789              		.global	HAL_TIMEx_PWMN_Stop
 2790              		.syntax unified
 2791              		.thumb
 2792              		.thumb_func
 2794              	HAL_TIMEx_PWMN_Stop:
 2795              	.LVL193:
 2796              	.LFB149:
1151:Drivers/STM32L4xx_HAL_Driver/Src/stm32l4xx_hal_tim_ex.c ****   /* Check the parameters */
 2797              		.loc 1 1151 1 is_stmt 1 view -0
 2798              		.cfi_startproc
 2799              		@ args = 0, pretend = 0, frame = 0
 2800              		@ frame_needed = 0, uses_anonymous_args = 0
1151:Drivers/STM32L4xx_HAL_Driver/Src/stm32l4xx_hal_tim_ex.c ****   /* Check the parameters */
 2801              		.loc 1 1151 1 is_stmt 0 view .LVU801
 2802 0000 38B5     		push	{r3, r4, r5, lr}
 2803              	.LCFI21:
 2804              		.cfi_def_cfa_offset 16
 2805              		.cfi_offset 3, -16
 2806              		.cfi_offset 4, -12
 2807              		.cfi_offset 5, -8
 2808              		.cfi_offset 14, -4
 2809 0002 0446     		mov	r4, r0
 2810 0004 0D46     		mov	r5, r1
1153:Drivers/STM32L4xx_HAL_Driver/Src/stm32l4xx_hal_tim_ex.c **** 
 2811              		.loc 1 1153 3 is_stmt 1 view .LVU802
1156:Drivers/STM32L4xx_HAL_Driver/Src/stm32l4xx_hal_tim_ex.c **** 
 2812              		.loc 1 1156 3 view .LVU803
 2813 0006 0022     		movs	r2, #0
 2814 0008 0068     		ldr	r0, [r0]
 2815              	.LVL194:
1156:Drivers/STM32L4xx_HAL_Driver/Src/stm32l4xx_hal_tim_ex.c **** 
 2816              		.loc 1 1156 3 is_stmt 0 view .LVU804
 2817 000a FFF7FEFF 		bl	TIM_CCxNChannelCmd
 2818              	.LVL195:
1159:Drivers/STM32L4xx_HAL_Driver/Src/stm32l4xx_hal_tim_ex.c **** 
 2819              		.loc 1 1159 3 is_stmt 1 view .LVU805
1159:Drivers/STM32L4xx_HAL_Driver/Src/stm32l4xx_hal_tim_ex.c **** 
 2820              		.loc 1 1159 3 view .LVU806
 2821 000e 2368     		ldr	r3, [r4]
 2822 0010 196A     		ldr	r1, [r3, #32]
ARM GAS  /tmp/ccRvkrha.s 			page 113


 2823 0012 41F21112 		movw	r2, #4369
 2824 0016 1142     		tst	r1, r2
 2825 0018 08D1     		bne	.L232
1159:Drivers/STM32L4xx_HAL_Driver/Src/stm32l4xx_hal_tim_ex.c **** 
 2826              		.loc 1 1159 3 discriminator 1 view .LVU807
 2827 001a 196A     		ldr	r1, [r3, #32]
 2828 001c 40F24442 		movw	r2, #1092
 2829 0020 1142     		tst	r1, r2
 2830 0022 03D1     		bne	.L232
1159:Drivers/STM32L4xx_HAL_Driver/Src/stm32l4xx_hal_tim_ex.c **** 
 2831              		.loc 1 1159 3 discriminator 3 view .LVU808
 2832 0024 5A6C     		ldr	r2, [r3, #68]
 2833 0026 22F40042 		bic	r2, r2, #32768
 2834 002a 5A64     		str	r2, [r3, #68]
 2835              	.L232:
1159:Drivers/STM32L4xx_HAL_Driver/Src/stm32l4xx_hal_tim_ex.c **** 
 2836              		.loc 1 1159 3 discriminator 5 view .LVU809
1162:Drivers/STM32L4xx_HAL_Driver/Src/stm32l4xx_hal_tim_ex.c **** 
 2837              		.loc 1 1162 3 discriminator 5 view .LVU810
1162:Drivers/STM32L4xx_HAL_Driver/Src/stm32l4xx_hal_tim_ex.c **** 
 2838              		.loc 1 1162 3 discriminator 5 view .LVU811
 2839 002c 2368     		ldr	r3, [r4]
 2840 002e 196A     		ldr	r1, [r3, #32]
 2841 0030 41F21112 		movw	r2, #4369
 2842 0034 1142     		tst	r1, r2
 2843 0036 08D1     		bne	.L233
1162:Drivers/STM32L4xx_HAL_Driver/Src/stm32l4xx_hal_tim_ex.c **** 
 2844              		.loc 1 1162 3 discriminator 1 view .LVU812
 2845 0038 196A     		ldr	r1, [r3, #32]
 2846 003a 40F24442 		movw	r2, #1092
 2847 003e 1142     		tst	r1, r2
 2848 0040 03D1     		bne	.L233
1162:Drivers/STM32L4xx_HAL_Driver/Src/stm32l4xx_hal_tim_ex.c **** 
 2849              		.loc 1 1162 3 discriminator 3 view .LVU813
 2850 0042 1A68     		ldr	r2, [r3]
 2851 0044 22F00102 		bic	r2, r2, #1
 2852 0048 1A60     		str	r2, [r3]
 2853              	.L233:
1162:Drivers/STM32L4xx_HAL_Driver/Src/stm32l4xx_hal_tim_ex.c **** 
 2854              		.loc 1 1162 3 discriminator 5 view .LVU814
1165:Drivers/STM32L4xx_HAL_Driver/Src/stm32l4xx_hal_tim_ex.c **** 
 2855              		.loc 1 1165 3 discriminator 5 view .LVU815
 2856 004a 25B9     		cbnz	r5, .L234
1165:Drivers/STM32L4xx_HAL_Driver/Src/stm32l4xx_hal_tim_ex.c **** 
 2857              		.loc 1 1165 3 is_stmt 0 discriminator 1 view .LVU816
 2858 004c 0123     		movs	r3, #1
 2859 004e 84F84430 		strb	r3, [r4, #68]
 2860              	.L235:
1168:Drivers/STM32L4xx_HAL_Driver/Src/stm32l4xx_hal_tim_ex.c **** }
 2861              		.loc 1 1168 3 is_stmt 1 view .LVU817
1169:Drivers/STM32L4xx_HAL_Driver/Src/stm32l4xx_hal_tim_ex.c **** 
 2862              		.loc 1 1169 1 is_stmt 0 view .LVU818
 2863 0052 0020     		movs	r0, #0
 2864 0054 38BD     		pop	{r3, r4, r5, pc}
 2865              	.LVL196:
 2866              	.L234:
1165:Drivers/STM32L4xx_HAL_Driver/Src/stm32l4xx_hal_tim_ex.c **** 
ARM GAS  /tmp/ccRvkrha.s 			page 114


 2867              		.loc 1 1165 3 discriminator 2 view .LVU819
 2868 0056 042D     		cmp	r5, #4
 2869 0058 05D0     		beq	.L239
1165:Drivers/STM32L4xx_HAL_Driver/Src/stm32l4xx_hal_tim_ex.c **** 
 2870              		.loc 1 1165 3 discriminator 4 view .LVU820
 2871 005a 082D     		cmp	r5, #8
 2872 005c 07D0     		beq	.L240
1165:Drivers/STM32L4xx_HAL_Driver/Src/stm32l4xx_hal_tim_ex.c **** 
 2873              		.loc 1 1165 3 discriminator 7 view .LVU821
 2874 005e 0123     		movs	r3, #1
 2875 0060 84F84730 		strb	r3, [r4, #71]
 2876 0064 F5E7     		b	.L235
 2877              	.L239:
1165:Drivers/STM32L4xx_HAL_Driver/Src/stm32l4xx_hal_tim_ex.c **** 
 2878              		.loc 1 1165 3 discriminator 3 view .LVU822
 2879 0066 0123     		movs	r3, #1
 2880 0068 84F84530 		strb	r3, [r4, #69]
 2881 006c F1E7     		b	.L235
 2882              	.L240:
1165:Drivers/STM32L4xx_HAL_Driver/Src/stm32l4xx_hal_tim_ex.c **** 
 2883              		.loc 1 1165 3 discriminator 6 view .LVU823
 2884 006e 0123     		movs	r3, #1
 2885 0070 84F84630 		strb	r3, [r4, #70]
 2886 0074 EDE7     		b	.L235
 2887              		.cfi_endproc
 2888              	.LFE149:
 2890              		.section	.text.HAL_TIMEx_PWMN_Start_IT,"ax",%progbits
 2891              		.align	1
 2892              		.global	HAL_TIMEx_PWMN_Start_IT
 2893              		.syntax unified
 2894              		.thumb
 2895              		.thumb_func
 2897              	HAL_TIMEx_PWMN_Start_IT:
 2898              	.LVL197:
 2899              	.LFB150:
1183:Drivers/STM32L4xx_HAL_Driver/Src/stm32l4xx_hal_tim_ex.c ****   HAL_StatusTypeDef status = HAL_OK;
 2900              		.loc 1 1183 1 is_stmt 1 view -0
 2901              		.cfi_startproc
 2902              		@ args = 0, pretend = 0, frame = 0
 2903              		@ frame_needed = 0, uses_anonymous_args = 0
1183:Drivers/STM32L4xx_HAL_Driver/Src/stm32l4xx_hal_tim_ex.c ****   HAL_StatusTypeDef status = HAL_OK;
 2904              		.loc 1 1183 1 is_stmt 0 view .LVU825
 2905 0000 10B5     		push	{r4, lr}
 2906              	.LCFI22:
 2907              		.cfi_def_cfa_offset 8
 2908              		.cfi_offset 4, -8
 2909              		.cfi_offset 14, -4
 2910 0002 0446     		mov	r4, r0
1184:Drivers/STM32L4xx_HAL_Driver/Src/stm32l4xx_hal_tim_ex.c ****   uint32_t tmpsmcr;
 2911              		.loc 1 1184 3 is_stmt 1 view .LVU826
 2912              	.LVL198:
1185:Drivers/STM32L4xx_HAL_Driver/Src/stm32l4xx_hal_tim_ex.c **** 
 2913              		.loc 1 1185 3 view .LVU827
1188:Drivers/STM32L4xx_HAL_Driver/Src/stm32l4xx_hal_tim_ex.c **** 
 2914              		.loc 1 1188 3 view .LVU828
1191:Drivers/STM32L4xx_HAL_Driver/Src/stm32l4xx_hal_tim_ex.c ****   {
 2915              		.loc 1 1191 3 view .LVU829
ARM GAS  /tmp/ccRvkrha.s 			page 115


1191:Drivers/STM32L4xx_HAL_Driver/Src/stm32l4xx_hal_tim_ex.c ****   {
 2916              		.loc 1 1191 46 is_stmt 0 view .LVU830
 2917 0004 0846     		mov	r0, r1
 2918              	.LVL199:
1191:Drivers/STM32L4xx_HAL_Driver/Src/stm32l4xx_hal_tim_ex.c ****   {
 2919              		.loc 1 1191 46 view .LVU831
 2920 0006 91B9     		cbnz	r1, .L242
1191:Drivers/STM32L4xx_HAL_Driver/Src/stm32l4xx_hal_tim_ex.c ****   {
 2921              		.loc 1 1191 7 discriminator 1 view .LVU832
 2922 0008 94F84430 		ldrb	r3, [r4, #68]	@ zero_extendqisi2
 2923 000c DBB2     		uxtb	r3, r3
1191:Drivers/STM32L4xx_HAL_Driver/Src/stm32l4xx_hal_tim_ex.c ****   {
 2924              		.loc 1 1191 46 discriminator 1 view .LVU833
 2925 000e 013B     		subs	r3, r3, #1
 2926 0010 18BF     		it	ne
 2927 0012 0123     		movne	r3, #1
 2928              	.L243:
1191:Drivers/STM32L4xx_HAL_Driver/Src/stm32l4xx_hal_tim_ex.c ****   {
 2929              		.loc 1 1191 6 discriminator 12 view .LVU834
 2930 0014 002B     		cmp	r3, #0
 2931 0016 72D1     		bne	.L256
1197:Drivers/STM32L4xx_HAL_Driver/Src/stm32l4xx_hal_tim_ex.c **** 
 2932              		.loc 1 1197 3 is_stmt 1 view .LVU835
 2933 0018 10BB     		cbnz	r0, .L247
1197:Drivers/STM32L4xx_HAL_Driver/Src/stm32l4xx_hal_tim_ex.c **** 
 2934              		.loc 1 1197 3 is_stmt 0 discriminator 1 view .LVU836
 2935 001a 0223     		movs	r3, #2
 2936 001c 84F84430 		strb	r3, [r4, #68]
 2937              	.L248:
1199:Drivers/STM32L4xx_HAL_Driver/Src/stm32l4xx_hal_tim_ex.c ****   {
 2938              		.loc 1 1199 3 is_stmt 1 view .LVU837
 2939 0020 0428     		cmp	r0, #4
 2940 0022 52D0     		beq	.L251
 2941 0024 0828     		cmp	r0, #8
 2942 0026 56D0     		beq	.L252
 2943 0028 50B3     		cbz	r0, .L261
 2944 002a 0120     		movs	r0, #1
 2945              	.LVL200:
 2946              	.L246:
1255:Drivers/STM32L4xx_HAL_Driver/Src/stm32l4xx_hal_tim_ex.c **** 
 2947              		.loc 1 1255 1 is_stmt 0 view .LVU838
 2948 002c 10BD     		pop	{r4, pc}
 2949              	.LVL201:
 2950              	.L242:
1191:Drivers/STM32L4xx_HAL_Driver/Src/stm32l4xx_hal_tim_ex.c ****   {
 2951              		.loc 1 1191 46 discriminator 2 view .LVU839
 2952 002e 0429     		cmp	r1, #4
 2953 0030 08D0     		beq	.L262
1191:Drivers/STM32L4xx_HAL_Driver/Src/stm32l4xx_hal_tim_ex.c ****   {
 2954              		.loc 1 1191 46 discriminator 5 view .LVU840
 2955 0032 0829     		cmp	r1, #8
 2956 0034 0DD0     		beq	.L263
1191:Drivers/STM32L4xx_HAL_Driver/Src/stm32l4xx_hal_tim_ex.c ****   {
 2957              		.loc 1 1191 7 discriminator 8 view .LVU841
 2958 0036 94F84730 		ldrb	r3, [r4, #71]	@ zero_extendqisi2
 2959 003a DBB2     		uxtb	r3, r3
1191:Drivers/STM32L4xx_HAL_Driver/Src/stm32l4xx_hal_tim_ex.c ****   {
ARM GAS  /tmp/ccRvkrha.s 			page 116


 2960              		.loc 1 1191 46 discriminator 8 view .LVU842
 2961 003c 013B     		subs	r3, r3, #1
 2962 003e 18BF     		it	ne
 2963 0040 0123     		movne	r3, #1
 2964 0042 E7E7     		b	.L243
 2965              	.L262:
1191:Drivers/STM32L4xx_HAL_Driver/Src/stm32l4xx_hal_tim_ex.c ****   {
 2966              		.loc 1 1191 7 discriminator 4 view .LVU843
 2967 0044 94F84530 		ldrb	r3, [r4, #69]	@ zero_extendqisi2
 2968 0048 DBB2     		uxtb	r3, r3
1191:Drivers/STM32L4xx_HAL_Driver/Src/stm32l4xx_hal_tim_ex.c ****   {
 2969              		.loc 1 1191 46 discriminator 4 view .LVU844
 2970 004a 013B     		subs	r3, r3, #1
 2971 004c 18BF     		it	ne
 2972 004e 0123     		movne	r3, #1
 2973 0050 E0E7     		b	.L243
 2974              	.L263:
1191:Drivers/STM32L4xx_HAL_Driver/Src/stm32l4xx_hal_tim_ex.c ****   {
 2975              		.loc 1 1191 7 discriminator 7 view .LVU845
 2976 0052 94F84630 		ldrb	r3, [r4, #70]	@ zero_extendqisi2
 2977 0056 DBB2     		uxtb	r3, r3
1191:Drivers/STM32L4xx_HAL_Driver/Src/stm32l4xx_hal_tim_ex.c ****   {
 2978              		.loc 1 1191 46 discriminator 7 view .LVU846
 2979 0058 013B     		subs	r3, r3, #1
 2980 005a 18BF     		it	ne
 2981 005c 0123     		movne	r3, #1
 2982 005e D9E7     		b	.L243
 2983              	.L247:
1197:Drivers/STM32L4xx_HAL_Driver/Src/stm32l4xx_hal_tim_ex.c **** 
 2984              		.loc 1 1197 3 discriminator 2 view .LVU847
 2985 0060 0428     		cmp	r0, #4
 2986 0062 05D0     		beq	.L264
1197:Drivers/STM32L4xx_HAL_Driver/Src/stm32l4xx_hal_tim_ex.c **** 
 2987              		.loc 1 1197 3 discriminator 4 view .LVU848
 2988 0064 0828     		cmp	r0, #8
 2989 0066 07D0     		beq	.L265
1197:Drivers/STM32L4xx_HAL_Driver/Src/stm32l4xx_hal_tim_ex.c **** 
 2990              		.loc 1 1197 3 discriminator 7 view .LVU849
 2991 0068 0223     		movs	r3, #2
 2992 006a 84F84730 		strb	r3, [r4, #71]
 2993 006e D7E7     		b	.L248
 2994              	.L264:
1197:Drivers/STM32L4xx_HAL_Driver/Src/stm32l4xx_hal_tim_ex.c **** 
 2995              		.loc 1 1197 3 discriminator 3 view .LVU850
 2996 0070 0223     		movs	r3, #2
 2997 0072 84F84530 		strb	r3, [r4, #69]
 2998 0076 D3E7     		b	.L248
 2999              	.L265:
1197:Drivers/STM32L4xx_HAL_Driver/Src/stm32l4xx_hal_tim_ex.c **** 
 3000              		.loc 1 1197 3 discriminator 6 view .LVU851
 3001 0078 0223     		movs	r3, #2
 3002 007a 84F84630 		strb	r3, [r4, #70]
 3003 007e CFE7     		b	.L248
 3004              	.L261:
1204:Drivers/STM32L4xx_HAL_Driver/Src/stm32l4xx_hal_tim_ex.c ****       break;
 3005              		.loc 1 1204 7 is_stmt 1 view .LVU852
 3006 0080 2268     		ldr	r2, [r4]
ARM GAS  /tmp/ccRvkrha.s 			page 117


 3007 0082 D368     		ldr	r3, [r2, #12]
 3008 0084 43F00203 		orr	r3, r3, #2
 3009 0088 D360     		str	r3, [r2, #12]
1205:Drivers/STM32L4xx_HAL_Driver/Src/stm32l4xx_hal_tim_ex.c ****     }
 3010              		.loc 1 1205 7 view .LVU853
1227:Drivers/STM32L4xx_HAL_Driver/Src/stm32l4xx_hal_tim_ex.c ****   {
 3011              		.loc 1 1227 3 view .LVU854
 3012              	.L253:
1230:Drivers/STM32L4xx_HAL_Driver/Src/stm32l4xx_hal_tim_ex.c **** 
 3013              		.loc 1 1230 5 view .LVU855
 3014 008a 2268     		ldr	r2, [r4]
 3015 008c D368     		ldr	r3, [r2, #12]
 3016 008e 43F08003 		orr	r3, r3, #128
 3017 0092 D360     		str	r3, [r2, #12]
1233:Drivers/STM32L4xx_HAL_Driver/Src/stm32l4xx_hal_tim_ex.c **** 
 3018              		.loc 1 1233 5 view .LVU856
 3019 0094 0422     		movs	r2, #4
 3020 0096 0146     		mov	r1, r0
 3021 0098 2068     		ldr	r0, [r4]
 3022              	.LVL202:
1233:Drivers/STM32L4xx_HAL_Driver/Src/stm32l4xx_hal_tim_ex.c **** 
 3023              		.loc 1 1233 5 is_stmt 0 view .LVU857
 3024 009a FFF7FEFF 		bl	TIM_CCxNChannelCmd
 3025              	.LVL203:
1236:Drivers/STM32L4xx_HAL_Driver/Src/stm32l4xx_hal_tim_ex.c **** 
 3026              		.loc 1 1236 5 is_stmt 1 view .LVU858
 3027 009e 2268     		ldr	r2, [r4]
 3028 00a0 536C     		ldr	r3, [r2, #68]
 3029 00a2 43F40043 		orr	r3, r3, #32768
 3030 00a6 5364     		str	r3, [r2, #68]
1239:Drivers/STM32L4xx_HAL_Driver/Src/stm32l4xx_hal_tim_ex.c ****     {
 3031              		.loc 1 1239 5 view .LVU859
1239:Drivers/STM32L4xx_HAL_Driver/Src/stm32l4xx_hal_tim_ex.c ****     {
 3032              		.loc 1 1239 9 is_stmt 0 view .LVU860
 3033 00a8 2368     		ldr	r3, [r4]
1239:Drivers/STM32L4xx_HAL_Driver/Src/stm32l4xx_hal_tim_ex.c ****     {
 3034              		.loc 1 1239 8 view .LVU861
 3035 00aa 184A     		ldr	r2, .L266
 3036 00ac 9342     		cmp	r3, r2
 3037 00ae 18D0     		beq	.L254
1239:Drivers/STM32L4xx_HAL_Driver/Src/stm32l4xx_hal_tim_ex.c ****     {
 3038              		.loc 1 1239 9 discriminator 1 view .LVU862
 3039 00b0 B3F1804F 		cmp	r3, #1073741824
 3040 00b4 15D0     		beq	.L254
1239:Drivers/STM32L4xx_HAL_Driver/Src/stm32l4xx_hal_tim_ex.c ****     {
 3041              		.loc 1 1239 9 discriminator 2 view .LVU863
 3042 00b6 02F5A052 		add	r2, r2, #5120
 3043 00ba 9342     		cmp	r3, r2
 3044 00bc 11D0     		beq	.L254
1249:Drivers/STM32L4xx_HAL_Driver/Src/stm32l4xx_hal_tim_ex.c ****     }
 3045              		.loc 1 1249 7 is_stmt 1 view .LVU864
 3046 00be 1A68     		ldr	r2, [r3]
 3047 00c0 42F00102 		orr	r2, r2, #1
 3048 00c4 1A60     		str	r2, [r3]
 3049 00c6 0020     		movs	r0, #0
 3050 00c8 B0E7     		b	.L246
 3051              	.LVL204:
ARM GAS  /tmp/ccRvkrha.s 			page 118


 3052              	.L251:
1211:Drivers/STM32L4xx_HAL_Driver/Src/stm32l4xx_hal_tim_ex.c ****       break;
 3053              		.loc 1 1211 7 view .LVU865
 3054 00ca 2268     		ldr	r2, [r4]
 3055 00cc D368     		ldr	r3, [r2, #12]
 3056 00ce 43F00403 		orr	r3, r3, #4
 3057 00d2 D360     		str	r3, [r2, #12]
1212:Drivers/STM32L4xx_HAL_Driver/Src/stm32l4xx_hal_tim_ex.c ****     }
 3058              		.loc 1 1212 7 view .LVU866
1227:Drivers/STM32L4xx_HAL_Driver/Src/stm32l4xx_hal_tim_ex.c ****   {
 3059              		.loc 1 1227 3 view .LVU867
 3060 00d4 D9E7     		b	.L253
 3061              	.L252:
1218:Drivers/STM32L4xx_HAL_Driver/Src/stm32l4xx_hal_tim_ex.c ****       break;
 3062              		.loc 1 1218 7 view .LVU868
 3063 00d6 2268     		ldr	r2, [r4]
 3064 00d8 D368     		ldr	r3, [r2, #12]
 3065 00da 43F00803 		orr	r3, r3, #8
 3066 00de D360     		str	r3, [r2, #12]
1219:Drivers/STM32L4xx_HAL_Driver/Src/stm32l4xx_hal_tim_ex.c ****     }
 3067              		.loc 1 1219 7 view .LVU869
1227:Drivers/STM32L4xx_HAL_Driver/Src/stm32l4xx_hal_tim_ex.c ****   {
 3068              		.loc 1 1227 3 view .LVU870
 3069 00e0 D3E7     		b	.L253
 3070              	.LVL205:
 3071              	.L254:
1241:Drivers/STM32L4xx_HAL_Driver/Src/stm32l4xx_hal_tim_ex.c ****       if (!IS_TIM_SLAVEMODE_TRIGGER_ENABLED(tmpsmcr))
 3072              		.loc 1 1241 7 view .LVU871
1241:Drivers/STM32L4xx_HAL_Driver/Src/stm32l4xx_hal_tim_ex.c ****       if (!IS_TIM_SLAVEMODE_TRIGGER_ENABLED(tmpsmcr))
 3073              		.loc 1 1241 31 is_stmt 0 view .LVU872
 3074 00e2 9968     		ldr	r1, [r3, #8]
1241:Drivers/STM32L4xx_HAL_Driver/Src/stm32l4xx_hal_tim_ex.c ****       if (!IS_TIM_SLAVEMODE_TRIGGER_ENABLED(tmpsmcr))
 3075              		.loc 1 1241 15 view .LVU873
 3076 00e4 0A4A     		ldr	r2, .L266+4
 3077 00e6 0A40     		ands	r2, r2, r1
 3078              	.LVL206:
1242:Drivers/STM32L4xx_HAL_Driver/Src/stm32l4xx_hal_tim_ex.c ****       {
 3079              		.loc 1 1242 7 is_stmt 1 view .LVU874
1242:Drivers/STM32L4xx_HAL_Driver/Src/stm32l4xx_hal_tim_ex.c ****       {
 3080              		.loc 1 1242 10 is_stmt 0 view .LVU875
 3081 00e8 062A     		cmp	r2, #6
 3082 00ea 0AD0     		beq	.L258
1242:Drivers/STM32L4xx_HAL_Driver/Src/stm32l4xx_hal_tim_ex.c ****       {
 3083              		.loc 1 1242 11 discriminator 1 view .LVU876
 3084 00ec B2F5803F 		cmp	r2, #65536
 3085 00f0 09D0     		beq	.L259
1244:Drivers/STM32L4xx_HAL_Driver/Src/stm32l4xx_hal_tim_ex.c ****       }
 3086              		.loc 1 1244 9 is_stmt 1 view .LVU877
 3087 00f2 1A68     		ldr	r2, [r3]
 3088              	.LVL207:
1244:Drivers/STM32L4xx_HAL_Driver/Src/stm32l4xx_hal_tim_ex.c ****       }
 3089              		.loc 1 1244 9 is_stmt 0 view .LVU878
 3090 00f4 42F00102 		orr	r2, r2, #1
 3091 00f8 1A60     		str	r2, [r3]
 3092 00fa 0020     		movs	r0, #0
 3093 00fc 96E7     		b	.L246
 3094              	.LVL208:
ARM GAS  /tmp/ccRvkrha.s 			page 119


 3095              	.L256:
1193:Drivers/STM32L4xx_HAL_Driver/Src/stm32l4xx_hal_tim_ex.c ****   }
 3096              		.loc 1 1193 12 view .LVU879
 3097 00fe 0120     		movs	r0, #1
 3098              	.LVL209:
1193:Drivers/STM32L4xx_HAL_Driver/Src/stm32l4xx_hal_tim_ex.c ****   }
 3099              		.loc 1 1193 12 view .LVU880
 3100 0100 94E7     		b	.L246
 3101              	.LVL210:
 3102              	.L258:
1193:Drivers/STM32L4xx_HAL_Driver/Src/stm32l4xx_hal_tim_ex.c ****   }
 3103              		.loc 1 1193 12 view .LVU881
 3104 0102 0020     		movs	r0, #0
 3105 0104 92E7     		b	.L246
 3106              	.L259:
 3107 0106 0020     		movs	r0, #0
 3108 0108 90E7     		b	.L246
 3109              	.L267:
 3110 010a 00BF     		.align	2
 3111              	.L266:
 3112 010c 002C0140 		.word	1073818624
 3113 0110 07000100 		.word	65543
 3114              		.cfi_endproc
 3115              	.LFE150:
 3117              		.section	.text.HAL_TIMEx_PWMN_Stop_IT,"ax",%progbits
 3118              		.align	1
 3119              		.global	HAL_TIMEx_PWMN_Stop_IT
 3120              		.syntax unified
 3121              		.thumb
 3122              		.thumb_func
 3124              	HAL_TIMEx_PWMN_Stop_IT:
 3125              	.LVL211:
 3126              	.LFB151:
1269:Drivers/STM32L4xx_HAL_Driver/Src/stm32l4xx_hal_tim_ex.c ****   HAL_StatusTypeDef status = HAL_OK;
 3127              		.loc 1 1269 1 is_stmt 1 view -0
 3128              		.cfi_startproc
 3129              		@ args = 0, pretend = 0, frame = 0
 3130              		@ frame_needed = 0, uses_anonymous_args = 0
1269:Drivers/STM32L4xx_HAL_Driver/Src/stm32l4xx_hal_tim_ex.c ****   HAL_StatusTypeDef status = HAL_OK;
 3131              		.loc 1 1269 1 is_stmt 0 view .LVU883
 3132 0000 38B5     		push	{r3, r4, r5, lr}
 3133              	.LCFI23:
 3134              		.cfi_def_cfa_offset 16
 3135              		.cfi_offset 3, -16
 3136              		.cfi_offset 4, -12
 3137              		.cfi_offset 5, -8
 3138              		.cfi_offset 14, -4
 3139 0002 0546     		mov	r5, r0
 3140 0004 0C46     		mov	r4, r1
1270:Drivers/STM32L4xx_HAL_Driver/Src/stm32l4xx_hal_tim_ex.c ****   uint32_t tmpccer;
 3141              		.loc 1 1270 3 is_stmt 1 view .LVU884
 3142              	.LVL212:
1271:Drivers/STM32L4xx_HAL_Driver/Src/stm32l4xx_hal_tim_ex.c **** 
 3143              		.loc 1 1271 3 view .LVU885
1274:Drivers/STM32L4xx_HAL_Driver/Src/stm32l4xx_hal_tim_ex.c **** 
 3144              		.loc 1 1274 3 view .LVU886
1276:Drivers/STM32L4xx_HAL_Driver/Src/stm32l4xx_hal_tim_ex.c ****   {
ARM GAS  /tmp/ccRvkrha.s 			page 120


 3145              		.loc 1 1276 3 view .LVU887
 3146 0006 0429     		cmp	r1, #4
 3147 0008 3CD0     		beq	.L269
 3148 000a 0829     		cmp	r1, #8
 3149 000c 40D0     		beq	.L270
 3150 000e 09B1     		cbz	r1, .L281
 3151 0010 0120     		movs	r0, #1
 3152              	.LVL213:
 3153              	.L271:
1327:Drivers/STM32L4xx_HAL_Driver/Src/stm32l4xx_hal_tim_ex.c **** }
 3154              		.loc 1 1327 3 view .LVU888
1328:Drivers/STM32L4xx_HAL_Driver/Src/stm32l4xx_hal_tim_ex.c **** 
 3155              		.loc 1 1328 1 is_stmt 0 view .LVU889
 3156 0012 38BD     		pop	{r3, r4, r5, pc}
 3157              	.LVL214:
 3158              	.L281:
1281:Drivers/STM32L4xx_HAL_Driver/Src/stm32l4xx_hal_tim_ex.c ****       break;
 3159              		.loc 1 1281 7 is_stmt 1 view .LVU890
 3160 0014 0268     		ldr	r2, [r0]
 3161 0016 D368     		ldr	r3, [r2, #12]
 3162 0018 23F00203 		bic	r3, r3, #2
 3163 001c D360     		str	r3, [r2, #12]
1282:Drivers/STM32L4xx_HAL_Driver/Src/stm32l4xx_hal_tim_ex.c ****     }
 3164              		.loc 1 1282 7 view .LVU891
1304:Drivers/STM32L4xx_HAL_Driver/Src/stm32l4xx_hal_tim_ex.c ****   {
 3165              		.loc 1 1304 3 view .LVU892
 3166              	.L272:
1307:Drivers/STM32L4xx_HAL_Driver/Src/stm32l4xx_hal_tim_ex.c **** 
 3167              		.loc 1 1307 5 view .LVU893
 3168 001e 0022     		movs	r2, #0
 3169 0020 2146     		mov	r1, r4
 3170              	.LVL215:
1307:Drivers/STM32L4xx_HAL_Driver/Src/stm32l4xx_hal_tim_ex.c **** 
 3171              		.loc 1 1307 5 is_stmt 0 view .LVU894
 3172 0022 2868     		ldr	r0, [r5]
 3173              	.LVL216:
1307:Drivers/STM32L4xx_HAL_Driver/Src/stm32l4xx_hal_tim_ex.c **** 
 3174              		.loc 1 1307 5 view .LVU895
 3175 0024 FFF7FEFF 		bl	TIM_CCxNChannelCmd
 3176              	.LVL217:
1310:Drivers/STM32L4xx_HAL_Driver/Src/stm32l4xx_hal_tim_ex.c ****     if ((tmpccer & TIM_CCER_CCxNE_MASK) == (uint32_t)RESET)
 3177              		.loc 1 1310 5 is_stmt 1 view .LVU896
1310:Drivers/STM32L4xx_HAL_Driver/Src/stm32l4xx_hal_tim_ex.c ****     if ((tmpccer & TIM_CCER_CCxNE_MASK) == (uint32_t)RESET)
 3178              		.loc 1 1310 19 is_stmt 0 view .LVU897
 3179 0028 2B68     		ldr	r3, [r5]
1310:Drivers/STM32L4xx_HAL_Driver/Src/stm32l4xx_hal_tim_ex.c ****     if ((tmpccer & TIM_CCER_CCxNE_MASK) == (uint32_t)RESET)
 3180              		.loc 1 1310 13 view .LVU898
 3181 002a 196A     		ldr	r1, [r3, #32]
 3182              	.LVL218:
1311:Drivers/STM32L4xx_HAL_Driver/Src/stm32l4xx_hal_tim_ex.c ****     {
 3183              		.loc 1 1311 5 is_stmt 1 view .LVU899
1311:Drivers/STM32L4xx_HAL_Driver/Src/stm32l4xx_hal_tim_ex.c ****     {
 3184              		.loc 1 1311 8 is_stmt 0 view .LVU900
 3185 002c 40F24442 		movw	r2, #1092
 3186 0030 1142     		tst	r1, r2
 3187 0032 03D1     		bne	.L273
1313:Drivers/STM32L4xx_HAL_Driver/Src/stm32l4xx_hal_tim_ex.c ****     }
ARM GAS  /tmp/ccRvkrha.s 			page 121


 3188              		.loc 1 1313 7 is_stmt 1 view .LVU901
 3189 0034 DA68     		ldr	r2, [r3, #12]
 3190 0036 22F08002 		bic	r2, r2, #128
 3191 003a DA60     		str	r2, [r3, #12]
 3192              	.L273:
1317:Drivers/STM32L4xx_HAL_Driver/Src/stm32l4xx_hal_tim_ex.c **** 
 3193              		.loc 1 1317 5 view .LVU902
1317:Drivers/STM32L4xx_HAL_Driver/Src/stm32l4xx_hal_tim_ex.c **** 
 3194              		.loc 1 1317 5 view .LVU903
 3195 003c 2B68     		ldr	r3, [r5]
 3196 003e 196A     		ldr	r1, [r3, #32]
 3197              	.LVL219:
1317:Drivers/STM32L4xx_HAL_Driver/Src/stm32l4xx_hal_tim_ex.c **** 
 3198              		.loc 1 1317 5 is_stmt 0 view .LVU904
 3199 0040 41F21112 		movw	r2, #4369
 3200 0044 1142     		tst	r1, r2
 3201 0046 08D1     		bne	.L274
1317:Drivers/STM32L4xx_HAL_Driver/Src/stm32l4xx_hal_tim_ex.c **** 
 3202              		.loc 1 1317 5 is_stmt 1 discriminator 1 view .LVU905
 3203 0048 196A     		ldr	r1, [r3, #32]
 3204 004a 40F24442 		movw	r2, #1092
 3205 004e 1142     		tst	r1, r2
 3206 0050 03D1     		bne	.L274
1317:Drivers/STM32L4xx_HAL_Driver/Src/stm32l4xx_hal_tim_ex.c **** 
 3207              		.loc 1 1317 5 discriminator 3 view .LVU906
 3208 0052 5A6C     		ldr	r2, [r3, #68]
 3209 0054 22F40042 		bic	r2, r2, #32768
 3210 0058 5A64     		str	r2, [r3, #68]
 3211              	.L274:
1317:Drivers/STM32L4xx_HAL_Driver/Src/stm32l4xx_hal_tim_ex.c **** 
 3212              		.loc 1 1317 5 discriminator 5 view .LVU907
1320:Drivers/STM32L4xx_HAL_Driver/Src/stm32l4xx_hal_tim_ex.c **** 
 3213              		.loc 1 1320 5 discriminator 5 view .LVU908
1320:Drivers/STM32L4xx_HAL_Driver/Src/stm32l4xx_hal_tim_ex.c **** 
 3214              		.loc 1 1320 5 discriminator 5 view .LVU909
 3215 005a 2B68     		ldr	r3, [r5]
 3216 005c 196A     		ldr	r1, [r3, #32]
 3217 005e 41F21112 		movw	r2, #4369
 3218 0062 1142     		tst	r1, r2
 3219 0064 08D1     		bne	.L275
1320:Drivers/STM32L4xx_HAL_Driver/Src/stm32l4xx_hal_tim_ex.c **** 
 3220              		.loc 1 1320 5 discriminator 1 view .LVU910
 3221 0066 196A     		ldr	r1, [r3, #32]
 3222 0068 40F24442 		movw	r2, #1092
 3223 006c 1142     		tst	r1, r2
 3224 006e 03D1     		bne	.L275
1320:Drivers/STM32L4xx_HAL_Driver/Src/stm32l4xx_hal_tim_ex.c **** 
 3225              		.loc 1 1320 5 discriminator 3 view .LVU911
 3226 0070 1A68     		ldr	r2, [r3]
 3227 0072 22F00102 		bic	r2, r2, #1
 3228 0076 1A60     		str	r2, [r3]
 3229              	.L275:
1320:Drivers/STM32L4xx_HAL_Driver/Src/stm32l4xx_hal_tim_ex.c **** 
 3230              		.loc 1 1320 5 discriminator 5 view .LVU912
1323:Drivers/STM32L4xx_HAL_Driver/Src/stm32l4xx_hal_tim_ex.c ****   }
 3231              		.loc 1 1323 5 discriminator 5 view .LVU913
 3232 0078 84B9     		cbnz	r4, .L276
ARM GAS  /tmp/ccRvkrha.s 			page 122


1323:Drivers/STM32L4xx_HAL_Driver/Src/stm32l4xx_hal_tim_ex.c ****   }
 3233              		.loc 1 1323 5 is_stmt 0 discriminator 1 view .LVU914
 3234 007a 0123     		movs	r3, #1
 3235 007c 85F84430 		strb	r3, [r5, #68]
 3236 0080 0020     		movs	r0, #0
 3237 0082 C6E7     		b	.L271
 3238              	.LVL220:
 3239              	.L269:
1288:Drivers/STM32L4xx_HAL_Driver/Src/stm32l4xx_hal_tim_ex.c ****       break;
 3240              		.loc 1 1288 7 is_stmt 1 view .LVU915
 3241 0084 0268     		ldr	r2, [r0]
 3242 0086 D368     		ldr	r3, [r2, #12]
 3243 0088 23F00403 		bic	r3, r3, #4
 3244 008c D360     		str	r3, [r2, #12]
1289:Drivers/STM32L4xx_HAL_Driver/Src/stm32l4xx_hal_tim_ex.c ****     }
 3245              		.loc 1 1289 7 view .LVU916
1304:Drivers/STM32L4xx_HAL_Driver/Src/stm32l4xx_hal_tim_ex.c ****   {
 3246              		.loc 1 1304 3 view .LVU917
 3247 008e C6E7     		b	.L272
 3248              	.L270:
1295:Drivers/STM32L4xx_HAL_Driver/Src/stm32l4xx_hal_tim_ex.c ****       break;
 3249              		.loc 1 1295 7 view .LVU918
 3250 0090 0268     		ldr	r2, [r0]
 3251 0092 D368     		ldr	r3, [r2, #12]
 3252 0094 23F00803 		bic	r3, r3, #8
 3253 0098 D360     		str	r3, [r2, #12]
1296:Drivers/STM32L4xx_HAL_Driver/Src/stm32l4xx_hal_tim_ex.c ****     }
 3254              		.loc 1 1296 7 view .LVU919
1304:Drivers/STM32L4xx_HAL_Driver/Src/stm32l4xx_hal_tim_ex.c ****   {
 3255              		.loc 1 1304 3 view .LVU920
 3256 009a C0E7     		b	.L272
 3257              	.LVL221:
 3258              	.L276:
1323:Drivers/STM32L4xx_HAL_Driver/Src/stm32l4xx_hal_tim_ex.c ****   }
 3259              		.loc 1 1323 5 is_stmt 0 discriminator 2 view .LVU921
 3260 009c 042C     		cmp	r4, #4
 3261 009e 06D0     		beq	.L282
1323:Drivers/STM32L4xx_HAL_Driver/Src/stm32l4xx_hal_tim_ex.c ****   }
 3262              		.loc 1 1323 5 discriminator 4 view .LVU922
 3263 00a0 082C     		cmp	r4, #8
 3264 00a2 09D0     		beq	.L283
1323:Drivers/STM32L4xx_HAL_Driver/Src/stm32l4xx_hal_tim_ex.c ****   }
 3265              		.loc 1 1323 5 discriminator 7 view .LVU923
 3266 00a4 0123     		movs	r3, #1
 3267 00a6 85F84730 		strb	r3, [r5, #71]
 3268 00aa 0020     		movs	r0, #0
 3269 00ac B1E7     		b	.L271
 3270              	.L282:
1323:Drivers/STM32L4xx_HAL_Driver/Src/stm32l4xx_hal_tim_ex.c ****   }
 3271              		.loc 1 1323 5 discriminator 3 view .LVU924
 3272 00ae 0123     		movs	r3, #1
 3273 00b0 85F84530 		strb	r3, [r5, #69]
 3274 00b4 0020     		movs	r0, #0
 3275 00b6 ACE7     		b	.L271
 3276              	.L283:
1323:Drivers/STM32L4xx_HAL_Driver/Src/stm32l4xx_hal_tim_ex.c ****   }
 3277              		.loc 1 1323 5 discriminator 6 view .LVU925
ARM GAS  /tmp/ccRvkrha.s 			page 123


 3278 00b8 0123     		movs	r3, #1
 3279 00ba 85F84630 		strb	r3, [r5, #70]
 3280 00be 0020     		movs	r0, #0
 3281 00c0 A7E7     		b	.L271
 3282              		.cfi_endproc
 3283              	.LFE151:
 3285              		.section	.text.HAL_TIMEx_PWMN_Start_DMA,"ax",%progbits
 3286              		.align	1
 3287              		.global	HAL_TIMEx_PWMN_Start_DMA
 3288              		.syntax unified
 3289              		.thumb
 3290              		.thumb_func
 3292              	HAL_TIMEx_PWMN_Start_DMA:
 3293              	.LVL222:
 3294              	.LFB152:
1345:Drivers/STM32L4xx_HAL_Driver/Src/stm32l4xx_hal_tim_ex.c ****   HAL_StatusTypeDef status = HAL_OK;
 3295              		.loc 1 1345 1 is_stmt 1 view -0
 3296              		.cfi_startproc
 3297              		@ args = 0, pretend = 0, frame = 0
 3298              		@ frame_needed = 0, uses_anonymous_args = 0
1345:Drivers/STM32L4xx_HAL_Driver/Src/stm32l4xx_hal_tim_ex.c ****   HAL_StatusTypeDef status = HAL_OK;
 3299              		.loc 1 1345 1 is_stmt 0 view .LVU927
 3300 0000 70B5     		push	{r4, r5, r6, lr}
 3301              	.LCFI24:
 3302              		.cfi_def_cfa_offset 16
 3303              		.cfi_offset 4, -16
 3304              		.cfi_offset 5, -12
 3305              		.cfi_offset 6, -8
 3306              		.cfi_offset 14, -4
 3307 0002 0446     		mov	r4, r0
 3308 0004 1646     		mov	r6, r2
1346:Drivers/STM32L4xx_HAL_Driver/Src/stm32l4xx_hal_tim_ex.c ****   uint32_t tmpsmcr;
 3309              		.loc 1 1346 3 is_stmt 1 view .LVU928
 3310              	.LVL223:
1347:Drivers/STM32L4xx_HAL_Driver/Src/stm32l4xx_hal_tim_ex.c **** 
 3311              		.loc 1 1347 3 view .LVU929
1350:Drivers/STM32L4xx_HAL_Driver/Src/stm32l4xx_hal_tim_ex.c **** 
 3312              		.loc 1 1350 3 view .LVU930
1353:Drivers/STM32L4xx_HAL_Driver/Src/stm32l4xx_hal_tim_ex.c ****   {
 3313              		.loc 1 1353 3 view .LVU931
1353:Drivers/STM32L4xx_HAL_Driver/Src/stm32l4xx_hal_tim_ex.c ****   {
 3314              		.loc 1 1353 46 is_stmt 0 view .LVU932
 3315 0006 0D46     		mov	r5, r1
 3316 0008 49BB     		cbnz	r1, .L285
1353:Drivers/STM32L4xx_HAL_Driver/Src/stm32l4xx_hal_tim_ex.c ****   {
 3317              		.loc 1 1353 7 discriminator 1 view .LVU933
 3318 000a 90F84400 		ldrb	r0, [r0, #68]	@ zero_extendqisi2
 3319              	.LVL224:
1353:Drivers/STM32L4xx_HAL_Driver/Src/stm32l4xx_hal_tim_ex.c ****   {
 3320              		.loc 1 1353 7 discriminator 1 view .LVU934
 3321 000e C0B2     		uxtb	r0, r0
1353:Drivers/STM32L4xx_HAL_Driver/Src/stm32l4xx_hal_tim_ex.c ****   {
 3322              		.loc 1 1353 46 discriminator 1 view .LVU935
 3323 0010 0228     		cmp	r0, #2
 3324 0012 14BF     		ite	ne
 3325 0014 0020     		movne	r0, #0
 3326 0016 0120     		moveq	r0, #1
ARM GAS  /tmp/ccRvkrha.s 			page 124


 3327              	.L286:
1353:Drivers/STM32L4xx_HAL_Driver/Src/stm32l4xx_hal_tim_ex.c ****   {
 3328              		.loc 1 1353 6 discriminator 12 view .LVU936
 3329 0018 0028     		cmp	r0, #0
 3330 001a 40F0D480 		bne	.L303
1357:Drivers/STM32L4xx_HAL_Driver/Src/stm32l4xx_hal_tim_ex.c ****   {
 3331              		.loc 1 1357 8 is_stmt 1 view .LVU937
1357:Drivers/STM32L4xx_HAL_Driver/Src/stm32l4xx_hal_tim_ex.c ****   {
 3332              		.loc 1 1357 51 is_stmt 0 view .LVU938
 3333 001e 002D     		cmp	r5, #0
 3334 0020 39D1     		bne	.L290
1357:Drivers/STM32L4xx_HAL_Driver/Src/stm32l4xx_hal_tim_ex.c ****   {
 3335              		.loc 1 1357 12 discriminator 1 view .LVU939
 3336 0022 94F84420 		ldrb	r2, [r4, #68]	@ zero_extendqisi2
 3337              	.LVL225:
1357:Drivers/STM32L4xx_HAL_Driver/Src/stm32l4xx_hal_tim_ex.c ****   {
 3338              		.loc 1 1357 12 discriminator 1 view .LVU940
 3339 0026 D2B2     		uxtb	r2, r2
1357:Drivers/STM32L4xx_HAL_Driver/Src/stm32l4xx_hal_tim_ex.c ****   {
 3340              		.loc 1 1357 51 discriminator 1 view .LVU941
 3341 0028 012A     		cmp	r2, #1
 3342 002a 14BF     		ite	ne
 3343 002c 0022     		movne	r2, #0
 3344 002e 0122     		moveq	r2, #1
 3345              	.L291:
1357:Drivers/STM32L4xx_HAL_Driver/Src/stm32l4xx_hal_tim_ex.c ****   {
 3346              		.loc 1 1357 11 discriminator 12 view .LVU942
 3347 0030 002A     		cmp	r2, #0
 3348 0032 00F0CA80 		beq	.L304
1359:Drivers/STM32L4xx_HAL_Driver/Src/stm32l4xx_hal_tim_ex.c ****     {
 3349              		.loc 1 1359 5 is_stmt 1 view .LVU943
1359:Drivers/STM32L4xx_HAL_Driver/Src/stm32l4xx_hal_tim_ex.c ****     {
 3350              		.loc 1 1359 8 is_stmt 0 view .LVU944
 3351 0036 002E     		cmp	r6, #0
 3352 0038 00F0C980 		beq	.L305
1359:Drivers/STM32L4xx_HAL_Driver/Src/stm32l4xx_hal_tim_ex.c ****     {
 3353              		.loc 1 1359 25 discriminator 1 view .LVU945
 3354 003c 002B     		cmp	r3, #0
 3355 003e 00F0C880 		beq	.L306
1365:Drivers/STM32L4xx_HAL_Driver/Src/stm32l4xx_hal_tim_ex.c ****     }
 3356              		.loc 1 1365 7 is_stmt 1 view .LVU946
 3357 0042 002D     		cmp	r5, #0
 3358 0044 43D1     		bne	.L294
1365:Drivers/STM32L4xx_HAL_Driver/Src/stm32l4xx_hal_tim_ex.c ****     }
 3359              		.loc 1 1365 7 is_stmt 0 discriminator 1 view .LVU947
 3360 0046 0222     		movs	r2, #2
 3361 0048 84F84420 		strb	r2, [r4, #68]
 3362              	.L295:
1373:Drivers/STM32L4xx_HAL_Driver/Src/stm32l4xx_hal_tim_ex.c ****   {
 3363              		.loc 1 1373 3 is_stmt 1 view .LVU948
 3364 004c 042D     		cmp	r5, #4
 3365 004e 7FD0     		beq	.L298
 3366 0050 082D     		cmp	r5, #8
 3367 0052 00F09480 		beq	.L299
 3368 0056 002D     		cmp	r5, #0
 3369 0058 49D0     		beq	.L314
 3370 005a 0120     		movs	r0, #1
ARM GAS  /tmp/ccRvkrha.s 			page 125


 3371 005c B6E0     		b	.L289
 3372              	.LVL226:
 3373              	.L285:
1353:Drivers/STM32L4xx_HAL_Driver/Src/stm32l4xx_hal_tim_ex.c ****   {
 3374              		.loc 1 1353 46 is_stmt 0 discriminator 2 view .LVU949
 3375 005e 0429     		cmp	r1, #4
 3376 0060 09D0     		beq	.L315
1353:Drivers/STM32L4xx_HAL_Driver/Src/stm32l4xx_hal_tim_ex.c ****   {
 3377              		.loc 1 1353 46 discriminator 5 view .LVU950
 3378 0062 0829     		cmp	r1, #8
 3379 0064 0FD0     		beq	.L316
1353:Drivers/STM32L4xx_HAL_Driver/Src/stm32l4xx_hal_tim_ex.c ****   {
 3380              		.loc 1 1353 7 discriminator 8 view .LVU951
 3381 0066 90F84700 		ldrb	r0, [r0, #71]	@ zero_extendqisi2
 3382              	.LVL227:
1353:Drivers/STM32L4xx_HAL_Driver/Src/stm32l4xx_hal_tim_ex.c ****   {
 3383              		.loc 1 1353 7 discriminator 8 view .LVU952
 3384 006a C0B2     		uxtb	r0, r0
1353:Drivers/STM32L4xx_HAL_Driver/Src/stm32l4xx_hal_tim_ex.c ****   {
 3385              		.loc 1 1353 46 discriminator 8 view .LVU953
 3386 006c 0228     		cmp	r0, #2
 3387 006e 14BF     		ite	ne
 3388 0070 0020     		movne	r0, #0
 3389 0072 0120     		moveq	r0, #1
 3390 0074 D0E7     		b	.L286
 3391              	.LVL228:
 3392              	.L315:
1353:Drivers/STM32L4xx_HAL_Driver/Src/stm32l4xx_hal_tim_ex.c ****   {
 3393              		.loc 1 1353 7 discriminator 4 view .LVU954
 3394 0076 90F84500 		ldrb	r0, [r0, #69]	@ zero_extendqisi2
 3395              	.LVL229:
1353:Drivers/STM32L4xx_HAL_Driver/Src/stm32l4xx_hal_tim_ex.c ****   {
 3396              		.loc 1 1353 7 discriminator 4 view .LVU955
 3397 007a C0B2     		uxtb	r0, r0
1353:Drivers/STM32L4xx_HAL_Driver/Src/stm32l4xx_hal_tim_ex.c ****   {
 3398              		.loc 1 1353 46 discriminator 4 view .LVU956
 3399 007c 0228     		cmp	r0, #2
 3400 007e 14BF     		ite	ne
 3401 0080 0020     		movne	r0, #0
 3402 0082 0120     		moveq	r0, #1
 3403 0084 C8E7     		b	.L286
 3404              	.LVL230:
 3405              	.L316:
1353:Drivers/STM32L4xx_HAL_Driver/Src/stm32l4xx_hal_tim_ex.c ****   {
 3406              		.loc 1 1353 7 discriminator 7 view .LVU957
 3407 0086 90F84600 		ldrb	r0, [r0, #70]	@ zero_extendqisi2
 3408              	.LVL231:
1353:Drivers/STM32L4xx_HAL_Driver/Src/stm32l4xx_hal_tim_ex.c ****   {
 3409              		.loc 1 1353 7 discriminator 7 view .LVU958
 3410 008a C0B2     		uxtb	r0, r0
1353:Drivers/STM32L4xx_HAL_Driver/Src/stm32l4xx_hal_tim_ex.c ****   {
 3411              		.loc 1 1353 46 discriminator 7 view .LVU959
 3412 008c 0228     		cmp	r0, #2
 3413 008e 14BF     		ite	ne
 3414 0090 0020     		movne	r0, #0
 3415 0092 0120     		moveq	r0, #1
 3416 0094 C0E7     		b	.L286
ARM GAS  /tmp/ccRvkrha.s 			page 126


 3417              	.L290:
1357:Drivers/STM32L4xx_HAL_Driver/Src/stm32l4xx_hal_tim_ex.c ****   {
 3418              		.loc 1 1357 51 discriminator 2 view .LVU960
 3419 0096 042D     		cmp	r5, #4
 3420 0098 09D0     		beq	.L317
1357:Drivers/STM32L4xx_HAL_Driver/Src/stm32l4xx_hal_tim_ex.c ****   {
 3421              		.loc 1 1357 51 discriminator 5 view .LVU961
 3422 009a 082D     		cmp	r5, #8
 3423 009c 0FD0     		beq	.L318
1357:Drivers/STM32L4xx_HAL_Driver/Src/stm32l4xx_hal_tim_ex.c ****   {
 3424              		.loc 1 1357 12 discriminator 8 view .LVU962
 3425 009e 94F84720 		ldrb	r2, [r4, #71]	@ zero_extendqisi2
 3426              	.LVL232:
1357:Drivers/STM32L4xx_HAL_Driver/Src/stm32l4xx_hal_tim_ex.c ****   {
 3427              		.loc 1 1357 12 discriminator 8 view .LVU963
 3428 00a2 D2B2     		uxtb	r2, r2
1357:Drivers/STM32L4xx_HAL_Driver/Src/stm32l4xx_hal_tim_ex.c ****   {
 3429              		.loc 1 1357 51 discriminator 8 view .LVU964
 3430 00a4 012A     		cmp	r2, #1
 3431 00a6 14BF     		ite	ne
 3432 00a8 0022     		movne	r2, #0
 3433 00aa 0122     		moveq	r2, #1
 3434 00ac C0E7     		b	.L291
 3435              	.LVL233:
 3436              	.L317:
1357:Drivers/STM32L4xx_HAL_Driver/Src/stm32l4xx_hal_tim_ex.c ****   {
 3437              		.loc 1 1357 12 discriminator 4 view .LVU965
 3438 00ae 94F84520 		ldrb	r2, [r4, #69]	@ zero_extendqisi2
 3439              	.LVL234:
1357:Drivers/STM32L4xx_HAL_Driver/Src/stm32l4xx_hal_tim_ex.c ****   {
 3440              		.loc 1 1357 12 discriminator 4 view .LVU966
 3441 00b2 D2B2     		uxtb	r2, r2
1357:Drivers/STM32L4xx_HAL_Driver/Src/stm32l4xx_hal_tim_ex.c ****   {
 3442              		.loc 1 1357 51 discriminator 4 view .LVU967
 3443 00b4 012A     		cmp	r2, #1
 3444 00b6 14BF     		ite	ne
 3445 00b8 0022     		movne	r2, #0
 3446 00ba 0122     		moveq	r2, #1
 3447 00bc B8E7     		b	.L291
 3448              	.LVL235:
 3449              	.L318:
1357:Drivers/STM32L4xx_HAL_Driver/Src/stm32l4xx_hal_tim_ex.c ****   {
 3450              		.loc 1 1357 12 discriminator 7 view .LVU968
 3451 00be 94F84620 		ldrb	r2, [r4, #70]	@ zero_extendqisi2
 3452              	.LVL236:
1357:Drivers/STM32L4xx_HAL_Driver/Src/stm32l4xx_hal_tim_ex.c ****   {
 3453              		.loc 1 1357 12 discriminator 7 view .LVU969
 3454 00c2 D2B2     		uxtb	r2, r2
1357:Drivers/STM32L4xx_HAL_Driver/Src/stm32l4xx_hal_tim_ex.c ****   {
 3455              		.loc 1 1357 51 discriminator 7 view .LVU970
 3456 00c4 012A     		cmp	r2, #1
 3457 00c6 14BF     		ite	ne
 3458 00c8 0022     		movne	r2, #0
 3459 00ca 0122     		moveq	r2, #1
 3460 00cc B0E7     		b	.L291
 3461              	.L294:
1365:Drivers/STM32L4xx_HAL_Driver/Src/stm32l4xx_hal_tim_ex.c ****     }
ARM GAS  /tmp/ccRvkrha.s 			page 127


 3462              		.loc 1 1365 7 discriminator 2 view .LVU971
 3463 00ce 042D     		cmp	r5, #4
 3464 00d0 05D0     		beq	.L319
1365:Drivers/STM32L4xx_HAL_Driver/Src/stm32l4xx_hal_tim_ex.c ****     }
 3465              		.loc 1 1365 7 discriminator 4 view .LVU972
 3466 00d2 082D     		cmp	r5, #8
 3467 00d4 07D0     		beq	.L320
1365:Drivers/STM32L4xx_HAL_Driver/Src/stm32l4xx_hal_tim_ex.c ****     }
 3468              		.loc 1 1365 7 discriminator 7 view .LVU973
 3469 00d6 0222     		movs	r2, #2
 3470 00d8 84F84720 		strb	r2, [r4, #71]
 3471 00dc B6E7     		b	.L295
 3472              	.L319:
1365:Drivers/STM32L4xx_HAL_Driver/Src/stm32l4xx_hal_tim_ex.c ****     }
 3473              		.loc 1 1365 7 discriminator 3 view .LVU974
 3474 00de 0222     		movs	r2, #2
 3475 00e0 84F84520 		strb	r2, [r4, #69]
 3476 00e4 B2E7     		b	.L295
 3477              	.L320:
1365:Drivers/STM32L4xx_HAL_Driver/Src/stm32l4xx_hal_tim_ex.c ****     }
 3478              		.loc 1 1365 7 discriminator 6 view .LVU975
 3479 00e6 0222     		movs	r2, #2
 3480 00e8 84F84620 		strb	r2, [r4, #70]
 3481 00ec AEE7     		b	.L295
 3482              	.L314:
1378:Drivers/STM32L4xx_HAL_Driver/Src/stm32l4xx_hal_tim_ex.c ****       htim->hdma[TIM_DMA_ID_CC1]->XferHalfCpltCallback = TIM_DMADelayPulseHalfCplt;
 3483              		.loc 1 1378 7 is_stmt 1 view .LVU976
1378:Drivers/STM32L4xx_HAL_Driver/Src/stm32l4xx_hal_tim_ex.c ****       htim->hdma[TIM_DMA_ID_CC1]->XferHalfCpltCallback = TIM_DMADelayPulseHalfCplt;
 3484              		.loc 1 1378 17 is_stmt 0 view .LVU977
 3485 00ee 626A     		ldr	r2, [r4, #36]
1378:Drivers/STM32L4xx_HAL_Driver/Src/stm32l4xx_hal_tim_ex.c ****       htim->hdma[TIM_DMA_ID_CC1]->XferHalfCpltCallback = TIM_DMADelayPulseHalfCplt;
 3486              		.loc 1 1378 52 view .LVU978
 3487 00f0 3E49     		ldr	r1, .L321
 3488              	.LVL237:
1378:Drivers/STM32L4xx_HAL_Driver/Src/stm32l4xx_hal_tim_ex.c ****       htim->hdma[TIM_DMA_ID_CC1]->XferHalfCpltCallback = TIM_DMADelayPulseHalfCplt;
 3489              		.loc 1 1378 52 view .LVU979
 3490 00f2 D162     		str	r1, [r2, #44]
1379:Drivers/STM32L4xx_HAL_Driver/Src/stm32l4xx_hal_tim_ex.c **** 
 3491              		.loc 1 1379 7 is_stmt 1 view .LVU980
1379:Drivers/STM32L4xx_HAL_Driver/Src/stm32l4xx_hal_tim_ex.c **** 
 3492              		.loc 1 1379 17 is_stmt 0 view .LVU981
 3493 00f4 626A     		ldr	r2, [r4, #36]
1379:Drivers/STM32L4xx_HAL_Driver/Src/stm32l4xx_hal_tim_ex.c **** 
 3494              		.loc 1 1379 56 view .LVU982
 3495 00f6 3E49     		ldr	r1, .L321+4
 3496 00f8 1163     		str	r1, [r2, #48]
1382:Drivers/STM32L4xx_HAL_Driver/Src/stm32l4xx_hal_tim_ex.c **** 
 3497              		.loc 1 1382 7 is_stmt 1 view .LVU983
1382:Drivers/STM32L4xx_HAL_Driver/Src/stm32l4xx_hal_tim_ex.c **** 
 3498              		.loc 1 1382 17 is_stmt 0 view .LVU984
 3499 00fa 626A     		ldr	r2, [r4, #36]
1382:Drivers/STM32L4xx_HAL_Driver/Src/stm32l4xx_hal_tim_ex.c **** 
 3500              		.loc 1 1382 53 view .LVU985
 3501 00fc 3D49     		ldr	r1, .L321+8
 3502 00fe 5163     		str	r1, [r2, #52]
1385:Drivers/STM32L4xx_HAL_Driver/Src/stm32l4xx_hal_tim_ex.c ****                            Length) != HAL_OK)
 3503              		.loc 1 1385 7 is_stmt 1 view .LVU986
ARM GAS  /tmp/ccRvkrha.s 			page 128


1385:Drivers/STM32L4xx_HAL_Driver/Src/stm32l4xx_hal_tim_ex.c ****                            Length) != HAL_OK)
 3504              		.loc 1 1385 88 is_stmt 0 view .LVU987
 3505 0100 2268     		ldr	r2, [r4]
1385:Drivers/STM32L4xx_HAL_Driver/Src/stm32l4xx_hal_tim_ex.c ****                            Length) != HAL_OK)
 3506              		.loc 1 1385 11 view .LVU988
 3507 0102 3432     		adds	r2, r2, #52
 3508 0104 3146     		mov	r1, r6
 3509 0106 606A     		ldr	r0, [r4, #36]
 3510 0108 FFF7FEFF 		bl	HAL_DMA_Start_IT
 3511              	.LVL238:
1385:Drivers/STM32L4xx_HAL_Driver/Src/stm32l4xx_hal_tim_ex.c ****                            Length) != HAL_OK)
 3512              		.loc 1 1385 10 view .LVU989
 3513 010c 0028     		cmp	r0, #0
 3514 010e 62D1     		bne	.L308
1392:Drivers/STM32L4xx_HAL_Driver/Src/stm32l4xx_hal_tim_ex.c ****       break;
 3515              		.loc 1 1392 7 is_stmt 1 view .LVU990
 3516 0110 2268     		ldr	r2, [r4]
 3517 0112 D368     		ldr	r3, [r2, #12]
 3518 0114 43F40073 		orr	r3, r3, #512
 3519 0118 D360     		str	r3, [r2, #12]
1393:Drivers/STM32L4xx_HAL_Driver/Src/stm32l4xx_hal_tim_ex.c ****     }
 3520              		.loc 1 1393 7 view .LVU991
1443:Drivers/STM32L4xx_HAL_Driver/Src/stm32l4xx_hal_tim_ex.c ****   {
 3521              		.loc 1 1443 3 view .LVU992
 3522              	.L300:
1446:Drivers/STM32L4xx_HAL_Driver/Src/stm32l4xx_hal_tim_ex.c **** 
 3523              		.loc 1 1446 5 view .LVU993
 3524 011a 0422     		movs	r2, #4
 3525 011c 2946     		mov	r1, r5
 3526 011e 2068     		ldr	r0, [r4]
 3527 0120 FFF7FEFF 		bl	TIM_CCxNChannelCmd
 3528              	.LVL239:
1449:Drivers/STM32L4xx_HAL_Driver/Src/stm32l4xx_hal_tim_ex.c **** 
 3529              		.loc 1 1449 5 view .LVU994
 3530 0124 2268     		ldr	r2, [r4]
 3531 0126 536C     		ldr	r3, [r2, #68]
 3532 0128 43F40043 		orr	r3, r3, #32768
 3533 012c 5364     		str	r3, [r2, #68]
1452:Drivers/STM32L4xx_HAL_Driver/Src/stm32l4xx_hal_tim_ex.c ****     {
 3534              		.loc 1 1452 5 view .LVU995
1452:Drivers/STM32L4xx_HAL_Driver/Src/stm32l4xx_hal_tim_ex.c ****     {
 3535              		.loc 1 1452 9 is_stmt 0 view .LVU996
 3536 012e 2368     		ldr	r3, [r4]
1452:Drivers/STM32L4xx_HAL_Driver/Src/stm32l4xx_hal_tim_ex.c ****     {
 3537              		.loc 1 1452 8 view .LVU997
 3538 0130 314A     		ldr	r2, .L321+12
 3539 0132 9342     		cmp	r3, r2
 3540 0134 39D0     		beq	.L301
1452:Drivers/STM32L4xx_HAL_Driver/Src/stm32l4xx_hal_tim_ex.c ****     {
 3541              		.loc 1 1452 9 discriminator 1 view .LVU998
 3542 0136 B3F1804F 		cmp	r3, #1073741824
 3543 013a 36D0     		beq	.L301
1452:Drivers/STM32L4xx_HAL_Driver/Src/stm32l4xx_hal_tim_ex.c ****     {
 3544              		.loc 1 1452 9 discriminator 2 view .LVU999
 3545 013c 02F5A052 		add	r2, r2, #5120
 3546 0140 9342     		cmp	r3, r2
 3547 0142 32D0     		beq	.L301
ARM GAS  /tmp/ccRvkrha.s 			page 129


1462:Drivers/STM32L4xx_HAL_Driver/Src/stm32l4xx_hal_tim_ex.c ****     }
 3548              		.loc 1 1462 7 is_stmt 1 view .LVU1000
 3549 0144 1A68     		ldr	r2, [r3]
 3550 0146 42F00102 		orr	r2, r2, #1
 3551 014a 1A60     		str	r2, [r3]
 3552 014c 0020     		movs	r0, #0
 3553 014e 3DE0     		b	.L289
 3554              	.LVL240:
 3555              	.L298:
1399:Drivers/STM32L4xx_HAL_Driver/Src/stm32l4xx_hal_tim_ex.c ****       htim->hdma[TIM_DMA_ID_CC2]->XferHalfCpltCallback = TIM_DMADelayPulseHalfCplt;
 3556              		.loc 1 1399 7 view .LVU1001
1399:Drivers/STM32L4xx_HAL_Driver/Src/stm32l4xx_hal_tim_ex.c ****       htim->hdma[TIM_DMA_ID_CC2]->XferHalfCpltCallback = TIM_DMADelayPulseHalfCplt;
 3557              		.loc 1 1399 17 is_stmt 0 view .LVU1002
 3558 0150 A26A     		ldr	r2, [r4, #40]
1399:Drivers/STM32L4xx_HAL_Driver/Src/stm32l4xx_hal_tim_ex.c ****       htim->hdma[TIM_DMA_ID_CC2]->XferHalfCpltCallback = TIM_DMADelayPulseHalfCplt;
 3559              		.loc 1 1399 52 view .LVU1003
 3560 0152 2649     		ldr	r1, .L321
 3561              	.LVL241:
1399:Drivers/STM32L4xx_HAL_Driver/Src/stm32l4xx_hal_tim_ex.c ****       htim->hdma[TIM_DMA_ID_CC2]->XferHalfCpltCallback = TIM_DMADelayPulseHalfCplt;
 3562              		.loc 1 1399 52 view .LVU1004
 3563 0154 D162     		str	r1, [r2, #44]
1400:Drivers/STM32L4xx_HAL_Driver/Src/stm32l4xx_hal_tim_ex.c **** 
 3564              		.loc 1 1400 7 is_stmt 1 view .LVU1005
1400:Drivers/STM32L4xx_HAL_Driver/Src/stm32l4xx_hal_tim_ex.c **** 
 3565              		.loc 1 1400 17 is_stmt 0 view .LVU1006
 3566 0156 A26A     		ldr	r2, [r4, #40]
1400:Drivers/STM32L4xx_HAL_Driver/Src/stm32l4xx_hal_tim_ex.c **** 
 3567              		.loc 1 1400 56 view .LVU1007
 3568 0158 2549     		ldr	r1, .L321+4
 3569 015a 1163     		str	r1, [r2, #48]
1403:Drivers/STM32L4xx_HAL_Driver/Src/stm32l4xx_hal_tim_ex.c **** 
 3570              		.loc 1 1403 7 is_stmt 1 view .LVU1008
1403:Drivers/STM32L4xx_HAL_Driver/Src/stm32l4xx_hal_tim_ex.c **** 
 3571              		.loc 1 1403 17 is_stmt 0 view .LVU1009
 3572 015c A26A     		ldr	r2, [r4, #40]
1403:Drivers/STM32L4xx_HAL_Driver/Src/stm32l4xx_hal_tim_ex.c **** 
 3573              		.loc 1 1403 53 view .LVU1010
 3574 015e 2549     		ldr	r1, .L321+8
 3575 0160 5163     		str	r1, [r2, #52]
1406:Drivers/STM32L4xx_HAL_Driver/Src/stm32l4xx_hal_tim_ex.c ****                            Length) != HAL_OK)
 3576              		.loc 1 1406 7 is_stmt 1 view .LVU1011
1406:Drivers/STM32L4xx_HAL_Driver/Src/stm32l4xx_hal_tim_ex.c ****                            Length) != HAL_OK)
 3577              		.loc 1 1406 88 is_stmt 0 view .LVU1012
 3578 0162 2268     		ldr	r2, [r4]
1406:Drivers/STM32L4xx_HAL_Driver/Src/stm32l4xx_hal_tim_ex.c ****                            Length) != HAL_OK)
 3579              		.loc 1 1406 11 view .LVU1013
 3580 0164 3832     		adds	r2, r2, #56
 3581 0166 3146     		mov	r1, r6
 3582 0168 A06A     		ldr	r0, [r4, #40]
 3583 016a FFF7FEFF 		bl	HAL_DMA_Start_IT
 3584              	.LVL242:
1406:Drivers/STM32L4xx_HAL_Driver/Src/stm32l4xx_hal_tim_ex.c ****                            Length) != HAL_OK)
 3585              		.loc 1 1406 10 view .LVU1014
 3586 016e 0028     		cmp	r0, #0
 3587 0170 33D1     		bne	.L309
1413:Drivers/STM32L4xx_HAL_Driver/Src/stm32l4xx_hal_tim_ex.c ****       break;
 3588              		.loc 1 1413 7 is_stmt 1 view .LVU1015
ARM GAS  /tmp/ccRvkrha.s 			page 130


 3589 0172 2268     		ldr	r2, [r4]
 3590 0174 D368     		ldr	r3, [r2, #12]
 3591 0176 43F48063 		orr	r3, r3, #1024
 3592 017a D360     		str	r3, [r2, #12]
1414:Drivers/STM32L4xx_HAL_Driver/Src/stm32l4xx_hal_tim_ex.c ****     }
 3593              		.loc 1 1414 7 view .LVU1016
1443:Drivers/STM32L4xx_HAL_Driver/Src/stm32l4xx_hal_tim_ex.c ****   {
 3594              		.loc 1 1443 3 view .LVU1017
 3595 017c CDE7     		b	.L300
 3596              	.LVL243:
 3597              	.L299:
1420:Drivers/STM32L4xx_HAL_Driver/Src/stm32l4xx_hal_tim_ex.c ****       htim->hdma[TIM_DMA_ID_CC3]->XferHalfCpltCallback = TIM_DMADelayPulseHalfCplt;
 3598              		.loc 1 1420 7 view .LVU1018
1420:Drivers/STM32L4xx_HAL_Driver/Src/stm32l4xx_hal_tim_ex.c ****       htim->hdma[TIM_DMA_ID_CC3]->XferHalfCpltCallback = TIM_DMADelayPulseHalfCplt;
 3599              		.loc 1 1420 17 is_stmt 0 view .LVU1019
 3600 017e E26A     		ldr	r2, [r4, #44]
1420:Drivers/STM32L4xx_HAL_Driver/Src/stm32l4xx_hal_tim_ex.c ****       htim->hdma[TIM_DMA_ID_CC3]->XferHalfCpltCallback = TIM_DMADelayPulseHalfCplt;
 3601              		.loc 1 1420 52 view .LVU1020
 3602 0180 1A49     		ldr	r1, .L321
 3603              	.LVL244:
1420:Drivers/STM32L4xx_HAL_Driver/Src/stm32l4xx_hal_tim_ex.c ****       htim->hdma[TIM_DMA_ID_CC3]->XferHalfCpltCallback = TIM_DMADelayPulseHalfCplt;
 3604              		.loc 1 1420 52 view .LVU1021
 3605 0182 D162     		str	r1, [r2, #44]
1421:Drivers/STM32L4xx_HAL_Driver/Src/stm32l4xx_hal_tim_ex.c **** 
 3606              		.loc 1 1421 7 is_stmt 1 view .LVU1022
1421:Drivers/STM32L4xx_HAL_Driver/Src/stm32l4xx_hal_tim_ex.c **** 
 3607              		.loc 1 1421 17 is_stmt 0 view .LVU1023
 3608 0184 E26A     		ldr	r2, [r4, #44]
1421:Drivers/STM32L4xx_HAL_Driver/Src/stm32l4xx_hal_tim_ex.c **** 
 3609              		.loc 1 1421 56 view .LVU1024
 3610 0186 1A49     		ldr	r1, .L321+4
 3611 0188 1163     		str	r1, [r2, #48]
1424:Drivers/STM32L4xx_HAL_Driver/Src/stm32l4xx_hal_tim_ex.c **** 
 3612              		.loc 1 1424 7 is_stmt 1 view .LVU1025
1424:Drivers/STM32L4xx_HAL_Driver/Src/stm32l4xx_hal_tim_ex.c **** 
 3613              		.loc 1 1424 17 is_stmt 0 view .LVU1026
 3614 018a E26A     		ldr	r2, [r4, #44]
1424:Drivers/STM32L4xx_HAL_Driver/Src/stm32l4xx_hal_tim_ex.c **** 
 3615              		.loc 1 1424 53 view .LVU1027
 3616 018c 1949     		ldr	r1, .L321+8
 3617 018e 5163     		str	r1, [r2, #52]
1427:Drivers/STM32L4xx_HAL_Driver/Src/stm32l4xx_hal_tim_ex.c ****                            Length) != HAL_OK)
 3618              		.loc 1 1427 7 is_stmt 1 view .LVU1028
1427:Drivers/STM32L4xx_HAL_Driver/Src/stm32l4xx_hal_tim_ex.c ****                            Length) != HAL_OK)
 3619              		.loc 1 1427 88 is_stmt 0 view .LVU1029
 3620 0190 2268     		ldr	r2, [r4]
1427:Drivers/STM32L4xx_HAL_Driver/Src/stm32l4xx_hal_tim_ex.c ****                            Length) != HAL_OK)
 3621              		.loc 1 1427 11 view .LVU1030
 3622 0192 3C32     		adds	r2, r2, #60
 3623 0194 3146     		mov	r1, r6
 3624 0196 E06A     		ldr	r0, [r4, #44]
 3625 0198 FFF7FEFF 		bl	HAL_DMA_Start_IT
 3626              	.LVL245:
1427:Drivers/STM32L4xx_HAL_Driver/Src/stm32l4xx_hal_tim_ex.c ****                            Length) != HAL_OK)
 3627              		.loc 1 1427 10 view .LVU1031
 3628 019c F8B9     		cbnz	r0, .L310
1434:Drivers/STM32L4xx_HAL_Driver/Src/stm32l4xx_hal_tim_ex.c ****       break;
ARM GAS  /tmp/ccRvkrha.s 			page 131


 3629              		.loc 1 1434 7 is_stmt 1 view .LVU1032
 3630 019e 2268     		ldr	r2, [r4]
 3631 01a0 D368     		ldr	r3, [r2, #12]
 3632 01a2 43F40063 		orr	r3, r3, #2048
 3633 01a6 D360     		str	r3, [r2, #12]
1435:Drivers/STM32L4xx_HAL_Driver/Src/stm32l4xx_hal_tim_ex.c ****     }
 3634              		.loc 1 1435 7 view .LVU1033
1443:Drivers/STM32L4xx_HAL_Driver/Src/stm32l4xx_hal_tim_ex.c ****   {
 3635              		.loc 1 1443 3 view .LVU1034
 3636 01a8 B7E7     		b	.L300
 3637              	.L301:
1454:Drivers/STM32L4xx_HAL_Driver/Src/stm32l4xx_hal_tim_ex.c ****       if (!IS_TIM_SLAVEMODE_TRIGGER_ENABLED(tmpsmcr))
 3638              		.loc 1 1454 7 view .LVU1035
1454:Drivers/STM32L4xx_HAL_Driver/Src/stm32l4xx_hal_tim_ex.c ****       if (!IS_TIM_SLAVEMODE_TRIGGER_ENABLED(tmpsmcr))
 3639              		.loc 1 1454 31 is_stmt 0 view .LVU1036
 3640 01aa 9968     		ldr	r1, [r3, #8]
1454:Drivers/STM32L4xx_HAL_Driver/Src/stm32l4xx_hal_tim_ex.c ****       if (!IS_TIM_SLAVEMODE_TRIGGER_ENABLED(tmpsmcr))
 3641              		.loc 1 1454 15 view .LVU1037
 3642 01ac 134A     		ldr	r2, .L321+16
 3643 01ae 0A40     		ands	r2, r2, r1
 3644              	.LVL246:
1455:Drivers/STM32L4xx_HAL_Driver/Src/stm32l4xx_hal_tim_ex.c ****       {
 3645              		.loc 1 1455 7 is_stmt 1 view .LVU1038
1455:Drivers/STM32L4xx_HAL_Driver/Src/stm32l4xx_hal_tim_ex.c ****       {
 3646              		.loc 1 1455 10 is_stmt 0 view .LVU1039
 3647 01b0 062A     		cmp	r2, #6
 3648 01b2 16D0     		beq	.L311
1455:Drivers/STM32L4xx_HAL_Driver/Src/stm32l4xx_hal_tim_ex.c ****       {
 3649              		.loc 1 1455 11 discriminator 1 view .LVU1040
 3650 01b4 B2F5803F 		cmp	r2, #65536
 3651 01b8 15D0     		beq	.L312
1457:Drivers/STM32L4xx_HAL_Driver/Src/stm32l4xx_hal_tim_ex.c ****       }
 3652              		.loc 1 1457 9 is_stmt 1 view .LVU1041
 3653 01ba 1A68     		ldr	r2, [r3]
 3654              	.LVL247:
1457:Drivers/STM32L4xx_HAL_Driver/Src/stm32l4xx_hal_tim_ex.c ****       }
 3655              		.loc 1 1457 9 is_stmt 0 view .LVU1042
 3656 01bc 42F00102 		orr	r2, r2, #1
 3657 01c0 1A60     		str	r2, [r3]
 3658 01c2 0020     		movs	r0, #0
 3659 01c4 02E0     		b	.L289
 3660              	.LVL248:
 3661              	.L303:
1355:Drivers/STM32L4xx_HAL_Driver/Src/stm32l4xx_hal_tim_ex.c ****   }
 3662              		.loc 1 1355 12 view .LVU1043
 3663 01c6 0220     		movs	r0, #2
 3664 01c8 00E0     		b	.L289
 3665              	.LVL249:
 3666              	.L304:
1370:Drivers/STM32L4xx_HAL_Driver/Src/stm32l4xx_hal_tim_ex.c ****   }
 3667              		.loc 1 1370 12 view .LVU1044
 3668 01ca 0120     		movs	r0, #1
 3669              	.LVL250:
 3670              	.L289:
1468:Drivers/STM32L4xx_HAL_Driver/Src/stm32l4xx_hal_tim_ex.c **** 
 3671              		.loc 1 1468 1 view .LVU1045
 3672 01cc 70BD     		pop	{r4, r5, r6, pc}
ARM GAS  /tmp/ccRvkrha.s 			page 132


 3673              	.LVL251:
 3674              	.L305:
1361:Drivers/STM32L4xx_HAL_Driver/Src/stm32l4xx_hal_tim_ex.c ****     }
 3675              		.loc 1 1361 14 view .LVU1046
 3676 01ce 0120     		movs	r0, #1
 3677 01d0 FCE7     		b	.L289
 3678              	.L306:
 3679 01d2 0120     		movs	r0, #1
 3680 01d4 FAE7     		b	.L289
 3681              	.LVL252:
 3682              	.L308:
1389:Drivers/STM32L4xx_HAL_Driver/Src/stm32l4xx_hal_tim_ex.c ****       }
 3683              		.loc 1 1389 16 view .LVU1047
 3684 01d6 0120     		movs	r0, #1
 3685 01d8 F8E7     		b	.L289
 3686              	.L309:
1410:Drivers/STM32L4xx_HAL_Driver/Src/stm32l4xx_hal_tim_ex.c ****       }
 3687              		.loc 1 1410 16 view .LVU1048
 3688 01da 0120     		movs	r0, #1
 3689 01dc F6E7     		b	.L289
 3690              	.L310:
1431:Drivers/STM32L4xx_HAL_Driver/Src/stm32l4xx_hal_tim_ex.c ****       }
 3691              		.loc 1 1431 16 view .LVU1049
 3692 01de 0120     		movs	r0, #1
 3693 01e0 F4E7     		b	.L289
 3694              	.LVL253:
 3695              	.L311:
1431:Drivers/STM32L4xx_HAL_Driver/Src/stm32l4xx_hal_tim_ex.c ****       }
 3696              		.loc 1 1431 16 view .LVU1050
 3697 01e2 0020     		movs	r0, #0
 3698 01e4 F2E7     		b	.L289
 3699              	.L312:
 3700 01e6 0020     		movs	r0, #0
 3701 01e8 F0E7     		b	.L289
 3702              	.L322:
 3703 01ea 00BF     		.align	2
 3704              	.L321:
 3705 01ec 00000000 		.word	TIM_DMADelayPulseNCplt
 3706 01f0 00000000 		.word	TIM_DMADelayPulseHalfCplt
 3707 01f4 00000000 		.word	TIM_DMAErrorCCxN
 3708 01f8 002C0140 		.word	1073818624
 3709 01fc 07000100 		.word	65543
 3710              		.cfi_endproc
 3711              	.LFE152:
 3713              		.section	.text.HAL_TIMEx_PWMN_Stop_DMA,"ax",%progbits
 3714              		.align	1
 3715              		.global	HAL_TIMEx_PWMN_Stop_DMA
 3716              		.syntax unified
 3717              		.thumb
 3718              		.thumb_func
 3720              	HAL_TIMEx_PWMN_Stop_DMA:
 3721              	.LVL254:
 3722              	.LFB153:
1482:Drivers/STM32L4xx_HAL_Driver/Src/stm32l4xx_hal_tim_ex.c ****   HAL_StatusTypeDef status = HAL_OK;
 3723              		.loc 1 1482 1 is_stmt 1 view -0
 3724              		.cfi_startproc
 3725              		@ args = 0, pretend = 0, frame = 0
ARM GAS  /tmp/ccRvkrha.s 			page 133


 3726              		@ frame_needed = 0, uses_anonymous_args = 0
1482:Drivers/STM32L4xx_HAL_Driver/Src/stm32l4xx_hal_tim_ex.c ****   HAL_StatusTypeDef status = HAL_OK;
 3727              		.loc 1 1482 1 is_stmt 0 view .LVU1052
 3728 0000 38B5     		push	{r3, r4, r5, lr}
 3729              	.LCFI25:
 3730              		.cfi_def_cfa_offset 16
 3731              		.cfi_offset 3, -16
 3732              		.cfi_offset 4, -12
 3733              		.cfi_offset 5, -8
 3734              		.cfi_offset 14, -4
 3735 0002 0546     		mov	r5, r0
 3736 0004 0C46     		mov	r4, r1
1483:Drivers/STM32L4xx_HAL_Driver/Src/stm32l4xx_hal_tim_ex.c **** 
 3737              		.loc 1 1483 3 is_stmt 1 view .LVU1053
 3738              	.LVL255:
1486:Drivers/STM32L4xx_HAL_Driver/Src/stm32l4xx_hal_tim_ex.c **** 
 3739              		.loc 1 1486 3 view .LVU1054
1488:Drivers/STM32L4xx_HAL_Driver/Src/stm32l4xx_hal_tim_ex.c ****   {
 3740              		.loc 1 1488 3 view .LVU1055
 3741 0006 0429     		cmp	r1, #4
 3742 0008 35D0     		beq	.L324
 3743 000a 0829     		cmp	r1, #8
 3744 000c 3CD0     		beq	.L325
 3745 000e 09B1     		cbz	r1, .L335
 3746 0010 0120     		movs	r0, #1
 3747              	.LVL256:
 3748              	.L326:
1535:Drivers/STM32L4xx_HAL_Driver/Src/stm32l4xx_hal_tim_ex.c **** }
 3749              		.loc 1 1535 3 view .LVU1056
1536:Drivers/STM32L4xx_HAL_Driver/Src/stm32l4xx_hal_tim_ex.c **** 
 3750              		.loc 1 1536 1 is_stmt 0 view .LVU1057
 3751 0012 38BD     		pop	{r3, r4, r5, pc}
 3752              	.LVL257:
 3753              	.L335:
1493:Drivers/STM32L4xx_HAL_Driver/Src/stm32l4xx_hal_tim_ex.c ****       (void)HAL_DMA_Abort_IT(htim->hdma[TIM_DMA_ID_CC1]);
 3754              		.loc 1 1493 7 is_stmt 1 view .LVU1058
 3755 0014 0268     		ldr	r2, [r0]
 3756 0016 D368     		ldr	r3, [r2, #12]
 3757 0018 23F40073 		bic	r3, r3, #512
 3758 001c D360     		str	r3, [r2, #12]
1494:Drivers/STM32L4xx_HAL_Driver/Src/stm32l4xx_hal_tim_ex.c ****       break;
 3759              		.loc 1 1494 7 view .LVU1059
1494:Drivers/STM32L4xx_HAL_Driver/Src/stm32l4xx_hal_tim_ex.c ****       break;
 3760              		.loc 1 1494 13 is_stmt 0 view .LVU1060
 3761 001e 406A     		ldr	r0, [r0, #36]
 3762              	.LVL258:
1494:Drivers/STM32L4xx_HAL_Driver/Src/stm32l4xx_hal_tim_ex.c ****       break;
 3763              		.loc 1 1494 13 view .LVU1061
 3764 0020 FFF7FEFF 		bl	HAL_DMA_Abort_IT
 3765              	.LVL259:
1495:Drivers/STM32L4xx_HAL_Driver/Src/stm32l4xx_hal_tim_ex.c ****     }
 3766              		.loc 1 1495 7 is_stmt 1 view .LVU1062
1519:Drivers/STM32L4xx_HAL_Driver/Src/stm32l4xx_hal_tim_ex.c ****   {
 3767              		.loc 1 1519 3 view .LVU1063
 3768              	.L327:
1522:Drivers/STM32L4xx_HAL_Driver/Src/stm32l4xx_hal_tim_ex.c **** 
 3769              		.loc 1 1522 5 view .LVU1064
ARM GAS  /tmp/ccRvkrha.s 			page 134


 3770 0024 0022     		movs	r2, #0
 3771 0026 2146     		mov	r1, r4
 3772 0028 2868     		ldr	r0, [r5]
 3773 002a FFF7FEFF 		bl	TIM_CCxNChannelCmd
 3774              	.LVL260:
1525:Drivers/STM32L4xx_HAL_Driver/Src/stm32l4xx_hal_tim_ex.c **** 
 3775              		.loc 1 1525 5 view .LVU1065
1525:Drivers/STM32L4xx_HAL_Driver/Src/stm32l4xx_hal_tim_ex.c **** 
 3776              		.loc 1 1525 5 view .LVU1066
 3777 002e 2B68     		ldr	r3, [r5]
 3778 0030 196A     		ldr	r1, [r3, #32]
 3779 0032 41F21112 		movw	r2, #4369
 3780 0036 1142     		tst	r1, r2
 3781 0038 08D1     		bne	.L328
1525:Drivers/STM32L4xx_HAL_Driver/Src/stm32l4xx_hal_tim_ex.c **** 
 3782              		.loc 1 1525 5 discriminator 1 view .LVU1067
 3783 003a 196A     		ldr	r1, [r3, #32]
 3784 003c 40F24442 		movw	r2, #1092
 3785 0040 1142     		tst	r1, r2
 3786 0042 03D1     		bne	.L328
1525:Drivers/STM32L4xx_HAL_Driver/Src/stm32l4xx_hal_tim_ex.c **** 
 3787              		.loc 1 1525 5 discriminator 3 view .LVU1068
 3788 0044 5A6C     		ldr	r2, [r3, #68]
 3789 0046 22F40042 		bic	r2, r2, #32768
 3790 004a 5A64     		str	r2, [r3, #68]
 3791              	.L328:
1525:Drivers/STM32L4xx_HAL_Driver/Src/stm32l4xx_hal_tim_ex.c **** 
 3792              		.loc 1 1525 5 discriminator 5 view .LVU1069
1528:Drivers/STM32L4xx_HAL_Driver/Src/stm32l4xx_hal_tim_ex.c **** 
 3793              		.loc 1 1528 5 discriminator 5 view .LVU1070
1528:Drivers/STM32L4xx_HAL_Driver/Src/stm32l4xx_hal_tim_ex.c **** 
 3794              		.loc 1 1528 5 discriminator 5 view .LVU1071
 3795 004c 2B68     		ldr	r3, [r5]
 3796 004e 196A     		ldr	r1, [r3, #32]
 3797 0050 41F21112 		movw	r2, #4369
 3798 0054 1142     		tst	r1, r2
 3799 0056 08D1     		bne	.L329
1528:Drivers/STM32L4xx_HAL_Driver/Src/stm32l4xx_hal_tim_ex.c **** 
 3800              		.loc 1 1528 5 discriminator 1 view .LVU1072
 3801 0058 196A     		ldr	r1, [r3, #32]
 3802 005a 40F24442 		movw	r2, #1092
 3803 005e 1142     		tst	r1, r2
 3804 0060 03D1     		bne	.L329
1528:Drivers/STM32L4xx_HAL_Driver/Src/stm32l4xx_hal_tim_ex.c **** 
 3805              		.loc 1 1528 5 discriminator 3 view .LVU1073
 3806 0062 1A68     		ldr	r2, [r3]
 3807 0064 22F00102 		bic	r2, r2, #1
 3808 0068 1A60     		str	r2, [r3]
 3809              	.L329:
1528:Drivers/STM32L4xx_HAL_Driver/Src/stm32l4xx_hal_tim_ex.c **** 
 3810              		.loc 1 1528 5 discriminator 5 view .LVU1074
1531:Drivers/STM32L4xx_HAL_Driver/Src/stm32l4xx_hal_tim_ex.c ****   }
 3811              		.loc 1 1531 5 discriminator 5 view .LVU1075
 3812 006a B4B9     		cbnz	r4, .L330
1531:Drivers/STM32L4xx_HAL_Driver/Src/stm32l4xx_hal_tim_ex.c ****   }
 3813              		.loc 1 1531 5 is_stmt 0 discriminator 1 view .LVU1076
 3814 006c 0123     		movs	r3, #1
ARM GAS  /tmp/ccRvkrha.s 			page 135


 3815 006e 85F84430 		strb	r3, [r5, #68]
 3816 0072 0020     		movs	r0, #0
 3817 0074 CDE7     		b	.L326
 3818              	.LVL261:
 3819              	.L324:
1501:Drivers/STM32L4xx_HAL_Driver/Src/stm32l4xx_hal_tim_ex.c ****       (void)HAL_DMA_Abort_IT(htim->hdma[TIM_DMA_ID_CC2]);
 3820              		.loc 1 1501 7 is_stmt 1 view .LVU1077
 3821 0076 0268     		ldr	r2, [r0]
 3822 0078 D368     		ldr	r3, [r2, #12]
 3823 007a 23F48063 		bic	r3, r3, #1024
 3824 007e D360     		str	r3, [r2, #12]
1502:Drivers/STM32L4xx_HAL_Driver/Src/stm32l4xx_hal_tim_ex.c ****       break;
 3825              		.loc 1 1502 7 view .LVU1078
1502:Drivers/STM32L4xx_HAL_Driver/Src/stm32l4xx_hal_tim_ex.c ****       break;
 3826              		.loc 1 1502 13 is_stmt 0 view .LVU1079
 3827 0080 806A     		ldr	r0, [r0, #40]
 3828              	.LVL262:
1502:Drivers/STM32L4xx_HAL_Driver/Src/stm32l4xx_hal_tim_ex.c ****       break;
 3829              		.loc 1 1502 13 view .LVU1080
 3830 0082 FFF7FEFF 		bl	HAL_DMA_Abort_IT
 3831              	.LVL263:
1503:Drivers/STM32L4xx_HAL_Driver/Src/stm32l4xx_hal_tim_ex.c ****     }
 3832              		.loc 1 1503 7 is_stmt 1 view .LVU1081
1519:Drivers/STM32L4xx_HAL_Driver/Src/stm32l4xx_hal_tim_ex.c ****   {
 3833              		.loc 1 1519 3 view .LVU1082
 3834 0086 CDE7     		b	.L327
 3835              	.LVL264:
 3836              	.L325:
1509:Drivers/STM32L4xx_HAL_Driver/Src/stm32l4xx_hal_tim_ex.c ****       (void)HAL_DMA_Abort_IT(htim->hdma[TIM_DMA_ID_CC3]);
 3837              		.loc 1 1509 7 view .LVU1083
 3838 0088 0268     		ldr	r2, [r0]
 3839 008a D368     		ldr	r3, [r2, #12]
 3840 008c 23F40063 		bic	r3, r3, #2048
 3841 0090 D360     		str	r3, [r2, #12]
1510:Drivers/STM32L4xx_HAL_Driver/Src/stm32l4xx_hal_tim_ex.c ****       break;
 3842              		.loc 1 1510 7 view .LVU1084
1510:Drivers/STM32L4xx_HAL_Driver/Src/stm32l4xx_hal_tim_ex.c ****       break;
 3843              		.loc 1 1510 13 is_stmt 0 view .LVU1085
 3844 0092 C06A     		ldr	r0, [r0, #44]
 3845              	.LVL265:
1510:Drivers/STM32L4xx_HAL_Driver/Src/stm32l4xx_hal_tim_ex.c ****       break;
 3846              		.loc 1 1510 13 view .LVU1086
 3847 0094 FFF7FEFF 		bl	HAL_DMA_Abort_IT
 3848              	.LVL266:
1511:Drivers/STM32L4xx_HAL_Driver/Src/stm32l4xx_hal_tim_ex.c ****     }
 3849              		.loc 1 1511 7 is_stmt 1 view .LVU1087
1519:Drivers/STM32L4xx_HAL_Driver/Src/stm32l4xx_hal_tim_ex.c ****   {
 3850              		.loc 1 1519 3 view .LVU1088
 3851 0098 C4E7     		b	.L327
 3852              	.L330:
1531:Drivers/STM32L4xx_HAL_Driver/Src/stm32l4xx_hal_tim_ex.c ****   }
 3853              		.loc 1 1531 5 is_stmt 0 discriminator 2 view .LVU1089
 3854 009a 042C     		cmp	r4, #4
 3855 009c 06D0     		beq	.L336
1531:Drivers/STM32L4xx_HAL_Driver/Src/stm32l4xx_hal_tim_ex.c ****   }
 3856              		.loc 1 1531 5 discriminator 4 view .LVU1090
 3857 009e 082C     		cmp	r4, #8
ARM GAS  /tmp/ccRvkrha.s 			page 136


 3858 00a0 09D0     		beq	.L337
1531:Drivers/STM32L4xx_HAL_Driver/Src/stm32l4xx_hal_tim_ex.c ****   }
 3859              		.loc 1 1531 5 discriminator 7 view .LVU1091
 3860 00a2 0123     		movs	r3, #1
 3861 00a4 85F84730 		strb	r3, [r5, #71]
 3862 00a8 0020     		movs	r0, #0
 3863 00aa B2E7     		b	.L326
 3864              	.L336:
1531:Drivers/STM32L4xx_HAL_Driver/Src/stm32l4xx_hal_tim_ex.c ****   }
 3865              		.loc 1 1531 5 discriminator 3 view .LVU1092
 3866 00ac 0123     		movs	r3, #1
 3867 00ae 85F84530 		strb	r3, [r5, #69]
 3868 00b2 0020     		movs	r0, #0
 3869 00b4 ADE7     		b	.L326
 3870              	.L337:
1531:Drivers/STM32L4xx_HAL_Driver/Src/stm32l4xx_hal_tim_ex.c ****   }
 3871              		.loc 1 1531 5 discriminator 6 view .LVU1093
 3872 00b6 0123     		movs	r3, #1
 3873 00b8 85F84630 		strb	r3, [r5, #70]
 3874 00bc 0020     		movs	r0, #0
 3875 00be A8E7     		b	.L326
 3876              		.cfi_endproc
 3877              	.LFE153:
 3879              		.section	.text.HAL_TIMEx_OnePulseN_Start,"ax",%progbits
 3880              		.align	1
 3881              		.global	HAL_TIMEx_OnePulseN_Start
 3882              		.syntax unified
 3883              		.thumb
 3884              		.thumb_func
 3886              	HAL_TIMEx_OnePulseN_Start:
 3887              	.LVL267:
 3888              	.LFB154:
1573:Drivers/STM32L4xx_HAL_Driver/Src/stm32l4xx_hal_tim_ex.c ****   uint32_t input_channel = (OutputChannel == TIM_CHANNEL_1) ? TIM_CHANNEL_2 : TIM_CHANNEL_1;
 3889              		.loc 1 1573 1 is_stmt 1 view -0
 3890              		.cfi_startproc
 3891              		@ args = 0, pretend = 0, frame = 0
 3892              		@ frame_needed = 0, uses_anonymous_args = 0
1573:Drivers/STM32L4xx_HAL_Driver/Src/stm32l4xx_hal_tim_ex.c ****   uint32_t input_channel = (OutputChannel == TIM_CHANNEL_1) ? TIM_CHANNEL_2 : TIM_CHANNEL_1;
 3893              		.loc 1 1573 1 is_stmt 0 view .LVU1095
 3894 0000 38B5     		push	{r3, r4, r5, lr}
 3895              	.LCFI26:
 3896              		.cfi_def_cfa_offset 16
 3897              		.cfi_offset 3, -16
 3898              		.cfi_offset 4, -12
 3899              		.cfi_offset 5, -8
 3900              		.cfi_offset 14, -4
 3901 0002 0446     		mov	r4, r0
1574:Drivers/STM32L4xx_HAL_Driver/Src/stm32l4xx_hal_tim_ex.c ****   HAL_TIM_ChannelStateTypeDef channel_1_state = TIM_CHANNEL_STATE_GET(htim, TIM_CHANNEL_1);
 3902              		.loc 1 1574 3 is_stmt 1 view .LVU1096
1574:Drivers/STM32L4xx_HAL_Driver/Src/stm32l4xx_hal_tim_ex.c ****   HAL_TIM_ChannelStateTypeDef channel_1_state = TIM_CHANNEL_STATE_GET(htim, TIM_CHANNEL_1);
 3903              		.loc 1 1574 77 is_stmt 0 view .LVU1097
 3904 0004 8E46     		mov	lr, r1
 3905 0006 C1B9     		cbnz	r1, .L341
 3906 0008 0425     		movs	r5, #4
 3907              	.L339:
 3908              	.LVL268:
1575:Drivers/STM32L4xx_HAL_Driver/Src/stm32l4xx_hal_tim_ex.c ****   HAL_TIM_ChannelStateTypeDef channel_2_state = TIM_CHANNEL_STATE_GET(htim, TIM_CHANNEL_2);
ARM GAS  /tmp/ccRvkrha.s 			page 137


 3909              		.loc 1 1575 3 is_stmt 1 discriminator 4 view .LVU1098
1575:Drivers/STM32L4xx_HAL_Driver/Src/stm32l4xx_hal_tim_ex.c ****   HAL_TIM_ChannelStateTypeDef channel_2_state = TIM_CHANNEL_STATE_GET(htim, TIM_CHANNEL_2);
 3910              		.loc 1 1575 31 is_stmt 0 discriminator 4 view .LVU1099
 3911 000a 94F83E00 		ldrb	r0, [r4, #62]	@ zero_extendqisi2
 3912              	.LVL269:
1575:Drivers/STM32L4xx_HAL_Driver/Src/stm32l4xx_hal_tim_ex.c ****   HAL_TIM_ChannelStateTypeDef channel_2_state = TIM_CHANNEL_STATE_GET(htim, TIM_CHANNEL_2);
 3913              		.loc 1 1575 31 discriminator 4 view .LVU1100
 3914 000e C0B2     		uxtb	r0, r0
 3915              	.LVL270:
1576:Drivers/STM32L4xx_HAL_Driver/Src/stm32l4xx_hal_tim_ex.c ****   HAL_TIM_ChannelStateTypeDef complementary_channel_1_state = TIM_CHANNEL_N_STATE_GET(htim, TIM_CHA
 3916              		.loc 1 1576 3 is_stmt 1 discriminator 4 view .LVU1101
1576:Drivers/STM32L4xx_HAL_Driver/Src/stm32l4xx_hal_tim_ex.c ****   HAL_TIM_ChannelStateTypeDef complementary_channel_1_state = TIM_CHANNEL_N_STATE_GET(htim, TIM_CHA
 3917              		.loc 1 1576 31 is_stmt 0 discriminator 4 view .LVU1102
 3918 0010 94F83F30 		ldrb	r3, [r4, #63]	@ zero_extendqisi2
 3919 0014 DBB2     		uxtb	r3, r3
 3920              	.LVL271:
1577:Drivers/STM32L4xx_HAL_Driver/Src/stm32l4xx_hal_tim_ex.c ****   HAL_TIM_ChannelStateTypeDef complementary_channel_2_state = TIM_CHANNEL_N_STATE_GET(htim, TIM_CHA
 3921              		.loc 1 1577 3 is_stmt 1 discriminator 4 view .LVU1103
1577:Drivers/STM32L4xx_HAL_Driver/Src/stm32l4xx_hal_tim_ex.c ****   HAL_TIM_ChannelStateTypeDef complementary_channel_2_state = TIM_CHANNEL_N_STATE_GET(htim, TIM_CHA
 3922              		.loc 1 1577 31 is_stmt 0 discriminator 4 view .LVU1104
 3923 0016 94F84420 		ldrb	r2, [r4, #68]	@ zero_extendqisi2
 3924 001a D2B2     		uxtb	r2, r2
 3925              	.LVL272:
1578:Drivers/STM32L4xx_HAL_Driver/Src/stm32l4xx_hal_tim_ex.c **** 
 3926              		.loc 1 1578 3 is_stmt 1 discriminator 4 view .LVU1105
1578:Drivers/STM32L4xx_HAL_Driver/Src/stm32l4xx_hal_tim_ex.c **** 
 3927              		.loc 1 1578 31 is_stmt 0 discriminator 4 view .LVU1106
 3928 001c 94F845C0 		ldrb	ip, [r4, #69]	@ zero_extendqisi2
 3929 0020 5FFA8CFC 		uxtb	ip, ip
 3930              	.LVL273:
1581:Drivers/STM32L4xx_HAL_Driver/Src/stm32l4xx_hal_tim_ex.c **** 
 3931              		.loc 1 1581 3 is_stmt 1 discriminator 4 view .LVU1107
1584:Drivers/STM32L4xx_HAL_Driver/Src/stm32l4xx_hal_tim_ex.c ****       || (channel_2_state != HAL_TIM_CHANNEL_STATE_READY)
 3932              		.loc 1 1584 3 discriminator 4 view .LVU1108
1584:Drivers/STM32L4xx_HAL_Driver/Src/stm32l4xx_hal_tim_ex.c ****       || (channel_2_state != HAL_TIM_CHANNEL_STATE_READY)
 3933              		.loc 1 1584 6 is_stmt 0 discriminator 4 view .LVU1109
 3934 0024 0128     		cmp	r0, #1
 3935 0026 24D1     		bne	.L342
1585:Drivers/STM32L4xx_HAL_Driver/Src/stm32l4xx_hal_tim_ex.c ****       || (complementary_channel_1_state != HAL_TIM_CHANNEL_STATE_READY)
 3936              		.loc 1 1585 7 view .LVU1110
 3937 0028 012B     		cmp	r3, #1
 3938 002a 23D1     		bne	.L340
1586:Drivers/STM32L4xx_HAL_Driver/Src/stm32l4xx_hal_tim_ex.c ****       || (complementary_channel_2_state != HAL_TIM_CHANNEL_STATE_READY))
 3939              		.loc 1 1586 7 view .LVU1111
 3940 002c 012A     		cmp	r2, #1
 3941 002e 22D1     		bne	.L343
1587:Drivers/STM32L4xx_HAL_Driver/Src/stm32l4xx_hal_tim_ex.c ****   {
 3942              		.loc 1 1587 7 view .LVU1112
 3943 0030 BCF1010F 		cmp	ip, #1
 3944 0034 03D0     		beq	.L346
1589:Drivers/STM32L4xx_HAL_Driver/Src/stm32l4xx_hal_tim_ex.c ****   }
 3945              		.loc 1 1589 12 view .LVU1113
 3946 0036 1046     		mov	r0, r2
 3947              	.LVL274:
1589:Drivers/STM32L4xx_HAL_Driver/Src/stm32l4xx_hal_tim_ex.c ****   }
 3948              		.loc 1 1589 12 view .LVU1114
 3949 0038 1CE0     		b	.L340
ARM GAS  /tmp/ccRvkrha.s 			page 138


 3950              	.LVL275:
 3951              	.L341:
1574:Drivers/STM32L4xx_HAL_Driver/Src/stm32l4xx_hal_tim_ex.c ****   HAL_TIM_ChannelStateTypeDef channel_1_state = TIM_CHANNEL_STATE_GET(htim, TIM_CHANNEL_1);
 3952              		.loc 1 1574 77 view .LVU1115
 3953 003a 0025     		movs	r5, #0
 3954 003c E5E7     		b	.L339
 3955              	.LVL276:
 3956              	.L346:
1593:Drivers/STM32L4xx_HAL_Driver/Src/stm32l4xx_hal_tim_ex.c ****   TIM_CHANNEL_STATE_SET(htim, TIM_CHANNEL_2, HAL_TIM_CHANNEL_STATE_BUSY);
 3957              		.loc 1 1593 3 is_stmt 1 view .LVU1116
 3958 003e 0223     		movs	r3, #2
 3959              	.LVL277:
1593:Drivers/STM32L4xx_HAL_Driver/Src/stm32l4xx_hal_tim_ex.c ****   TIM_CHANNEL_STATE_SET(htim, TIM_CHANNEL_2, HAL_TIM_CHANNEL_STATE_BUSY);
 3960              		.loc 1 1593 3 is_stmt 0 view .LVU1117
 3961 0040 84F83E30 		strb	r3, [r4, #62]
1594:Drivers/STM32L4xx_HAL_Driver/Src/stm32l4xx_hal_tim_ex.c ****   TIM_CHANNEL_N_STATE_SET(htim, TIM_CHANNEL_1, HAL_TIM_CHANNEL_STATE_BUSY);
 3962              		.loc 1 1594 3 is_stmt 1 view .LVU1118
 3963 0044 84F83F30 		strb	r3, [r4, #63]
1595:Drivers/STM32L4xx_HAL_Driver/Src/stm32l4xx_hal_tim_ex.c ****   TIM_CHANNEL_N_STATE_SET(htim, TIM_CHANNEL_2, HAL_TIM_CHANNEL_STATE_BUSY);
 3964              		.loc 1 1595 3 view .LVU1119
 3965 0048 84F84430 		strb	r3, [r4, #68]
1596:Drivers/STM32L4xx_HAL_Driver/Src/stm32l4xx_hal_tim_ex.c **** 
 3966              		.loc 1 1596 3 view .LVU1120
 3967 004c 84F84530 		strb	r3, [r4, #69]
1599:Drivers/STM32L4xx_HAL_Driver/Src/stm32l4xx_hal_tim_ex.c ****   TIM_CCxChannelCmd(htim->Instance, input_channel, TIM_CCx_ENABLE);
 3968              		.loc 1 1599 3 view .LVU1121
 3969 0050 0422     		movs	r2, #4
 3970              	.LVL278:
1599:Drivers/STM32L4xx_HAL_Driver/Src/stm32l4xx_hal_tim_ex.c ****   TIM_CCxChannelCmd(htim->Instance, input_channel, TIM_CCx_ENABLE);
 3971              		.loc 1 1599 3 is_stmt 0 view .LVU1122
 3972 0052 7146     		mov	r1, lr
 3973              	.LVL279:
1599:Drivers/STM32L4xx_HAL_Driver/Src/stm32l4xx_hal_tim_ex.c ****   TIM_CCxChannelCmd(htim->Instance, input_channel, TIM_CCx_ENABLE);
 3974              		.loc 1 1599 3 view .LVU1123
 3975 0054 2068     		ldr	r0, [r4]
 3976              	.LVL280:
1599:Drivers/STM32L4xx_HAL_Driver/Src/stm32l4xx_hal_tim_ex.c ****   TIM_CCxChannelCmd(htim->Instance, input_channel, TIM_CCx_ENABLE);
 3977              		.loc 1 1599 3 view .LVU1124
 3978 0056 FFF7FEFF 		bl	TIM_CCxNChannelCmd
 3979              	.LVL281:
1600:Drivers/STM32L4xx_HAL_Driver/Src/stm32l4xx_hal_tim_ex.c **** 
 3980              		.loc 1 1600 3 is_stmt 1 view .LVU1125
 3981 005a 0122     		movs	r2, #1
 3982 005c 2946     		mov	r1, r5
 3983 005e 2068     		ldr	r0, [r4]
 3984 0060 FFF7FEFF 		bl	TIM_CCxChannelCmd
 3985              	.LVL282:
1603:Drivers/STM32L4xx_HAL_Driver/Src/stm32l4xx_hal_tim_ex.c **** 
 3986              		.loc 1 1603 3 view .LVU1126
 3987 0064 2268     		ldr	r2, [r4]
 3988 0066 536C     		ldr	r3, [r2, #68]
 3989 0068 43F40043 		orr	r3, r3, #32768
 3990 006c 5364     		str	r3, [r2, #68]
1606:Drivers/STM32L4xx_HAL_Driver/Src/stm32l4xx_hal_tim_ex.c **** }
 3991              		.loc 1 1606 3 view .LVU1127
1606:Drivers/STM32L4xx_HAL_Driver/Src/stm32l4xx_hal_tim_ex.c **** }
 3992              		.loc 1 1606 10 is_stmt 0 view .LVU1128
ARM GAS  /tmp/ccRvkrha.s 			page 139


 3993 006e 0020     		movs	r0, #0
 3994 0070 00E0     		b	.L340
 3995              	.LVL283:
 3996              	.L342:
1589:Drivers/STM32L4xx_HAL_Driver/Src/stm32l4xx_hal_tim_ex.c ****   }
 3997              		.loc 1 1589 12 view .LVU1129
 3998 0072 0120     		movs	r0, #1
 3999              	.LVL284:
 4000              	.L340:
1607:Drivers/STM32L4xx_HAL_Driver/Src/stm32l4xx_hal_tim_ex.c **** 
 4001              		.loc 1 1607 1 view .LVU1130
 4002 0074 38BD     		pop	{r3, r4, r5, pc}
 4003              	.LVL285:
 4004              	.L343:
1589:Drivers/STM32L4xx_HAL_Driver/Src/stm32l4xx_hal_tim_ex.c ****   }
 4005              		.loc 1 1589 12 view .LVU1131
 4006 0076 1846     		mov	r0, r3
 4007              	.LVL286:
1589:Drivers/STM32L4xx_HAL_Driver/Src/stm32l4xx_hal_tim_ex.c ****   }
 4008              		.loc 1 1589 12 view .LVU1132
 4009 0078 FCE7     		b	.L340
 4010              		.cfi_endproc
 4011              	.LFE154:
 4013              		.section	.text.HAL_TIMEx_OnePulseN_Stop,"ax",%progbits
 4014              		.align	1
 4015              		.global	HAL_TIMEx_OnePulseN_Stop
 4016              		.syntax unified
 4017              		.thumb
 4018              		.thumb_func
 4020              	HAL_TIMEx_OnePulseN_Stop:
 4021              	.LVL287:
 4022              	.LFB155:
1622:Drivers/STM32L4xx_HAL_Driver/Src/stm32l4xx_hal_tim_ex.c ****   uint32_t input_channel = (OutputChannel == TIM_CHANNEL_1) ? TIM_CHANNEL_2 : TIM_CHANNEL_1;
 4023              		.loc 1 1622 1 is_stmt 1 view -0
 4024              		.cfi_startproc
 4025              		@ args = 0, pretend = 0, frame = 0
 4026              		@ frame_needed = 0, uses_anonymous_args = 0
1622:Drivers/STM32L4xx_HAL_Driver/Src/stm32l4xx_hal_tim_ex.c ****   uint32_t input_channel = (OutputChannel == TIM_CHANNEL_1) ? TIM_CHANNEL_2 : TIM_CHANNEL_1;
 4027              		.loc 1 1622 1 is_stmt 0 view .LVU1134
 4028 0000 38B5     		push	{r3, r4, r5, lr}
 4029              	.LCFI27:
 4030              		.cfi_def_cfa_offset 16
 4031              		.cfi_offset 3, -16
 4032              		.cfi_offset 4, -12
 4033              		.cfi_offset 5, -8
 4034              		.cfi_offset 14, -4
 4035 0002 0446     		mov	r4, r0
1623:Drivers/STM32L4xx_HAL_Driver/Src/stm32l4xx_hal_tim_ex.c **** 
 4036              		.loc 1 1623 3 is_stmt 1 view .LVU1135
1623:Drivers/STM32L4xx_HAL_Driver/Src/stm32l4xx_hal_tim_ex.c **** 
 4037              		.loc 1 1623 77 is_stmt 0 view .LVU1136
 4038 0004 0029     		cmp	r1, #0
 4039 0006 32D1     		bne	.L351
 4040 0008 0425     		movs	r5, #4
 4041              	.L348:
 4042              	.LVL288:
1626:Drivers/STM32L4xx_HAL_Driver/Src/stm32l4xx_hal_tim_ex.c **** 
ARM GAS  /tmp/ccRvkrha.s 			page 140


 4043              		.loc 1 1626 3 is_stmt 1 discriminator 4 view .LVU1137
1629:Drivers/STM32L4xx_HAL_Driver/Src/stm32l4xx_hal_tim_ex.c ****   TIM_CCxChannelCmd(htim->Instance, input_channel, TIM_CCx_DISABLE);
 4044              		.loc 1 1629 3 discriminator 4 view .LVU1138
 4045 000a 0022     		movs	r2, #0
 4046 000c 2068     		ldr	r0, [r4]
 4047              	.LVL289:
1629:Drivers/STM32L4xx_HAL_Driver/Src/stm32l4xx_hal_tim_ex.c ****   TIM_CCxChannelCmd(htim->Instance, input_channel, TIM_CCx_DISABLE);
 4048              		.loc 1 1629 3 is_stmt 0 discriminator 4 view .LVU1139
 4049 000e FFF7FEFF 		bl	TIM_CCxNChannelCmd
 4050              	.LVL290:
1630:Drivers/STM32L4xx_HAL_Driver/Src/stm32l4xx_hal_tim_ex.c **** 
 4051              		.loc 1 1630 3 is_stmt 1 discriminator 4 view .LVU1140
 4052 0012 0022     		movs	r2, #0
 4053 0014 2946     		mov	r1, r5
 4054 0016 2068     		ldr	r0, [r4]
 4055 0018 FFF7FEFF 		bl	TIM_CCxChannelCmd
 4056              	.LVL291:
1633:Drivers/STM32L4xx_HAL_Driver/Src/stm32l4xx_hal_tim_ex.c **** 
 4057              		.loc 1 1633 3 discriminator 4 view .LVU1141
1633:Drivers/STM32L4xx_HAL_Driver/Src/stm32l4xx_hal_tim_ex.c **** 
 4058              		.loc 1 1633 3 discriminator 4 view .LVU1142
 4059 001c 2368     		ldr	r3, [r4]
 4060 001e 196A     		ldr	r1, [r3, #32]
 4061 0020 41F21112 		movw	r2, #4369
 4062 0024 1142     		tst	r1, r2
 4063 0026 08D1     		bne	.L349
1633:Drivers/STM32L4xx_HAL_Driver/Src/stm32l4xx_hal_tim_ex.c **** 
 4064              		.loc 1 1633 3 discriminator 1 view .LVU1143
 4065 0028 196A     		ldr	r1, [r3, #32]
 4066 002a 40F24442 		movw	r2, #1092
 4067 002e 1142     		tst	r1, r2
 4068 0030 03D1     		bne	.L349
1633:Drivers/STM32L4xx_HAL_Driver/Src/stm32l4xx_hal_tim_ex.c **** 
 4069              		.loc 1 1633 3 discriminator 3 view .LVU1144
 4070 0032 5A6C     		ldr	r2, [r3, #68]
 4071 0034 22F40042 		bic	r2, r2, #32768
 4072 0038 5A64     		str	r2, [r3, #68]
 4073              	.L349:
1633:Drivers/STM32L4xx_HAL_Driver/Src/stm32l4xx_hal_tim_ex.c **** 
 4074              		.loc 1 1633 3 discriminator 5 view .LVU1145
1636:Drivers/STM32L4xx_HAL_Driver/Src/stm32l4xx_hal_tim_ex.c **** 
 4075              		.loc 1 1636 3 discriminator 5 view .LVU1146
1636:Drivers/STM32L4xx_HAL_Driver/Src/stm32l4xx_hal_tim_ex.c **** 
 4076              		.loc 1 1636 3 discriminator 5 view .LVU1147
 4077 003a 2368     		ldr	r3, [r4]
 4078 003c 196A     		ldr	r1, [r3, #32]
 4079 003e 41F21112 		movw	r2, #4369
 4080 0042 1142     		tst	r1, r2
 4081 0044 08D1     		bne	.L350
1636:Drivers/STM32L4xx_HAL_Driver/Src/stm32l4xx_hal_tim_ex.c **** 
 4082              		.loc 1 1636 3 discriminator 1 view .LVU1148
 4083 0046 196A     		ldr	r1, [r3, #32]
 4084 0048 40F24442 		movw	r2, #1092
 4085 004c 1142     		tst	r1, r2
 4086 004e 03D1     		bne	.L350
1636:Drivers/STM32L4xx_HAL_Driver/Src/stm32l4xx_hal_tim_ex.c **** 
 4087              		.loc 1 1636 3 discriminator 3 view .LVU1149
ARM GAS  /tmp/ccRvkrha.s 			page 141


 4088 0050 1A68     		ldr	r2, [r3]
 4089 0052 22F00102 		bic	r2, r2, #1
 4090 0056 1A60     		str	r2, [r3]
 4091              	.L350:
1636:Drivers/STM32L4xx_HAL_Driver/Src/stm32l4xx_hal_tim_ex.c **** 
 4092              		.loc 1 1636 3 discriminator 5 view .LVU1150
1639:Drivers/STM32L4xx_HAL_Driver/Src/stm32l4xx_hal_tim_ex.c ****   TIM_CHANNEL_STATE_SET(htim, TIM_CHANNEL_2, HAL_TIM_CHANNEL_STATE_READY);
 4093              		.loc 1 1639 3 discriminator 5 view .LVU1151
 4094 0058 0123     		movs	r3, #1
 4095 005a 84F83E30 		strb	r3, [r4, #62]
1640:Drivers/STM32L4xx_HAL_Driver/Src/stm32l4xx_hal_tim_ex.c ****   TIM_CHANNEL_N_STATE_SET(htim, TIM_CHANNEL_1, HAL_TIM_CHANNEL_STATE_READY);
 4096              		.loc 1 1640 3 discriminator 5 view .LVU1152
 4097 005e 84F83F30 		strb	r3, [r4, #63]
1641:Drivers/STM32L4xx_HAL_Driver/Src/stm32l4xx_hal_tim_ex.c ****   TIM_CHANNEL_N_STATE_SET(htim, TIM_CHANNEL_2, HAL_TIM_CHANNEL_STATE_READY);
 4098              		.loc 1 1641 3 discriminator 5 view .LVU1153
 4099 0062 84F84430 		strb	r3, [r4, #68]
1642:Drivers/STM32L4xx_HAL_Driver/Src/stm32l4xx_hal_tim_ex.c **** 
 4100              		.loc 1 1642 3 discriminator 5 view .LVU1154
 4101 0066 84F84530 		strb	r3, [r4, #69]
1645:Drivers/STM32L4xx_HAL_Driver/Src/stm32l4xx_hal_tim_ex.c **** }
 4102              		.loc 1 1645 3 discriminator 5 view .LVU1155
1646:Drivers/STM32L4xx_HAL_Driver/Src/stm32l4xx_hal_tim_ex.c **** 
 4103              		.loc 1 1646 1 is_stmt 0 discriminator 5 view .LVU1156
 4104 006a 0020     		movs	r0, #0
 4105 006c 38BD     		pop	{r3, r4, r5, pc}
 4106              	.LVL292:
 4107              	.L351:
1623:Drivers/STM32L4xx_HAL_Driver/Src/stm32l4xx_hal_tim_ex.c **** 
 4108              		.loc 1 1623 77 view .LVU1157
 4109 006e 0025     		movs	r5, #0
 4110 0070 CBE7     		b	.L348
 4111              		.cfi_endproc
 4112              	.LFE155:
 4114              		.section	.text.HAL_TIMEx_OnePulseN_Start_IT,"ax",%progbits
 4115              		.align	1
 4116              		.global	HAL_TIMEx_OnePulseN_Start_IT
 4117              		.syntax unified
 4118              		.thumb
 4119              		.thumb_func
 4121              	HAL_TIMEx_OnePulseN_Start_IT:
 4122              	.LVL293:
 4123              	.LFB156:
1661:Drivers/STM32L4xx_HAL_Driver/Src/stm32l4xx_hal_tim_ex.c ****   uint32_t input_channel = (OutputChannel == TIM_CHANNEL_1) ? TIM_CHANNEL_2 : TIM_CHANNEL_1;
 4124              		.loc 1 1661 1 is_stmt 1 view -0
 4125              		.cfi_startproc
 4126              		@ args = 0, pretend = 0, frame = 0
 4127              		@ frame_needed = 0, uses_anonymous_args = 0
1661:Drivers/STM32L4xx_HAL_Driver/Src/stm32l4xx_hal_tim_ex.c ****   uint32_t input_channel = (OutputChannel == TIM_CHANNEL_1) ? TIM_CHANNEL_2 : TIM_CHANNEL_1;
 4128              		.loc 1 1661 1 is_stmt 0 view .LVU1159
 4129 0000 38B5     		push	{r3, r4, r5, lr}
 4130              	.LCFI28:
 4131              		.cfi_def_cfa_offset 16
 4132              		.cfi_offset 3, -16
 4133              		.cfi_offset 4, -12
 4134              		.cfi_offset 5, -8
 4135              		.cfi_offset 14, -4
 4136 0002 0446     		mov	r4, r0
ARM GAS  /tmp/ccRvkrha.s 			page 142


1662:Drivers/STM32L4xx_HAL_Driver/Src/stm32l4xx_hal_tim_ex.c ****   HAL_TIM_ChannelStateTypeDef channel_1_state = TIM_CHANNEL_STATE_GET(htim, TIM_CHANNEL_1);
 4137              		.loc 1 1662 3 is_stmt 1 view .LVU1160
1662:Drivers/STM32L4xx_HAL_Driver/Src/stm32l4xx_hal_tim_ex.c ****   HAL_TIM_ChannelStateTypeDef channel_1_state = TIM_CHANNEL_STATE_GET(htim, TIM_CHANNEL_1);
 4138              		.loc 1 1662 77 is_stmt 0 view .LVU1161
 4139 0004 8E46     		mov	lr, r1
 4140 0006 C1B9     		cbnz	r1, .L356
 4141 0008 0425     		movs	r5, #4
 4142              	.L354:
 4143              	.LVL294:
1663:Drivers/STM32L4xx_HAL_Driver/Src/stm32l4xx_hal_tim_ex.c ****   HAL_TIM_ChannelStateTypeDef channel_2_state = TIM_CHANNEL_STATE_GET(htim, TIM_CHANNEL_2);
 4144              		.loc 1 1663 3 is_stmt 1 discriminator 4 view .LVU1162
1663:Drivers/STM32L4xx_HAL_Driver/Src/stm32l4xx_hal_tim_ex.c ****   HAL_TIM_ChannelStateTypeDef channel_2_state = TIM_CHANNEL_STATE_GET(htim, TIM_CHANNEL_2);
 4145              		.loc 1 1663 31 is_stmt 0 discriminator 4 view .LVU1163
 4146 000a 94F83E00 		ldrb	r0, [r4, #62]	@ zero_extendqisi2
 4147              	.LVL295:
1663:Drivers/STM32L4xx_HAL_Driver/Src/stm32l4xx_hal_tim_ex.c ****   HAL_TIM_ChannelStateTypeDef channel_2_state = TIM_CHANNEL_STATE_GET(htim, TIM_CHANNEL_2);
 4148              		.loc 1 1663 31 discriminator 4 view .LVU1164
 4149 000e C0B2     		uxtb	r0, r0
 4150              	.LVL296:
1664:Drivers/STM32L4xx_HAL_Driver/Src/stm32l4xx_hal_tim_ex.c ****   HAL_TIM_ChannelStateTypeDef complementary_channel_1_state = TIM_CHANNEL_N_STATE_GET(htim, TIM_CHA
 4151              		.loc 1 1664 3 is_stmt 1 discriminator 4 view .LVU1165
1664:Drivers/STM32L4xx_HAL_Driver/Src/stm32l4xx_hal_tim_ex.c ****   HAL_TIM_ChannelStateTypeDef complementary_channel_1_state = TIM_CHANNEL_N_STATE_GET(htim, TIM_CHA
 4152              		.loc 1 1664 31 is_stmt 0 discriminator 4 view .LVU1166
 4153 0010 94F83F30 		ldrb	r3, [r4, #63]	@ zero_extendqisi2
 4154 0014 DBB2     		uxtb	r3, r3
 4155              	.LVL297:
1665:Drivers/STM32L4xx_HAL_Driver/Src/stm32l4xx_hal_tim_ex.c ****   HAL_TIM_ChannelStateTypeDef complementary_channel_2_state = TIM_CHANNEL_N_STATE_GET(htim, TIM_CHA
 4156              		.loc 1 1665 3 is_stmt 1 discriminator 4 view .LVU1167
1665:Drivers/STM32L4xx_HAL_Driver/Src/stm32l4xx_hal_tim_ex.c ****   HAL_TIM_ChannelStateTypeDef complementary_channel_2_state = TIM_CHANNEL_N_STATE_GET(htim, TIM_CHA
 4157              		.loc 1 1665 31 is_stmt 0 discriminator 4 view .LVU1168
 4158 0016 94F84420 		ldrb	r2, [r4, #68]	@ zero_extendqisi2
 4159 001a D2B2     		uxtb	r2, r2
 4160              	.LVL298:
1666:Drivers/STM32L4xx_HAL_Driver/Src/stm32l4xx_hal_tim_ex.c **** 
 4161              		.loc 1 1666 3 is_stmt 1 discriminator 4 view .LVU1169
1666:Drivers/STM32L4xx_HAL_Driver/Src/stm32l4xx_hal_tim_ex.c **** 
 4162              		.loc 1 1666 31 is_stmt 0 discriminator 4 view .LVU1170
 4163 001c 94F845C0 		ldrb	ip, [r4, #69]	@ zero_extendqisi2
 4164 0020 5FFA8CFC 		uxtb	ip, ip
 4165              	.LVL299:
1669:Drivers/STM32L4xx_HAL_Driver/Src/stm32l4xx_hal_tim_ex.c **** 
 4166              		.loc 1 1669 3 is_stmt 1 discriminator 4 view .LVU1171
1672:Drivers/STM32L4xx_HAL_Driver/Src/stm32l4xx_hal_tim_ex.c ****       || (channel_2_state != HAL_TIM_CHANNEL_STATE_READY)
 4167              		.loc 1 1672 3 discriminator 4 view .LVU1172
1672:Drivers/STM32L4xx_HAL_Driver/Src/stm32l4xx_hal_tim_ex.c ****       || (channel_2_state != HAL_TIM_CHANNEL_STATE_READY)
 4168              		.loc 1 1672 6 is_stmt 0 discriminator 4 view .LVU1173
 4169 0024 0128     		cmp	r0, #1
 4170 0026 2ED1     		bne	.L357
1673:Drivers/STM32L4xx_HAL_Driver/Src/stm32l4xx_hal_tim_ex.c ****       || (complementary_channel_1_state != HAL_TIM_CHANNEL_STATE_READY)
 4171              		.loc 1 1673 7 view .LVU1174
 4172 0028 012B     		cmp	r3, #1
 4173 002a 2DD1     		bne	.L355
1674:Drivers/STM32L4xx_HAL_Driver/Src/stm32l4xx_hal_tim_ex.c ****       || (complementary_channel_2_state != HAL_TIM_CHANNEL_STATE_READY))
 4174              		.loc 1 1674 7 view .LVU1175
 4175 002c 012A     		cmp	r2, #1
 4176 002e 2CD1     		bne	.L358
1675:Drivers/STM32L4xx_HAL_Driver/Src/stm32l4xx_hal_tim_ex.c ****   {
ARM GAS  /tmp/ccRvkrha.s 			page 143


 4177              		.loc 1 1675 7 view .LVU1176
 4178 0030 BCF1010F 		cmp	ip, #1
 4179 0034 03D0     		beq	.L361
1677:Drivers/STM32L4xx_HAL_Driver/Src/stm32l4xx_hal_tim_ex.c ****   }
 4180              		.loc 1 1677 12 view .LVU1177
 4181 0036 1046     		mov	r0, r2
 4182              	.LVL300:
1677:Drivers/STM32L4xx_HAL_Driver/Src/stm32l4xx_hal_tim_ex.c ****   }
 4183              		.loc 1 1677 12 view .LVU1178
 4184 0038 26E0     		b	.L355
 4185              	.LVL301:
 4186              	.L356:
1662:Drivers/STM32L4xx_HAL_Driver/Src/stm32l4xx_hal_tim_ex.c ****   HAL_TIM_ChannelStateTypeDef channel_1_state = TIM_CHANNEL_STATE_GET(htim, TIM_CHANNEL_1);
 4187              		.loc 1 1662 77 view .LVU1179
 4188 003a 0025     		movs	r5, #0
 4189 003c E5E7     		b	.L354
 4190              	.LVL302:
 4191              	.L361:
1681:Drivers/STM32L4xx_HAL_Driver/Src/stm32l4xx_hal_tim_ex.c ****   TIM_CHANNEL_STATE_SET(htim, TIM_CHANNEL_2, HAL_TIM_CHANNEL_STATE_BUSY);
 4192              		.loc 1 1681 3 is_stmt 1 view .LVU1180
 4193 003e 0223     		movs	r3, #2
 4194              	.LVL303:
1681:Drivers/STM32L4xx_HAL_Driver/Src/stm32l4xx_hal_tim_ex.c ****   TIM_CHANNEL_STATE_SET(htim, TIM_CHANNEL_2, HAL_TIM_CHANNEL_STATE_BUSY);
 4195              		.loc 1 1681 3 is_stmt 0 view .LVU1181
 4196 0040 84F83E30 		strb	r3, [r4, #62]
1682:Drivers/STM32L4xx_HAL_Driver/Src/stm32l4xx_hal_tim_ex.c ****   TIM_CHANNEL_N_STATE_SET(htim, TIM_CHANNEL_1, HAL_TIM_CHANNEL_STATE_BUSY);
 4197              		.loc 1 1682 3 is_stmt 1 view .LVU1182
 4198 0044 84F83F30 		strb	r3, [r4, #63]
1683:Drivers/STM32L4xx_HAL_Driver/Src/stm32l4xx_hal_tim_ex.c ****   TIM_CHANNEL_N_STATE_SET(htim, TIM_CHANNEL_2, HAL_TIM_CHANNEL_STATE_BUSY);
 4199              		.loc 1 1683 3 view .LVU1183
 4200 0048 84F84430 		strb	r3, [r4, #68]
1684:Drivers/STM32L4xx_HAL_Driver/Src/stm32l4xx_hal_tim_ex.c **** 
 4201              		.loc 1 1684 3 view .LVU1184
 4202 004c 84F84530 		strb	r3, [r4, #69]
1687:Drivers/STM32L4xx_HAL_Driver/Src/stm32l4xx_hal_tim_ex.c **** 
 4203              		.loc 1 1687 3 view .LVU1185
 4204 0050 2268     		ldr	r2, [r4]
 4205              	.LVL304:
1687:Drivers/STM32L4xx_HAL_Driver/Src/stm32l4xx_hal_tim_ex.c **** 
 4206              		.loc 1 1687 3 is_stmt 0 view .LVU1186
 4207 0052 D368     		ldr	r3, [r2, #12]
 4208 0054 43F00203 		orr	r3, r3, #2
 4209 0058 D360     		str	r3, [r2, #12]
1690:Drivers/STM32L4xx_HAL_Driver/Src/stm32l4xx_hal_tim_ex.c **** 
 4210              		.loc 1 1690 3 is_stmt 1 view .LVU1187
 4211 005a 2268     		ldr	r2, [r4]
 4212 005c D368     		ldr	r3, [r2, #12]
 4213 005e 43F00403 		orr	r3, r3, #4
 4214 0062 D360     		str	r3, [r2, #12]
1693:Drivers/STM32L4xx_HAL_Driver/Src/stm32l4xx_hal_tim_ex.c ****   TIM_CCxChannelCmd(htim->Instance, input_channel, TIM_CCx_ENABLE);
 4215              		.loc 1 1693 3 view .LVU1188
 4216 0064 0422     		movs	r2, #4
 4217 0066 7146     		mov	r1, lr
 4218              	.LVL305:
1693:Drivers/STM32L4xx_HAL_Driver/Src/stm32l4xx_hal_tim_ex.c ****   TIM_CCxChannelCmd(htim->Instance, input_channel, TIM_CCx_ENABLE);
 4219              		.loc 1 1693 3 is_stmt 0 view .LVU1189
 4220 0068 2068     		ldr	r0, [r4]
ARM GAS  /tmp/ccRvkrha.s 			page 144


 4221              	.LVL306:
1693:Drivers/STM32L4xx_HAL_Driver/Src/stm32l4xx_hal_tim_ex.c ****   TIM_CCxChannelCmd(htim->Instance, input_channel, TIM_CCx_ENABLE);
 4222              		.loc 1 1693 3 view .LVU1190
 4223 006a FFF7FEFF 		bl	TIM_CCxNChannelCmd
 4224              	.LVL307:
1694:Drivers/STM32L4xx_HAL_Driver/Src/stm32l4xx_hal_tim_ex.c **** 
 4225              		.loc 1 1694 3 is_stmt 1 view .LVU1191
 4226 006e 0122     		movs	r2, #1
 4227 0070 2946     		mov	r1, r5
 4228 0072 2068     		ldr	r0, [r4]
 4229 0074 FFF7FEFF 		bl	TIM_CCxChannelCmd
 4230              	.LVL308:
1697:Drivers/STM32L4xx_HAL_Driver/Src/stm32l4xx_hal_tim_ex.c **** 
 4231              		.loc 1 1697 3 view .LVU1192
 4232 0078 2268     		ldr	r2, [r4]
 4233 007a 536C     		ldr	r3, [r2, #68]
 4234 007c 43F40043 		orr	r3, r3, #32768
 4235 0080 5364     		str	r3, [r2, #68]
1700:Drivers/STM32L4xx_HAL_Driver/Src/stm32l4xx_hal_tim_ex.c **** }
 4236              		.loc 1 1700 3 view .LVU1193
1700:Drivers/STM32L4xx_HAL_Driver/Src/stm32l4xx_hal_tim_ex.c **** }
 4237              		.loc 1 1700 10 is_stmt 0 view .LVU1194
 4238 0082 0020     		movs	r0, #0
 4239 0084 00E0     		b	.L355
 4240              	.LVL309:
 4241              	.L357:
1677:Drivers/STM32L4xx_HAL_Driver/Src/stm32l4xx_hal_tim_ex.c ****   }
 4242              		.loc 1 1677 12 view .LVU1195
 4243 0086 0120     		movs	r0, #1
 4244              	.LVL310:
 4245              	.L355:
1701:Drivers/STM32L4xx_HAL_Driver/Src/stm32l4xx_hal_tim_ex.c **** 
 4246              		.loc 1 1701 1 view .LVU1196
 4247 0088 38BD     		pop	{r3, r4, r5, pc}
 4248              	.LVL311:
 4249              	.L358:
1677:Drivers/STM32L4xx_HAL_Driver/Src/stm32l4xx_hal_tim_ex.c ****   }
 4250              		.loc 1 1677 12 view .LVU1197
 4251 008a 1846     		mov	r0, r3
 4252              	.LVL312:
1677:Drivers/STM32L4xx_HAL_Driver/Src/stm32l4xx_hal_tim_ex.c ****   }
 4253              		.loc 1 1677 12 view .LVU1198
 4254 008c FCE7     		b	.L355
 4255              		.cfi_endproc
 4256              	.LFE156:
 4258              		.section	.text.HAL_TIMEx_OnePulseN_Stop_IT,"ax",%progbits
 4259              		.align	1
 4260              		.global	HAL_TIMEx_OnePulseN_Stop_IT
 4261              		.syntax unified
 4262              		.thumb
 4263              		.thumb_func
 4265              	HAL_TIMEx_OnePulseN_Stop_IT:
 4266              	.LVL313:
 4267              	.LFB157:
1716:Drivers/STM32L4xx_HAL_Driver/Src/stm32l4xx_hal_tim_ex.c ****   uint32_t input_channel = (OutputChannel == TIM_CHANNEL_1) ? TIM_CHANNEL_2 : TIM_CHANNEL_1;
 4268              		.loc 1 1716 1 is_stmt 1 view -0
 4269              		.cfi_startproc
ARM GAS  /tmp/ccRvkrha.s 			page 145


 4270              		@ args = 0, pretend = 0, frame = 0
 4271              		@ frame_needed = 0, uses_anonymous_args = 0
1716:Drivers/STM32L4xx_HAL_Driver/Src/stm32l4xx_hal_tim_ex.c ****   uint32_t input_channel = (OutputChannel == TIM_CHANNEL_1) ? TIM_CHANNEL_2 : TIM_CHANNEL_1;
 4272              		.loc 1 1716 1 is_stmt 0 view .LVU1200
 4273 0000 38B5     		push	{r3, r4, r5, lr}
 4274              	.LCFI29:
 4275              		.cfi_def_cfa_offset 16
 4276              		.cfi_offset 3, -16
 4277              		.cfi_offset 4, -12
 4278              		.cfi_offset 5, -8
 4279              		.cfi_offset 14, -4
 4280 0002 0446     		mov	r4, r0
1717:Drivers/STM32L4xx_HAL_Driver/Src/stm32l4xx_hal_tim_ex.c **** 
 4281              		.loc 1 1717 3 is_stmt 1 view .LVU1201
1717:Drivers/STM32L4xx_HAL_Driver/Src/stm32l4xx_hal_tim_ex.c **** 
 4282              		.loc 1 1717 77 is_stmt 0 view .LVU1202
 4283 0004 0029     		cmp	r1, #0
 4284 0006 3CD1     		bne	.L366
 4285 0008 0425     		movs	r5, #4
 4286              	.L363:
 4287              	.LVL314:
1720:Drivers/STM32L4xx_HAL_Driver/Src/stm32l4xx_hal_tim_ex.c **** 
 4288              		.loc 1 1720 3 is_stmt 1 discriminator 4 view .LVU1203
1723:Drivers/STM32L4xx_HAL_Driver/Src/stm32l4xx_hal_tim_ex.c **** 
 4289              		.loc 1 1723 3 discriminator 4 view .LVU1204
 4290 000a 2268     		ldr	r2, [r4]
 4291 000c D368     		ldr	r3, [r2, #12]
 4292 000e 23F00203 		bic	r3, r3, #2
 4293 0012 D360     		str	r3, [r2, #12]
1726:Drivers/STM32L4xx_HAL_Driver/Src/stm32l4xx_hal_tim_ex.c **** 
 4294              		.loc 1 1726 3 discriminator 4 view .LVU1205
 4295 0014 2268     		ldr	r2, [r4]
 4296 0016 D368     		ldr	r3, [r2, #12]
 4297 0018 23F00403 		bic	r3, r3, #4
 4298 001c D360     		str	r3, [r2, #12]
1729:Drivers/STM32L4xx_HAL_Driver/Src/stm32l4xx_hal_tim_ex.c ****   TIM_CCxChannelCmd(htim->Instance, input_channel, TIM_CCx_DISABLE);
 4299              		.loc 1 1729 3 discriminator 4 view .LVU1206
 4300 001e 0022     		movs	r2, #0
 4301 0020 2068     		ldr	r0, [r4]
 4302              	.LVL315:
1729:Drivers/STM32L4xx_HAL_Driver/Src/stm32l4xx_hal_tim_ex.c ****   TIM_CCxChannelCmd(htim->Instance, input_channel, TIM_CCx_DISABLE);
 4303              		.loc 1 1729 3 is_stmt 0 discriminator 4 view .LVU1207
 4304 0022 FFF7FEFF 		bl	TIM_CCxNChannelCmd
 4305              	.LVL316:
1730:Drivers/STM32L4xx_HAL_Driver/Src/stm32l4xx_hal_tim_ex.c **** 
 4306              		.loc 1 1730 3 is_stmt 1 discriminator 4 view .LVU1208
 4307 0026 0022     		movs	r2, #0
 4308 0028 2946     		mov	r1, r5
 4309 002a 2068     		ldr	r0, [r4]
 4310 002c FFF7FEFF 		bl	TIM_CCxChannelCmd
 4311              	.LVL317:
1733:Drivers/STM32L4xx_HAL_Driver/Src/stm32l4xx_hal_tim_ex.c **** 
 4312              		.loc 1 1733 3 discriminator 4 view .LVU1209
1733:Drivers/STM32L4xx_HAL_Driver/Src/stm32l4xx_hal_tim_ex.c **** 
 4313              		.loc 1 1733 3 discriminator 4 view .LVU1210
 4314 0030 2368     		ldr	r3, [r4]
 4315 0032 196A     		ldr	r1, [r3, #32]
ARM GAS  /tmp/ccRvkrha.s 			page 146


 4316 0034 41F21112 		movw	r2, #4369
 4317 0038 1142     		tst	r1, r2
 4318 003a 08D1     		bne	.L364
1733:Drivers/STM32L4xx_HAL_Driver/Src/stm32l4xx_hal_tim_ex.c **** 
 4319              		.loc 1 1733 3 discriminator 1 view .LVU1211
 4320 003c 196A     		ldr	r1, [r3, #32]
 4321 003e 40F24442 		movw	r2, #1092
 4322 0042 1142     		tst	r1, r2
 4323 0044 03D1     		bne	.L364
1733:Drivers/STM32L4xx_HAL_Driver/Src/stm32l4xx_hal_tim_ex.c **** 
 4324              		.loc 1 1733 3 discriminator 3 view .LVU1212
 4325 0046 5A6C     		ldr	r2, [r3, #68]
 4326 0048 22F40042 		bic	r2, r2, #32768
 4327 004c 5A64     		str	r2, [r3, #68]
 4328              	.L364:
1733:Drivers/STM32L4xx_HAL_Driver/Src/stm32l4xx_hal_tim_ex.c **** 
 4329              		.loc 1 1733 3 discriminator 5 view .LVU1213
1736:Drivers/STM32L4xx_HAL_Driver/Src/stm32l4xx_hal_tim_ex.c **** 
 4330              		.loc 1 1736 3 discriminator 5 view .LVU1214
1736:Drivers/STM32L4xx_HAL_Driver/Src/stm32l4xx_hal_tim_ex.c **** 
 4331              		.loc 1 1736 3 discriminator 5 view .LVU1215
 4332 004e 2368     		ldr	r3, [r4]
 4333 0050 196A     		ldr	r1, [r3, #32]
 4334 0052 41F21112 		movw	r2, #4369
 4335 0056 1142     		tst	r1, r2
 4336 0058 08D1     		bne	.L365
1736:Drivers/STM32L4xx_HAL_Driver/Src/stm32l4xx_hal_tim_ex.c **** 
 4337              		.loc 1 1736 3 discriminator 1 view .LVU1216
 4338 005a 196A     		ldr	r1, [r3, #32]
 4339 005c 40F24442 		movw	r2, #1092
 4340 0060 1142     		tst	r1, r2
 4341 0062 03D1     		bne	.L365
1736:Drivers/STM32L4xx_HAL_Driver/Src/stm32l4xx_hal_tim_ex.c **** 
 4342              		.loc 1 1736 3 discriminator 3 view .LVU1217
 4343 0064 1A68     		ldr	r2, [r3]
 4344 0066 22F00102 		bic	r2, r2, #1
 4345 006a 1A60     		str	r2, [r3]
 4346              	.L365:
1736:Drivers/STM32L4xx_HAL_Driver/Src/stm32l4xx_hal_tim_ex.c **** 
 4347              		.loc 1 1736 3 discriminator 5 view .LVU1218
1739:Drivers/STM32L4xx_HAL_Driver/Src/stm32l4xx_hal_tim_ex.c ****   TIM_CHANNEL_STATE_SET(htim, TIM_CHANNEL_2, HAL_TIM_CHANNEL_STATE_READY);
 4348              		.loc 1 1739 3 discriminator 5 view .LVU1219
 4349 006c 0123     		movs	r3, #1
 4350 006e 84F83E30 		strb	r3, [r4, #62]
1740:Drivers/STM32L4xx_HAL_Driver/Src/stm32l4xx_hal_tim_ex.c ****   TIM_CHANNEL_N_STATE_SET(htim, TIM_CHANNEL_1, HAL_TIM_CHANNEL_STATE_READY);
 4351              		.loc 1 1740 3 discriminator 5 view .LVU1220
 4352 0072 84F83F30 		strb	r3, [r4, #63]
1741:Drivers/STM32L4xx_HAL_Driver/Src/stm32l4xx_hal_tim_ex.c ****   TIM_CHANNEL_N_STATE_SET(htim, TIM_CHANNEL_2, HAL_TIM_CHANNEL_STATE_READY);
 4353              		.loc 1 1741 3 discriminator 5 view .LVU1221
 4354 0076 84F84430 		strb	r3, [r4, #68]
1742:Drivers/STM32L4xx_HAL_Driver/Src/stm32l4xx_hal_tim_ex.c **** 
 4355              		.loc 1 1742 3 discriminator 5 view .LVU1222
 4356 007a 84F84530 		strb	r3, [r4, #69]
1745:Drivers/STM32L4xx_HAL_Driver/Src/stm32l4xx_hal_tim_ex.c **** }
 4357              		.loc 1 1745 3 discriminator 5 view .LVU1223
1746:Drivers/STM32L4xx_HAL_Driver/Src/stm32l4xx_hal_tim_ex.c **** 
 4358              		.loc 1 1746 1 is_stmt 0 discriminator 5 view .LVU1224
ARM GAS  /tmp/ccRvkrha.s 			page 147


 4359 007e 0020     		movs	r0, #0
 4360 0080 38BD     		pop	{r3, r4, r5, pc}
 4361              	.LVL318:
 4362              	.L366:
1717:Drivers/STM32L4xx_HAL_Driver/Src/stm32l4xx_hal_tim_ex.c **** 
 4363              		.loc 1 1717 77 view .LVU1225
 4364 0082 0025     		movs	r5, #0
 4365 0084 C1E7     		b	.L363
 4366              		.cfi_endproc
 4367              	.LFE157:
 4369              		.section	.text.HAL_TIMEx_ConfigCommutEvent,"ax",%progbits
 4370              		.align	1
 4371              		.global	HAL_TIMEx_ConfigCommutEvent
 4372              		.syntax unified
 4373              		.thumb
 4374              		.thumb_func
 4376              	HAL_TIMEx_ConfigCommutEvent:
 4377              	.LVL319:
 4378              	.LFB158:
1797:Drivers/STM32L4xx_HAL_Driver/Src/stm32l4xx_hal_tim_ex.c ****   /* Check the parameters */
 4379              		.loc 1 1797 1 is_stmt 1 view -0
 4380              		.cfi_startproc
 4381              		@ args = 0, pretend = 0, frame = 0
 4382              		@ frame_needed = 0, uses_anonymous_args = 0
 4383              		@ link register save eliminated.
1799:Drivers/STM32L4xx_HAL_Driver/Src/stm32l4xx_hal_tim_ex.c ****   assert_param(IS_TIM_INTERNAL_TRIGGEREVENT_SELECTION(InputTrigger));
 4384              		.loc 1 1799 3 view .LVU1227
1800:Drivers/STM32L4xx_HAL_Driver/Src/stm32l4xx_hal_tim_ex.c **** 
 4385              		.loc 1 1800 3 view .LVU1228
1802:Drivers/STM32L4xx_HAL_Driver/Src/stm32l4xx_hal_tim_ex.c **** 
 4386              		.loc 1 1802 3 view .LVU1229
1802:Drivers/STM32L4xx_HAL_Driver/Src/stm32l4xx_hal_tim_ex.c **** 
 4387              		.loc 1 1802 3 view .LVU1230
 4388 0000 90F83C30 		ldrb	r3, [r0, #60]	@ zero_extendqisi2
 4389 0004 012B     		cmp	r3, #1
 4390 0006 32D0     		beq	.L372
1797:Drivers/STM32L4xx_HAL_Driver/Src/stm32l4xx_hal_tim_ex.c ****   /* Check the parameters */
 4391              		.loc 1 1797 1 is_stmt 0 discriminator 2 view .LVU1231
 4392 0008 10B4     		push	{r4}
 4393              	.LCFI30:
 4394              		.cfi_def_cfa_offset 4
 4395              		.cfi_offset 4, -4
1802:Drivers/STM32L4xx_HAL_Driver/Src/stm32l4xx_hal_tim_ex.c **** 
 4396              		.loc 1 1802 3 is_stmt 1 discriminator 2 view .LVU1232
 4397 000a 0123     		movs	r3, #1
 4398 000c 80F83C30 		strb	r3, [r0, #60]
1802:Drivers/STM32L4xx_HAL_Driver/Src/stm32l4xx_hal_tim_ex.c **** 
 4399              		.loc 1 1802 3 discriminator 2 view .LVU1233
1804:Drivers/STM32L4xx_HAL_Driver/Src/stm32l4xx_hal_tim_ex.c ****       (InputTrigger == TIM_TS_ITR2) || (InputTrigger == TIM_TS_ITR3))
 4400              		.loc 1 1804 3 discriminator 2 view .LVU1234
1804:Drivers/STM32L4xx_HAL_Driver/Src/stm32l4xx_hal_tim_ex.c ****       (InputTrigger == TIM_TS_ITR2) || (InputTrigger == TIM_TS_ITR3))
 4401              		.loc 1 1804 6 is_stmt 0 discriminator 2 view .LVU1235
 4402 0010 29B1     		cbz	r1, .L370
1804:Drivers/STM32L4xx_HAL_Driver/Src/stm32l4xx_hal_tim_ex.c ****       (InputTrigger == TIM_TS_ITR2) || (InputTrigger == TIM_TS_ITR3))
 4403              		.loc 1 1804 37 discriminator 1 view .LVU1236
 4404 0012 1029     		cmp	r1, #16
 4405 0014 03D0     		beq	.L370
ARM GAS  /tmp/ccRvkrha.s 			page 148


1804:Drivers/STM32L4xx_HAL_Driver/Src/stm32l4xx_hal_tim_ex.c ****       (InputTrigger == TIM_TS_ITR2) || (InputTrigger == TIM_TS_ITR3))
 4406              		.loc 1 1804 70 discriminator 2 view .LVU1237
 4407 0016 2029     		cmp	r1, #32
 4408 0018 01D0     		beq	.L370
1805:Drivers/STM32L4xx_HAL_Driver/Src/stm32l4xx_hal_tim_ex.c ****   {
 4409              		.loc 1 1805 37 view .LVU1238
 4410 001a 3029     		cmp	r1, #48
 4411 001c 08D1     		bne	.L371
 4412              	.L370:
1808:Drivers/STM32L4xx_HAL_Driver/Src/stm32l4xx_hal_tim_ex.c ****     htim->Instance->SMCR |= InputTrigger;
 4413              		.loc 1 1808 5 is_stmt 1 view .LVU1239
1808:Drivers/STM32L4xx_HAL_Driver/Src/stm32l4xx_hal_tim_ex.c ****     htim->Instance->SMCR |= InputTrigger;
 4414              		.loc 1 1808 9 is_stmt 0 view .LVU1240
 4415 001e 0468     		ldr	r4, [r0]
1808:Drivers/STM32L4xx_HAL_Driver/Src/stm32l4xx_hal_tim_ex.c ****     htim->Instance->SMCR |= InputTrigger;
 4416              		.loc 1 1808 26 view .LVU1241
 4417 0020 A368     		ldr	r3, [r4, #8]
 4418 0022 23F07003 		bic	r3, r3, #112
 4419 0026 A360     		str	r3, [r4, #8]
1809:Drivers/STM32L4xx_HAL_Driver/Src/stm32l4xx_hal_tim_ex.c ****   }
 4420              		.loc 1 1809 5 is_stmt 1 view .LVU1242
1809:Drivers/STM32L4xx_HAL_Driver/Src/stm32l4xx_hal_tim_ex.c ****   }
 4421              		.loc 1 1809 9 is_stmt 0 view .LVU1243
 4422 0028 0468     		ldr	r4, [r0]
1809:Drivers/STM32L4xx_HAL_Driver/Src/stm32l4xx_hal_tim_ex.c ****   }
 4423              		.loc 1 1809 26 view .LVU1244
 4424 002a A368     		ldr	r3, [r4, #8]
 4425 002c 1943     		orrs	r1, r1, r3
 4426              	.LVL320:
1809:Drivers/STM32L4xx_HAL_Driver/Src/stm32l4xx_hal_tim_ex.c ****   }
 4427              		.loc 1 1809 26 view .LVU1245
 4428 002e A160     		str	r1, [r4, #8]
 4429              	.L371:
1813:Drivers/STM32L4xx_HAL_Driver/Src/stm32l4xx_hal_tim_ex.c ****   /* Select the Commutation event source */
 4430              		.loc 1 1813 3 is_stmt 1 view .LVU1246
1813:Drivers/STM32L4xx_HAL_Driver/Src/stm32l4xx_hal_tim_ex.c ****   /* Select the Commutation event source */
 4431              		.loc 1 1813 7 is_stmt 0 view .LVU1247
 4432 0030 0168     		ldr	r1, [r0]
1813:Drivers/STM32L4xx_HAL_Driver/Src/stm32l4xx_hal_tim_ex.c ****   /* Select the Commutation event source */
 4433              		.loc 1 1813 23 view .LVU1248
 4434 0032 4B68     		ldr	r3, [r1, #4]
 4435 0034 43F00103 		orr	r3, r3, #1
 4436 0038 4B60     		str	r3, [r1, #4]
1815:Drivers/STM32L4xx_HAL_Driver/Src/stm32l4xx_hal_tim_ex.c ****   htim->Instance->CR2 |= CommutationSource;
 4437              		.loc 1 1815 3 is_stmt 1 view .LVU1249
1815:Drivers/STM32L4xx_HAL_Driver/Src/stm32l4xx_hal_tim_ex.c ****   htim->Instance->CR2 |= CommutationSource;
 4438              		.loc 1 1815 7 is_stmt 0 view .LVU1250
 4439 003a 0168     		ldr	r1, [r0]
1815:Drivers/STM32L4xx_HAL_Driver/Src/stm32l4xx_hal_tim_ex.c ****   htim->Instance->CR2 |= CommutationSource;
 4440              		.loc 1 1815 23 view .LVU1251
 4441 003c 4B68     		ldr	r3, [r1, #4]
 4442 003e 23F00403 		bic	r3, r3, #4
 4443 0042 4B60     		str	r3, [r1, #4]
1816:Drivers/STM32L4xx_HAL_Driver/Src/stm32l4xx_hal_tim_ex.c **** 
 4444              		.loc 1 1816 3 is_stmt 1 view .LVU1252
1816:Drivers/STM32L4xx_HAL_Driver/Src/stm32l4xx_hal_tim_ex.c **** 
 4445              		.loc 1 1816 7 is_stmt 0 view .LVU1253
ARM GAS  /tmp/ccRvkrha.s 			page 149


 4446 0044 0168     		ldr	r1, [r0]
1816:Drivers/STM32L4xx_HAL_Driver/Src/stm32l4xx_hal_tim_ex.c **** 
 4447              		.loc 1 1816 23 view .LVU1254
 4448 0046 4B68     		ldr	r3, [r1, #4]
 4449 0048 1A43     		orrs	r2, r2, r3
 4450              	.LVL321:
1816:Drivers/STM32L4xx_HAL_Driver/Src/stm32l4xx_hal_tim_ex.c **** 
 4451              		.loc 1 1816 23 view .LVU1255
 4452 004a 4A60     		str	r2, [r1, #4]
1819:Drivers/STM32L4xx_HAL_Driver/Src/stm32l4xx_hal_tim_ex.c **** 
 4453              		.loc 1 1819 3 is_stmt 1 view .LVU1256
 4454 004c 0268     		ldr	r2, [r0]
 4455 004e D368     		ldr	r3, [r2, #12]
 4456 0050 23F02003 		bic	r3, r3, #32
 4457 0054 D360     		str	r3, [r2, #12]
1822:Drivers/STM32L4xx_HAL_Driver/Src/stm32l4xx_hal_tim_ex.c **** 
 4458              		.loc 1 1822 3 view .LVU1257
 4459 0056 0268     		ldr	r2, [r0]
 4460 0058 D368     		ldr	r3, [r2, #12]
 4461 005a 23F40053 		bic	r3, r3, #8192
 4462 005e D360     		str	r3, [r2, #12]
1824:Drivers/STM32L4xx_HAL_Driver/Src/stm32l4xx_hal_tim_ex.c **** 
 4463              		.loc 1 1824 3 view .LVU1258
1824:Drivers/STM32L4xx_HAL_Driver/Src/stm32l4xx_hal_tim_ex.c **** 
 4464              		.loc 1 1824 3 view .LVU1259
 4465 0060 0023     		movs	r3, #0
 4466 0062 80F83C30 		strb	r3, [r0, #60]
1824:Drivers/STM32L4xx_HAL_Driver/Src/stm32l4xx_hal_tim_ex.c **** 
 4467              		.loc 1 1824 3 view .LVU1260
1826:Drivers/STM32L4xx_HAL_Driver/Src/stm32l4xx_hal_tim_ex.c **** }
 4468              		.loc 1 1826 3 view .LVU1261
1826:Drivers/STM32L4xx_HAL_Driver/Src/stm32l4xx_hal_tim_ex.c **** }
 4469              		.loc 1 1826 10 is_stmt 0 view .LVU1262
 4470 0066 1846     		mov	r0, r3
 4471              	.LVL322:
1827:Drivers/STM32L4xx_HAL_Driver/Src/stm32l4xx_hal_tim_ex.c **** 
 4472              		.loc 1 1827 1 view .LVU1263
 4473 0068 5DF8044B 		ldr	r4, [sp], #4
 4474              	.LCFI31:
 4475              		.cfi_restore 4
 4476              		.cfi_def_cfa_offset 0
 4477 006c 7047     		bx	lr
 4478              	.LVL323:
 4479              	.L372:
1802:Drivers/STM32L4xx_HAL_Driver/Src/stm32l4xx_hal_tim_ex.c **** 
 4480              		.loc 1 1802 3 view .LVU1264
 4481 006e 0220     		movs	r0, #2
 4482              	.LVL324:
1827:Drivers/STM32L4xx_HAL_Driver/Src/stm32l4xx_hal_tim_ex.c **** 
 4483              		.loc 1 1827 1 view .LVU1265
 4484 0070 7047     		bx	lr
 4485              		.cfi_endproc
 4486              	.LFE158:
 4488              		.section	.text.HAL_TIMEx_ConfigCommutEvent_IT,"ax",%progbits
 4489              		.align	1
 4490              		.global	HAL_TIMEx_ConfigCommutEvent_IT
 4491              		.syntax unified
ARM GAS  /tmp/ccRvkrha.s 			page 150


 4492              		.thumb
 4493              		.thumb_func
 4495              	HAL_TIMEx_ConfigCommutEvent_IT:
 4496              	.LVL325:
 4497              	.LFB159:
1853:Drivers/STM32L4xx_HAL_Driver/Src/stm32l4xx_hal_tim_ex.c ****   /* Check the parameters */
 4498              		.loc 1 1853 1 is_stmt 1 view -0
 4499              		.cfi_startproc
 4500              		@ args = 0, pretend = 0, frame = 0
 4501              		@ frame_needed = 0, uses_anonymous_args = 0
 4502              		@ link register save eliminated.
1855:Drivers/STM32L4xx_HAL_Driver/Src/stm32l4xx_hal_tim_ex.c ****   assert_param(IS_TIM_INTERNAL_TRIGGEREVENT_SELECTION(InputTrigger));
 4503              		.loc 1 1855 3 view .LVU1267
1856:Drivers/STM32L4xx_HAL_Driver/Src/stm32l4xx_hal_tim_ex.c **** 
 4504              		.loc 1 1856 3 view .LVU1268
1858:Drivers/STM32L4xx_HAL_Driver/Src/stm32l4xx_hal_tim_ex.c **** 
 4505              		.loc 1 1858 3 view .LVU1269
1858:Drivers/STM32L4xx_HAL_Driver/Src/stm32l4xx_hal_tim_ex.c **** 
 4506              		.loc 1 1858 3 view .LVU1270
 4507 0000 90F83C30 		ldrb	r3, [r0, #60]	@ zero_extendqisi2
 4508 0004 012B     		cmp	r3, #1
 4509 0006 32D0     		beq	.L381
1853:Drivers/STM32L4xx_HAL_Driver/Src/stm32l4xx_hal_tim_ex.c ****   /* Check the parameters */
 4510              		.loc 1 1853 1 is_stmt 0 discriminator 2 view .LVU1271
 4511 0008 10B4     		push	{r4}
 4512              	.LCFI32:
 4513              		.cfi_def_cfa_offset 4
 4514              		.cfi_offset 4, -4
1858:Drivers/STM32L4xx_HAL_Driver/Src/stm32l4xx_hal_tim_ex.c **** 
 4515              		.loc 1 1858 3 is_stmt 1 discriminator 2 view .LVU1272
 4516 000a 0123     		movs	r3, #1
 4517 000c 80F83C30 		strb	r3, [r0, #60]
1858:Drivers/STM32L4xx_HAL_Driver/Src/stm32l4xx_hal_tim_ex.c **** 
 4518              		.loc 1 1858 3 discriminator 2 view .LVU1273
1860:Drivers/STM32L4xx_HAL_Driver/Src/stm32l4xx_hal_tim_ex.c ****       (InputTrigger == TIM_TS_ITR2) || (InputTrigger == TIM_TS_ITR3))
 4519              		.loc 1 1860 3 discriminator 2 view .LVU1274
1860:Drivers/STM32L4xx_HAL_Driver/Src/stm32l4xx_hal_tim_ex.c ****       (InputTrigger == TIM_TS_ITR2) || (InputTrigger == TIM_TS_ITR3))
 4520              		.loc 1 1860 6 is_stmt 0 discriminator 2 view .LVU1275
 4521 0010 29B1     		cbz	r1, .L379
1860:Drivers/STM32L4xx_HAL_Driver/Src/stm32l4xx_hal_tim_ex.c ****       (InputTrigger == TIM_TS_ITR2) || (InputTrigger == TIM_TS_ITR3))
 4522              		.loc 1 1860 37 discriminator 1 view .LVU1276
 4523 0012 1029     		cmp	r1, #16
 4524 0014 03D0     		beq	.L379
1860:Drivers/STM32L4xx_HAL_Driver/Src/stm32l4xx_hal_tim_ex.c ****       (InputTrigger == TIM_TS_ITR2) || (InputTrigger == TIM_TS_ITR3))
 4525              		.loc 1 1860 70 discriminator 2 view .LVU1277
 4526 0016 2029     		cmp	r1, #32
 4527 0018 01D0     		beq	.L379
1861:Drivers/STM32L4xx_HAL_Driver/Src/stm32l4xx_hal_tim_ex.c ****   {
 4528              		.loc 1 1861 37 view .LVU1278
 4529 001a 3029     		cmp	r1, #48
 4530 001c 08D1     		bne	.L380
 4531              	.L379:
1864:Drivers/STM32L4xx_HAL_Driver/Src/stm32l4xx_hal_tim_ex.c ****     htim->Instance->SMCR |= InputTrigger;
 4532              		.loc 1 1864 5 is_stmt 1 view .LVU1279
1864:Drivers/STM32L4xx_HAL_Driver/Src/stm32l4xx_hal_tim_ex.c ****     htim->Instance->SMCR |= InputTrigger;
 4533              		.loc 1 1864 9 is_stmt 0 view .LVU1280
 4534 001e 0468     		ldr	r4, [r0]
ARM GAS  /tmp/ccRvkrha.s 			page 151


1864:Drivers/STM32L4xx_HAL_Driver/Src/stm32l4xx_hal_tim_ex.c ****     htim->Instance->SMCR |= InputTrigger;
 4535              		.loc 1 1864 26 view .LVU1281
 4536 0020 A368     		ldr	r3, [r4, #8]
 4537 0022 23F07003 		bic	r3, r3, #112
 4538 0026 A360     		str	r3, [r4, #8]
1865:Drivers/STM32L4xx_HAL_Driver/Src/stm32l4xx_hal_tim_ex.c ****   }
 4539              		.loc 1 1865 5 is_stmt 1 view .LVU1282
1865:Drivers/STM32L4xx_HAL_Driver/Src/stm32l4xx_hal_tim_ex.c ****   }
 4540              		.loc 1 1865 9 is_stmt 0 view .LVU1283
 4541 0028 0468     		ldr	r4, [r0]
1865:Drivers/STM32L4xx_HAL_Driver/Src/stm32l4xx_hal_tim_ex.c ****   }
 4542              		.loc 1 1865 26 view .LVU1284
 4543 002a A368     		ldr	r3, [r4, #8]
 4544 002c 1943     		orrs	r1, r1, r3
 4545              	.LVL326:
1865:Drivers/STM32L4xx_HAL_Driver/Src/stm32l4xx_hal_tim_ex.c ****   }
 4546              		.loc 1 1865 26 view .LVU1285
 4547 002e A160     		str	r1, [r4, #8]
 4548              	.L380:
1869:Drivers/STM32L4xx_HAL_Driver/Src/stm32l4xx_hal_tim_ex.c ****   /* Select the Commutation event source */
 4549              		.loc 1 1869 3 is_stmt 1 view .LVU1286
1869:Drivers/STM32L4xx_HAL_Driver/Src/stm32l4xx_hal_tim_ex.c ****   /* Select the Commutation event source */
 4550              		.loc 1 1869 7 is_stmt 0 view .LVU1287
 4551 0030 0168     		ldr	r1, [r0]
1869:Drivers/STM32L4xx_HAL_Driver/Src/stm32l4xx_hal_tim_ex.c ****   /* Select the Commutation event source */
 4552              		.loc 1 1869 23 view .LVU1288
 4553 0032 4B68     		ldr	r3, [r1, #4]
 4554 0034 43F00103 		orr	r3, r3, #1
 4555 0038 4B60     		str	r3, [r1, #4]
1871:Drivers/STM32L4xx_HAL_Driver/Src/stm32l4xx_hal_tim_ex.c ****   htim->Instance->CR2 |= CommutationSource;
 4556              		.loc 1 1871 3 is_stmt 1 view .LVU1289
1871:Drivers/STM32L4xx_HAL_Driver/Src/stm32l4xx_hal_tim_ex.c ****   htim->Instance->CR2 |= CommutationSource;
 4557              		.loc 1 1871 7 is_stmt 0 view .LVU1290
 4558 003a 0168     		ldr	r1, [r0]
1871:Drivers/STM32L4xx_HAL_Driver/Src/stm32l4xx_hal_tim_ex.c ****   htim->Instance->CR2 |= CommutationSource;
 4559              		.loc 1 1871 23 view .LVU1291
 4560 003c 4B68     		ldr	r3, [r1, #4]
 4561 003e 23F00403 		bic	r3, r3, #4
 4562 0042 4B60     		str	r3, [r1, #4]
1872:Drivers/STM32L4xx_HAL_Driver/Src/stm32l4xx_hal_tim_ex.c **** 
 4563              		.loc 1 1872 3 is_stmt 1 view .LVU1292
1872:Drivers/STM32L4xx_HAL_Driver/Src/stm32l4xx_hal_tim_ex.c **** 
 4564              		.loc 1 1872 7 is_stmt 0 view .LVU1293
 4565 0044 0168     		ldr	r1, [r0]
1872:Drivers/STM32L4xx_HAL_Driver/Src/stm32l4xx_hal_tim_ex.c **** 
 4566              		.loc 1 1872 23 view .LVU1294
 4567 0046 4B68     		ldr	r3, [r1, #4]
 4568 0048 1A43     		orrs	r2, r2, r3
 4569              	.LVL327:
1872:Drivers/STM32L4xx_HAL_Driver/Src/stm32l4xx_hal_tim_ex.c **** 
 4570              		.loc 1 1872 23 view .LVU1295
 4571 004a 4A60     		str	r2, [r1, #4]
1875:Drivers/STM32L4xx_HAL_Driver/Src/stm32l4xx_hal_tim_ex.c **** 
 4572              		.loc 1 1875 3 is_stmt 1 view .LVU1296
 4573 004c 0268     		ldr	r2, [r0]
 4574 004e D368     		ldr	r3, [r2, #12]
 4575 0050 23F40053 		bic	r3, r3, #8192
ARM GAS  /tmp/ccRvkrha.s 			page 152


 4576 0054 D360     		str	r3, [r2, #12]
1878:Drivers/STM32L4xx_HAL_Driver/Src/stm32l4xx_hal_tim_ex.c **** 
 4577              		.loc 1 1878 3 view .LVU1297
 4578 0056 0268     		ldr	r2, [r0]
 4579 0058 D368     		ldr	r3, [r2, #12]
 4580 005a 43F02003 		orr	r3, r3, #32
 4581 005e D360     		str	r3, [r2, #12]
1880:Drivers/STM32L4xx_HAL_Driver/Src/stm32l4xx_hal_tim_ex.c **** 
 4582              		.loc 1 1880 3 view .LVU1298
1880:Drivers/STM32L4xx_HAL_Driver/Src/stm32l4xx_hal_tim_ex.c **** 
 4583              		.loc 1 1880 3 view .LVU1299
 4584 0060 0023     		movs	r3, #0
 4585 0062 80F83C30 		strb	r3, [r0, #60]
1880:Drivers/STM32L4xx_HAL_Driver/Src/stm32l4xx_hal_tim_ex.c **** 
 4586              		.loc 1 1880 3 view .LVU1300
1882:Drivers/STM32L4xx_HAL_Driver/Src/stm32l4xx_hal_tim_ex.c **** }
 4587              		.loc 1 1882 3 view .LVU1301
1882:Drivers/STM32L4xx_HAL_Driver/Src/stm32l4xx_hal_tim_ex.c **** }
 4588              		.loc 1 1882 10 is_stmt 0 view .LVU1302
 4589 0066 1846     		mov	r0, r3
 4590              	.LVL328:
1883:Drivers/STM32L4xx_HAL_Driver/Src/stm32l4xx_hal_tim_ex.c **** 
 4591              		.loc 1 1883 1 view .LVU1303
 4592 0068 5DF8044B 		ldr	r4, [sp], #4
 4593              	.LCFI33:
 4594              		.cfi_restore 4
 4595              		.cfi_def_cfa_offset 0
 4596 006c 7047     		bx	lr
 4597              	.LVL329:
 4598              	.L381:
1858:Drivers/STM32L4xx_HAL_Driver/Src/stm32l4xx_hal_tim_ex.c **** 
 4599              		.loc 1 1858 3 view .LVU1304
 4600 006e 0220     		movs	r0, #2
 4601              	.LVL330:
1883:Drivers/STM32L4xx_HAL_Driver/Src/stm32l4xx_hal_tim_ex.c **** 
 4602              		.loc 1 1883 1 view .LVU1305
 4603 0070 7047     		bx	lr
 4604              		.cfi_endproc
 4605              	.LFE159:
 4607              		.section	.text.HAL_TIMEx_ConfigCommutEvent_DMA,"ax",%progbits
 4608              		.align	1
 4609              		.global	HAL_TIMEx_ConfigCommutEvent_DMA
 4610              		.syntax unified
 4611              		.thumb
 4612              		.thumb_func
 4614              	HAL_TIMEx_ConfigCommutEvent_DMA:
 4615              	.LVL331:
 4616              	.LFB160:
1910:Drivers/STM32L4xx_HAL_Driver/Src/stm32l4xx_hal_tim_ex.c ****   /* Check the parameters */
 4617              		.loc 1 1910 1 is_stmt 1 view -0
 4618              		.cfi_startproc
 4619              		@ args = 0, pretend = 0, frame = 0
 4620              		@ frame_needed = 0, uses_anonymous_args = 0
 4621              		@ link register save eliminated.
1912:Drivers/STM32L4xx_HAL_Driver/Src/stm32l4xx_hal_tim_ex.c ****   assert_param(IS_TIM_INTERNAL_TRIGGEREVENT_SELECTION(InputTrigger));
 4622              		.loc 1 1912 3 view .LVU1307
1913:Drivers/STM32L4xx_HAL_Driver/Src/stm32l4xx_hal_tim_ex.c **** 
ARM GAS  /tmp/ccRvkrha.s 			page 153


 4623              		.loc 1 1913 3 view .LVU1308
1915:Drivers/STM32L4xx_HAL_Driver/Src/stm32l4xx_hal_tim_ex.c **** 
 4624              		.loc 1 1915 3 view .LVU1309
1915:Drivers/STM32L4xx_HAL_Driver/Src/stm32l4xx_hal_tim_ex.c **** 
 4625              		.loc 1 1915 3 view .LVU1310
 4626 0000 90F83C30 		ldrb	r3, [r0, #60]	@ zero_extendqisi2
 4627 0004 012B     		cmp	r3, #1
 4628 0006 3BD0     		beq	.L390
1910:Drivers/STM32L4xx_HAL_Driver/Src/stm32l4xx_hal_tim_ex.c ****   /* Check the parameters */
 4629              		.loc 1 1910 1 is_stmt 0 discriminator 2 view .LVU1311
 4630 0008 10B4     		push	{r4}
 4631              	.LCFI34:
 4632              		.cfi_def_cfa_offset 4
 4633              		.cfi_offset 4, -4
1915:Drivers/STM32L4xx_HAL_Driver/Src/stm32l4xx_hal_tim_ex.c **** 
 4634              		.loc 1 1915 3 is_stmt 1 discriminator 2 view .LVU1312
 4635 000a 0123     		movs	r3, #1
 4636 000c 80F83C30 		strb	r3, [r0, #60]
1915:Drivers/STM32L4xx_HAL_Driver/Src/stm32l4xx_hal_tim_ex.c **** 
 4637              		.loc 1 1915 3 discriminator 2 view .LVU1313
1917:Drivers/STM32L4xx_HAL_Driver/Src/stm32l4xx_hal_tim_ex.c ****       (InputTrigger == TIM_TS_ITR2) || (InputTrigger == TIM_TS_ITR3))
 4638              		.loc 1 1917 3 discriminator 2 view .LVU1314
1917:Drivers/STM32L4xx_HAL_Driver/Src/stm32l4xx_hal_tim_ex.c ****       (InputTrigger == TIM_TS_ITR2) || (InputTrigger == TIM_TS_ITR3))
 4639              		.loc 1 1917 6 is_stmt 0 discriminator 2 view .LVU1315
 4640 0010 29B1     		cbz	r1, .L388
1917:Drivers/STM32L4xx_HAL_Driver/Src/stm32l4xx_hal_tim_ex.c ****       (InputTrigger == TIM_TS_ITR2) || (InputTrigger == TIM_TS_ITR3))
 4641              		.loc 1 1917 37 discriminator 1 view .LVU1316
 4642 0012 1029     		cmp	r1, #16
 4643 0014 03D0     		beq	.L388
1917:Drivers/STM32L4xx_HAL_Driver/Src/stm32l4xx_hal_tim_ex.c ****       (InputTrigger == TIM_TS_ITR2) || (InputTrigger == TIM_TS_ITR3))
 4644              		.loc 1 1917 70 discriminator 2 view .LVU1317
 4645 0016 2029     		cmp	r1, #32
 4646 0018 01D0     		beq	.L388
1918:Drivers/STM32L4xx_HAL_Driver/Src/stm32l4xx_hal_tim_ex.c ****   {
 4647              		.loc 1 1918 37 view .LVU1318
 4648 001a 3029     		cmp	r1, #48
 4649 001c 08D1     		bne	.L389
 4650              	.L388:
1921:Drivers/STM32L4xx_HAL_Driver/Src/stm32l4xx_hal_tim_ex.c ****     htim->Instance->SMCR |= InputTrigger;
 4651              		.loc 1 1921 5 is_stmt 1 view .LVU1319
1921:Drivers/STM32L4xx_HAL_Driver/Src/stm32l4xx_hal_tim_ex.c ****     htim->Instance->SMCR |= InputTrigger;
 4652              		.loc 1 1921 9 is_stmt 0 view .LVU1320
 4653 001e 0468     		ldr	r4, [r0]
1921:Drivers/STM32L4xx_HAL_Driver/Src/stm32l4xx_hal_tim_ex.c ****     htim->Instance->SMCR |= InputTrigger;
 4654              		.loc 1 1921 26 view .LVU1321
 4655 0020 A368     		ldr	r3, [r4, #8]
 4656 0022 23F07003 		bic	r3, r3, #112
 4657 0026 A360     		str	r3, [r4, #8]
1922:Drivers/STM32L4xx_HAL_Driver/Src/stm32l4xx_hal_tim_ex.c ****   }
 4658              		.loc 1 1922 5 is_stmt 1 view .LVU1322
1922:Drivers/STM32L4xx_HAL_Driver/Src/stm32l4xx_hal_tim_ex.c ****   }
 4659              		.loc 1 1922 9 is_stmt 0 view .LVU1323
 4660 0028 0468     		ldr	r4, [r0]
1922:Drivers/STM32L4xx_HAL_Driver/Src/stm32l4xx_hal_tim_ex.c ****   }
 4661              		.loc 1 1922 26 view .LVU1324
 4662 002a A368     		ldr	r3, [r4, #8]
 4663 002c 1943     		orrs	r1, r1, r3
ARM GAS  /tmp/ccRvkrha.s 			page 154


 4664              	.LVL332:
1922:Drivers/STM32L4xx_HAL_Driver/Src/stm32l4xx_hal_tim_ex.c ****   }
 4665              		.loc 1 1922 26 view .LVU1325
 4666 002e A160     		str	r1, [r4, #8]
 4667              	.L389:
1926:Drivers/STM32L4xx_HAL_Driver/Src/stm32l4xx_hal_tim_ex.c ****   /* Select the Commutation event source */
 4668              		.loc 1 1926 3 is_stmt 1 view .LVU1326
1926:Drivers/STM32L4xx_HAL_Driver/Src/stm32l4xx_hal_tim_ex.c ****   /* Select the Commutation event source */
 4669              		.loc 1 1926 7 is_stmt 0 view .LVU1327
 4670 0030 0168     		ldr	r1, [r0]
1926:Drivers/STM32L4xx_HAL_Driver/Src/stm32l4xx_hal_tim_ex.c ****   /* Select the Commutation event source */
 4671              		.loc 1 1926 23 view .LVU1328
 4672 0032 4B68     		ldr	r3, [r1, #4]
 4673 0034 43F00103 		orr	r3, r3, #1
 4674 0038 4B60     		str	r3, [r1, #4]
1928:Drivers/STM32L4xx_HAL_Driver/Src/stm32l4xx_hal_tim_ex.c ****   htim->Instance->CR2 |= CommutationSource;
 4675              		.loc 1 1928 3 is_stmt 1 view .LVU1329
1928:Drivers/STM32L4xx_HAL_Driver/Src/stm32l4xx_hal_tim_ex.c ****   htim->Instance->CR2 |= CommutationSource;
 4676              		.loc 1 1928 7 is_stmt 0 view .LVU1330
 4677 003a 0168     		ldr	r1, [r0]
1928:Drivers/STM32L4xx_HAL_Driver/Src/stm32l4xx_hal_tim_ex.c ****   htim->Instance->CR2 |= CommutationSource;
 4678              		.loc 1 1928 23 view .LVU1331
 4679 003c 4B68     		ldr	r3, [r1, #4]
 4680 003e 23F00403 		bic	r3, r3, #4
 4681 0042 4B60     		str	r3, [r1, #4]
1929:Drivers/STM32L4xx_HAL_Driver/Src/stm32l4xx_hal_tim_ex.c **** 
 4682              		.loc 1 1929 3 is_stmt 1 view .LVU1332
1929:Drivers/STM32L4xx_HAL_Driver/Src/stm32l4xx_hal_tim_ex.c **** 
 4683              		.loc 1 1929 7 is_stmt 0 view .LVU1333
 4684 0044 0168     		ldr	r1, [r0]
1929:Drivers/STM32L4xx_HAL_Driver/Src/stm32l4xx_hal_tim_ex.c **** 
 4685              		.loc 1 1929 23 view .LVU1334
 4686 0046 4B68     		ldr	r3, [r1, #4]
 4687 0048 1A43     		orrs	r2, r2, r3
 4688              	.LVL333:
1929:Drivers/STM32L4xx_HAL_Driver/Src/stm32l4xx_hal_tim_ex.c **** 
 4689              		.loc 1 1929 23 view .LVU1335
 4690 004a 4A60     		str	r2, [r1, #4]
1933:Drivers/STM32L4xx_HAL_Driver/Src/stm32l4xx_hal_tim_ex.c ****   htim->hdma[TIM_DMA_ID_COMMUTATION]->XferHalfCpltCallback = TIMEx_DMACommutationHalfCplt;
 4691              		.loc 1 1933 3 is_stmt 1 view .LVU1336
1933:Drivers/STM32L4xx_HAL_Driver/Src/stm32l4xx_hal_tim_ex.c ****   htim->hdma[TIM_DMA_ID_COMMUTATION]->XferHalfCpltCallback = TIMEx_DMACommutationHalfCplt;
 4692              		.loc 1 1933 13 is_stmt 0 view .LVU1337
 4693 004c 436B     		ldr	r3, [r0, #52]
1933:Drivers/STM32L4xx_HAL_Driver/Src/stm32l4xx_hal_tim_ex.c ****   htim->hdma[TIM_DMA_ID_COMMUTATION]->XferHalfCpltCallback = TIMEx_DMACommutationHalfCplt;
 4694              		.loc 1 1933 56 view .LVU1338
 4695 004e 0D4A     		ldr	r2, .L395
 4696 0050 DA62     		str	r2, [r3, #44]
1934:Drivers/STM32L4xx_HAL_Driver/Src/stm32l4xx_hal_tim_ex.c ****   /* Set the DMA error callback */
 4697              		.loc 1 1934 3 is_stmt 1 view .LVU1339
1934:Drivers/STM32L4xx_HAL_Driver/Src/stm32l4xx_hal_tim_ex.c ****   /* Set the DMA error callback */
 4698              		.loc 1 1934 13 is_stmt 0 view .LVU1340
 4699 0052 436B     		ldr	r3, [r0, #52]
1934:Drivers/STM32L4xx_HAL_Driver/Src/stm32l4xx_hal_tim_ex.c ****   /* Set the DMA error callback */
 4700              		.loc 1 1934 60 view .LVU1341
 4701 0054 0C4A     		ldr	r2, .L395+4
 4702 0056 1A63     		str	r2, [r3, #48]
1936:Drivers/STM32L4xx_HAL_Driver/Src/stm32l4xx_hal_tim_ex.c **** 
ARM GAS  /tmp/ccRvkrha.s 			page 155


 4703              		.loc 1 1936 3 is_stmt 1 view .LVU1342
1936:Drivers/STM32L4xx_HAL_Driver/Src/stm32l4xx_hal_tim_ex.c **** 
 4704              		.loc 1 1936 13 is_stmt 0 view .LVU1343
 4705 0058 436B     		ldr	r3, [r0, #52]
1936:Drivers/STM32L4xx_HAL_Driver/Src/stm32l4xx_hal_tim_ex.c **** 
 4706              		.loc 1 1936 57 view .LVU1344
 4707 005a 0C4A     		ldr	r2, .L395+8
 4708 005c 5A63     		str	r2, [r3, #52]
1939:Drivers/STM32L4xx_HAL_Driver/Src/stm32l4xx_hal_tim_ex.c **** 
 4709              		.loc 1 1939 3 is_stmt 1 view .LVU1345
 4710 005e 0268     		ldr	r2, [r0]
 4711 0060 D368     		ldr	r3, [r2, #12]
 4712 0062 23F02003 		bic	r3, r3, #32
 4713 0066 D360     		str	r3, [r2, #12]
1942:Drivers/STM32L4xx_HAL_Driver/Src/stm32l4xx_hal_tim_ex.c **** 
 4714              		.loc 1 1942 3 view .LVU1346
 4715 0068 0268     		ldr	r2, [r0]
 4716 006a D368     		ldr	r3, [r2, #12]
 4717 006c 43F40053 		orr	r3, r3, #8192
 4718 0070 D360     		str	r3, [r2, #12]
1944:Drivers/STM32L4xx_HAL_Driver/Src/stm32l4xx_hal_tim_ex.c **** 
 4719              		.loc 1 1944 3 view .LVU1347
1944:Drivers/STM32L4xx_HAL_Driver/Src/stm32l4xx_hal_tim_ex.c **** 
 4720              		.loc 1 1944 3 view .LVU1348
 4721 0072 0023     		movs	r3, #0
 4722 0074 80F83C30 		strb	r3, [r0, #60]
1944:Drivers/STM32L4xx_HAL_Driver/Src/stm32l4xx_hal_tim_ex.c **** 
 4723              		.loc 1 1944 3 view .LVU1349
1946:Drivers/STM32L4xx_HAL_Driver/Src/stm32l4xx_hal_tim_ex.c **** }
 4724              		.loc 1 1946 3 view .LVU1350
1946:Drivers/STM32L4xx_HAL_Driver/Src/stm32l4xx_hal_tim_ex.c **** }
 4725              		.loc 1 1946 10 is_stmt 0 view .LVU1351
 4726 0078 1846     		mov	r0, r3
 4727              	.LVL334:
1947:Drivers/STM32L4xx_HAL_Driver/Src/stm32l4xx_hal_tim_ex.c **** 
 4728              		.loc 1 1947 1 view .LVU1352
 4729 007a 5DF8044B 		ldr	r4, [sp], #4
 4730              	.LCFI35:
 4731              		.cfi_restore 4
 4732              		.cfi_def_cfa_offset 0
 4733 007e 7047     		bx	lr
 4734              	.LVL335:
 4735              	.L390:
1915:Drivers/STM32L4xx_HAL_Driver/Src/stm32l4xx_hal_tim_ex.c **** 
 4736              		.loc 1 1915 3 view .LVU1353
 4737 0080 0220     		movs	r0, #2
 4738              	.LVL336:
1947:Drivers/STM32L4xx_HAL_Driver/Src/stm32l4xx_hal_tim_ex.c **** 
 4739              		.loc 1 1947 1 view .LVU1354
 4740 0082 7047     		bx	lr
 4741              	.L396:
 4742              		.align	2
 4743              	.L395:
 4744 0084 00000000 		.word	TIMEx_DMACommutationCplt
 4745 0088 00000000 		.word	TIMEx_DMACommutationHalfCplt
 4746 008c 00000000 		.word	TIM_DMAError
 4747              		.cfi_endproc
ARM GAS  /tmp/ccRvkrha.s 			page 156


 4748              	.LFE160:
 4750              		.section	.text.HAL_TIMEx_MasterConfigSynchronization,"ax",%progbits
 4751              		.align	1
 4752              		.global	HAL_TIMEx_MasterConfigSynchronization
 4753              		.syntax unified
 4754              		.thumb
 4755              		.thumb_func
 4757              	HAL_TIMEx_MasterConfigSynchronization:
 4758              	.LVL337:
 4759              	.LFB161:
1959:Drivers/STM32L4xx_HAL_Driver/Src/stm32l4xx_hal_tim_ex.c ****   uint32_t tmpcr2;
 4760              		.loc 1 1959 1 is_stmt 1 view -0
 4761              		.cfi_startproc
 4762              		@ args = 0, pretend = 0, frame = 0
 4763              		@ frame_needed = 0, uses_anonymous_args = 0
 4764              		@ link register save eliminated.
1960:Drivers/STM32L4xx_HAL_Driver/Src/stm32l4xx_hal_tim_ex.c ****   uint32_t tmpsmcr;
 4765              		.loc 1 1960 3 view .LVU1356
1961:Drivers/STM32L4xx_HAL_Driver/Src/stm32l4xx_hal_tim_ex.c **** 
 4766              		.loc 1 1961 3 view .LVU1357
1964:Drivers/STM32L4xx_HAL_Driver/Src/stm32l4xx_hal_tim_ex.c ****   assert_param(IS_TIM_TRGO_SOURCE(sMasterConfig->MasterOutputTrigger));
 4767              		.loc 1 1964 3 view .LVU1358
1965:Drivers/STM32L4xx_HAL_Driver/Src/stm32l4xx_hal_tim_ex.c ****   assert_param(IS_TIM_MSM_STATE(sMasterConfig->MasterSlaveMode));
 4768              		.loc 1 1965 3 view .LVU1359
1966:Drivers/STM32L4xx_HAL_Driver/Src/stm32l4xx_hal_tim_ex.c **** 
 4769              		.loc 1 1966 3 view .LVU1360
1969:Drivers/STM32L4xx_HAL_Driver/Src/stm32l4xx_hal_tim_ex.c **** 
 4770              		.loc 1 1969 3 view .LVU1361
1969:Drivers/STM32L4xx_HAL_Driver/Src/stm32l4xx_hal_tim_ex.c **** 
 4771              		.loc 1 1969 3 view .LVU1362
 4772 0000 90F83C30 		ldrb	r3, [r0, #60]	@ zero_extendqisi2
 4773 0004 012B     		cmp	r3, #1
 4774 0006 2FD0     		beq	.L402
1959:Drivers/STM32L4xx_HAL_Driver/Src/stm32l4xx_hal_tim_ex.c ****   uint32_t tmpcr2;
 4775              		.loc 1 1959 1 is_stmt 0 discriminator 2 view .LVU1363
 4776 0008 30B4     		push	{r4, r5}
 4777              	.LCFI36:
 4778              		.cfi_def_cfa_offset 8
 4779              		.cfi_offset 4, -8
 4780              		.cfi_offset 5, -4
1969:Drivers/STM32L4xx_HAL_Driver/Src/stm32l4xx_hal_tim_ex.c **** 
 4781              		.loc 1 1969 3 is_stmt 1 discriminator 2 view .LVU1364
 4782 000a 0123     		movs	r3, #1
 4783 000c 80F83C30 		strb	r3, [r0, #60]
1969:Drivers/STM32L4xx_HAL_Driver/Src/stm32l4xx_hal_tim_ex.c **** 
 4784              		.loc 1 1969 3 discriminator 2 view .LVU1365
1972:Drivers/STM32L4xx_HAL_Driver/Src/stm32l4xx_hal_tim_ex.c **** 
 4785              		.loc 1 1972 3 discriminator 2 view .LVU1366
1972:Drivers/STM32L4xx_HAL_Driver/Src/stm32l4xx_hal_tim_ex.c **** 
 4786              		.loc 1 1972 15 is_stmt 0 discriminator 2 view .LVU1367
 4787 0010 0223     		movs	r3, #2
 4788 0012 80F83D30 		strb	r3, [r0, #61]
1975:Drivers/STM32L4xx_HAL_Driver/Src/stm32l4xx_hal_tim_ex.c **** 
 4789              		.loc 1 1975 3 is_stmt 1 discriminator 2 view .LVU1368
1975:Drivers/STM32L4xx_HAL_Driver/Src/stm32l4xx_hal_tim_ex.c **** 
 4790              		.loc 1 1975 16 is_stmt 0 discriminator 2 view .LVU1369
 4791 0016 0268     		ldr	r2, [r0]
ARM GAS  /tmp/ccRvkrha.s 			page 157


1975:Drivers/STM32L4xx_HAL_Driver/Src/stm32l4xx_hal_tim_ex.c **** 
 4792              		.loc 1 1975 10 discriminator 2 view .LVU1370
 4793 0018 5368     		ldr	r3, [r2, #4]
 4794              	.LVL338:
1978:Drivers/STM32L4xx_HAL_Driver/Src/stm32l4xx_hal_tim_ex.c **** 
 4795              		.loc 1 1978 3 is_stmt 1 discriminator 2 view .LVU1371
1978:Drivers/STM32L4xx_HAL_Driver/Src/stm32l4xx_hal_tim_ex.c **** 
 4796              		.loc 1 1978 11 is_stmt 0 discriminator 2 view .LVU1372
 4797 001a 9468     		ldr	r4, [r2, #8]
 4798              	.LVL339:
1981:Drivers/STM32L4xx_HAL_Driver/Src/stm32l4xx_hal_tim_ex.c ****   {
 4799              		.loc 1 1981 3 is_stmt 1 discriminator 2 view .LVU1373
1981:Drivers/STM32L4xx_HAL_Driver/Src/stm32l4xx_hal_tim_ex.c ****   {
 4800              		.loc 1 1981 6 is_stmt 0 discriminator 2 view .LVU1374
 4801 001c 134D     		ldr	r5, .L408
 4802 001e AA42     		cmp	r2, r5
 4803 0020 1DD0     		beq	.L407
 4804              	.L399:
1993:Drivers/STM32L4xx_HAL_Driver/Src/stm32l4xx_hal_tim_ex.c ****   /* Select the TRGO source */
 4805              		.loc 1 1993 3 is_stmt 1 view .LVU1375
1993:Drivers/STM32L4xx_HAL_Driver/Src/stm32l4xx_hal_tim_ex.c ****   /* Select the TRGO source */
 4806              		.loc 1 1993 10 is_stmt 0 view .LVU1376
 4807 0022 23F07003 		bic	r3, r3, #112
 4808              	.LVL340:
1995:Drivers/STM32L4xx_HAL_Driver/Src/stm32l4xx_hal_tim_ex.c **** 
 4809              		.loc 1 1995 3 is_stmt 1 view .LVU1377
1995:Drivers/STM32L4xx_HAL_Driver/Src/stm32l4xx_hal_tim_ex.c **** 
 4810              		.loc 1 1995 10 is_stmt 0 view .LVU1378
 4811 0026 0D68     		ldr	r5, [r1]
 4812 0028 2B43     		orrs	r3, r3, r5
 4813              	.LVL341:
1998:Drivers/STM32L4xx_HAL_Driver/Src/stm32l4xx_hal_tim_ex.c **** 
 4814              		.loc 1 1998 3 is_stmt 1 view .LVU1379
1998:Drivers/STM32L4xx_HAL_Driver/Src/stm32l4xx_hal_tim_ex.c **** 
 4815              		.loc 1 1998 23 is_stmt 0 view .LVU1380
 4816 002a 5360     		str	r3, [r2, #4]
2000:Drivers/STM32L4xx_HAL_Driver/Src/stm32l4xx_hal_tim_ex.c ****   {
 4817              		.loc 1 2000 3 is_stmt 1 view .LVU1381
2000:Drivers/STM32L4xx_HAL_Driver/Src/stm32l4xx_hal_tim_ex.c ****   {
 4818              		.loc 1 2000 7 is_stmt 0 view .LVU1382
 4819 002c 0368     		ldr	r3, [r0]
 4820              	.LVL342:
2000:Drivers/STM32L4xx_HAL_Driver/Src/stm32l4xx_hal_tim_ex.c ****   {
 4821              		.loc 1 2000 6 view .LVU1383
 4822 002e 0F4A     		ldr	r2, .L408
 4823              	.LVL343:
2000:Drivers/STM32L4xx_HAL_Driver/Src/stm32l4xx_hal_tim_ex.c ****   {
 4824              		.loc 1 2000 6 view .LVU1384
 4825 0030 9342     		cmp	r3, r2
 4826 0032 06D0     		beq	.L400
2000:Drivers/STM32L4xx_HAL_Driver/Src/stm32l4xx_hal_tim_ex.c ****   {
 4827              		.loc 1 2000 7 discriminator 1 view .LVU1385
 4828 0034 B3F1804F 		cmp	r3, #1073741824
 4829 0038 03D0     		beq	.L400
2000:Drivers/STM32L4xx_HAL_Driver/Src/stm32l4xx_hal_tim_ex.c ****   {
 4830              		.loc 1 2000 7 discriminator 2 view .LVU1386
 4831 003a 02F5A052 		add	r2, r2, #5120
ARM GAS  /tmp/ccRvkrha.s 			page 158


 4832 003e 9342     		cmp	r3, r2
 4833 0040 04D1     		bne	.L401
 4834              	.L400:
2003:Drivers/STM32L4xx_HAL_Driver/Src/stm32l4xx_hal_tim_ex.c ****     /* Set master mode */
 4835              		.loc 1 2003 5 is_stmt 1 view .LVU1387
2003:Drivers/STM32L4xx_HAL_Driver/Src/stm32l4xx_hal_tim_ex.c ****     /* Set master mode */
 4836              		.loc 1 2003 13 is_stmt 0 view .LVU1388
 4837 0042 24F08004 		bic	r4, r4, #128
 4838              	.LVL344:
2005:Drivers/STM32L4xx_HAL_Driver/Src/stm32l4xx_hal_tim_ex.c **** 
 4839              		.loc 1 2005 5 is_stmt 1 view .LVU1389
2005:Drivers/STM32L4xx_HAL_Driver/Src/stm32l4xx_hal_tim_ex.c **** 
 4840              		.loc 1 2005 29 is_stmt 0 view .LVU1390
 4841 0046 8A68     		ldr	r2, [r1, #8]
2005:Drivers/STM32L4xx_HAL_Driver/Src/stm32l4xx_hal_tim_ex.c **** 
 4842              		.loc 1 2005 13 view .LVU1391
 4843 0048 1443     		orrs	r4, r4, r2
 4844              	.LVL345:
2008:Drivers/STM32L4xx_HAL_Driver/Src/stm32l4xx_hal_tim_ex.c ****   }
 4845              		.loc 1 2008 5 is_stmt 1 view .LVU1392
2008:Drivers/STM32L4xx_HAL_Driver/Src/stm32l4xx_hal_tim_ex.c ****   }
 4846              		.loc 1 2008 26 is_stmt 0 view .LVU1393
 4847 004a 9C60     		str	r4, [r3, #8]
 4848              	.L401:
2012:Drivers/STM32L4xx_HAL_Driver/Src/stm32l4xx_hal_tim_ex.c **** 
 4849              		.loc 1 2012 3 is_stmt 1 view .LVU1394
2012:Drivers/STM32L4xx_HAL_Driver/Src/stm32l4xx_hal_tim_ex.c **** 
 4850              		.loc 1 2012 15 is_stmt 0 view .LVU1395
 4851 004c 0123     		movs	r3, #1
 4852 004e 80F83D30 		strb	r3, [r0, #61]
2014:Drivers/STM32L4xx_HAL_Driver/Src/stm32l4xx_hal_tim_ex.c **** 
 4853              		.loc 1 2014 3 is_stmt 1 view .LVU1396
2014:Drivers/STM32L4xx_HAL_Driver/Src/stm32l4xx_hal_tim_ex.c **** 
 4854              		.loc 1 2014 3 view .LVU1397
 4855 0052 0023     		movs	r3, #0
 4856 0054 80F83C30 		strb	r3, [r0, #60]
2014:Drivers/STM32L4xx_HAL_Driver/Src/stm32l4xx_hal_tim_ex.c **** 
 4857              		.loc 1 2014 3 view .LVU1398
2016:Drivers/STM32L4xx_HAL_Driver/Src/stm32l4xx_hal_tim_ex.c **** }
 4858              		.loc 1 2016 3 view .LVU1399
2016:Drivers/STM32L4xx_HAL_Driver/Src/stm32l4xx_hal_tim_ex.c **** }
 4859              		.loc 1 2016 10 is_stmt 0 view .LVU1400
 4860 0058 1846     		mov	r0, r3
 4861              	.LVL346:
2017:Drivers/STM32L4xx_HAL_Driver/Src/stm32l4xx_hal_tim_ex.c **** 
 4862              		.loc 1 2017 1 view .LVU1401
 4863 005a 30BC     		pop	{r4, r5}
 4864              	.LCFI37:
 4865              		.cfi_remember_state
 4866              		.cfi_restore 5
 4867              		.cfi_restore 4
 4868              		.cfi_def_cfa_offset 0
 4869              	.LVL347:
2017:Drivers/STM32L4xx_HAL_Driver/Src/stm32l4xx_hal_tim_ex.c **** 
 4870              		.loc 1 2017 1 view .LVU1402
 4871 005c 7047     		bx	lr
 4872              	.LVL348:
ARM GAS  /tmp/ccRvkrha.s 			page 159


 4873              	.L407:
 4874              	.LCFI38:
 4875              		.cfi_restore_state
1984:Drivers/STM32L4xx_HAL_Driver/Src/stm32l4xx_hal_tim_ex.c **** 
 4876              		.loc 1 1984 5 is_stmt 1 view .LVU1403
1987:Drivers/STM32L4xx_HAL_Driver/Src/stm32l4xx_hal_tim_ex.c ****     /* Select the TRGO2 source*/
 4877              		.loc 1 1987 5 view .LVU1404
1987:Drivers/STM32L4xx_HAL_Driver/Src/stm32l4xx_hal_tim_ex.c ****     /* Select the TRGO2 source*/
 4878              		.loc 1 1987 12 is_stmt 0 view .LVU1405
 4879 005e 23F47003 		bic	r3, r3, #15728640
 4880              	.LVL349:
1989:Drivers/STM32L4xx_HAL_Driver/Src/stm32l4xx_hal_tim_ex.c ****   }
 4881              		.loc 1 1989 5 is_stmt 1 view .LVU1406
1989:Drivers/STM32L4xx_HAL_Driver/Src/stm32l4xx_hal_tim_ex.c ****   }
 4882              		.loc 1 1989 28 is_stmt 0 view .LVU1407
 4883 0062 4D68     		ldr	r5, [r1, #4]
1989:Drivers/STM32L4xx_HAL_Driver/Src/stm32l4xx_hal_tim_ex.c ****   }
 4884              		.loc 1 1989 12 view .LVU1408
 4885 0064 2B43     		orrs	r3, r3, r5
 4886              	.LVL350:
1989:Drivers/STM32L4xx_HAL_Driver/Src/stm32l4xx_hal_tim_ex.c ****   }
 4887              		.loc 1 1989 12 view .LVU1409
 4888 0066 DCE7     		b	.L399
 4889              	.LVL351:
 4890              	.L402:
 4891              	.LCFI39:
 4892              		.cfi_def_cfa_offset 0
 4893              		.cfi_restore 4
 4894              		.cfi_restore 5
1969:Drivers/STM32L4xx_HAL_Driver/Src/stm32l4xx_hal_tim_ex.c **** 
 4895              		.loc 1 1969 3 view .LVU1410
 4896 0068 0220     		movs	r0, #2
 4897              	.LVL352:
2017:Drivers/STM32L4xx_HAL_Driver/Src/stm32l4xx_hal_tim_ex.c **** 
 4898              		.loc 1 2017 1 view .LVU1411
 4899 006a 7047     		bx	lr
 4900              	.L409:
 4901              		.align	2
 4902              	.L408:
 4903 006c 002C0140 		.word	1073818624
 4904              		.cfi_endproc
 4905              	.LFE161:
 4907              		.section	.text.HAL_TIMEx_ConfigBreakDeadTime,"ax",%progbits
 4908              		.align	1
 4909              		.global	HAL_TIMEx_ConfigBreakDeadTime
 4910              		.syntax unified
 4911              		.thumb
 4912              		.thumb_func
 4914              	HAL_TIMEx_ConfigBreakDeadTime:
 4915              	.LVL353:
 4916              	.LFB162:
2032:Drivers/STM32L4xx_HAL_Driver/Src/stm32l4xx_hal_tim_ex.c ****   /* Keep this variable initialized to 0 as it is used to configure BDTR register */
 4917              		.loc 1 2032 1 is_stmt 1 view -0
 4918              		.cfi_startproc
 4919              		@ args = 0, pretend = 0, frame = 0
 4920              		@ frame_needed = 0, uses_anonymous_args = 0
 4921              		@ link register save eliminated.
ARM GAS  /tmp/ccRvkrha.s 			page 160


2034:Drivers/STM32L4xx_HAL_Driver/Src/stm32l4xx_hal_tim_ex.c **** 
 4922              		.loc 1 2034 3 view .LVU1413
2037:Drivers/STM32L4xx_HAL_Driver/Src/stm32l4xx_hal_tim_ex.c ****   assert_param(IS_TIM_OSSR_STATE(sBreakDeadTimeConfig->OffStateRunMode));
 4923              		.loc 1 2037 3 view .LVU1414
2038:Drivers/STM32L4xx_HAL_Driver/Src/stm32l4xx_hal_tim_ex.c ****   assert_param(IS_TIM_OSSI_STATE(sBreakDeadTimeConfig->OffStateIDLEMode));
 4924              		.loc 1 2038 3 view .LVU1415
2039:Drivers/STM32L4xx_HAL_Driver/Src/stm32l4xx_hal_tim_ex.c ****   assert_param(IS_TIM_LOCK_LEVEL(sBreakDeadTimeConfig->LockLevel));
 4925              		.loc 1 2039 3 view .LVU1416
2040:Drivers/STM32L4xx_HAL_Driver/Src/stm32l4xx_hal_tim_ex.c ****   assert_param(IS_TIM_DEADTIME(sBreakDeadTimeConfig->DeadTime));
 4926              		.loc 1 2040 3 view .LVU1417
2041:Drivers/STM32L4xx_HAL_Driver/Src/stm32l4xx_hal_tim_ex.c ****   assert_param(IS_TIM_BREAK_STATE(sBreakDeadTimeConfig->BreakState));
 4927              		.loc 1 2041 3 view .LVU1418
2042:Drivers/STM32L4xx_HAL_Driver/Src/stm32l4xx_hal_tim_ex.c ****   assert_param(IS_TIM_BREAK_POLARITY(sBreakDeadTimeConfig->BreakPolarity));
 4928              		.loc 1 2042 3 view .LVU1419
2043:Drivers/STM32L4xx_HAL_Driver/Src/stm32l4xx_hal_tim_ex.c ****   assert_param(IS_TIM_BREAK_FILTER(sBreakDeadTimeConfig->BreakFilter));
 4929              		.loc 1 2043 3 view .LVU1420
2044:Drivers/STM32L4xx_HAL_Driver/Src/stm32l4xx_hal_tim_ex.c ****   assert_param(IS_TIM_AUTOMATIC_OUTPUT_STATE(sBreakDeadTimeConfig->AutomaticOutput));
 4930              		.loc 1 2044 3 view .LVU1421
2045:Drivers/STM32L4xx_HAL_Driver/Src/stm32l4xx_hal_tim_ex.c **** 
 4931              		.loc 1 2045 3 view .LVU1422
2048:Drivers/STM32L4xx_HAL_Driver/Src/stm32l4xx_hal_tim_ex.c **** 
 4932              		.loc 1 2048 3 view .LVU1423
2048:Drivers/STM32L4xx_HAL_Driver/Src/stm32l4xx_hal_tim_ex.c **** 
 4933              		.loc 1 2048 3 view .LVU1424
 4934 0000 90F83C30 		ldrb	r3, [r0, #60]	@ zero_extendqisi2
 4935 0004 012B     		cmp	r3, #1
 4936 0006 3BD0     		beq	.L413
2032:Drivers/STM32L4xx_HAL_Driver/Src/stm32l4xx_hal_tim_ex.c ****   /* Keep this variable initialized to 0 as it is used to configure BDTR register */
 4937              		.loc 1 2032 1 is_stmt 0 discriminator 2 view .LVU1425
 4938 0008 10B4     		push	{r4}
 4939              	.LCFI40:
 4940              		.cfi_def_cfa_offset 4
 4941              		.cfi_offset 4, -4
2048:Drivers/STM32L4xx_HAL_Driver/Src/stm32l4xx_hal_tim_ex.c **** 
 4942              		.loc 1 2048 3 is_stmt 1 discriminator 2 view .LVU1426
 4943 000a 0123     		movs	r3, #1
 4944 000c 80F83C30 		strb	r3, [r0, #60]
2048:Drivers/STM32L4xx_HAL_Driver/Src/stm32l4xx_hal_tim_ex.c **** 
 4945              		.loc 1 2048 3 discriminator 2 view .LVU1427
2054:Drivers/STM32L4xx_HAL_Driver/Src/stm32l4xx_hal_tim_ex.c ****   MODIFY_REG(tmpbdtr, TIM_BDTR_LOCK, sBreakDeadTimeConfig->LockLevel);
 4946              		.loc 1 2054 3 discriminator 2 view .LVU1428
 4947 0010 CB68     		ldr	r3, [r1, #12]
 4948              	.LVL354:
2055:Drivers/STM32L4xx_HAL_Driver/Src/stm32l4xx_hal_tim_ex.c ****   MODIFY_REG(tmpbdtr, TIM_BDTR_OSSI, sBreakDeadTimeConfig->OffStateIDLEMode);
 4949              		.loc 1 2055 3 discriminator 2 view .LVU1429
 4950 0012 23F44073 		bic	r3, r3, #768
 4951              	.LVL355:
2055:Drivers/STM32L4xx_HAL_Driver/Src/stm32l4xx_hal_tim_ex.c ****   MODIFY_REG(tmpbdtr, TIM_BDTR_OSSI, sBreakDeadTimeConfig->OffStateIDLEMode);
 4952              		.loc 1 2055 3 is_stmt 0 discriminator 2 view .LVU1430
 4953 0016 8A68     		ldr	r2, [r1, #8]
 4954 0018 1343     		orrs	r3, r3, r2
 4955              	.LVL356:
2056:Drivers/STM32L4xx_HAL_Driver/Src/stm32l4xx_hal_tim_ex.c ****   MODIFY_REG(tmpbdtr, TIM_BDTR_OSSR, sBreakDeadTimeConfig->OffStateRunMode);
 4956              		.loc 1 2056 3 is_stmt 1 discriminator 2 view .LVU1431
 4957 001a 23F48063 		bic	r3, r3, #1024
 4958              	.LVL357:
2056:Drivers/STM32L4xx_HAL_Driver/Src/stm32l4xx_hal_tim_ex.c ****   MODIFY_REG(tmpbdtr, TIM_BDTR_OSSR, sBreakDeadTimeConfig->OffStateRunMode);
ARM GAS  /tmp/ccRvkrha.s 			page 161


 4959              		.loc 1 2056 3 is_stmt 0 discriminator 2 view .LVU1432
 4960 001e 4A68     		ldr	r2, [r1, #4]
 4961              	.LVL358:
2056:Drivers/STM32L4xx_HAL_Driver/Src/stm32l4xx_hal_tim_ex.c ****   MODIFY_REG(tmpbdtr, TIM_BDTR_OSSR, sBreakDeadTimeConfig->OffStateRunMode);
 4962              		.loc 1 2056 3 discriminator 2 view .LVU1433
 4963 0020 1343     		orrs	r3, r3, r2
 4964              	.LVL359:
2057:Drivers/STM32L4xx_HAL_Driver/Src/stm32l4xx_hal_tim_ex.c ****   MODIFY_REG(tmpbdtr, TIM_BDTR_BKE, sBreakDeadTimeConfig->BreakState);
 4965              		.loc 1 2057 3 is_stmt 1 discriminator 2 view .LVU1434
 4966 0022 23F40063 		bic	r3, r3, #2048
 4967              	.LVL360:
2057:Drivers/STM32L4xx_HAL_Driver/Src/stm32l4xx_hal_tim_ex.c ****   MODIFY_REG(tmpbdtr, TIM_BDTR_BKE, sBreakDeadTimeConfig->BreakState);
 4968              		.loc 1 2057 3 is_stmt 0 discriminator 2 view .LVU1435
 4969 0026 0A68     		ldr	r2, [r1]
 4970              	.LVL361:
2057:Drivers/STM32L4xx_HAL_Driver/Src/stm32l4xx_hal_tim_ex.c ****   MODIFY_REG(tmpbdtr, TIM_BDTR_BKE, sBreakDeadTimeConfig->BreakState);
 4971              		.loc 1 2057 3 discriminator 2 view .LVU1436
 4972 0028 1343     		orrs	r3, r3, r2
 4973              	.LVL362:
2058:Drivers/STM32L4xx_HAL_Driver/Src/stm32l4xx_hal_tim_ex.c ****   MODIFY_REG(tmpbdtr, TIM_BDTR_BKP, sBreakDeadTimeConfig->BreakPolarity);
 4974              		.loc 1 2058 3 is_stmt 1 discriminator 2 view .LVU1437
 4975 002a 23F48053 		bic	r3, r3, #4096
 4976              	.LVL363:
2058:Drivers/STM32L4xx_HAL_Driver/Src/stm32l4xx_hal_tim_ex.c ****   MODIFY_REG(tmpbdtr, TIM_BDTR_BKP, sBreakDeadTimeConfig->BreakPolarity);
 4977              		.loc 1 2058 3 is_stmt 0 discriminator 2 view .LVU1438
 4978 002e 0A69     		ldr	r2, [r1, #16]
 4979              	.LVL364:
2058:Drivers/STM32L4xx_HAL_Driver/Src/stm32l4xx_hal_tim_ex.c ****   MODIFY_REG(tmpbdtr, TIM_BDTR_BKP, sBreakDeadTimeConfig->BreakPolarity);
 4980              		.loc 1 2058 3 discriminator 2 view .LVU1439
 4981 0030 1343     		orrs	r3, r3, r2
 4982              	.LVL365:
2059:Drivers/STM32L4xx_HAL_Driver/Src/stm32l4xx_hal_tim_ex.c ****   MODIFY_REG(tmpbdtr, TIM_BDTR_AOE, sBreakDeadTimeConfig->AutomaticOutput);
 4983              		.loc 1 2059 3 is_stmt 1 discriminator 2 view .LVU1440
 4984 0032 23F40053 		bic	r3, r3, #8192
 4985              	.LVL366:
2059:Drivers/STM32L4xx_HAL_Driver/Src/stm32l4xx_hal_tim_ex.c ****   MODIFY_REG(tmpbdtr, TIM_BDTR_AOE, sBreakDeadTimeConfig->AutomaticOutput);
 4986              		.loc 1 2059 3 is_stmt 0 discriminator 2 view .LVU1441
 4987 0036 4A69     		ldr	r2, [r1, #20]
 4988              	.LVL367:
2059:Drivers/STM32L4xx_HAL_Driver/Src/stm32l4xx_hal_tim_ex.c ****   MODIFY_REG(tmpbdtr, TIM_BDTR_AOE, sBreakDeadTimeConfig->AutomaticOutput);
 4989              		.loc 1 2059 3 discriminator 2 view .LVU1442
 4990 0038 1343     		orrs	r3, r3, r2
 4991              	.LVL368:
2060:Drivers/STM32L4xx_HAL_Driver/Src/stm32l4xx_hal_tim_ex.c ****   MODIFY_REG(tmpbdtr, TIM_BDTR_BKF, (sBreakDeadTimeConfig->BreakFilter << TIM_BDTR_BKF_Pos));
 4992              		.loc 1 2060 3 is_stmt 1 discriminator 2 view .LVU1443
 4993 003a 23F48043 		bic	r3, r3, #16384
 4994              	.LVL369:
2060:Drivers/STM32L4xx_HAL_Driver/Src/stm32l4xx_hal_tim_ex.c ****   MODIFY_REG(tmpbdtr, TIM_BDTR_BKF, (sBreakDeadTimeConfig->BreakFilter << TIM_BDTR_BKF_Pos));
 4995              		.loc 1 2060 3 is_stmt 0 discriminator 2 view .LVU1444
 4996 003e 8A6A     		ldr	r2, [r1, #40]
 4997              	.LVL370:
2060:Drivers/STM32L4xx_HAL_Driver/Src/stm32l4xx_hal_tim_ex.c ****   MODIFY_REG(tmpbdtr, TIM_BDTR_BKF, (sBreakDeadTimeConfig->BreakFilter << TIM_BDTR_BKF_Pos));
 4998              		.loc 1 2060 3 discriminator 2 view .LVU1445
 4999 0040 1343     		orrs	r3, r3, r2
 5000              	.LVL371:
2061:Drivers/STM32L4xx_HAL_Driver/Src/stm32l4xx_hal_tim_ex.c **** 
 5001              		.loc 1 2061 3 is_stmt 1 discriminator 2 view .LVU1446
ARM GAS  /tmp/ccRvkrha.s 			page 162


 5002 0042 23F47023 		bic	r3, r3, #983040
 5003              	.LVL372:
2061:Drivers/STM32L4xx_HAL_Driver/Src/stm32l4xx_hal_tim_ex.c **** 
 5004              		.loc 1 2061 3 is_stmt 0 discriminator 2 view .LVU1447
 5005 0046 8A69     		ldr	r2, [r1, #24]
 5006              	.LVL373:
2061:Drivers/STM32L4xx_HAL_Driver/Src/stm32l4xx_hal_tim_ex.c **** 
 5007              		.loc 1 2061 3 discriminator 2 view .LVU1448
 5008 0048 43EA0243 		orr	r3, r3, r2, lsl #16
 5009              	.LVL374:
2063:Drivers/STM32L4xx_HAL_Driver/Src/stm32l4xx_hal_tim_ex.c ****   {
 5010              		.loc 1 2063 3 is_stmt 1 discriminator 2 view .LVU1449
2063:Drivers/STM32L4xx_HAL_Driver/Src/stm32l4xx_hal_tim_ex.c ****   {
 5011              		.loc 1 2063 7 is_stmt 0 discriminator 2 view .LVU1450
 5012 004c 0268     		ldr	r2, [r0]
2063:Drivers/STM32L4xx_HAL_Driver/Src/stm32l4xx_hal_tim_ex.c ****   {
 5013              		.loc 1 2063 6 discriminator 2 view .LVU1451
 5014 004e 0D4C     		ldr	r4, .L419
 5015 0050 A242     		cmp	r2, r4
 5016 0052 07D0     		beq	.L418
 5017              	.LVL375:
 5018              	.L412:
2077:Drivers/STM32L4xx_HAL_Driver/Src/stm32l4xx_hal_tim_ex.c **** 
 5019              		.loc 1 2077 3 is_stmt 1 view .LVU1452
2077:Drivers/STM32L4xx_HAL_Driver/Src/stm32l4xx_hal_tim_ex.c **** 
 5020              		.loc 1 2077 24 is_stmt 0 view .LVU1453
 5021 0054 5364     		str	r3, [r2, #68]
2079:Drivers/STM32L4xx_HAL_Driver/Src/stm32l4xx_hal_tim_ex.c **** 
 5022              		.loc 1 2079 3 is_stmt 1 view .LVU1454
2079:Drivers/STM32L4xx_HAL_Driver/Src/stm32l4xx_hal_tim_ex.c **** 
 5023              		.loc 1 2079 3 view .LVU1455
 5024 0056 0023     		movs	r3, #0
 5025              	.LVL376:
2079:Drivers/STM32L4xx_HAL_Driver/Src/stm32l4xx_hal_tim_ex.c **** 
 5026              		.loc 1 2079 3 is_stmt 0 view .LVU1456
 5027 0058 80F83C30 		strb	r3, [r0, #60]
 5028              	.LVL377:
2079:Drivers/STM32L4xx_HAL_Driver/Src/stm32l4xx_hal_tim_ex.c **** 
 5029              		.loc 1 2079 3 is_stmt 1 view .LVU1457
2081:Drivers/STM32L4xx_HAL_Driver/Src/stm32l4xx_hal_tim_ex.c **** }
 5030              		.loc 1 2081 3 view .LVU1458
2081:Drivers/STM32L4xx_HAL_Driver/Src/stm32l4xx_hal_tim_ex.c **** }
 5031              		.loc 1 2081 10 is_stmt 0 view .LVU1459
 5032 005c 1846     		mov	r0, r3
 5033              	.LVL378:
2082:Drivers/STM32L4xx_HAL_Driver/Src/stm32l4xx_hal_tim_ex.c **** 
 5034              		.loc 1 2082 1 view .LVU1460
 5035 005e 5DF8044B 		ldr	r4, [sp], #4
 5036              	.LCFI41:
 5037              		.cfi_remember_state
 5038              		.cfi_restore 4
 5039              		.cfi_def_cfa_offset 0
 5040 0062 7047     		bx	lr
 5041              	.LVL379:
 5042              	.L418:
 5043              	.LCFI42:
 5044              		.cfi_restore_state
ARM GAS  /tmp/ccRvkrha.s 			page 163


2066:Drivers/STM32L4xx_HAL_Driver/Src/stm32l4xx_hal_tim_ex.c ****     assert_param(IS_TIM_BREAK2_POLARITY(sBreakDeadTimeConfig->Break2Polarity));
 5045              		.loc 1 2066 5 is_stmt 1 view .LVU1461
2067:Drivers/STM32L4xx_HAL_Driver/Src/stm32l4xx_hal_tim_ex.c ****     assert_param(IS_TIM_BREAK_FILTER(sBreakDeadTimeConfig->Break2Filter));
 5046              		.loc 1 2067 5 view .LVU1462
2068:Drivers/STM32L4xx_HAL_Driver/Src/stm32l4xx_hal_tim_ex.c **** 
 5047              		.loc 1 2068 5 view .LVU1463
2071:Drivers/STM32L4xx_HAL_Driver/Src/stm32l4xx_hal_tim_ex.c ****     MODIFY_REG(tmpbdtr, TIM_BDTR_BK2E, sBreakDeadTimeConfig->Break2State);
 5048              		.loc 1 2071 5 view .LVU1464
 5049 0064 23F47003 		bic	r3, r3, #15728640
 5050              	.LVL380:
2071:Drivers/STM32L4xx_HAL_Driver/Src/stm32l4xx_hal_tim_ex.c ****     MODIFY_REG(tmpbdtr, TIM_BDTR_BK2E, sBreakDeadTimeConfig->Break2State);
 5051              		.loc 1 2071 5 is_stmt 0 view .LVU1465
 5052 0068 4C6A     		ldr	r4, [r1, #36]
 5053 006a 43EA0453 		orr	r3, r3, r4, lsl #20
 5054              	.LVL381:
2072:Drivers/STM32L4xx_HAL_Driver/Src/stm32l4xx_hal_tim_ex.c ****     MODIFY_REG(tmpbdtr, TIM_BDTR_BK2P, sBreakDeadTimeConfig->Break2Polarity);
 5055              		.loc 1 2072 5 is_stmt 1 view .LVU1466
 5056 006e 23F08073 		bic	r3, r3, #16777216
 5057              	.LVL382:
2072:Drivers/STM32L4xx_HAL_Driver/Src/stm32l4xx_hal_tim_ex.c ****     MODIFY_REG(tmpbdtr, TIM_BDTR_BK2P, sBreakDeadTimeConfig->Break2Polarity);
 5058              		.loc 1 2072 5 is_stmt 0 view .LVU1467
 5059 0072 CC69     		ldr	r4, [r1, #28]
 5060              	.LVL383:
2072:Drivers/STM32L4xx_HAL_Driver/Src/stm32l4xx_hal_tim_ex.c ****     MODIFY_REG(tmpbdtr, TIM_BDTR_BK2P, sBreakDeadTimeConfig->Break2Polarity);
 5061              		.loc 1 2072 5 view .LVU1468
 5062 0074 2343     		orrs	r3, r3, r4
 5063              	.LVL384:
2073:Drivers/STM32L4xx_HAL_Driver/Src/stm32l4xx_hal_tim_ex.c ****   }
 5064              		.loc 1 2073 5 is_stmt 1 view .LVU1469
 5065 0076 23F00073 		bic	r3, r3, #33554432
 5066              	.LVL385:
2073:Drivers/STM32L4xx_HAL_Driver/Src/stm32l4xx_hal_tim_ex.c ****   }
 5067              		.loc 1 2073 5 is_stmt 0 view .LVU1470
 5068 007a 096A     		ldr	r1, [r1, #32]
 5069              	.LVL386:
2073:Drivers/STM32L4xx_HAL_Driver/Src/stm32l4xx_hal_tim_ex.c ****   }
 5070              		.loc 1 2073 5 view .LVU1471
 5071 007c 0B43     		orrs	r3, r3, r1
 5072              	.LVL387:
2073:Drivers/STM32L4xx_HAL_Driver/Src/stm32l4xx_hal_tim_ex.c ****   }
 5073              		.loc 1 2073 5 view .LVU1472
 5074 007e E9E7     		b	.L412
 5075              	.LVL388:
 5076              	.L413:
 5077              	.LCFI43:
 5078              		.cfi_def_cfa_offset 0
 5079              		.cfi_restore 4
2048:Drivers/STM32L4xx_HAL_Driver/Src/stm32l4xx_hal_tim_ex.c **** 
 5080              		.loc 1 2048 3 view .LVU1473
 5081 0080 0220     		movs	r0, #2
 5082              	.LVL389:
2082:Drivers/STM32L4xx_HAL_Driver/Src/stm32l4xx_hal_tim_ex.c **** 
 5083              		.loc 1 2082 1 view .LVU1474
 5084 0082 7047     		bx	lr
 5085              	.L420:
 5086              		.align	2
 5087              	.L419:
ARM GAS  /tmp/ccRvkrha.s 			page 164


 5088 0084 002C0140 		.word	1073818624
 5089              		.cfi_endproc
 5090              	.LFE162:
 5092              		.section	.text.HAL_TIMEx_ConfigBreakInput,"ax",%progbits
 5093              		.align	1
 5094              		.global	HAL_TIMEx_ConfigBreakInput
 5095              		.syntax unified
 5096              		.thumb
 5097              		.thumb_func
 5099              	HAL_TIMEx_ConfigBreakInput:
 5100              	.LVL390:
 5101              	.LFB163:
2097:Drivers/STM32L4xx_HAL_Driver/Src/stm32l4xx_hal_tim_ex.c ****   HAL_StatusTypeDef status = HAL_OK;
 5102              		.loc 1 2097 1 is_stmt 1 view -0
 5103              		.cfi_startproc
 5104              		@ args = 0, pretend = 0, frame = 0
 5105              		@ frame_needed = 0, uses_anonymous_args = 0
2097:Drivers/STM32L4xx_HAL_Driver/Src/stm32l4xx_hal_tim_ex.c ****   HAL_StatusTypeDef status = HAL_OK;
 5106              		.loc 1 2097 1 is_stmt 0 view .LVU1476
 5107 0000 0346     		mov	r3, r0
2098:Drivers/STM32L4xx_HAL_Driver/Src/stm32l4xx_hal_tim_ex.c ****   uint32_t tmporx;
 5108              		.loc 1 2098 3 is_stmt 1 view .LVU1477
 5109              	.LVL391:
2099:Drivers/STM32L4xx_HAL_Driver/Src/stm32l4xx_hal_tim_ex.c ****   uint32_t bkin_enable_mask;
 5110              		.loc 1 2099 3 view .LVU1478
2100:Drivers/STM32L4xx_HAL_Driver/Src/stm32l4xx_hal_tim_ex.c ****   uint32_t bkin_polarity_mask;
 5111              		.loc 1 2100 3 view .LVU1479
2101:Drivers/STM32L4xx_HAL_Driver/Src/stm32l4xx_hal_tim_ex.c ****   uint32_t bkin_enable_bitpos;
 5112              		.loc 1 2101 3 view .LVU1480
2102:Drivers/STM32L4xx_HAL_Driver/Src/stm32l4xx_hal_tim_ex.c ****   uint32_t bkin_polarity_bitpos;
 5113              		.loc 1 2102 3 view .LVU1481
2103:Drivers/STM32L4xx_HAL_Driver/Src/stm32l4xx_hal_tim_ex.c **** 
 5114              		.loc 1 2103 3 view .LVU1482
2106:Drivers/STM32L4xx_HAL_Driver/Src/stm32l4xx_hal_tim_ex.c ****   assert_param(IS_TIM_BREAKINPUT(BreakInput));
 5115              		.loc 1 2106 3 view .LVU1483
2107:Drivers/STM32L4xx_HAL_Driver/Src/stm32l4xx_hal_tim_ex.c ****   assert_param(IS_TIM_BREAKINPUTSOURCE(sBreakInputConfig->Source));
 5116              		.loc 1 2107 3 view .LVU1484
2108:Drivers/STM32L4xx_HAL_Driver/Src/stm32l4xx_hal_tim_ex.c ****   assert_param(IS_TIM_BREAKINPUTSOURCE_STATE(sBreakInputConfig->Enable));
 5117              		.loc 1 2108 3 view .LVU1485
2109:Drivers/STM32L4xx_HAL_Driver/Src/stm32l4xx_hal_tim_ex.c **** #if defined(DFSDM1_Channel0)
 5118              		.loc 1 2109 3 view .LVU1486
2116:Drivers/STM32L4xx_HAL_Driver/Src/stm32l4xx_hal_tim_ex.c **** #endif /* DFSDM1_Channel0 */
 5119              		.loc 1 2116 3 view .LVU1487
2120:Drivers/STM32L4xx_HAL_Driver/Src/stm32l4xx_hal_tim_ex.c **** 
 5120              		.loc 1 2120 3 view .LVU1488
2120:Drivers/STM32L4xx_HAL_Driver/Src/stm32l4xx_hal_tim_ex.c **** 
 5121              		.loc 1 2120 3 view .LVU1489
 5122 0002 90F83C00 		ldrb	r0, [r0, #60]	@ zero_extendqisi2
 5123              	.LVL392:
2120:Drivers/STM32L4xx_HAL_Driver/Src/stm32l4xx_hal_tim_ex.c **** 
 5124              		.loc 1 2120 3 is_stmt 0 view .LVU1490
 5125 0006 0128     		cmp	r0, #1
 5126 0008 50D0     		beq	.L427
2097:Drivers/STM32L4xx_HAL_Driver/Src/stm32l4xx_hal_tim_ex.c ****   HAL_StatusTypeDef status = HAL_OK;
 5127              		.loc 1 2097 1 discriminator 2 view .LVU1491
 5128 000a 70B5     		push	{r4, r5, r6, lr}
 5129              	.LCFI44:
ARM GAS  /tmp/ccRvkrha.s 			page 165


 5130              		.cfi_def_cfa_offset 16
 5131              		.cfi_offset 4, -16
 5132              		.cfi_offset 5, -12
 5133              		.cfi_offset 6, -8
 5134              		.cfi_offset 14, -4
2120:Drivers/STM32L4xx_HAL_Driver/Src/stm32l4xx_hal_tim_ex.c **** 
 5135              		.loc 1 2120 3 is_stmt 1 discriminator 2 view .LVU1492
 5136 000c 0120     		movs	r0, #1
 5137 000e 83F83C00 		strb	r0, [r3, #60]
2120:Drivers/STM32L4xx_HAL_Driver/Src/stm32l4xx_hal_tim_ex.c **** 
 5138              		.loc 1 2120 3 discriminator 2 view .LVU1493
2122:Drivers/STM32L4xx_HAL_Driver/Src/stm32l4xx_hal_tim_ex.c ****   {
 5139              		.loc 1 2122 3 discriminator 2 view .LVU1494
2122:Drivers/STM32L4xx_HAL_Driver/Src/stm32l4xx_hal_tim_ex.c ****   {
 5140              		.loc 1 2122 28 is_stmt 0 discriminator 2 view .LVU1495
 5141 0012 1068     		ldr	r0, [r2]
2122:Drivers/STM32L4xx_HAL_Driver/Src/stm32l4xx_hal_tim_ex.c ****   {
 5142              		.loc 1 2122 3 discriminator 2 view .LVU1496
 5143 0014 0228     		cmp	r0, #2
 5144 0016 17D0     		beq	.L428
2122:Drivers/STM32L4xx_HAL_Driver/Src/stm32l4xx_hal_tim_ex.c ****   {
 5145              		.loc 1 2122 3 view .LVU1497
 5146 0018 0428     		cmp	r0, #4
 5147 001a 1BD0     		beq	.L429
 5148 001c 0128     		cmp	r0, #1
 5149 001e 0DD0     		beq	.L435
2164:Drivers/STM32L4xx_HAL_Driver/Src/stm32l4xx_hal_tim_ex.c ****       break;
 5150              		.loc 1 2164 28 view .LVU1498
 5151 0020 4FF0000C 		mov	ip, #0
2163:Drivers/STM32L4xx_HAL_Driver/Src/stm32l4xx_hal_tim_ex.c ****       bkin_polarity_bitpos = 0U;
 5152              		.loc 1 2163 26 view .LVU1499
 5153 0024 6546     		mov	r5, ip
2162:Drivers/STM32L4xx_HAL_Driver/Src/stm32l4xx_hal_tim_ex.c ****       bkin_enable_bitpos = 0U;
 5154              		.loc 1 2162 26 view .LVU1500
 5155 0026 E646     		mov	lr, ip
2161:Drivers/STM32L4xx_HAL_Driver/Src/stm32l4xx_hal_tim_ex.c ****       bkin_polarity_mask = 0U;
 5156              		.loc 1 2161 24 view .LVU1501
 5157 0028 6046     		mov	r0, ip
 5158              	.L423:
 5159              	.LVL393:
2169:Drivers/STM32L4xx_HAL_Driver/Src/stm32l4xx_hal_tim_ex.c ****   {
 5160              		.loc 1 2169 3 is_stmt 1 view .LVU1502
 5161 002a 0129     		cmp	r1, #1
 5162 002c 18D0     		beq	.L424
 5163 002e 0229     		cmp	r1, #2
 5164 0030 29D0     		beq	.L425
 5165 0032 0120     		movs	r0, #1
 5166              	.LVL394:
 5167              	.L426:
2220:Drivers/STM32L4xx_HAL_Driver/Src/stm32l4xx_hal_tim_ex.c **** 
 5168              		.loc 1 2220 3 view .LVU1503
2220:Drivers/STM32L4xx_HAL_Driver/Src/stm32l4xx_hal_tim_ex.c **** 
 5169              		.loc 1 2220 3 view .LVU1504
 5170 0034 0022     		movs	r2, #0
 5171 0036 83F83C20 		strb	r2, [r3, #60]
2220:Drivers/STM32L4xx_HAL_Driver/Src/stm32l4xx_hal_tim_ex.c **** 
 5172              		.loc 1 2220 3 view .LVU1505
ARM GAS  /tmp/ccRvkrha.s 			page 166


2222:Drivers/STM32L4xx_HAL_Driver/Src/stm32l4xx_hal_tim_ex.c **** }
 5173              		.loc 1 2222 3 view .LVU1506
2223:Drivers/STM32L4xx_HAL_Driver/Src/stm32l4xx_hal_tim_ex.c **** 
 5174              		.loc 1 2223 1 is_stmt 0 view .LVU1507
 5175 003a 70BD     		pop	{r4, r5, r6, pc}
 5176              	.LVL395:
 5177              	.L435:
2122:Drivers/STM32L4xx_HAL_Driver/Src/stm32l4xx_hal_tim_ex.c ****   {
 5178              		.loc 1 2122 3 view .LVU1508
 5179 003c 4FF0090C 		mov	ip, #9
 5180 0040 0025     		movs	r5, #0
 5181 0042 4FF4007E 		mov	lr, #512
 5182 0046 F0E7     		b	.L423
 5183              	.L428:
2137:Drivers/STM32L4xx_HAL_Driver/Src/stm32l4xx_hal_tim_ex.c ****       break;
 5184              		.loc 1 2137 28 view .LVU1509
 5185 0048 4FF00A0C 		mov	ip, #10
2135:Drivers/STM32L4xx_HAL_Driver/Src/stm32l4xx_hal_tim_ex.c ****       bkin_polarity_mask = TIM1_OR2_BKCMP1P;
 5186              		.loc 1 2135 26 view .LVU1510
 5187 004c 0125     		movs	r5, #1
2136:Drivers/STM32L4xx_HAL_Driver/Src/stm32l4xx_hal_tim_ex.c ****       bkin_polarity_bitpos = TIM1_OR2_BKCMP1P_Pos;
 5188              		.loc 1 2136 26 view .LVU1511
 5189 004e 4FF4806E 		mov	lr, #1024
 5190 0052 EAE7     		b	.L423
 5191              	.L429:
2145:Drivers/STM32L4xx_HAL_Driver/Src/stm32l4xx_hal_tim_ex.c ****       break;
 5192              		.loc 1 2145 28 view .LVU1512
 5193 0054 4FF00B0C 		mov	ip, #11
2143:Drivers/STM32L4xx_HAL_Driver/Src/stm32l4xx_hal_tim_ex.c ****       bkin_polarity_mask = TIM1_OR2_BKCMP2P;
 5194              		.loc 1 2143 26 view .LVU1513
 5195 0058 0225     		movs	r5, #2
2144:Drivers/STM32L4xx_HAL_Driver/Src/stm32l4xx_hal_tim_ex.c ****       bkin_polarity_bitpos = TIM1_OR2_BKCMP2P_Pos;
 5196              		.loc 1 2144 26 view .LVU1514
 5197 005a 4FF4006E 		mov	lr, #2048
 5198 005e E4E7     		b	.L423
 5199              	.LVL396:
 5200              	.L424:
2174:Drivers/STM32L4xx_HAL_Driver/Src/stm32l4xx_hal_tim_ex.c **** 
 5201              		.loc 1 2174 7 is_stmt 1 view .LVU1515
2174:Drivers/STM32L4xx_HAL_Driver/Src/stm32l4xx_hal_tim_ex.c **** 
 5202              		.loc 1 2174 20 is_stmt 0 view .LVU1516
 5203 0060 1C68     		ldr	r4, [r3]
2174:Drivers/STM32L4xx_HAL_Driver/Src/stm32l4xx_hal_tim_ex.c **** 
 5204              		.loc 1 2174 14 view .LVU1517
 5205 0062 266E     		ldr	r6, [r4, #96]
 5206              	.LVL397:
2177:Drivers/STM32L4xx_HAL_Driver/Src/stm32l4xx_hal_tim_ex.c ****       tmporx |= (sBreakInputConfig->Enable << bkin_enable_bitpos) & bkin_enable_mask;
 5207              		.loc 1 2177 7 is_stmt 1 view .LVU1518
2178:Drivers/STM32L4xx_HAL_Driver/Src/stm32l4xx_hal_tim_ex.c **** 
 5208              		.loc 1 2178 7 view .LVU1519
2178:Drivers/STM32L4xx_HAL_Driver/Src/stm32l4xx_hal_tim_ex.c **** 
 5209              		.loc 1 2178 35 is_stmt 0 view .LVU1520
 5210 0064 5168     		ldr	r1, [r2, #4]
 5211              	.LVL398:
2178:Drivers/STM32L4xx_HAL_Driver/Src/stm32l4xx_hal_tim_ex.c **** 
 5212              		.loc 1 2178 44 view .LVU1521
 5213 0066 A940     		lsls	r1, r1, r5
ARM GAS  /tmp/ccRvkrha.s 			page 167


 5214 0068 7140     		eors	r1, r1, r6
 5215 006a 0840     		ands	r0, r0, r1
 5216              	.LVL399:
2178:Drivers/STM32L4xx_HAL_Driver/Src/stm32l4xx_hal_tim_ex.c **** 
 5217              		.loc 1 2178 14 view .LVU1522
 5218 006c 7040     		eors	r0, r0, r6
 5219              	.LVL400:
2185:Drivers/STM32L4xx_HAL_Driver/Src/stm32l4xx_hal_tim_ex.c ****         tmporx |= (sBreakInputConfig->Polarity << bkin_polarity_bitpos) & bkin_polarity_mask;
 5220              		.loc 1 2185 9 is_stmt 1 view .LVU1523
2186:Drivers/STM32L4xx_HAL_Driver/Src/stm32l4xx_hal_tim_ex.c ****       }
 5221              		.loc 1 2186 9 view .LVU1524
2186:Drivers/STM32L4xx_HAL_Driver/Src/stm32l4xx_hal_tim_ex.c ****       }
 5222              		.loc 1 2186 37 is_stmt 0 view .LVU1525
 5223 006e 9268     		ldr	r2, [r2, #8]
 5224              	.LVL401:
2186:Drivers/STM32L4xx_HAL_Driver/Src/stm32l4xx_hal_tim_ex.c ****       }
 5225              		.loc 1 2186 48 view .LVU1526
 5226 0070 02FA0CFC 		lsl	ip, r2, ip
 5227              	.LVL402:
2186:Drivers/STM32L4xx_HAL_Driver/Src/stm32l4xx_hal_tim_ex.c ****       }
 5228              		.loc 1 2186 48 view .LVU1527
 5229 0074 8CEA000C 		eor	ip, ip, r0
 5230 0078 0CEA0E0E 		and	lr, ip, lr
 5231              	.LVL403:
2186:Drivers/STM32L4xx_HAL_Driver/Src/stm32l4xx_hal_tim_ex.c ****       }
 5232              		.loc 1 2186 16 view .LVU1528
 5233 007c 8EEA0000 		eor	r0, lr, r0
 5234              	.LVL404:
2190:Drivers/STM32L4xx_HAL_Driver/Src/stm32l4xx_hal_tim_ex.c ****       break;
 5235              		.loc 1 2190 7 is_stmt 1 view .LVU1529
2190:Drivers/STM32L4xx_HAL_Driver/Src/stm32l4xx_hal_tim_ex.c ****       break;
 5236              		.loc 1 2190 27 is_stmt 0 view .LVU1530
 5237 0080 2066     		str	r0, [r4, #96]
2191:Drivers/STM32L4xx_HAL_Driver/Src/stm32l4xx_hal_tim_ex.c ****     }
 5238              		.loc 1 2191 7 is_stmt 1 view .LVU1531
2098:Drivers/STM32L4xx_HAL_Driver/Src/stm32l4xx_hal_tim_ex.c ****   uint32_t tmporx;
 5239              		.loc 1 2098 21 is_stmt 0 view .LVU1532
 5240 0082 0020     		movs	r0, #0
 5241              	.LVL405:
2191:Drivers/STM32L4xx_HAL_Driver/Src/stm32l4xx_hal_tim_ex.c ****     }
 5242              		.loc 1 2191 7 view .LVU1533
 5243 0084 D6E7     		b	.L426
 5244              	.LVL406:
 5245              	.L425:
2196:Drivers/STM32L4xx_HAL_Driver/Src/stm32l4xx_hal_tim_ex.c **** 
 5246              		.loc 1 2196 7 is_stmt 1 view .LVU1534
2196:Drivers/STM32L4xx_HAL_Driver/Src/stm32l4xx_hal_tim_ex.c **** 
 5247              		.loc 1 2196 20 is_stmt 0 view .LVU1535
 5248 0086 1C68     		ldr	r4, [r3]
2196:Drivers/STM32L4xx_HAL_Driver/Src/stm32l4xx_hal_tim_ex.c **** 
 5249              		.loc 1 2196 14 view .LVU1536
 5250 0088 666E     		ldr	r6, [r4, #100]
 5251              	.LVL407:
2199:Drivers/STM32L4xx_HAL_Driver/Src/stm32l4xx_hal_tim_ex.c ****       tmporx |= (sBreakInputConfig->Enable << bkin_enable_bitpos) & bkin_enable_mask;
 5252              		.loc 1 2199 7 is_stmt 1 view .LVU1537
2200:Drivers/STM32L4xx_HAL_Driver/Src/stm32l4xx_hal_tim_ex.c **** 
 5253              		.loc 1 2200 7 view .LVU1538
ARM GAS  /tmp/ccRvkrha.s 			page 168


2200:Drivers/STM32L4xx_HAL_Driver/Src/stm32l4xx_hal_tim_ex.c **** 
 5254              		.loc 1 2200 35 is_stmt 0 view .LVU1539
 5255 008a 5168     		ldr	r1, [r2, #4]
 5256              	.LVL408:
2200:Drivers/STM32L4xx_HAL_Driver/Src/stm32l4xx_hal_tim_ex.c **** 
 5257              		.loc 1 2200 44 view .LVU1540
 5258 008c A940     		lsls	r1, r1, r5
 5259 008e 7140     		eors	r1, r1, r6
 5260 0090 0840     		ands	r0, r0, r1
 5261              	.LVL409:
2200:Drivers/STM32L4xx_HAL_Driver/Src/stm32l4xx_hal_tim_ex.c **** 
 5262              		.loc 1 2200 14 view .LVU1541
 5263 0092 7040     		eors	r0, r0, r6
 5264              	.LVL410:
2207:Drivers/STM32L4xx_HAL_Driver/Src/stm32l4xx_hal_tim_ex.c ****         tmporx |= (sBreakInputConfig->Polarity << bkin_polarity_bitpos) & bkin_polarity_mask;
 5265              		.loc 1 2207 9 is_stmt 1 view .LVU1542
2208:Drivers/STM32L4xx_HAL_Driver/Src/stm32l4xx_hal_tim_ex.c ****       }
 5266              		.loc 1 2208 9 view .LVU1543
2208:Drivers/STM32L4xx_HAL_Driver/Src/stm32l4xx_hal_tim_ex.c ****       }
 5267              		.loc 1 2208 37 is_stmt 0 view .LVU1544
 5268 0094 9268     		ldr	r2, [r2, #8]
 5269              	.LVL411:
2208:Drivers/STM32L4xx_HAL_Driver/Src/stm32l4xx_hal_tim_ex.c ****       }
 5270              		.loc 1 2208 48 view .LVU1545
 5271 0096 02FA0CFC 		lsl	ip, r2, ip
 5272              	.LVL412:
2208:Drivers/STM32L4xx_HAL_Driver/Src/stm32l4xx_hal_tim_ex.c ****       }
 5273              		.loc 1 2208 48 view .LVU1546
 5274 009a 8CEA000C 		eor	ip, ip, r0
 5275 009e 0CEA0E0E 		and	lr, ip, lr
 5276              	.LVL413:
2208:Drivers/STM32L4xx_HAL_Driver/Src/stm32l4xx_hal_tim_ex.c ****       }
 5277              		.loc 1 2208 16 view .LVU1547
 5278 00a2 8EEA0000 		eor	r0, lr, r0
 5279              	.LVL414:
2212:Drivers/STM32L4xx_HAL_Driver/Src/stm32l4xx_hal_tim_ex.c ****       break;
 5280              		.loc 1 2212 7 is_stmt 1 view .LVU1548
2212:Drivers/STM32L4xx_HAL_Driver/Src/stm32l4xx_hal_tim_ex.c ****       break;
 5281              		.loc 1 2212 27 is_stmt 0 view .LVU1549
 5282 00a6 6066     		str	r0, [r4, #100]
2213:Drivers/STM32L4xx_HAL_Driver/Src/stm32l4xx_hal_tim_ex.c ****     }
 5283              		.loc 1 2213 7 is_stmt 1 view .LVU1550
2098:Drivers/STM32L4xx_HAL_Driver/Src/stm32l4xx_hal_tim_ex.c ****   uint32_t tmporx;
 5284              		.loc 1 2098 21 is_stmt 0 view .LVU1551
 5285 00a8 0020     		movs	r0, #0
 5286              	.LVL415:
2213:Drivers/STM32L4xx_HAL_Driver/Src/stm32l4xx_hal_tim_ex.c ****     }
 5287              		.loc 1 2213 7 view .LVU1552
 5288 00aa C3E7     		b	.L426
 5289              	.LVL416:
 5290              	.L427:
 5291              	.LCFI45:
 5292              		.cfi_def_cfa_offset 0
 5293              		.cfi_restore 4
 5294              		.cfi_restore 5
 5295              		.cfi_restore 6
 5296              		.cfi_restore 14
ARM GAS  /tmp/ccRvkrha.s 			page 169


2120:Drivers/STM32L4xx_HAL_Driver/Src/stm32l4xx_hal_tim_ex.c **** 
 5297              		.loc 1 2120 3 view .LVU1553
 5298 00ac 0220     		movs	r0, #2
2223:Drivers/STM32L4xx_HAL_Driver/Src/stm32l4xx_hal_tim_ex.c **** 
 5299              		.loc 1 2223 1 view .LVU1554
 5300 00ae 7047     		bx	lr
 5301              		.cfi_endproc
 5302              	.LFE163:
 5304              		.section	.text.HAL_TIMEx_RemapConfig,"ax",%progbits
 5305              		.align	1
 5306              		.global	HAL_TIMEx_RemapConfig
 5307              		.syntax unified
 5308              		.thumb
 5309              		.thumb_func
 5311              	HAL_TIMEx_RemapConfig:
 5312              	.LVL417:
 5313              	.LFB164:
2448:Drivers/STM32L4xx_HAL_Driver/Src/stm32l4xx_hal_tim_ex.c ****   uint32_t tmpor1;
 5314              		.loc 1 2448 1 is_stmt 1 view -0
 5315              		.cfi_startproc
 5316              		@ args = 0, pretend = 0, frame = 0
 5317              		@ frame_needed = 0, uses_anonymous_args = 0
 5318              		@ link register save eliminated.
2449:Drivers/STM32L4xx_HAL_Driver/Src/stm32l4xx_hal_tim_ex.c ****   uint32_t tmpor2;
 5319              		.loc 1 2449 3 view .LVU1556
2450:Drivers/STM32L4xx_HAL_Driver/Src/stm32l4xx_hal_tim_ex.c **** 
 5320              		.loc 1 2450 3 view .LVU1557
2453:Drivers/STM32L4xx_HAL_Driver/Src/stm32l4xx_hal_tim_ex.c ****   assert_param(IS_TIM_REMAP(Remap));
 5321              		.loc 1 2453 3 view .LVU1558
2454:Drivers/STM32L4xx_HAL_Driver/Src/stm32l4xx_hal_tim_ex.c **** 
 5322              		.loc 1 2454 3 view .LVU1559
2456:Drivers/STM32L4xx_HAL_Driver/Src/stm32l4xx_hal_tim_ex.c **** 
 5323              		.loc 1 2456 3 view .LVU1560
2456:Drivers/STM32L4xx_HAL_Driver/Src/stm32l4xx_hal_tim_ex.c **** 
 5324              		.loc 1 2456 3 view .LVU1561
 5325 0000 90F83C30 		ldrb	r3, [r0, #60]	@ zero_extendqisi2
 5326 0004 012B     		cmp	r3, #1
 5327 0006 1AD0     		beq	.L440
2456:Drivers/STM32L4xx_HAL_Driver/Src/stm32l4xx_hal_tim_ex.c **** 
 5328              		.loc 1 2456 3 discriminator 2 view .LVU1562
 5329 0008 0123     		movs	r3, #1
 5330 000a 80F83C30 		strb	r3, [r0, #60]
2456:Drivers/STM32L4xx_HAL_Driver/Src/stm32l4xx_hal_tim_ex.c **** 
 5331              		.loc 1 2456 3 discriminator 2 view .LVU1563
2459:Drivers/STM32L4xx_HAL_Driver/Src/stm32l4xx_hal_tim_ex.c ****   {
 5332              		.loc 1 2459 3 discriminator 2 view .LVU1564
2459:Drivers/STM32L4xx_HAL_Driver/Src/stm32l4xx_hal_tim_ex.c ****   {
 5333              		.loc 1 2459 7 is_stmt 0 discriminator 2 view .LVU1565
 5334 000e 0368     		ldr	r3, [r0]
2459:Drivers/STM32L4xx_HAL_Driver/Src/stm32l4xx_hal_tim_ex.c ****   {
 5335              		.loc 1 2459 6 discriminator 2 view .LVU1566
 5336 0010 0C4A     		ldr	r2, .L441
 5337 0012 9342     		cmp	r3, r2
 5338 0014 02D0     		beq	.L438
2459:Drivers/STM32L4xx_HAL_Driver/Src/stm32l4xx_hal_tim_ex.c ****   {
 5339              		.loc 1 2459 7 discriminator 1 view .LVU1567
 5340 0016 B3F1804F 		cmp	r3, #1073741824
ARM GAS  /tmp/ccRvkrha.s 			page 170


 5341 001a 07D1     		bne	.L439
 5342              	.L438:
2461:Drivers/STM32L4xx_HAL_Driver/Src/stm32l4xx_hal_tim_ex.c ****     tmpor2 &= ~TIM1_OR2_ETRSEL_Msk;
 5343              		.loc 1 2461 5 is_stmt 1 view .LVU1568
2461:Drivers/STM32L4xx_HAL_Driver/Src/stm32l4xx_hal_tim_ex.c ****     tmpor2 &= ~TIM1_OR2_ETRSEL_Msk;
 5344              		.loc 1 2461 12 is_stmt 0 view .LVU1569
 5345 001c 1A6E     		ldr	r2, [r3, #96]
 5346              	.LVL418:
2462:Drivers/STM32L4xx_HAL_Driver/Src/stm32l4xx_hal_tim_ex.c ****     tmpor2 |= (Remap & TIM1_OR2_ETRSEL_Msk);
 5347              		.loc 1 2462 5 is_stmt 1 view .LVU1570
2462:Drivers/STM32L4xx_HAL_Driver/Src/stm32l4xx_hal_tim_ex.c ****     tmpor2 |= (Remap & TIM1_OR2_ETRSEL_Msk);
 5348              		.loc 1 2462 12 is_stmt 0 view .LVU1571
 5349 001e 22F4E03C 		bic	ip, r2, #114688
 5350              	.LVL419:
2463:Drivers/STM32L4xx_HAL_Driver/Src/stm32l4xx_hal_tim_ex.c **** 
 5351              		.loc 1 2463 5 is_stmt 1 view .LVU1572
2463:Drivers/STM32L4xx_HAL_Driver/Src/stm32l4xx_hal_tim_ex.c **** 
 5352              		.loc 1 2463 22 is_stmt 0 view .LVU1573
 5353 0022 01F4E032 		and	r2, r1, #114688
2463:Drivers/STM32L4xx_HAL_Driver/Src/stm32l4xx_hal_tim_ex.c **** 
 5354              		.loc 1 2463 12 view .LVU1574
 5355 0026 42EA0C02 		orr	r2, r2, ip
 5356              	.LVL420:
2466:Drivers/STM32L4xx_HAL_Driver/Src/stm32l4xx_hal_tim_ex.c ****   }
 5357              		.loc 1 2466 5 is_stmt 1 view .LVU1575
2466:Drivers/STM32L4xx_HAL_Driver/Src/stm32l4xx_hal_tim_ex.c ****   }
 5358              		.loc 1 2466 25 is_stmt 0 view .LVU1576
 5359 002a 1A66     		str	r2, [r3, #96]
 5360              	.LVL421:
 5361              	.L439:
2470:Drivers/STM32L4xx_HAL_Driver/Src/stm32l4xx_hal_tim_ex.c ****   tmpor1 &= ~TIM1_OR2_ETRSEL_Msk;
 5362              		.loc 1 2470 3 is_stmt 1 view .LVU1577
2471:Drivers/STM32L4xx_HAL_Driver/Src/stm32l4xx_hal_tim_ex.c **** 
 5363              		.loc 1 2471 3 view .LVU1578
2471:Drivers/STM32L4xx_HAL_Driver/Src/stm32l4xx_hal_tim_ex.c **** 
 5364              		.loc 1 2471 10 is_stmt 0 view .LVU1579
 5365 002c 21F4E031 		bic	r1, r1, #114688
 5366              	.LVL422:
2474:Drivers/STM32L4xx_HAL_Driver/Src/stm32l4xx_hal_tim_ex.c **** 
 5367              		.loc 1 2474 3 is_stmt 1 view .LVU1580
2474:Drivers/STM32L4xx_HAL_Driver/Src/stm32l4xx_hal_tim_ex.c **** 
 5368              		.loc 1 2474 7 is_stmt 0 view .LVU1581
 5369 0030 0368     		ldr	r3, [r0]
2474:Drivers/STM32L4xx_HAL_Driver/Src/stm32l4xx_hal_tim_ex.c **** 
 5370              		.loc 1 2474 23 view .LVU1582
 5371 0032 1965     		str	r1, [r3, #80]
2476:Drivers/STM32L4xx_HAL_Driver/Src/stm32l4xx_hal_tim_ex.c **** 
 5372              		.loc 1 2476 3 is_stmt 1 view .LVU1583
2476:Drivers/STM32L4xx_HAL_Driver/Src/stm32l4xx_hal_tim_ex.c **** 
 5373              		.loc 1 2476 3 view .LVU1584
 5374 0034 0023     		movs	r3, #0
 5375 0036 80F83C30 		strb	r3, [r0, #60]
2476:Drivers/STM32L4xx_HAL_Driver/Src/stm32l4xx_hal_tim_ex.c **** 
 5376              		.loc 1 2476 3 view .LVU1585
2478:Drivers/STM32L4xx_HAL_Driver/Src/stm32l4xx_hal_tim_ex.c **** }
 5377              		.loc 1 2478 3 view .LVU1586
2478:Drivers/STM32L4xx_HAL_Driver/Src/stm32l4xx_hal_tim_ex.c **** }
ARM GAS  /tmp/ccRvkrha.s 			page 171


 5378              		.loc 1 2478 10 is_stmt 0 view .LVU1587
 5379 003a 1846     		mov	r0, r3
 5380              	.LVL423:
2478:Drivers/STM32L4xx_HAL_Driver/Src/stm32l4xx_hal_tim_ex.c **** }
 5381              		.loc 1 2478 10 view .LVU1588
 5382 003c 7047     		bx	lr
 5383              	.LVL424:
 5384              	.L440:
2456:Drivers/STM32L4xx_HAL_Driver/Src/stm32l4xx_hal_tim_ex.c **** 
 5385              		.loc 1 2456 3 view .LVU1589
 5386 003e 0220     		movs	r0, #2
 5387              	.LVL425:
2479:Drivers/STM32L4xx_HAL_Driver/Src/stm32l4xx_hal_tim_ex.c **** 
 5388              		.loc 1 2479 1 view .LVU1590
 5389 0040 7047     		bx	lr
 5390              	.L442:
 5391 0042 00BF     		.align	2
 5392              	.L441:
 5393 0044 002C0140 		.word	1073818624
 5394              		.cfi_endproc
 5395              	.LFE164:
 5397              		.section	.text.HAL_TIMEx_GroupChannel5,"ax",%progbits
 5398              		.align	1
 5399              		.global	HAL_TIMEx_GroupChannel5
 5400              		.syntax unified
 5401              		.thumb
 5402              		.thumb_func
 5404              	HAL_TIMEx_GroupChannel5:
 5405              	.LVL426:
 5406              	.LFB165:
2493:Drivers/STM32L4xx_HAL_Driver/Src/stm32l4xx_hal_tim_ex.c ****   /* Check parameters */
 5407              		.loc 1 2493 1 is_stmt 1 view -0
 5408              		.cfi_startproc
 5409              		@ args = 0, pretend = 0, frame = 0
 5410              		@ frame_needed = 0, uses_anonymous_args = 0
 5411              		@ link register save eliminated.
2495:Drivers/STM32L4xx_HAL_Driver/Src/stm32l4xx_hal_tim_ex.c ****   assert_param(IS_TIM_GROUPCH5(Channels));
 5412              		.loc 1 2495 3 view .LVU1592
2496:Drivers/STM32L4xx_HAL_Driver/Src/stm32l4xx_hal_tim_ex.c **** 
 5413              		.loc 1 2496 3 view .LVU1593
2499:Drivers/STM32L4xx_HAL_Driver/Src/stm32l4xx_hal_tim_ex.c **** 
 5414              		.loc 1 2499 3 view .LVU1594
2499:Drivers/STM32L4xx_HAL_Driver/Src/stm32l4xx_hal_tim_ex.c **** 
 5415              		.loc 1 2499 3 view .LVU1595
 5416 0000 90F83C30 		ldrb	r3, [r0, #60]	@ zero_extendqisi2
 5417 0004 012B     		cmp	r3, #1
 5418 0006 18D0     		beq	.L445
2493:Drivers/STM32L4xx_HAL_Driver/Src/stm32l4xx_hal_tim_ex.c ****   /* Check parameters */
 5419              		.loc 1 2493 1 is_stmt 0 discriminator 2 view .LVU1596
 5420 0008 10B4     		push	{r4}
 5421              	.LCFI46:
 5422              		.cfi_def_cfa_offset 4
 5423              		.cfi_offset 4, -4
2499:Drivers/STM32L4xx_HAL_Driver/Src/stm32l4xx_hal_tim_ex.c **** 
 5424              		.loc 1 2499 3 is_stmt 1 discriminator 2 view .LVU1597
 5425 000a 0122     		movs	r2, #1
 5426 000c 80F83C20 		strb	r2, [r0, #60]
ARM GAS  /tmp/ccRvkrha.s 			page 172


2499:Drivers/STM32L4xx_HAL_Driver/Src/stm32l4xx_hal_tim_ex.c **** 
 5427              		.loc 1 2499 3 discriminator 2 view .LVU1598
2501:Drivers/STM32L4xx_HAL_Driver/Src/stm32l4xx_hal_tim_ex.c **** 
 5428              		.loc 1 2501 3 discriminator 2 view .LVU1599
2501:Drivers/STM32L4xx_HAL_Driver/Src/stm32l4xx_hal_tim_ex.c **** 
 5429              		.loc 1 2501 15 is_stmt 0 discriminator 2 view .LVU1600
 5430 0010 0223     		movs	r3, #2
 5431 0012 80F83D30 		strb	r3, [r0, #61]
2504:Drivers/STM32L4xx_HAL_Driver/Src/stm32l4xx_hal_tim_ex.c **** 
 5432              		.loc 1 2504 3 is_stmt 1 discriminator 2 view .LVU1601
2504:Drivers/STM32L4xx_HAL_Driver/Src/stm32l4xx_hal_tim_ex.c **** 
 5433              		.loc 1 2504 7 is_stmt 0 discriminator 2 view .LVU1602
 5434 0016 0468     		ldr	r4, [r0]
2504:Drivers/STM32L4xx_HAL_Driver/Src/stm32l4xx_hal_tim_ex.c **** 
 5435              		.loc 1 2504 24 discriminator 2 view .LVU1603
 5436 0018 A36D     		ldr	r3, [r4, #88]
 5437 001a 23F06043 		bic	r3, r3, #-536870912
 5438 001e A365     		str	r3, [r4, #88]
2507:Drivers/STM32L4xx_HAL_Driver/Src/stm32l4xx_hal_tim_ex.c **** 
 5439              		.loc 1 2507 3 is_stmt 1 discriminator 2 view .LVU1604
2507:Drivers/STM32L4xx_HAL_Driver/Src/stm32l4xx_hal_tim_ex.c **** 
 5440              		.loc 1 2507 7 is_stmt 0 discriminator 2 view .LVU1605
 5441 0020 0468     		ldr	r4, [r0]
2507:Drivers/STM32L4xx_HAL_Driver/Src/stm32l4xx_hal_tim_ex.c **** 
 5442              		.loc 1 2507 24 discriminator 2 view .LVU1606
 5443 0022 A36D     		ldr	r3, [r4, #88]
 5444 0024 1943     		orrs	r1, r1, r3
 5445              	.LVL427:
2507:Drivers/STM32L4xx_HAL_Driver/Src/stm32l4xx_hal_tim_ex.c **** 
 5446              		.loc 1 2507 24 discriminator 2 view .LVU1607
 5447 0026 A165     		str	r1, [r4, #88]
2510:Drivers/STM32L4xx_HAL_Driver/Src/stm32l4xx_hal_tim_ex.c **** 
 5448              		.loc 1 2510 3 is_stmt 1 discriminator 2 view .LVU1608
2510:Drivers/STM32L4xx_HAL_Driver/Src/stm32l4xx_hal_tim_ex.c **** 
 5449              		.loc 1 2510 15 is_stmt 0 discriminator 2 view .LVU1609
 5450 0028 80F83D20 		strb	r2, [r0, #61]
2512:Drivers/STM32L4xx_HAL_Driver/Src/stm32l4xx_hal_tim_ex.c **** 
 5451              		.loc 1 2512 3 is_stmt 1 discriminator 2 view .LVU1610
2512:Drivers/STM32L4xx_HAL_Driver/Src/stm32l4xx_hal_tim_ex.c **** 
 5452              		.loc 1 2512 3 discriminator 2 view .LVU1611
 5453 002c 0023     		movs	r3, #0
 5454 002e 80F83C30 		strb	r3, [r0, #60]
2512:Drivers/STM32L4xx_HAL_Driver/Src/stm32l4xx_hal_tim_ex.c **** 
 5455              		.loc 1 2512 3 discriminator 2 view .LVU1612
2514:Drivers/STM32L4xx_HAL_Driver/Src/stm32l4xx_hal_tim_ex.c **** }
 5456              		.loc 1 2514 3 discriminator 2 view .LVU1613
2514:Drivers/STM32L4xx_HAL_Driver/Src/stm32l4xx_hal_tim_ex.c **** }
 5457              		.loc 1 2514 10 is_stmt 0 discriminator 2 view .LVU1614
 5458 0032 1846     		mov	r0, r3
 5459              	.LVL428:
2515:Drivers/STM32L4xx_HAL_Driver/Src/stm32l4xx_hal_tim_ex.c **** 
 5460              		.loc 1 2515 1 discriminator 2 view .LVU1615
 5461 0034 5DF8044B 		ldr	r4, [sp], #4
 5462              	.LCFI47:
 5463              		.cfi_restore 4
 5464              		.cfi_def_cfa_offset 0
 5465 0038 7047     		bx	lr
ARM GAS  /tmp/ccRvkrha.s 			page 173


 5466              	.LVL429:
 5467              	.L445:
2499:Drivers/STM32L4xx_HAL_Driver/Src/stm32l4xx_hal_tim_ex.c **** 
 5468              		.loc 1 2499 3 view .LVU1616
 5469 003a 0220     		movs	r0, #2
 5470              	.LVL430:
2515:Drivers/STM32L4xx_HAL_Driver/Src/stm32l4xx_hal_tim_ex.c **** 
 5471              		.loc 1 2515 1 view .LVU1617
 5472 003c 7047     		bx	lr
 5473              		.cfi_endproc
 5474              	.LFE165:
 5476              		.section	.text.HAL_TIMEx_CommutCallback,"ax",%progbits
 5477              		.align	1
 5478              		.weak	HAL_TIMEx_CommutCallback
 5479              		.syntax unified
 5480              		.thumb
 5481              		.thumb_func
 5483              	HAL_TIMEx_CommutCallback:
 5484              	.LVL431:
 5485              	.LFB166:
2543:Drivers/STM32L4xx_HAL_Driver/Src/stm32l4xx_hal_tim_ex.c ****   /* Prevent unused argument(s) compilation warning */
 5486              		.loc 1 2543 1 is_stmt 1 view -0
 5487              		.cfi_startproc
 5488              		@ args = 0, pretend = 0, frame = 0
 5489              		@ frame_needed = 0, uses_anonymous_args = 0
 5490              		@ link register save eliminated.
2545:Drivers/STM32L4xx_HAL_Driver/Src/stm32l4xx_hal_tim_ex.c **** 
 5491              		.loc 1 2545 3 view .LVU1619
2550:Drivers/STM32L4xx_HAL_Driver/Src/stm32l4xx_hal_tim_ex.c **** /**
 5492              		.loc 1 2550 1 is_stmt 0 view .LVU1620
 5493 0000 7047     		bx	lr
 5494              		.cfi_endproc
 5495              	.LFE166:
 5497              		.section	.text.TIMEx_DMACommutationCplt,"ax",%progbits
 5498              		.align	1
 5499              		.global	TIMEx_DMACommutationCplt
 5500              		.syntax unified
 5501              		.thumb
 5502              		.thumb_func
 5504              	TIMEx_DMACommutationCplt:
 5505              	.LVL432:
 5506              	.LFB172:
2664:Drivers/STM32L4xx_HAL_Driver/Src/stm32l4xx_hal_tim_ex.c ****   TIM_HandleTypeDef *htim = (TIM_HandleTypeDef *)((DMA_HandleTypeDef *)hdma)->Parent;
 5507              		.loc 1 2664 1 is_stmt 1 view -0
 5508              		.cfi_startproc
 5509              		@ args = 0, pretend = 0, frame = 0
 5510              		@ frame_needed = 0, uses_anonymous_args = 0
2664:Drivers/STM32L4xx_HAL_Driver/Src/stm32l4xx_hal_tim_ex.c ****   TIM_HandleTypeDef *htim = (TIM_HandleTypeDef *)((DMA_HandleTypeDef *)hdma)->Parent;
 5511              		.loc 1 2664 1 is_stmt 0 view .LVU1622
 5512 0000 08B5     		push	{r3, lr}
 5513              	.LCFI48:
 5514              		.cfi_def_cfa_offset 8
 5515              		.cfi_offset 3, -8
 5516              		.cfi_offset 14, -4
2665:Drivers/STM32L4xx_HAL_Driver/Src/stm32l4xx_hal_tim_ex.c **** 
 5517              		.loc 1 2665 3 is_stmt 1 view .LVU1623
2665:Drivers/STM32L4xx_HAL_Driver/Src/stm32l4xx_hal_tim_ex.c **** 
ARM GAS  /tmp/ccRvkrha.s 			page 174


 5518              		.loc 1 2665 22 is_stmt 0 view .LVU1624
 5519 0002 806A     		ldr	r0, [r0, #40]
 5520              	.LVL433:
2668:Drivers/STM32L4xx_HAL_Driver/Src/stm32l4xx_hal_tim_ex.c **** 
 5521              		.loc 1 2668 3 is_stmt 1 view .LVU1625
2668:Drivers/STM32L4xx_HAL_Driver/Src/stm32l4xx_hal_tim_ex.c **** 
 5522              		.loc 1 2668 15 is_stmt 0 view .LVU1626
 5523 0004 0123     		movs	r3, #1
 5524 0006 80F83D30 		strb	r3, [r0, #61]
2673:Drivers/STM32L4xx_HAL_Driver/Src/stm32l4xx_hal_tim_ex.c **** #endif /* USE_HAL_TIM_REGISTER_CALLBACKS */
 5525              		.loc 1 2673 3 is_stmt 1 view .LVU1627
 5526 000a FFF7FEFF 		bl	HAL_TIMEx_CommutCallback
 5527              	.LVL434:
2675:Drivers/STM32L4xx_HAL_Driver/Src/stm32l4xx_hal_tim_ex.c **** 
 5528              		.loc 1 2675 1 is_stmt 0 view .LVU1628
 5529 000e 08BD     		pop	{r3, pc}
 5530              		.cfi_endproc
 5531              	.LFE172:
 5533              		.section	.text.HAL_TIMEx_CommutHalfCpltCallback,"ax",%progbits
 5534              		.align	1
 5535              		.weak	HAL_TIMEx_CommutHalfCpltCallback
 5536              		.syntax unified
 5537              		.thumb
 5538              		.thumb_func
 5540              	HAL_TIMEx_CommutHalfCpltCallback:
 5541              	.LVL435:
 5542              	.LFB167:
2557:Drivers/STM32L4xx_HAL_Driver/Src/stm32l4xx_hal_tim_ex.c ****   /* Prevent unused argument(s) compilation warning */
 5543              		.loc 1 2557 1 is_stmt 1 view -0
 5544              		.cfi_startproc
 5545              		@ args = 0, pretend = 0, frame = 0
 5546              		@ frame_needed = 0, uses_anonymous_args = 0
 5547              		@ link register save eliminated.
2559:Drivers/STM32L4xx_HAL_Driver/Src/stm32l4xx_hal_tim_ex.c **** 
 5548              		.loc 1 2559 3 view .LVU1630
2564:Drivers/STM32L4xx_HAL_Driver/Src/stm32l4xx_hal_tim_ex.c **** 
 5549              		.loc 1 2564 1 is_stmt 0 view .LVU1631
 5550 0000 7047     		bx	lr
 5551              		.cfi_endproc
 5552              	.LFE167:
 5554              		.section	.text.TIMEx_DMACommutationHalfCplt,"ax",%progbits
 5555              		.align	1
 5556              		.global	TIMEx_DMACommutationHalfCplt
 5557              		.syntax unified
 5558              		.thumb
 5559              		.thumb_func
 5561              	TIMEx_DMACommutationHalfCplt:
 5562              	.LVL436:
 5563              	.LFB173:
2683:Drivers/STM32L4xx_HAL_Driver/Src/stm32l4xx_hal_tim_ex.c ****   TIM_HandleTypeDef *htim = (TIM_HandleTypeDef *)((DMA_HandleTypeDef *)hdma)->Parent;
 5564              		.loc 1 2683 1 is_stmt 1 view -0
 5565              		.cfi_startproc
 5566              		@ args = 0, pretend = 0, frame = 0
 5567              		@ frame_needed = 0, uses_anonymous_args = 0
2683:Drivers/STM32L4xx_HAL_Driver/Src/stm32l4xx_hal_tim_ex.c ****   TIM_HandleTypeDef *htim = (TIM_HandleTypeDef *)((DMA_HandleTypeDef *)hdma)->Parent;
 5568              		.loc 1 2683 1 is_stmt 0 view .LVU1633
 5569 0000 08B5     		push	{r3, lr}
ARM GAS  /tmp/ccRvkrha.s 			page 175


 5570              	.LCFI49:
 5571              		.cfi_def_cfa_offset 8
 5572              		.cfi_offset 3, -8
 5573              		.cfi_offset 14, -4
2684:Drivers/STM32L4xx_HAL_Driver/Src/stm32l4xx_hal_tim_ex.c **** 
 5574              		.loc 1 2684 3 is_stmt 1 view .LVU1634
2684:Drivers/STM32L4xx_HAL_Driver/Src/stm32l4xx_hal_tim_ex.c **** 
 5575              		.loc 1 2684 22 is_stmt 0 view .LVU1635
 5576 0002 806A     		ldr	r0, [r0, #40]
 5577              	.LVL437:
2687:Drivers/STM32L4xx_HAL_Driver/Src/stm32l4xx_hal_tim_ex.c **** 
 5578              		.loc 1 2687 3 is_stmt 1 view .LVU1636
2687:Drivers/STM32L4xx_HAL_Driver/Src/stm32l4xx_hal_tim_ex.c **** 
 5579              		.loc 1 2687 15 is_stmt 0 view .LVU1637
 5580 0004 0123     		movs	r3, #1
 5581 0006 80F83D30 		strb	r3, [r0, #61]
2692:Drivers/STM32L4xx_HAL_Driver/Src/stm32l4xx_hal_tim_ex.c **** #endif /* USE_HAL_TIM_REGISTER_CALLBACKS */
 5582              		.loc 1 2692 3 is_stmt 1 view .LVU1638
 5583 000a FFF7FEFF 		bl	HAL_TIMEx_CommutHalfCpltCallback
 5584              	.LVL438:
2694:Drivers/STM32L4xx_HAL_Driver/Src/stm32l4xx_hal_tim_ex.c **** 
 5585              		.loc 1 2694 1 is_stmt 0 view .LVU1639
 5586 000e 08BD     		pop	{r3, pc}
 5587              		.cfi_endproc
 5588              	.LFE173:
 5590              		.section	.text.HAL_TIMEx_BreakCallback,"ax",%progbits
 5591              		.align	1
 5592              		.weak	HAL_TIMEx_BreakCallback
 5593              		.syntax unified
 5594              		.thumb
 5595              		.thumb_func
 5597              	HAL_TIMEx_BreakCallback:
 5598              	.LVL439:
 5599              	.LFB168:
2572:Drivers/STM32L4xx_HAL_Driver/Src/stm32l4xx_hal_tim_ex.c ****   /* Prevent unused argument(s) compilation warning */
 5600              		.loc 1 2572 1 is_stmt 1 view -0
 5601              		.cfi_startproc
 5602              		@ args = 0, pretend = 0, frame = 0
 5603              		@ frame_needed = 0, uses_anonymous_args = 0
 5604              		@ link register save eliminated.
2574:Drivers/STM32L4xx_HAL_Driver/Src/stm32l4xx_hal_tim_ex.c **** 
 5605              		.loc 1 2574 3 view .LVU1641
2579:Drivers/STM32L4xx_HAL_Driver/Src/stm32l4xx_hal_tim_ex.c **** 
 5606              		.loc 1 2579 1 is_stmt 0 view .LVU1642
 5607 0000 7047     		bx	lr
 5608              		.cfi_endproc
 5609              	.LFE168:
 5611              		.section	.text.HAL_TIMEx_Break2Callback,"ax",%progbits
 5612              		.align	1
 5613              		.weak	HAL_TIMEx_Break2Callback
 5614              		.syntax unified
 5615              		.thumb
 5616              		.thumb_func
 5618              	HAL_TIMEx_Break2Callback:
 5619              	.LVL440:
 5620              	.LFB169:
2587:Drivers/STM32L4xx_HAL_Driver/Src/stm32l4xx_hal_tim_ex.c ****   /* Prevent unused argument(s) compilation warning */
ARM GAS  /tmp/ccRvkrha.s 			page 176


 5621              		.loc 1 2587 1 is_stmt 1 view -0
 5622              		.cfi_startproc
 5623              		@ args = 0, pretend = 0, frame = 0
 5624              		@ frame_needed = 0, uses_anonymous_args = 0
 5625              		@ link register save eliminated.
2589:Drivers/STM32L4xx_HAL_Driver/Src/stm32l4xx_hal_tim_ex.c **** 
 5626              		.loc 1 2589 3 view .LVU1644
2594:Drivers/STM32L4xx_HAL_Driver/Src/stm32l4xx_hal_tim_ex.c **** /**
 5627              		.loc 1 2594 1 is_stmt 0 view .LVU1645
 5628 0000 7047     		bx	lr
 5629              		.cfi_endproc
 5630              	.LFE169:
 5632              		.section	.text.HAL_TIMEx_HallSensor_GetState,"ax",%progbits
 5633              		.align	1
 5634              		.global	HAL_TIMEx_HallSensor_GetState
 5635              		.syntax unified
 5636              		.thumb
 5637              		.thumb_func
 5639              	HAL_TIMEx_HallSensor_GetState:
 5640              	.LVL441:
 5641              	.LFB170:
2620:Drivers/STM32L4xx_HAL_Driver/Src/stm32l4xx_hal_tim_ex.c ****   return htim->State;
 5642              		.loc 1 2620 1 is_stmt 1 view -0
 5643              		.cfi_startproc
 5644              		@ args = 0, pretend = 0, frame = 0
 5645              		@ frame_needed = 0, uses_anonymous_args = 0
 5646              		@ link register save eliminated.
2621:Drivers/STM32L4xx_HAL_Driver/Src/stm32l4xx_hal_tim_ex.c **** }
 5647              		.loc 1 2621 3 view .LVU1647
2621:Drivers/STM32L4xx_HAL_Driver/Src/stm32l4xx_hal_tim_ex.c **** }
 5648              		.loc 1 2621 14 is_stmt 0 view .LVU1648
 5649 0000 90F83D00 		ldrb	r0, [r0, #61]	@ zero_extendqisi2
 5650              	.LVL442:
2622:Drivers/STM32L4xx_HAL_Driver/Src/stm32l4xx_hal_tim_ex.c **** 
 5651              		.loc 1 2622 1 view .LVU1649
 5652 0004 7047     		bx	lr
 5653              		.cfi_endproc
 5654              	.LFE170:
 5656              		.section	.text.HAL_TIMEx_GetChannelNState,"ax",%progbits
 5657              		.align	1
 5658              		.global	HAL_TIMEx_GetChannelNState
 5659              		.syntax unified
 5660              		.thumb
 5661              		.thumb_func
 5663              	HAL_TIMEx_GetChannelNState:
 5664              	.LVL443:
 5665              	.LFB171:
2635:Drivers/STM32L4xx_HAL_Driver/Src/stm32l4xx_hal_tim_ex.c ****   HAL_TIM_ChannelStateTypeDef channel_state;
 5666              		.loc 1 2635 1 is_stmt 1 view -0
 5667              		.cfi_startproc
 5668              		@ args = 0, pretend = 0, frame = 0
 5669              		@ frame_needed = 0, uses_anonymous_args = 0
 5670              		@ link register save eliminated.
2636:Drivers/STM32L4xx_HAL_Driver/Src/stm32l4xx_hal_tim_ex.c **** 
 5671              		.loc 1 2636 3 view .LVU1651
2639:Drivers/STM32L4xx_HAL_Driver/Src/stm32l4xx_hal_tim_ex.c **** 
 5672              		.loc 1 2639 3 view .LVU1652
ARM GAS  /tmp/ccRvkrha.s 			page 177


2641:Drivers/STM32L4xx_HAL_Driver/Src/stm32l4xx_hal_tim_ex.c **** 
 5673              		.loc 1 2641 3 view .LVU1653
2641:Drivers/STM32L4xx_HAL_Driver/Src/stm32l4xx_hal_tim_ex.c **** 
 5674              		.loc 1 2641 19 is_stmt 0 view .LVU1654
 5675 0000 19B9     		cbnz	r1, .L460
2641:Drivers/STM32L4xx_HAL_Driver/Src/stm32l4xx_hal_tim_ex.c **** 
 5676              		.loc 1 2641 19 discriminator 1 view .LVU1655
 5677 0002 90F84400 		ldrb	r0, [r0, #68]	@ zero_extendqisi2
 5678              	.LVL444:
2641:Drivers/STM32L4xx_HAL_Driver/Src/stm32l4xx_hal_tim_ex.c **** 
 5679              		.loc 1 2641 19 discriminator 1 view .LVU1656
 5680 0006 C0B2     		uxtb	r0, r0
 5681 0008 7047     		bx	lr
 5682              	.LVL445:
 5683              	.L460:
2641:Drivers/STM32L4xx_HAL_Driver/Src/stm32l4xx_hal_tim_ex.c **** 
 5684              		.loc 1 2641 19 discriminator 2 view .LVU1657
 5685 000a 0429     		cmp	r1, #4
 5686 000c 05D0     		beq	.L464
2641:Drivers/STM32L4xx_HAL_Driver/Src/stm32l4xx_hal_tim_ex.c **** 
 5687              		.loc 1 2641 19 discriminator 5 view .LVU1658
 5688 000e 0829     		cmp	r1, #8
 5689 0010 07D0     		beq	.L465
2641:Drivers/STM32L4xx_HAL_Driver/Src/stm32l4xx_hal_tim_ex.c **** 
 5690              		.loc 1 2641 19 discriminator 8 view .LVU1659
 5691 0012 90F84700 		ldrb	r0, [r0, #71]	@ zero_extendqisi2
 5692              	.LVL446:
2641:Drivers/STM32L4xx_HAL_Driver/Src/stm32l4xx_hal_tim_ex.c **** 
 5693              		.loc 1 2641 19 discriminator 8 view .LVU1660
 5694 0016 C0B2     		uxtb	r0, r0
 5695              	.LVL447:
2643:Drivers/STM32L4xx_HAL_Driver/Src/stm32l4xx_hal_tim_ex.c **** }
 5696              		.loc 1 2643 3 is_stmt 1 discriminator 8 view .LVU1661
2644:Drivers/STM32L4xx_HAL_Driver/Src/stm32l4xx_hal_tim_ex.c **** /**
 5697              		.loc 1 2644 1 is_stmt 0 discriminator 8 view .LVU1662
 5698 0018 7047     		bx	lr
 5699              	.LVL448:
 5700              	.L464:
2641:Drivers/STM32L4xx_HAL_Driver/Src/stm32l4xx_hal_tim_ex.c **** 
 5701              		.loc 1 2641 19 discriminator 4 view .LVU1663
 5702 001a 90F84500 		ldrb	r0, [r0, #69]	@ zero_extendqisi2
 5703              	.LVL449:
2641:Drivers/STM32L4xx_HAL_Driver/Src/stm32l4xx_hal_tim_ex.c **** 
 5704              		.loc 1 2641 19 discriminator 4 view .LVU1664
 5705 001e C0B2     		uxtb	r0, r0
 5706 0020 7047     		bx	lr
 5707              	.LVL450:
 5708              	.L465:
2641:Drivers/STM32L4xx_HAL_Driver/Src/stm32l4xx_hal_tim_ex.c **** 
 5709              		.loc 1 2641 19 discriminator 7 view .LVU1665
 5710 0022 90F84600 		ldrb	r0, [r0, #70]	@ zero_extendqisi2
 5711              	.LVL451:
2641:Drivers/STM32L4xx_HAL_Driver/Src/stm32l4xx_hal_tim_ex.c **** 
 5712              		.loc 1 2641 19 discriminator 7 view .LVU1666
 5713 0026 C0B2     		uxtb	r0, r0
 5714 0028 7047     		bx	lr
 5715              		.cfi_endproc
ARM GAS  /tmp/ccRvkrha.s 			page 178


 5716              	.LFE171:
 5718              		.text
 5719              	.Letext0:
 5720              		.file 2 "/usr/local/arm-none-eabi/include/machine/_default_types.h"
 5721              		.file 3 "/usr/local/arm-none-eabi/include/sys/_stdint.h"
 5722              		.file 4 "Drivers/CMSIS/Device/ST/STM32L4xx/Include/stm32l432xx.h"
 5723              		.file 5 "Drivers/CMSIS/Device/ST/STM32L4xx/Include/stm32l4xx.h"
 5724              		.file 6 "Drivers/STM32L4xx_HAL_Driver/Inc/stm32l4xx_hal_def.h"
 5725              		.file 7 "Drivers/STM32L4xx_HAL_Driver/Inc/stm32l4xx_hal_dma.h"
 5726              		.file 8 "Drivers/STM32L4xx_HAL_Driver/Inc/stm32l4xx_hal_tim.h"
 5727              		.file 9 "Drivers/STM32L4xx_HAL_Driver/Inc/stm32l4xx_hal_tim_ex.h"
ARM GAS  /tmp/ccRvkrha.s 			page 179


DEFINED SYMBOLS
                            *ABS*:0000000000000000 stm32l4xx_hal_tim_ex.c
     /tmp/ccRvkrha.s:20     .text.TIM_CCxNChannelCmd:0000000000000000 $t
     /tmp/ccRvkrha.s:25     .text.TIM_CCxNChannelCmd:0000000000000000 TIM_CCxNChannelCmd
     /tmp/ccRvkrha.s:62     .text.TIM_DMAErrorCCxN:0000000000000000 $t
     /tmp/ccRvkrha.s:67     .text.TIM_DMAErrorCCxN:0000000000000000 TIM_DMAErrorCCxN
     /tmp/ccRvkrha.s:147    .text.TIM_DMADelayPulseNCplt:0000000000000000 $t
     /tmp/ccRvkrha.s:152    .text.TIM_DMADelayPulseNCplt:0000000000000000 TIM_DMADelayPulseNCplt
     /tmp/ccRvkrha.s:251    .text.HAL_TIMEx_HallSensor_MspInit:0000000000000000 $t
     /tmp/ccRvkrha.s:257    .text.HAL_TIMEx_HallSensor_MspInit:0000000000000000 HAL_TIMEx_HallSensor_MspInit
     /tmp/ccRvkrha.s:272    .text.HAL_TIMEx_HallSensor_Init:0000000000000000 $t
     /tmp/ccRvkrha.s:278    .text.HAL_TIMEx_HallSensor_Init:0000000000000000 HAL_TIMEx_HallSensor_Init
     /tmp/ccRvkrha.s:488    .text.HAL_TIMEx_HallSensor_MspDeInit:0000000000000000 $t
     /tmp/ccRvkrha.s:494    .text.HAL_TIMEx_HallSensor_MspDeInit:0000000000000000 HAL_TIMEx_HallSensor_MspDeInit
     /tmp/ccRvkrha.s:509    .text.HAL_TIMEx_HallSensor_DeInit:0000000000000000 $t
     /tmp/ccRvkrha.s:515    .text.HAL_TIMEx_HallSensor_DeInit:0000000000000000 HAL_TIMEx_HallSensor_DeInit
     /tmp/ccRvkrha.s:585    .text.HAL_TIMEx_HallSensor_Start:0000000000000000 $t
     /tmp/ccRvkrha.s:591    .text.HAL_TIMEx_HallSensor_Start:0000000000000000 HAL_TIMEx_HallSensor_Start
     /tmp/ccRvkrha.s:742    .text.HAL_TIMEx_HallSensor_Start:0000000000000098 $d
     /tmp/ccRvkrha.s:748    .text.HAL_TIMEx_HallSensor_Stop:0000000000000000 $t
     /tmp/ccRvkrha.s:754    .text.HAL_TIMEx_HallSensor_Stop:0000000000000000 HAL_TIMEx_HallSensor_Stop
     /tmp/ccRvkrha.s:813    .text.HAL_TIMEx_HallSensor_Start_IT:0000000000000000 $t
     /tmp/ccRvkrha.s:819    .text.HAL_TIMEx_HallSensor_Start_IT:0000000000000000 HAL_TIMEx_HallSensor_Start_IT
     /tmp/ccRvkrha.s:978    .text.HAL_TIMEx_HallSensor_Start_IT:00000000000000a4 $d
     /tmp/ccRvkrha.s:984    .text.HAL_TIMEx_HallSensor_Stop_IT:0000000000000000 $t
     /tmp/ccRvkrha.s:990    .text.HAL_TIMEx_HallSensor_Stop_IT:0000000000000000 HAL_TIMEx_HallSensor_Stop_IT
     /tmp/ccRvkrha.s:1054   .text.HAL_TIMEx_HallSensor_Start_DMA:0000000000000000 $t
     /tmp/ccRvkrha.s:1060   .text.HAL_TIMEx_HallSensor_Start_DMA:0000000000000000 HAL_TIMEx_HallSensor_Start_DMA
     /tmp/ccRvkrha.s:1242   .text.HAL_TIMEx_HallSensor_Start_DMA:00000000000000bc $d
     /tmp/ccRvkrha.s:1251   .text.HAL_TIMEx_HallSensor_Stop_DMA:0000000000000000 $t
     /tmp/ccRvkrha.s:1257   .text.HAL_TIMEx_HallSensor_Stop_DMA:0000000000000000 HAL_TIMEx_HallSensor_Stop_DMA
     /tmp/ccRvkrha.s:1322   .text.HAL_TIMEx_OCN_Start:0000000000000000 $t
     /tmp/ccRvkrha.s:1328   .text.HAL_TIMEx_OCN_Start:0000000000000000 HAL_TIMEx_OCN_Start
     /tmp/ccRvkrha.s:1503   .text.HAL_TIMEx_OCN_Start:00000000000000d4 $d
     /tmp/ccRvkrha.s:1509   .text.HAL_TIMEx_OCN_Stop:0000000000000000 $t
     /tmp/ccRvkrha.s:1515   .text.HAL_TIMEx_OCN_Stop:0000000000000000 HAL_TIMEx_OCN_Stop
     /tmp/ccRvkrha.s:1612   .text.HAL_TIMEx_OCN_Start_IT:0000000000000000 $t
     /tmp/ccRvkrha.s:1618   .text.HAL_TIMEx_OCN_Start_IT:0000000000000000 HAL_TIMEx_OCN_Start_IT
     /tmp/ccRvkrha.s:1833   .text.HAL_TIMEx_OCN_Start_IT:000000000000010c $d
     /tmp/ccRvkrha.s:1839   .text.HAL_TIMEx_OCN_Stop_IT:0000000000000000 $t
     /tmp/ccRvkrha.s:1845   .text.HAL_TIMEx_OCN_Stop_IT:0000000000000000 HAL_TIMEx_OCN_Stop_IT
     /tmp/ccRvkrha.s:2007   .text.HAL_TIMEx_OCN_Start_DMA:0000000000000000 $t
     /tmp/ccRvkrha.s:2013   .text.HAL_TIMEx_OCN_Start_DMA:0000000000000000 HAL_TIMEx_OCN_Start_DMA
     /tmp/ccRvkrha.s:2426   .text.HAL_TIMEx_OCN_Start_DMA:00000000000001ec $d
     /tmp/ccRvkrha.s:2435   .text.HAL_TIMEx_OCN_Stop_DMA:0000000000000000 $t
     /tmp/ccRvkrha.s:2441   .text.HAL_TIMEx_OCN_Stop_DMA:0000000000000000 HAL_TIMEx_OCN_Stop_DMA
     /tmp/ccRvkrha.s:2601   .text.HAL_TIMEx_PWMN_Start:0000000000000000 $t
     /tmp/ccRvkrha.s:2607   .text.HAL_TIMEx_PWMN_Start:0000000000000000 HAL_TIMEx_PWMN_Start
     /tmp/ccRvkrha.s:2782   .text.HAL_TIMEx_PWMN_Start:00000000000000d4 $d
     /tmp/ccRvkrha.s:2788   .text.HAL_TIMEx_PWMN_Stop:0000000000000000 $t
     /tmp/ccRvkrha.s:2794   .text.HAL_TIMEx_PWMN_Stop:0000000000000000 HAL_TIMEx_PWMN_Stop
     /tmp/ccRvkrha.s:2891   .text.HAL_TIMEx_PWMN_Start_IT:0000000000000000 $t
     /tmp/ccRvkrha.s:2897   .text.HAL_TIMEx_PWMN_Start_IT:0000000000000000 HAL_TIMEx_PWMN_Start_IT
     /tmp/ccRvkrha.s:3112   .text.HAL_TIMEx_PWMN_Start_IT:000000000000010c $d
     /tmp/ccRvkrha.s:3118   .text.HAL_TIMEx_PWMN_Stop_IT:0000000000000000 $t
     /tmp/ccRvkrha.s:3124   .text.HAL_TIMEx_PWMN_Stop_IT:0000000000000000 HAL_TIMEx_PWMN_Stop_IT
     /tmp/ccRvkrha.s:3286   .text.HAL_TIMEx_PWMN_Start_DMA:0000000000000000 $t
ARM GAS  /tmp/ccRvkrha.s 			page 180


     /tmp/ccRvkrha.s:3292   .text.HAL_TIMEx_PWMN_Start_DMA:0000000000000000 HAL_TIMEx_PWMN_Start_DMA
     /tmp/ccRvkrha.s:3705   .text.HAL_TIMEx_PWMN_Start_DMA:00000000000001ec $d
     /tmp/ccRvkrha.s:3714   .text.HAL_TIMEx_PWMN_Stop_DMA:0000000000000000 $t
     /tmp/ccRvkrha.s:3720   .text.HAL_TIMEx_PWMN_Stop_DMA:0000000000000000 HAL_TIMEx_PWMN_Stop_DMA
     /tmp/ccRvkrha.s:3880   .text.HAL_TIMEx_OnePulseN_Start:0000000000000000 $t
     /tmp/ccRvkrha.s:3886   .text.HAL_TIMEx_OnePulseN_Start:0000000000000000 HAL_TIMEx_OnePulseN_Start
     /tmp/ccRvkrha.s:4014   .text.HAL_TIMEx_OnePulseN_Stop:0000000000000000 $t
     /tmp/ccRvkrha.s:4020   .text.HAL_TIMEx_OnePulseN_Stop:0000000000000000 HAL_TIMEx_OnePulseN_Stop
     /tmp/ccRvkrha.s:4115   .text.HAL_TIMEx_OnePulseN_Start_IT:0000000000000000 $t
     /tmp/ccRvkrha.s:4121   .text.HAL_TIMEx_OnePulseN_Start_IT:0000000000000000 HAL_TIMEx_OnePulseN_Start_IT
     /tmp/ccRvkrha.s:4259   .text.HAL_TIMEx_OnePulseN_Stop_IT:0000000000000000 $t
     /tmp/ccRvkrha.s:4265   .text.HAL_TIMEx_OnePulseN_Stop_IT:0000000000000000 HAL_TIMEx_OnePulseN_Stop_IT
     /tmp/ccRvkrha.s:4370   .text.HAL_TIMEx_ConfigCommutEvent:0000000000000000 $t
     /tmp/ccRvkrha.s:4376   .text.HAL_TIMEx_ConfigCommutEvent:0000000000000000 HAL_TIMEx_ConfigCommutEvent
     /tmp/ccRvkrha.s:4489   .text.HAL_TIMEx_ConfigCommutEvent_IT:0000000000000000 $t
     /tmp/ccRvkrha.s:4495   .text.HAL_TIMEx_ConfigCommutEvent_IT:0000000000000000 HAL_TIMEx_ConfigCommutEvent_IT
     /tmp/ccRvkrha.s:4608   .text.HAL_TIMEx_ConfigCommutEvent_DMA:0000000000000000 $t
     /tmp/ccRvkrha.s:4614   .text.HAL_TIMEx_ConfigCommutEvent_DMA:0000000000000000 HAL_TIMEx_ConfigCommutEvent_DMA
     /tmp/ccRvkrha.s:4744   .text.HAL_TIMEx_ConfigCommutEvent_DMA:0000000000000084 $d
     /tmp/ccRvkrha.s:5504   .text.TIMEx_DMACommutationCplt:0000000000000000 TIMEx_DMACommutationCplt
     /tmp/ccRvkrha.s:5561   .text.TIMEx_DMACommutationHalfCplt:0000000000000000 TIMEx_DMACommutationHalfCplt
     /tmp/ccRvkrha.s:4751   .text.HAL_TIMEx_MasterConfigSynchronization:0000000000000000 $t
     /tmp/ccRvkrha.s:4757   .text.HAL_TIMEx_MasterConfigSynchronization:0000000000000000 HAL_TIMEx_MasterConfigSynchronization
     /tmp/ccRvkrha.s:4903   .text.HAL_TIMEx_MasterConfigSynchronization:000000000000006c $d
     /tmp/ccRvkrha.s:4908   .text.HAL_TIMEx_ConfigBreakDeadTime:0000000000000000 $t
     /tmp/ccRvkrha.s:4914   .text.HAL_TIMEx_ConfigBreakDeadTime:0000000000000000 HAL_TIMEx_ConfigBreakDeadTime
     /tmp/ccRvkrha.s:5088   .text.HAL_TIMEx_ConfigBreakDeadTime:0000000000000084 $d
     /tmp/ccRvkrha.s:5093   .text.HAL_TIMEx_ConfigBreakInput:0000000000000000 $t
     /tmp/ccRvkrha.s:5099   .text.HAL_TIMEx_ConfigBreakInput:0000000000000000 HAL_TIMEx_ConfigBreakInput
     /tmp/ccRvkrha.s:5305   .text.HAL_TIMEx_RemapConfig:0000000000000000 $t
     /tmp/ccRvkrha.s:5311   .text.HAL_TIMEx_RemapConfig:0000000000000000 HAL_TIMEx_RemapConfig
     /tmp/ccRvkrha.s:5393   .text.HAL_TIMEx_RemapConfig:0000000000000044 $d
     /tmp/ccRvkrha.s:5398   .text.HAL_TIMEx_GroupChannel5:0000000000000000 $t
     /tmp/ccRvkrha.s:5404   .text.HAL_TIMEx_GroupChannel5:0000000000000000 HAL_TIMEx_GroupChannel5
     /tmp/ccRvkrha.s:5477   .text.HAL_TIMEx_CommutCallback:0000000000000000 $t
     /tmp/ccRvkrha.s:5483   .text.HAL_TIMEx_CommutCallback:0000000000000000 HAL_TIMEx_CommutCallback
     /tmp/ccRvkrha.s:5498   .text.TIMEx_DMACommutationCplt:0000000000000000 $t
     /tmp/ccRvkrha.s:5534   .text.HAL_TIMEx_CommutHalfCpltCallback:0000000000000000 $t
     /tmp/ccRvkrha.s:5540   .text.HAL_TIMEx_CommutHalfCpltCallback:0000000000000000 HAL_TIMEx_CommutHalfCpltCallback
     /tmp/ccRvkrha.s:5555   .text.TIMEx_DMACommutationHalfCplt:0000000000000000 $t
     /tmp/ccRvkrha.s:5591   .text.HAL_TIMEx_BreakCallback:0000000000000000 $t
     /tmp/ccRvkrha.s:5597   .text.HAL_TIMEx_BreakCallback:0000000000000000 HAL_TIMEx_BreakCallback
     /tmp/ccRvkrha.s:5612   .text.HAL_TIMEx_Break2Callback:0000000000000000 $t
     /tmp/ccRvkrha.s:5618   .text.HAL_TIMEx_Break2Callback:0000000000000000 HAL_TIMEx_Break2Callback
     /tmp/ccRvkrha.s:5633   .text.HAL_TIMEx_HallSensor_GetState:0000000000000000 $t
     /tmp/ccRvkrha.s:5639   .text.HAL_TIMEx_HallSensor_GetState:0000000000000000 HAL_TIMEx_HallSensor_GetState
     /tmp/ccRvkrha.s:5657   .text.HAL_TIMEx_GetChannelNState:0000000000000000 $t
     /tmp/ccRvkrha.s:5663   .text.HAL_TIMEx_GetChannelNState:0000000000000000 HAL_TIMEx_GetChannelNState

UNDEFINED SYMBOLS
HAL_TIM_ErrorCallback
HAL_TIM_PWM_PulseFinishedCallback
TIM_Base_SetConfig
TIM_TI1_SetConfig
TIM_OC2_SetConfig
TIM_CCxChannelCmd
HAL_DMA_Start_IT
ARM GAS  /tmp/ccRvkrha.s 			page 181


TIM_DMACaptureCplt
TIM_DMACaptureHalfCplt
TIM_DMAError
HAL_DMA_Abort_IT
TIM_DMADelayPulseHalfCplt
