ARM GAS  /tmp/ccKWmiiR.s 			page 1


   1              		.cpu cortex-m4
   2              		.arch armv7e-m
   3              		.fpu fpv4-sp-d16
   4              		.eabi_attribute 27, 1
   5              		.eabi_attribute 28, 1
   6              		.eabi_attribute 20, 1
   7              		.eabi_attribute 21, 1
   8              		.eabi_attribute 23, 3
   9              		.eabi_attribute 24, 1
  10              		.eabi_attribute 25, 1
  11              		.eabi_attribute 26, 1
  12              		.eabi_attribute 30, 1
  13              		.eabi_attribute 34, 1
  14              		.eabi_attribute 18, 4
  15              		.file	"main.c"
  16              		.text
  17              	.Ltext0:
  18              		.cfi_sections	.debug_frame
  19              		.section	.text.servoBelt,"ax",%progbits
  20              		.align	1
  21              		.global	servoBelt
  22              		.syntax unified
  23              		.thumb
  24              		.thumb_func
  26              	servoBelt:
  27              	.LFB146:
  28              		.file 1 "Core/Src/main.c"
   1:Core/Src/main.c **** /* USER CODE BEGIN Header */
   2:Core/Src/main.c **** /**
   3:Core/Src/main.c ****   ******************************************************************************
   4:Core/Src/main.c ****   * @file           : main.c
   5:Core/Src/main.c ****   * @brief          : Main program body
   6:Core/Src/main.c ****   ******************************************************************************
   7:Core/Src/main.c ****   * @attention
   8:Core/Src/main.c ****   *
   9:Core/Src/main.c ****   * Copyright (c) 2024 STMicroelectronics.
  10:Core/Src/main.c ****   * All rights reserved.
  11:Core/Src/main.c ****   *
  12:Core/Src/main.c ****   * This software is licensed under terms that can be found in the LICENSE file
  13:Core/Src/main.c ****   * in the root directory of this software component.
  14:Core/Src/main.c ****   * If no LICENSE file comes with this software, it is provided AS-IS.
  15:Core/Src/main.c ****   *
  16:Core/Src/main.c ****   ******************************************************************************
  17:Core/Src/main.c ****   */
  18:Core/Src/main.c **** /* USER CODE END Header */
  19:Core/Src/main.c **** /* Includes ------------------------------------------------------------------*/
  20:Core/Src/main.c **** #include "main.h"
  21:Core/Src/main.c **** #include "robot_servos.h"
  22:Core/Src/main.c **** #include "bluetooth_comm.h"
  23:Core/Src/main.c **** #include "barcode_reader.h"
  24:Core/Src/main.c **** 
  25:Core/Src/main.c **** /* Private includes ----------------------------------------------------------*/
  26:Core/Src/main.c **** /* USER CODE BEGIN Includes */
  27:Core/Src/main.c **** #include "FreeRTOS.h"
  28:Core/Src/main.c **** #include "task.h"
  29:Core/Src/main.c **** #include "timers.h"
  30:Core/Src/main.c **** #include "queue.h"
ARM GAS  /tmp/ccKWmiiR.s 			page 2


  31:Core/Src/main.c **** #include "semphr.h"
  32:Core/Src/main.c **** #include <string.h>
  33:Core/Src/main.c **** #include "event_groups.h"
  34:Core/Src/main.c **** #include <stdio.h>
  35:Core/Src/main.c **** #include <stdlib.h>
  36:Core/Src/main.c **** /* USER CODE END Includes */
  37:Core/Src/main.c **** 
  38:Core/Src/main.c **** /* Private typedef -----------------------------------------------------------*/
  39:Core/Src/main.c **** /* USER CODE BEGIN PTD */
  40:Core/Src/main.c **** 
  41:Core/Src/main.c **** /* USER CODE END PTD */
  42:Core/Src/main.c **** 
  43:Core/Src/main.c **** /* Private define ------------------------------------------------------------*/
  44:Core/Src/main.c **** /* USER CODE BEGIN PD */
  45:Core/Src/main.c **** 
  46:Core/Src/main.c **** /* USER CODE END PD */
  47:Core/Src/main.c **** 
  48:Core/Src/main.c **** /* Private macro -------------------------------------------------------------*/
  49:Core/Src/main.c **** /* USER CODE BEGIN PM */
  50:Core/Src/main.c **** #define PUTCHAR_PROTOTYPE int __io_putchar(int ch)
  51:Core/Src/main.c **** /* USER CODE END PM */
  52:Core/Src/main.c **** 
  53:Core/Src/main.c **** /* Private variables ---------------------------------------------------------*/
  54:Core/Src/main.c **** I2C_HandleTypeDef hi2c2;
  55:Core/Src/main.c **** 
  56:Core/Src/main.c **** I2S_HandleTypeDef hi2s3;
  57:Core/Src/main.c **** 
  58:Core/Src/main.c **** SPI_HandleTypeDef hspi2;
  59:Core/Src/main.c **** 
  60:Core/Src/main.c **** TIM_HandleTypeDef htim3;
  61:Core/Src/main.c **** TIM_HandleTypeDef htim4;
  62:Core/Src/main.c **** 
  63:Core/Src/main.c **** UART_HandleTypeDef huart1;
  64:Core/Src/main.c **** UART_HandleTypeDef huart2;
  65:Core/Src/main.c **** 
  66:Core/Src/main.c **** 
  67:Core/Src/main.c **** /* USER CODE BEGIN PV */
  68:Core/Src/main.c **** TaskHandle_t robotArm_Handle = NULL;
  69:Core/Src/main.c **** TaskHandle_t clearScreen_Handle = NULL;
  70:Core/Src/main.c **** TaskHandle_t barcodeReader_Handle = NULL;
  71:Core/Src/main.c **** TaskHandle_t boxSize_Handle = NULL;
  72:Core/Src/main.c **** TaskHandle_t servoBelt_Handle = NULL;
  73:Core/Src/main.c **** TaskHandle_t bluetoothBecon_Handle = NULL;
  74:Core/Src/main.c **** 
  75:Core/Src/main.c **** 
  76:Core/Src/main.c **** /* USER CODE END PV */
  77:Core/Src/main.c **** 
  78:Core/Src/main.c **** /* Private function prototypes -----------------------------------------------*/
  79:Core/Src/main.c **** void SystemClock_Config(void);
  80:Core/Src/main.c **** static void MX_GPIO_Init(void);
  81:Core/Src/main.c **** static void MX_I2C2_Init(void);
  82:Core/Src/main.c **** static void MX_I2S3_Init(void);
  83:Core/Src/main.c **** static void MX_SPI2_Init(void);
  84:Core/Src/main.c **** static void MX_TIM3_Init(void);
  85:Core/Src/main.c **** static void MX_TIM4_Init(void);
  86:Core/Src/main.c **** static void MX_USART1_UART_Init(void);
  87:Core/Src/main.c **** static void MX_USART2_UART_Init(void);
ARM GAS  /tmp/ccKWmiiR.s 			page 3


  88:Core/Src/main.c **** 
  89:Core/Src/main.c **** 
  90:Core/Src/main.c **** /* USER CODE BEGIN PFP */
  91:Core/Src/main.c **** void robotArm(void *argument);
  92:Core/Src/main.c **** void barcodeReader(void *argument);
  93:Core/Src/main.c **** void servoBelt(void *argument);
  94:Core/Src/main.c **** void boxSize_cal(void *argument);
  95:Core/Src/main.c **** void clearScreen(void *argument);
  96:Core/Src/main.c **** void bluetooth_comm(void *argument);
  97:Core/Src/main.c **** 
  98:Core/Src/main.c **** 
  99:Core/Src/main.c **** uint8_t TaskAdd(void (*FunctionName)(void *argument), char *TaskName,
 100:Core/Src/main.c ****     uint16_t StackSize, void *pvParameters, UBaseType_t uxPriority,
 101:Core/Src/main.c ****     TaskHandle_t *TaskHandle);
 102:Core/Src/main.c **** void KillTask(TaskHandle_t *TaskHandle);
 103:Core/Src/main.c **** 
 104:Core/Src/main.c **** /* USER CODE END PFP */
 105:Core/Src/main.c **** 
 106:Core/Src/main.c **** /* Private user code ---------------------------------------------------------*/
 107:Core/Src/main.c **** /* USER CODE BEGIN 0 */
 108:Core/Src/main.c **** uint8_t TaskAdd(void (*FunctionName)(void *argument), /* Function that implements the task. */
 109:Core/Src/main.c **** char *TaskName, /* Text name for the task. */
 110:Core/Src/main.c **** uint16_t StackSize, /* Stack size in words, not bytes. */
 111:Core/Src/main.c **** void *pvParameters, /* Parameter passed into the task. */
 112:Core/Src/main.c **** UBaseType_t uxPriority, /* Priority at which the task is created. */
 113:Core/Src/main.c **** TaskHandle_t *TaskHandle) /* Used to pass out the task’s handle. */
 114:Core/Src/main.c **** {
 115:Core/Src/main.c ****   BaseType_t retValue = xTaskCreate(FunctionName, TaskName, StackSize,
 116:Core/Src/main.c ****       pvParameters, uxPriority, TaskHandle);
 117:Core/Src/main.c ****   if (retValue == pdPASS) {
 118:Core/Src/main.c ****     printf("---->%s Added\r\n", pcTaskGetName(*TaskHandle));
 119:Core/Src/main.c ****     return 0;
 120:Core/Src/main.c ****   } else {
 121:Core/Src/main.c ****     printf("---->Failed to add %s\r\n", TaskName);
 122:Core/Src/main.c ****   }
 123:Core/Src/main.c ****   return 1;
 124:Core/Src/main.c **** }
 125:Core/Src/main.c **** 
 126:Core/Src/main.c **** void KillTask(TaskHandle_t *TaskHandle) {
 127:Core/Src/main.c ****   vTaskDelete(*TaskHandle);
 128:Core/Src/main.c ****   printf("---->%s Killed\r\n", pcTaskGetName(*TaskHandle));
 129:Core/Src/main.c ****   /* Task gets killed when IDLE Task runs */
 130:Core/Src/main.c ****   *TaskHandle = NULL;
 131:Core/Src/main.c **** }
 132:Core/Src/main.c **** 
 133:Core/Src/main.c **** 
 134:Core/Src/main.c **** 
 135:Core/Src/main.c **** /* USER CODE END 0 */
 136:Core/Src/main.c **** 
 137:Core/Src/main.c **** /**
 138:Core/Src/main.c ****   * @brief  The application entry point.
 139:Core/Src/main.c ****   * @retval int
 140:Core/Src/main.c ****   */
 141:Core/Src/main.c **** int main(void)
 142:Core/Src/main.c **** {
 143:Core/Src/main.c **** 
 144:Core/Src/main.c ****   /* USER CODE BEGIN 1 */
ARM GAS  /tmp/ccKWmiiR.s 			page 4


 145:Core/Src/main.c **** 
 146:Core/Src/main.c ****   /* USER CODE END 1 */
 147:Core/Src/main.c **** 
 148:Core/Src/main.c ****   /* MCU Configuration--------------------------------------------------------*/
 149:Core/Src/main.c **** 
 150:Core/Src/main.c ****   /* Reset of all peripherals, Initializes the Flash interface and the Systick. */
 151:Core/Src/main.c ****   HAL_Init();
 152:Core/Src/main.c **** 
 153:Core/Src/main.c ****   /* USER CODE BEGIN Init */
 154:Core/Src/main.c **** 
 155:Core/Src/main.c ****   /* USER CODE END Init */
 156:Core/Src/main.c **** 
 157:Core/Src/main.c ****   /* Configure the system clock */
 158:Core/Src/main.c ****   SystemClock_Config();
 159:Core/Src/main.c **** 
 160:Core/Src/main.c ****   /* USER CODE BEGIN SysInit */
 161:Core/Src/main.c **** 
 162:Core/Src/main.c ****   /* USER CODE END SysInit */
 163:Core/Src/main.c **** 
 164:Core/Src/main.c ****   /* Initialize all configured peripherals */
 165:Core/Src/main.c ****   MX_GPIO_Init();
 166:Core/Src/main.c ****   MX_I2C2_Init();
 167:Core/Src/main.c ****   MX_I2S3_Init();
 168:Core/Src/main.c ****   MX_SPI2_Init();
 169:Core/Src/main.c ****   MX_TIM3_Init();
 170:Core/Src/main.c ****   MX_TIM4_Init();
 171:Core/Src/main.c ****   MX_USART2_UART_Init();
 172:Core/Src/main.c ****   MX_USART1_UART_Init();
 173:Core/Src/main.c ****   /* USER CODE BEGIN 2 */
 174:Core/Src/main.c ****   printf("!!Setup!!\r\n");
 175:Core/Src/main.c ****   TaskAdd(robotArm, "Task01", 512, NULL, 8, &robotArm_Handle);
 176:Core/Src/main.c ****   TaskAdd(clearScreen, "Task02", 128, NULL, 7, &clearScreen_Handle);
 177:Core/Src/main.c ****   TaskAdd(barcodeReader, "Task03", 128 * 4, NULL, 6, &barcodeReader_Handle);
 178:Core/Src/main.c ****   TaskAdd(servoBelt, "Task04", 128, NULL, 5, &servoBelt_Handle);
 179:Core/Src/main.c ****   TaskAdd(boxSize_cal, "Task05", 128, NULL, 4, &boxSize_Handle);
 180:Core/Src/main.c ****   TaskAdd(bluetooth_comm, "Task06", 128, NULL, 4, &bluetoothBecon_Handle);
 181:Core/Src/main.c **** 
 182:Core/Src/main.c ****   /* Start the real time scheduler with preemption */
 183:Core/Src/main.c ****   printf("|** Start Scheduler **|\r\n");
 184:Core/Src/main.c ****   vTaskStartScheduler();
 185:Core/Src/main.c ****   /* USER CODE END 2 */
 186:Core/Src/main.c **** 
 187:Core/Src/main.c **** 
 188:Core/Src/main.c **** 
 189:Core/Src/main.c ****   /* We should never get here as control is now taken by the scheduler */
 190:Core/Src/main.c **** 
 191:Core/Src/main.c ****   /* Infinite loop */
 192:Core/Src/main.c ****   /* USER CODE BEGIN WHILE */
 193:Core/Src/main.c ****   while (1)
 194:Core/Src/main.c ****   {
 195:Core/Src/main.c ****     /* USER CODE END WHILE */
 196:Core/Src/main.c **** 
 197:Core/Src/main.c ****     /* USER CODE BEGIN 3 */
 198:Core/Src/main.c ****   }
 199:Core/Src/main.c ****   /* USER CODE END 3 */
 200:Core/Src/main.c **** }
 201:Core/Src/main.c **** 
ARM GAS  /tmp/ccKWmiiR.s 			page 5


 202:Core/Src/main.c **** void robotArm(void *argument){
 203:Core/Src/main.c ****     // Initialize the servo motor 
 204:Core/Src/main.c ****   HAL_TIM_PWM_Start(&htim3, TIM_CHANNEL_1);
 205:Core/Src/main.c ****   HAL_TIM_PWM_Start(&htim3, TIM_CHANNEL_2);
 206:Core/Src/main.c ****   HAL_TIM_PWM_Start(&htim3, TIM_CHANNEL_3);
 207:Core/Src/main.c ****   HAL_TIM_PWM_Start(&htim3, TIM_CHANNEL_4);
 208:Core/Src/main.c **** 
 209:Core/Src/main.c ****   float hor_deg, hor_len, ver_len;
 210:Core/Src/main.c **** 
 211:Core/Src/main.c ****   hor_deg = 90;
 212:Core/Src/main.c ****   hor_len = 19;
 213:Core/Src/main.c ****   ver_len = 17;
 214:Core/Src/main.c **** 
 215:Core/Src/main.c ****   //To Pick
 216:Core/Src/main.c ****   robot_PickItem(hor_deg, hor_len, ver_len);
 217:Core/Src/main.c ****   vTaskDelay(5000);
 218:Core/Src/main.c **** 
 219:Core/Src/main.c ****   //To Drop 
 220:Core/Src/main.c ****   robot_DropItem(hor_deg, hor_len, ver_len);
 221:Core/Src/main.c ****   vTaskDelay(5000);
 222:Core/Src/main.c **** 
 223:Core/Src/main.c ****   KillTask(&robotArm_Handle);
 224:Core/Src/main.c **** 
 225:Core/Src/main.c ****   for (;;) {
 226:Core/Src/main.c ****   }
 227:Core/Src/main.c **** }
 228:Core/Src/main.c **** 
 229:Core/Src/main.c **** 
 230:Core/Src/main.c **** void barcodeReader(void *argument){
 231:Core/Src/main.c **** 
 232:Core/Src/main.c ****   for(;;){
 233:Core/Src/main.c ****         if (data_received) {
 234:Core/Src/main.c ****             data_received = 0;  // Reset flag
 235:Core/Src/main.c ****             Process_QR_Data(qr_data);  // Process the QR code data
 236:Core/Src/main.c ****             QR_Scanner_Read();         // Re-initiate QR data read
 237:Core/Src/main.c ****         }
 238:Core/Src/main.c **** 
 239:Core/Src/main.c ****   }
 240:Core/Src/main.c **** }
 241:Core/Src/main.c **** 
 242:Core/Src/main.c **** 
 243:Core/Src/main.c **** void servoBelt(void *argument){
  29              		.loc 1 243 31 view -0
  30              		.cfi_startproc
  31              		@ Volatile: function does not return.
  32              		@ args = 0, pretend = 0, frame = 0
  33              		@ frame_needed = 0, uses_anonymous_args = 0
  34              		@ link register save eliminated.
  35              	.LVL0:
  36              	.L2:
 244:Core/Src/main.c **** 
 245:Core/Src/main.c ****   for(;;){
  37              		.loc 1 245 3 discriminator 1 view .LVU1
 246:Core/Src/main.c **** 
 247:Core/Src/main.c ****   }
  38              		.loc 1 247 3 discriminator 1 view .LVU2
 245:Core/Src/main.c **** 
ARM GAS  /tmp/ccKWmiiR.s 			page 6


  39              		.loc 1 245 8 discriminator 1 view .LVU3
  40 0000 FEE7     		b	.L2
  41              		.cfi_endproc
  42              	.LFE146:
  44              		.section	.text.boxSize_cal,"ax",%progbits
  45              		.align	1
  46              		.global	boxSize_cal
  47              		.syntax unified
  48              		.thumb
  49              		.thumb_func
  51              	boxSize_cal:
  52              	.LFB147:
 248:Core/Src/main.c **** }
 249:Core/Src/main.c **** 
 250:Core/Src/main.c **** void boxSize_cal(void *argument){
  53              		.loc 1 250 33 view -0
  54              		.cfi_startproc
  55              		@ Volatile: function does not return.
  56              		@ args = 0, pretend = 0, frame = 0
  57              		@ frame_needed = 0, uses_anonymous_args = 0
  58              		@ link register save eliminated.
  59              	.LVL1:
  60              	.L4:
 251:Core/Src/main.c **** 
 252:Core/Src/main.c ****   for(;;){
  61              		.loc 1 252 3 discriminator 1 view .LVU5
 253:Core/Src/main.c **** 
 254:Core/Src/main.c ****   }
  62              		.loc 1 254 3 discriminator 1 view .LVU6
 252:Core/Src/main.c **** 
  63              		.loc 1 252 8 discriminator 1 view .LVU7
  64 0000 FEE7     		b	.L4
  65              		.cfi_endproc
  66              	.LFE147:
  68              		.section	.text.MX_GPIO_Init,"ax",%progbits
  69              		.align	1
  70              		.syntax unified
  71              		.thumb
  72              		.thumb_func
  74              	MX_GPIO_Init:
  75              	.LFB159:
 255:Core/Src/main.c **** }
 256:Core/Src/main.c **** 
 257:Core/Src/main.c **** void bluetooth_comm(void *argument){
 258:Core/Src/main.c **** 
 259:Core/Src/main.c ****     // Enable UART reception with interrupt
 260:Core/Src/main.c ****     HAL_UART_Receive_IT(&huart1, rxBuffer, BUFFER_SIZE);
 261:Core/Src/main.c **** 
 262:Core/Src/main.c ****   for(;;){
 263:Core/Src/main.c ****         // Check if data was received
 264:Core/Src/main.c ****         if (received) {
 265:Core/Src/main.c ****             printf("Received: %s\n", rxBuffer);
 266:Core/Src/main.c ****             received = 0;  // Clear the flag
 267:Core/Src/main.c ****         }
 268:Core/Src/main.c **** 
 269:Core/Src/main.c ****         // Send a message periodically
 270:Core/Src/main.c ****         sendBluetoothData_IT("Hello from STM32F411RE!");
ARM GAS  /tmp/ccKWmiiR.s 			page 7


 271:Core/Src/main.c **** 
 272:Core/Src/main.c ****         // Add a small delay between transmissions
 273:Core/Src/main.c ****         vTaskDelay(1000);
 274:Core/Src/main.c ****   
 275:Core/Src/main.c ****   }
 276:Core/Src/main.c **** }
 277:Core/Src/main.c **** 
 278:Core/Src/main.c **** 
 279:Core/Src/main.c **** // Function to clear the terminal screen
 280:Core/Src/main.c **** void clearScreen(void *argument) {
 281:Core/Src/main.c ****   for (;;) {
 282:Core/Src/main.c ****     if (HAL_GPIO_ReadPin(GPIOC, GPIO_PIN_13) == GPIO_PIN_RESET) {
 283:Core/Src/main.c **** 
 284:Core/Src/main.c ****       // ANSI escape code to clear the screen and move cursor to home position
 285:Core/Src/main.c ****       const char *clearCommand = "\033[2J\033[H";
 286:Core/Src/main.c ****       HAL_UART_Transmit(&huart2, (uint8_t*) clearCommand, strlen(clearCommand),
 287:Core/Src/main.c ****       HAL_MAX_DELAY);
 288:Core/Src/main.c ****       
 289:Core/Src/main.c ****       vTaskDelay(200);
 290:Core/Src/main.c ****     }
 291:Core/Src/main.c ****   }
 292:Core/Src/main.c **** }
 293:Core/Src/main.c **** 
 294:Core/Src/main.c **** PUTCHAR_PROTOTYPE {
 295:Core/Src/main.c ****     /* Place your implementation of fputc here */
 296:Core/Src/main.c ****     /* e.g. write a character to the USART1 and Loop until the end of transmission */
 297:Core/Src/main.c ****     HAL_UART_Transmit(&huart2, (uint8_t*) &ch, 1, 0xFFFF);
 298:Core/Src/main.c ****     return ch;
 299:Core/Src/main.c **** }
 300:Core/Src/main.c **** 
 301:Core/Src/main.c **** 
 302:Core/Src/main.c **** /**
 303:Core/Src/main.c ****   * @brief System Clock Configuration
 304:Core/Src/main.c ****   * @retval None
 305:Core/Src/main.c ****   */
 306:Core/Src/main.c **** void SystemClock_Config(void)
 307:Core/Src/main.c **** {
 308:Core/Src/main.c ****   RCC_OscInitTypeDef RCC_OscInitStruct = {0};
 309:Core/Src/main.c ****   RCC_ClkInitTypeDef RCC_ClkInitStruct = {0};
 310:Core/Src/main.c **** 
 311:Core/Src/main.c ****   /** Configure the main internal regulator output voltage
 312:Core/Src/main.c ****   */
 313:Core/Src/main.c ****   __HAL_RCC_PWR_CLK_ENABLE();
 314:Core/Src/main.c ****   __HAL_PWR_VOLTAGESCALING_CONFIG(PWR_REGULATOR_VOLTAGE_SCALE1);
 315:Core/Src/main.c **** 
 316:Core/Src/main.c ****   /** Initializes the RCC Oscillators according to the specified parameters
 317:Core/Src/main.c ****   * in the RCC_OscInitTypeDef structure.
 318:Core/Src/main.c ****   */
 319:Core/Src/main.c ****   RCC_OscInitStruct.OscillatorType = RCC_OSCILLATORTYPE_HSI;
 320:Core/Src/main.c ****   RCC_OscInitStruct.HSIState = RCC_HSI_ON;
 321:Core/Src/main.c ****   RCC_OscInitStruct.HSICalibrationValue = RCC_HSICALIBRATION_DEFAULT;
 322:Core/Src/main.c ****   RCC_OscInitStruct.PLL.PLLState = RCC_PLL_ON;
 323:Core/Src/main.c ****   RCC_OscInitStruct.PLL.PLLSource = RCC_PLLSOURCE_HSI;
 324:Core/Src/main.c ****   RCC_OscInitStruct.PLL.PLLM = 16;
 325:Core/Src/main.c ****   RCC_OscInitStruct.PLL.PLLN = 336;
 326:Core/Src/main.c ****   RCC_OscInitStruct.PLL.PLLP = RCC_PLLP_DIV4;
 327:Core/Src/main.c ****   RCC_OscInitStruct.PLL.PLLQ = 4;
ARM GAS  /tmp/ccKWmiiR.s 			page 8


 328:Core/Src/main.c ****   if (HAL_RCC_OscConfig(&RCC_OscInitStruct) != HAL_OK)
 329:Core/Src/main.c ****   {
 330:Core/Src/main.c ****     Error_Handler();
 331:Core/Src/main.c ****   }
 332:Core/Src/main.c **** 
 333:Core/Src/main.c ****   /** Initializes the CPU, AHB and APB buses clocks
 334:Core/Src/main.c ****   */
 335:Core/Src/main.c ****   RCC_ClkInitStruct.ClockType = RCC_CLOCKTYPE_HCLK|RCC_CLOCKTYPE_SYSCLK
 336:Core/Src/main.c ****                               |RCC_CLOCKTYPE_PCLK1|RCC_CLOCKTYPE_PCLK2;
 337:Core/Src/main.c ****   RCC_ClkInitStruct.SYSCLKSource = RCC_SYSCLKSOURCE_PLLCLK;
 338:Core/Src/main.c ****   RCC_ClkInitStruct.AHBCLKDivider = RCC_SYSCLK_DIV1;
 339:Core/Src/main.c ****   RCC_ClkInitStruct.APB1CLKDivider = RCC_HCLK_DIV2;
 340:Core/Src/main.c ****   RCC_ClkInitStruct.APB2CLKDivider = RCC_HCLK_DIV1;
 341:Core/Src/main.c **** 
 342:Core/Src/main.c ****   if (HAL_RCC_ClockConfig(&RCC_ClkInitStruct, FLASH_LATENCY_2) != HAL_OK)
 343:Core/Src/main.c ****   {
 344:Core/Src/main.c ****     Error_Handler();
 345:Core/Src/main.c ****   }
 346:Core/Src/main.c **** }
 347:Core/Src/main.c **** 
 348:Core/Src/main.c **** /**
 349:Core/Src/main.c ****   * @brief I2C2 Initialization Function
 350:Core/Src/main.c ****   * @param None
 351:Core/Src/main.c ****   * @retval None
 352:Core/Src/main.c ****   */
 353:Core/Src/main.c **** static void MX_I2C2_Init(void)
 354:Core/Src/main.c **** {
 355:Core/Src/main.c **** 
 356:Core/Src/main.c ****   /* USER CODE BEGIN I2C2_Init 0 */
 357:Core/Src/main.c **** 
 358:Core/Src/main.c ****   /* USER CODE END I2C2_Init 0 */
 359:Core/Src/main.c **** 
 360:Core/Src/main.c ****   /* USER CODE BEGIN I2C2_Init 1 */
 361:Core/Src/main.c **** 
 362:Core/Src/main.c ****   /* USER CODE END I2C2_Init 1 */
 363:Core/Src/main.c ****   hi2c2.Instance = I2C2;
 364:Core/Src/main.c ****   hi2c2.Init.ClockSpeed = 100000;
 365:Core/Src/main.c ****   hi2c2.Init.DutyCycle = I2C_DUTYCYCLE_2;
 366:Core/Src/main.c ****   hi2c2.Init.OwnAddress1 = 0;
 367:Core/Src/main.c ****   hi2c2.Init.AddressingMode = I2C_ADDRESSINGMODE_7BIT;
 368:Core/Src/main.c ****   hi2c2.Init.DualAddressMode = I2C_DUALADDRESS_DISABLE;
 369:Core/Src/main.c ****   hi2c2.Init.OwnAddress2 = 0;
 370:Core/Src/main.c ****   hi2c2.Init.GeneralCallMode = I2C_GENERALCALL_DISABLE;
 371:Core/Src/main.c ****   hi2c2.Init.NoStretchMode = I2C_NOSTRETCH_DISABLE;
 372:Core/Src/main.c ****   if (HAL_I2C_Init(&hi2c2) != HAL_OK)
 373:Core/Src/main.c ****   {
 374:Core/Src/main.c ****     Error_Handler();
 375:Core/Src/main.c ****   }
 376:Core/Src/main.c ****   /* USER CODE BEGIN I2C2_Init 2 */
 377:Core/Src/main.c ****     // Enable the I2C interrupt in NVIC
 378:Core/Src/main.c ****     HAL_NVIC_SetPriority(I2C1_EV_IRQn, 0, 0);
 379:Core/Src/main.c ****     HAL_NVIC_EnableIRQ(I2C1_EV_IRQn);
 380:Core/Src/main.c ****   /* USER CODE END I2C2_Init 2 */
 381:Core/Src/main.c **** 
 382:Core/Src/main.c **** }
 383:Core/Src/main.c **** 
 384:Core/Src/main.c **** /**
ARM GAS  /tmp/ccKWmiiR.s 			page 9


 385:Core/Src/main.c ****   * @brief I2S3 Initialization Function
 386:Core/Src/main.c ****   * @param None
 387:Core/Src/main.c ****   * @retval None
 388:Core/Src/main.c ****   */
 389:Core/Src/main.c **** static void MX_I2S3_Init(void)
 390:Core/Src/main.c **** {
 391:Core/Src/main.c **** 
 392:Core/Src/main.c ****   /* USER CODE BEGIN I2S3_Init 0 */
 393:Core/Src/main.c **** 
 394:Core/Src/main.c ****   /* USER CODE END I2S3_Init 0 */
 395:Core/Src/main.c **** 
 396:Core/Src/main.c ****   /* USER CODE BEGIN I2S3_Init 1 */
 397:Core/Src/main.c **** 
 398:Core/Src/main.c ****   /* USER CODE END I2S3_Init 1 */
 399:Core/Src/main.c ****   hi2s3.Instance = SPI3;
 400:Core/Src/main.c ****   hi2s3.Init.Mode = I2S_MODE_MASTER_TX;
 401:Core/Src/main.c ****   hi2s3.Init.Standard = I2S_STANDARD_PHILIPS;
 402:Core/Src/main.c ****   hi2s3.Init.DataFormat = I2S_DATAFORMAT_16B;
 403:Core/Src/main.c ****   hi2s3.Init.MCLKOutput = I2S_MCLKOUTPUT_DISABLE;
 404:Core/Src/main.c ****   hi2s3.Init.AudioFreq = I2S_AUDIOFREQ_8K;
 405:Core/Src/main.c ****   hi2s3.Init.CPOL = I2S_CPOL_LOW;
 406:Core/Src/main.c ****   hi2s3.Init.ClockSource = I2S_CLOCK_PLL;
 407:Core/Src/main.c ****   hi2s3.Init.FullDuplexMode = I2S_FULLDUPLEXMODE_ENABLE;
 408:Core/Src/main.c ****   if (HAL_I2S_Init(&hi2s3) != HAL_OK)
 409:Core/Src/main.c ****   {
 410:Core/Src/main.c ****     Error_Handler();
 411:Core/Src/main.c ****   }
 412:Core/Src/main.c ****   /* USER CODE BEGIN I2S3_Init 2 */
 413:Core/Src/main.c **** 
 414:Core/Src/main.c ****   /* USER CODE END I2S3_Init 2 */
 415:Core/Src/main.c **** 
 416:Core/Src/main.c **** }
 417:Core/Src/main.c **** 
 418:Core/Src/main.c **** /**
 419:Core/Src/main.c ****   * @brief SPI2 Initialization Function
 420:Core/Src/main.c ****   * @param None
 421:Core/Src/main.c ****   * @retval None
 422:Core/Src/main.c ****   */
 423:Core/Src/main.c **** static void MX_SPI2_Init(void)
 424:Core/Src/main.c **** {
 425:Core/Src/main.c **** 
 426:Core/Src/main.c ****   /* USER CODE BEGIN SPI2_Init 0 */
 427:Core/Src/main.c **** 
 428:Core/Src/main.c ****   /* USER CODE END SPI2_Init 0 */
 429:Core/Src/main.c **** 
 430:Core/Src/main.c ****   /* USER CODE BEGIN SPI2_Init 1 */
 431:Core/Src/main.c **** 
 432:Core/Src/main.c ****   /* USER CODE END SPI2_Init 1 */
 433:Core/Src/main.c ****   /* SPI2 parameter configuration*/
 434:Core/Src/main.c ****   hspi2.Instance = SPI2;
 435:Core/Src/main.c ****   hspi2.Init.Mode = SPI_MODE_MASTER;
 436:Core/Src/main.c ****   hspi2.Init.Direction = SPI_DIRECTION_2LINES;
 437:Core/Src/main.c ****   hspi2.Init.DataSize = SPI_DATASIZE_8BIT;
 438:Core/Src/main.c ****   hspi2.Init.CLKPolarity = SPI_POLARITY_LOW;
 439:Core/Src/main.c ****   hspi2.Init.CLKPhase = SPI_PHASE_1EDGE;
 440:Core/Src/main.c ****   hspi2.Init.NSS = SPI_NSS_SOFT;
 441:Core/Src/main.c ****   hspi2.Init.BaudRatePrescaler = SPI_BAUDRATEPRESCALER_2;
ARM GAS  /tmp/ccKWmiiR.s 			page 10


 442:Core/Src/main.c ****   hspi2.Init.FirstBit = SPI_FIRSTBIT_MSB;
 443:Core/Src/main.c ****   hspi2.Init.TIMode = SPI_TIMODE_DISABLE;
 444:Core/Src/main.c ****   hspi2.Init.CRCCalculation = SPI_CRCCALCULATION_DISABLE;
 445:Core/Src/main.c ****   hspi2.Init.CRCPolynomial = 10;
 446:Core/Src/main.c ****   if (HAL_SPI_Init(&hspi2) != HAL_OK)
 447:Core/Src/main.c ****   {
 448:Core/Src/main.c ****     Error_Handler();
 449:Core/Src/main.c ****   }
 450:Core/Src/main.c ****   /* USER CODE BEGIN SPI2_Init 2 */
 451:Core/Src/main.c **** 
 452:Core/Src/main.c ****   /* USER CODE END SPI2_Init 2 */
 453:Core/Src/main.c **** 
 454:Core/Src/main.c **** }
 455:Core/Src/main.c **** 
 456:Core/Src/main.c **** /**
 457:Core/Src/main.c ****   * @brief TIM3 Initialization Function
 458:Core/Src/main.c ****   * @param None
 459:Core/Src/main.c ****   * @retval None
 460:Core/Src/main.c ****   */
 461:Core/Src/main.c **** static void MX_TIM3_Init(void)
 462:Core/Src/main.c **** {
 463:Core/Src/main.c **** 
 464:Core/Src/main.c ****   /* USER CODE BEGIN TIM3_Init 0 */
 465:Core/Src/main.c **** 
 466:Core/Src/main.c ****   /* USER CODE END TIM3_Init 0 */
 467:Core/Src/main.c **** 
 468:Core/Src/main.c ****   TIM_ClockConfigTypeDef sClockSourceConfig = {0};
 469:Core/Src/main.c ****   TIM_MasterConfigTypeDef sMasterConfig = {0};
 470:Core/Src/main.c ****   TIM_OC_InitTypeDef sConfigOC = {0};
 471:Core/Src/main.c **** 
 472:Core/Src/main.c ****   /* USER CODE BEGIN TIM3_Init 1 */
 473:Core/Src/main.c **** 
 474:Core/Src/main.c ****   /* USER CODE END TIM3_Init 1 */
 475:Core/Src/main.c ****   htim3.Instance = TIM3;
 476:Core/Src/main.c ****   htim3.Init.Prescaler = 179;
 477:Core/Src/main.c ****   htim3.Init.CounterMode = TIM_COUNTERMODE_UP;
 478:Core/Src/main.c ****   htim3.Init.Period = 9999;
 479:Core/Src/main.c ****   htim3.Init.ClockDivision = TIM_CLOCKDIVISION_DIV1;
 480:Core/Src/main.c ****   htim3.Init.AutoReloadPreload = TIM_AUTORELOAD_PRELOAD_DISABLE;
 481:Core/Src/main.c ****   if (HAL_TIM_Base_Init(&htim3) != HAL_OK)
 482:Core/Src/main.c ****   {
 483:Core/Src/main.c ****     Error_Handler();
 484:Core/Src/main.c ****   }
 485:Core/Src/main.c ****   sClockSourceConfig.ClockSource = TIM_CLOCKSOURCE_INTERNAL;
 486:Core/Src/main.c ****   if (HAL_TIM_ConfigClockSource(&htim3, &sClockSourceConfig) != HAL_OK)
 487:Core/Src/main.c ****   {
 488:Core/Src/main.c ****     Error_Handler();
 489:Core/Src/main.c ****   }
 490:Core/Src/main.c ****   if (HAL_TIM_PWM_Init(&htim3) != HAL_OK)
 491:Core/Src/main.c ****   {
 492:Core/Src/main.c ****     Error_Handler();
 493:Core/Src/main.c ****   }
 494:Core/Src/main.c ****   sMasterConfig.MasterOutputTrigger = TIM_TRGO_RESET;
 495:Core/Src/main.c ****   sMasterConfig.MasterSlaveMode = TIM_MASTERSLAVEMODE_DISABLE;
 496:Core/Src/main.c ****   if (HAL_TIMEx_MasterConfigSynchronization(&htim3, &sMasterConfig) != HAL_OK)
 497:Core/Src/main.c ****   {
 498:Core/Src/main.c ****     Error_Handler();
ARM GAS  /tmp/ccKWmiiR.s 			page 11


 499:Core/Src/main.c ****   }
 500:Core/Src/main.c ****   sConfigOC.OCMode = TIM_OCMODE_PWM1;
 501:Core/Src/main.c ****   sConfigOC.Pulse = 0;
 502:Core/Src/main.c ****   sConfigOC.OCPolarity = TIM_OCPOLARITY_HIGH;
 503:Core/Src/main.c ****   sConfigOC.OCFastMode = TIM_OCFAST_DISABLE;
 504:Core/Src/main.c ****   if (HAL_TIM_PWM_ConfigChannel(&htim3, &sConfigOC, TIM_CHANNEL_1) != HAL_OK)
 505:Core/Src/main.c ****   {
 506:Core/Src/main.c ****     Error_Handler();
 507:Core/Src/main.c ****   }
 508:Core/Src/main.c ****   if (HAL_TIM_PWM_ConfigChannel(&htim3, &sConfigOC, TIM_CHANNEL_2) != HAL_OK)
 509:Core/Src/main.c ****   {
 510:Core/Src/main.c ****     Error_Handler();
 511:Core/Src/main.c ****   }
 512:Core/Src/main.c ****   if (HAL_TIM_PWM_ConfigChannel(&htim3, &sConfigOC, TIM_CHANNEL_3) != HAL_OK)
 513:Core/Src/main.c ****   {
 514:Core/Src/main.c ****     Error_Handler();
 515:Core/Src/main.c ****   }
 516:Core/Src/main.c ****   if (HAL_TIM_PWM_ConfigChannel(&htim3, &sConfigOC, TIM_CHANNEL_4) != HAL_OK)
 517:Core/Src/main.c ****   {
 518:Core/Src/main.c ****     Error_Handler();
 519:Core/Src/main.c ****   }
 520:Core/Src/main.c ****   /* USER CODE BEGIN TIM3_Init 2 */
 521:Core/Src/main.c **** 
 522:Core/Src/main.c ****   /* USER CODE END TIM3_Init 2 */
 523:Core/Src/main.c ****   HAL_TIM_MspPostInit(&htim3);
 524:Core/Src/main.c **** 
 525:Core/Src/main.c **** }
 526:Core/Src/main.c **** 
 527:Core/Src/main.c **** /**
 528:Core/Src/main.c ****   * @brief TIM4 Initialization Function
 529:Core/Src/main.c ****   * @param None
 530:Core/Src/main.c ****   * @retval None
 531:Core/Src/main.c ****   */
 532:Core/Src/main.c **** static void MX_TIM4_Init(void)
 533:Core/Src/main.c **** {
 534:Core/Src/main.c **** 
 535:Core/Src/main.c ****   /* USER CODE BEGIN TIM4_Init 0 */
 536:Core/Src/main.c **** 
 537:Core/Src/main.c ****   /* USER CODE END TIM4_Init 0 */
 538:Core/Src/main.c **** 
 539:Core/Src/main.c ****   TIM_ClockConfigTypeDef sClockSourceConfig = {0};
 540:Core/Src/main.c ****   TIM_MasterConfigTypeDef sMasterConfig = {0};
 541:Core/Src/main.c ****   TIM_OC_InitTypeDef sConfigOC = {0};
 542:Core/Src/main.c **** 
 543:Core/Src/main.c ****   /* USER CODE BEGIN TIM4_Init 1 */
 544:Core/Src/main.c **** 
 545:Core/Src/main.c ****   /* USER CODE END TIM4_Init 1 */
 546:Core/Src/main.c ****   htim4.Instance = TIM4;
 547:Core/Src/main.c ****   htim4.Init.Prescaler = 179;
 548:Core/Src/main.c ****   htim4.Init.CounterMode = TIM_COUNTERMODE_UP;
 549:Core/Src/main.c ****   htim4.Init.Period = 9999;
 550:Core/Src/main.c ****   htim4.Init.ClockDivision = TIM_CLOCKDIVISION_DIV1;
 551:Core/Src/main.c ****   htim4.Init.AutoReloadPreload = TIM_AUTORELOAD_PRELOAD_DISABLE;
 552:Core/Src/main.c ****   if (HAL_TIM_Base_Init(&htim4) != HAL_OK)
 553:Core/Src/main.c ****   {
 554:Core/Src/main.c ****     Error_Handler();
 555:Core/Src/main.c ****   }
ARM GAS  /tmp/ccKWmiiR.s 			page 12


 556:Core/Src/main.c ****   sClockSourceConfig.ClockSource = TIM_CLOCKSOURCE_INTERNAL;
 557:Core/Src/main.c ****   if (HAL_TIM_ConfigClockSource(&htim4, &sClockSourceConfig) != HAL_OK)
 558:Core/Src/main.c ****   {
 559:Core/Src/main.c ****     Error_Handler();
 560:Core/Src/main.c ****   }
 561:Core/Src/main.c ****   if (HAL_TIM_PWM_Init(&htim4) != HAL_OK)
 562:Core/Src/main.c ****   {
 563:Core/Src/main.c ****     Error_Handler();
 564:Core/Src/main.c ****   }
 565:Core/Src/main.c ****   sMasterConfig.MasterOutputTrigger = TIM_TRGO_RESET;
 566:Core/Src/main.c ****   sMasterConfig.MasterSlaveMode = TIM_MASTERSLAVEMODE_DISABLE;
 567:Core/Src/main.c ****   if (HAL_TIMEx_MasterConfigSynchronization(&htim4, &sMasterConfig) != HAL_OK)
 568:Core/Src/main.c ****   {
 569:Core/Src/main.c ****     Error_Handler();
 570:Core/Src/main.c ****   }
 571:Core/Src/main.c ****   sConfigOC.OCMode = TIM_OCMODE_PWM1;
 572:Core/Src/main.c ****   sConfigOC.Pulse = 0;
 573:Core/Src/main.c ****   sConfigOC.OCPolarity = TIM_OCPOLARITY_HIGH;
 574:Core/Src/main.c ****   sConfigOC.OCFastMode = TIM_OCFAST_DISABLE;
 575:Core/Src/main.c ****   if (HAL_TIM_PWM_ConfigChannel(&htim4, &sConfigOC, TIM_CHANNEL_1) != HAL_OK)
 576:Core/Src/main.c ****   {
 577:Core/Src/main.c ****     Error_Handler();
 578:Core/Src/main.c ****   }
 579:Core/Src/main.c ****   if (HAL_TIM_PWM_ConfigChannel(&htim4, &sConfigOC, TIM_CHANNEL_2) != HAL_OK)
 580:Core/Src/main.c ****   {
 581:Core/Src/main.c ****     Error_Handler();
 582:Core/Src/main.c ****   }
 583:Core/Src/main.c ****   /* USER CODE BEGIN TIM4_Init 2 */
 584:Core/Src/main.c **** 
 585:Core/Src/main.c ****   /* USER CODE END TIM4_Init 2 */
 586:Core/Src/main.c ****   HAL_TIM_MspPostInit(&htim4);
 587:Core/Src/main.c **** 
 588:Core/Src/main.c **** }
 589:Core/Src/main.c **** 
 590:Core/Src/main.c **** /**
 591:Core/Src/main.c ****   * @brief USART1 Initialization Function
 592:Core/Src/main.c ****   * @param None
 593:Core/Src/main.c ****   * @retval None
 594:Core/Src/main.c ****   */
 595:Core/Src/main.c **** static void MX_USART1_UART_Init(void)
 596:Core/Src/main.c **** {
 597:Core/Src/main.c **** 
 598:Core/Src/main.c ****   /* USER CODE BEGIN USART1_Init 0 */
 599:Core/Src/main.c **** 
 600:Core/Src/main.c ****   /* USER CODE END USART1_Init 0 */
 601:Core/Src/main.c **** 
 602:Core/Src/main.c ****   /* USER CODE BEGIN USART1_Init 1 */
 603:Core/Src/main.c **** 
 604:Core/Src/main.c ****   /* USER CODE END USART1_Init 1 */
 605:Core/Src/main.c ****   huart1.Instance = USART1;
 606:Core/Src/main.c ****   huart1.Init.BaudRate = 9600;
 607:Core/Src/main.c ****   huart1.Init.WordLength = UART_WORDLENGTH_8B;
 608:Core/Src/main.c ****   huart1.Init.StopBits = UART_STOPBITS_1;
 609:Core/Src/main.c ****   huart1.Init.Parity = UART_PARITY_NONE;
 610:Core/Src/main.c ****   huart1.Init.Mode = UART_MODE_TX_RX;
 611:Core/Src/main.c ****   huart1.Init.HwFlowCtl = UART_HWCONTROL_NONE;
 612:Core/Src/main.c ****   huart1.Init.OverSampling = UART_OVERSAMPLING_16;
ARM GAS  /tmp/ccKWmiiR.s 			page 13


 613:Core/Src/main.c ****   if (HAL_UART_Init(&huart1) != HAL_OK)
 614:Core/Src/main.c ****   {
 615:Core/Src/main.c ****     Error_Handler();
 616:Core/Src/main.c ****   }
 617:Core/Src/main.c ****   /* USER CODE BEGIN USART1_Init 2 */
 618:Core/Src/main.c **** 
 619:Core/Src/main.c ****   /* USER CODE END USART1_Init 2 */
 620:Core/Src/main.c **** 
 621:Core/Src/main.c **** }
 622:Core/Src/main.c **** /**
 623:Core/Src/main.c ****   * @brief USART2 Initialization Function
 624:Core/Src/main.c ****   * @param None
 625:Core/Src/main.c ****   * @retval None
 626:Core/Src/main.c ****   */
 627:Core/Src/main.c **** static void MX_USART2_UART_Init(void)
 628:Core/Src/main.c **** {
 629:Core/Src/main.c **** 
 630:Core/Src/main.c ****   /* USER CODE BEGIN USART2_Init 0 */
 631:Core/Src/main.c **** 
 632:Core/Src/main.c ****   /* USER CODE END USART2_Init 0 */
 633:Core/Src/main.c **** 
 634:Core/Src/main.c ****   /* USER CODE BEGIN USART2_Init 1 */
 635:Core/Src/main.c **** 
 636:Core/Src/main.c ****   /* USER CODE END USART2_Init 1 */
 637:Core/Src/main.c ****   huart2.Instance = USART2;
 638:Core/Src/main.c ****   huart2.Init.BaudRate = 115200;
 639:Core/Src/main.c ****   huart2.Init.WordLength = UART_WORDLENGTH_8B;
 640:Core/Src/main.c ****   huart2.Init.StopBits = UART_STOPBITS_1;
 641:Core/Src/main.c ****   huart2.Init.Parity = UART_PARITY_NONE;
 642:Core/Src/main.c ****   huart2.Init.Mode = UART_MODE_TX_RX;
 643:Core/Src/main.c ****   huart2.Init.HwFlowCtl = UART_HWCONTROL_NONE;
 644:Core/Src/main.c ****   huart2.Init.OverSampling = UART_OVERSAMPLING_16;
 645:Core/Src/main.c ****   if (HAL_UART_Init(&huart2) != HAL_OK)
 646:Core/Src/main.c ****   {
 647:Core/Src/main.c ****     Error_Handler();
 648:Core/Src/main.c ****   }
 649:Core/Src/main.c ****   /* USER CODE BEGIN USART2_Init 2 */
 650:Core/Src/main.c **** 
 651:Core/Src/main.c ****   /* USER CODE END USART2_Init 2 */
 652:Core/Src/main.c **** 
 653:Core/Src/main.c **** }
 654:Core/Src/main.c **** 
 655:Core/Src/main.c **** /**
 656:Core/Src/main.c ****   * @brief GPIO Initialization Function
 657:Core/Src/main.c ****   * @param None
 658:Core/Src/main.c ****   * @retval None
 659:Core/Src/main.c ****   */
 660:Core/Src/main.c **** static void MX_GPIO_Init(void)
 661:Core/Src/main.c **** {
  76              		.loc 1 661 1 view -0
  77              		.cfi_startproc
  78              		@ args = 0, pretend = 0, frame = 40
  79              		@ frame_needed = 0, uses_anonymous_args = 0
  80 0000 30B5     		push	{r4, r5, lr}
  81              	.LCFI0:
  82              		.cfi_def_cfa_offset 12
  83              		.cfi_offset 4, -12
ARM GAS  /tmp/ccKWmiiR.s 			page 14


  84              		.cfi_offset 5, -8
  85              		.cfi_offset 14, -4
  86 0002 8BB0     		sub	sp, sp, #44
  87              	.LCFI1:
  88              		.cfi_def_cfa_offset 56
 662:Core/Src/main.c ****   GPIO_InitTypeDef GPIO_InitStruct = {0};
  89              		.loc 1 662 3 view .LVU9
  90              		.loc 1 662 20 is_stmt 0 view .LVU10
  91 0004 0024     		movs	r4, #0
  92 0006 0594     		str	r4, [sp, #20]
  93 0008 0694     		str	r4, [sp, #24]
  94 000a 0794     		str	r4, [sp, #28]
  95 000c 0894     		str	r4, [sp, #32]
  96 000e 0994     		str	r4, [sp, #36]
 663:Core/Src/main.c **** /* USER CODE BEGIN MX_GPIO_Init_1 */
 664:Core/Src/main.c **** /* USER CODE END MX_GPIO_Init_1 */
 665:Core/Src/main.c **** 
 666:Core/Src/main.c ****   /* GPIO Ports Clock Enable */
 667:Core/Src/main.c ****   __HAL_RCC_GPIOC_CLK_ENABLE();
  97              		.loc 1 667 3 is_stmt 1 view .LVU11
  98              	.LBB4:
  99              		.loc 1 667 3 view .LVU12
 100 0010 0194     		str	r4, [sp, #4]
 101              		.loc 1 667 3 view .LVU13
 102 0012 224B     		ldr	r3, .L7
 103 0014 1A6B     		ldr	r2, [r3, #48]
 104 0016 42F00402 		orr	r2, r2, #4
 105 001a 1A63     		str	r2, [r3, #48]
 106              		.loc 1 667 3 view .LVU14
 107 001c 1A6B     		ldr	r2, [r3, #48]
 108 001e 02F00402 		and	r2, r2, #4
 109 0022 0192     		str	r2, [sp, #4]
 110              		.loc 1 667 3 view .LVU15
 111 0024 019A     		ldr	r2, [sp, #4]
 112              	.LBE4:
 113              		.loc 1 667 3 view .LVU16
 668:Core/Src/main.c ****   __HAL_RCC_GPIOH_CLK_ENABLE();
 114              		.loc 1 668 3 view .LVU17
 115              	.LBB5:
 116              		.loc 1 668 3 view .LVU18
 117 0026 0294     		str	r4, [sp, #8]
 118              		.loc 1 668 3 view .LVU19
 119 0028 1A6B     		ldr	r2, [r3, #48]
 120 002a 42F08002 		orr	r2, r2, #128
 121 002e 1A63     		str	r2, [r3, #48]
 122              		.loc 1 668 3 view .LVU20
 123 0030 1A6B     		ldr	r2, [r3, #48]
 124 0032 02F08002 		and	r2, r2, #128
 125 0036 0292     		str	r2, [sp, #8]
 126              		.loc 1 668 3 view .LVU21
 127 0038 029A     		ldr	r2, [sp, #8]
 128              	.LBE5:
 129              		.loc 1 668 3 view .LVU22
 669:Core/Src/main.c ****   __HAL_RCC_GPIOA_CLK_ENABLE();
 130              		.loc 1 669 3 view .LVU23
 131              	.LBB6:
 132              		.loc 1 669 3 view .LVU24
ARM GAS  /tmp/ccKWmiiR.s 			page 15


 133 003a 0394     		str	r4, [sp, #12]
 134              		.loc 1 669 3 view .LVU25
 135 003c 1A6B     		ldr	r2, [r3, #48]
 136 003e 42F00102 		orr	r2, r2, #1
 137 0042 1A63     		str	r2, [r3, #48]
 138              		.loc 1 669 3 view .LVU26
 139 0044 1A6B     		ldr	r2, [r3, #48]
 140 0046 02F00102 		and	r2, r2, #1
 141 004a 0392     		str	r2, [sp, #12]
 142              		.loc 1 669 3 view .LVU27
 143 004c 039A     		ldr	r2, [sp, #12]
 144              	.LBE6:
 145              		.loc 1 669 3 view .LVU28
 670:Core/Src/main.c ****   __HAL_RCC_GPIOB_CLK_ENABLE();
 146              		.loc 1 670 3 view .LVU29
 147              	.LBB7:
 148              		.loc 1 670 3 view .LVU30
 149 004e 0494     		str	r4, [sp, #16]
 150              		.loc 1 670 3 view .LVU31
 151 0050 1A6B     		ldr	r2, [r3, #48]
 152 0052 42F00202 		orr	r2, r2, #2
 153 0056 1A63     		str	r2, [r3, #48]
 154              		.loc 1 670 3 view .LVU32
 155 0058 1B6B     		ldr	r3, [r3, #48]
 156 005a 03F00203 		and	r3, r3, #2
 157 005e 0493     		str	r3, [sp, #16]
 158              		.loc 1 670 3 view .LVU33
 159 0060 049B     		ldr	r3, [sp, #16]
 160              	.LBE7:
 161              		.loc 1 670 3 view .LVU34
 671:Core/Src/main.c **** 
 672:Core/Src/main.c ****   /*Configure GPIO pin Output Level */
 673:Core/Src/main.c ****   HAL_GPIO_WritePin(LD2_GPIO_Port, LD2_Pin, GPIO_PIN_RESET);
 162              		.loc 1 673 3 view .LVU35
 163 0062 0F4D     		ldr	r5, .L7+4
 164 0064 2246     		mov	r2, r4
 165 0066 2021     		movs	r1, #32
 166 0068 2846     		mov	r0, r5
 167 006a FFF7FEFF 		bl	HAL_GPIO_WritePin
 168              	.LVL2:
 674:Core/Src/main.c **** 
 675:Core/Src/main.c ****   /*Configure GPIO pin : B1_Pin */
 676:Core/Src/main.c ****   GPIO_InitStruct.Pin = B1_Pin;
 169              		.loc 1 676 3 view .LVU36
 170              		.loc 1 676 23 is_stmt 0 view .LVU37
 171 006e 4FF40053 		mov	r3, #8192
 172 0072 0593     		str	r3, [sp, #20]
 677:Core/Src/main.c ****   GPIO_InitStruct.Mode = GPIO_MODE_IT_FALLING;
 173              		.loc 1 677 3 is_stmt 1 view .LVU38
 174              		.loc 1 677 24 is_stmt 0 view .LVU39
 175 0074 4FF40413 		mov	r3, #2162688
 176 0078 0693     		str	r3, [sp, #24]
 678:Core/Src/main.c ****   GPIO_InitStruct.Pull = GPIO_NOPULL;
 177              		.loc 1 678 3 is_stmt 1 view .LVU40
 178              		.loc 1 678 24 is_stmt 0 view .LVU41
 179 007a 0794     		str	r4, [sp, #28]
 679:Core/Src/main.c ****   HAL_GPIO_Init(B1_GPIO_Port, &GPIO_InitStruct);
ARM GAS  /tmp/ccKWmiiR.s 			page 16


 180              		.loc 1 679 3 is_stmt 1 view .LVU42
 181 007c 05A9     		add	r1, sp, #20
 182 007e 0948     		ldr	r0, .L7+8
 183 0080 FFF7FEFF 		bl	HAL_GPIO_Init
 184              	.LVL3:
 680:Core/Src/main.c **** 
 681:Core/Src/main.c ****   /*Configure GPIO pin : LD2_Pin */
 682:Core/Src/main.c ****   GPIO_InitStruct.Pin = LD2_Pin;
 185              		.loc 1 682 3 view .LVU43
 186              		.loc 1 682 23 is_stmt 0 view .LVU44
 187 0084 2023     		movs	r3, #32
 188 0086 0593     		str	r3, [sp, #20]
 683:Core/Src/main.c ****   GPIO_InitStruct.Mode = GPIO_MODE_OUTPUT_PP;
 189              		.loc 1 683 3 is_stmt 1 view .LVU45
 190              		.loc 1 683 24 is_stmt 0 view .LVU46
 191 0088 0123     		movs	r3, #1
 192 008a 0693     		str	r3, [sp, #24]
 684:Core/Src/main.c ****   GPIO_InitStruct.Pull = GPIO_NOPULL;
 193              		.loc 1 684 3 is_stmt 1 view .LVU47
 194              		.loc 1 684 24 is_stmt 0 view .LVU48
 195 008c 0794     		str	r4, [sp, #28]
 685:Core/Src/main.c ****   GPIO_InitStruct.Speed = GPIO_SPEED_FREQ_LOW;
 196              		.loc 1 685 3 is_stmt 1 view .LVU49
 197              		.loc 1 685 25 is_stmt 0 view .LVU50
 198 008e 0894     		str	r4, [sp, #32]
 686:Core/Src/main.c ****   HAL_GPIO_Init(LD2_GPIO_Port, &GPIO_InitStruct);
 199              		.loc 1 686 3 is_stmt 1 view .LVU51
 200 0090 05A9     		add	r1, sp, #20
 201 0092 2846     		mov	r0, r5
 202 0094 FFF7FEFF 		bl	HAL_GPIO_Init
 203              	.LVL4:
 687:Core/Src/main.c **** 
 688:Core/Src/main.c **** /* USER CODE BEGIN MX_GPIO_Init_2 */
 689:Core/Src/main.c **** /* USER CODE END MX_GPIO_Init_2 */
 690:Core/Src/main.c **** }
 204              		.loc 1 690 1 is_stmt 0 view .LVU52
 205 0098 0BB0     		add	sp, sp, #44
 206              	.LCFI2:
 207              		.cfi_def_cfa_offset 12
 208              		@ sp needed
 209 009a 30BD     		pop	{r4, r5, pc}
 210              	.L8:
 211              		.align	2
 212              	.L7:
 213 009c 00380240 		.word	1073887232
 214 00a0 00000240 		.word	1073872896
 215 00a4 00080240 		.word	1073874944
 216              		.cfi_endproc
 217              	.LFE159:
 219              		.section	.text.barcodeReader,"ax",%progbits
 220              		.align	1
 221              		.global	barcodeReader
 222              		.syntax unified
 223              		.thumb
 224              		.thumb_func
 226              	barcodeReader:
 227              	.LFB145:
ARM GAS  /tmp/ccKWmiiR.s 			page 17


 230:Core/Src/main.c **** 
 228              		.loc 1 230 35 is_stmt 1 view -0
 229              		.cfi_startproc
 230              		@ Volatile: function does not return.
 231              		@ args = 0, pretend = 0, frame = 0
 232              		@ frame_needed = 0, uses_anonymous_args = 0
 233              	.LVL5:
 230:Core/Src/main.c **** 
 234              		.loc 1 230 35 is_stmt 0 view .LVU54
 235 0000 08B5     		push	{r3, lr}
 236              	.LCFI3:
 237              		.cfi_def_cfa_offset 8
 238              		.cfi_offset 3, -8
 239              		.cfi_offset 14, -4
 240              	.LVL6:
 241              	.L10:
 232:Core/Src/main.c ****         if (data_received) {
 242              		.loc 1 232 3 is_stmt 1 view .LVU55
 233:Core/Src/main.c ****             data_received = 0;  // Reset flag
 243              		.loc 1 233 9 view .LVU56
 233:Core/Src/main.c ****             data_received = 0;  // Reset flag
 244              		.loc 1 233 13 is_stmt 0 view .LVU57
 245 0002 064B     		ldr	r3, .L13
 246 0004 1B68     		ldr	r3, [r3]
 233:Core/Src/main.c ****             data_received = 0;  // Reset flag
 247              		.loc 1 233 12 view .LVU58
 248 0006 002B     		cmp	r3, #0
 249 0008 FBD0     		beq	.L10
 234:Core/Src/main.c ****             Process_QR_Data(qr_data);  // Process the QR code data
 250              		.loc 1 234 13 is_stmt 1 view .LVU59
 234:Core/Src/main.c ****             Process_QR_Data(qr_data);  // Process the QR code data
 251              		.loc 1 234 27 is_stmt 0 view .LVU60
 252 000a 044B     		ldr	r3, .L13
 253 000c 0022     		movs	r2, #0
 254 000e 1A60     		str	r2, [r3]
 235:Core/Src/main.c ****             QR_Scanner_Read();         // Re-initiate QR data read
 255              		.loc 1 235 13 is_stmt 1 view .LVU61
 256 0010 0348     		ldr	r0, .L13+4
 257 0012 FFF7FEFF 		bl	Process_QR_Data
 258              	.LVL7:
 236:Core/Src/main.c ****         }
 259              		.loc 1 236 13 view .LVU62
 260 0016 FFF7FEFF 		bl	QR_Scanner_Read
 261              	.LVL8:
 262 001a F2E7     		b	.L10
 263              	.L14:
 264              		.align	2
 265              	.L13:
 266 001c 00000000 		.word	data_received
 267 0020 00000000 		.word	qr_data
 268              		.cfi_endproc
 269              	.LFE145:
 271              		.section	.rodata.bluetooth_comm.str1.4,"aMS",%progbits,1
 272              		.align	2
 273              	.LC0:
 274 0000 52656365 		.ascii	"Received: %s\012\000"
 274      69766564 
ARM GAS  /tmp/ccKWmiiR.s 			page 18


 274      3A202573 
 274      0A00
 275 000e 0000     		.align	2
 276              	.LC1:
 277 0010 48656C6C 		.ascii	"Hello from STM32F411RE!\000"
 277      6F206672 
 277      6F6D2053 
 277      544D3332 
 277      46343131 
 278              		.section	.text.bluetooth_comm,"ax",%progbits
 279              		.align	1
 280              		.global	bluetooth_comm
 281              		.syntax unified
 282              		.thumb
 283              		.thumb_func
 285              	bluetooth_comm:
 286              	.LVL9:
 287              	.LFB148:
 257:Core/Src/main.c **** 
 288              		.loc 1 257 36 view -0
 289              		.cfi_startproc
 290              		@ Volatile: function does not return.
 291              		@ args = 0, pretend = 0, frame = 0
 292              		@ frame_needed = 0, uses_anonymous_args = 0
 257:Core/Src/main.c **** 
 293              		.loc 1 257 36 is_stmt 0 view .LVU64
 294 0000 08B5     		push	{r3, lr}
 295              	.LCFI4:
 296              		.cfi_def_cfa_offset 8
 297              		.cfi_offset 3, -8
 298              		.cfi_offset 14, -4
 260:Core/Src/main.c **** 
 299              		.loc 1 260 5 is_stmt 1 view .LVU65
 300 0002 6422     		movs	r2, #100
 301 0004 0B49     		ldr	r1, .L20
 302 0006 0C48     		ldr	r0, .L20+4
 303              	.LVL10:
 260:Core/Src/main.c **** 
 304              		.loc 1 260 5 is_stmt 0 view .LVU66
 305 0008 FFF7FEFF 		bl	HAL_UART_Receive_IT
 306              	.LVL11:
 307 000c 0DE0     		b	.L17
 308              	.L19:
 265:Core/Src/main.c ****             received = 0;  // Clear the flag
 309              		.loc 1 265 13 is_stmt 1 view .LVU67
 310 000e 0949     		ldr	r1, .L20
 311 0010 0A48     		ldr	r0, .L20+8
 312 0012 FFF7FEFF 		bl	printf
 313              	.LVL12:
 266:Core/Src/main.c ****         }
 314              		.loc 1 266 13 view .LVU68
 266:Core/Src/main.c ****         }
 315              		.loc 1 266 22 is_stmt 0 view .LVU69
 316 0016 0A4B     		ldr	r3, .L20+12
 317 0018 0022     		movs	r2, #0
 318 001a 1A70     		strb	r2, [r3]
 319              	.L16:
ARM GAS  /tmp/ccKWmiiR.s 			page 19


 270:Core/Src/main.c **** 
 320              		.loc 1 270 9 is_stmt 1 view .LVU70
 321 001c 0948     		ldr	r0, .L20+16
 322 001e FFF7FEFF 		bl	sendBluetoothData_IT
 323              	.LVL13:
 273:Core/Src/main.c ****   
 324              		.loc 1 273 9 view .LVU71
 325 0022 4FF47A70 		mov	r0, #1000
 326 0026 FFF7FEFF 		bl	vTaskDelay
 327              	.LVL14:
 262:Core/Src/main.c ****         // Check if data was received
 328              		.loc 1 262 8 view .LVU72
 329              	.L17:
 262:Core/Src/main.c ****         // Check if data was received
 330              		.loc 1 262 3 view .LVU73
 264:Core/Src/main.c ****             printf("Received: %s\n", rxBuffer);
 331              		.loc 1 264 9 view .LVU74
 264:Core/Src/main.c ****             printf("Received: %s\n", rxBuffer);
 332              		.loc 1 264 13 is_stmt 0 view .LVU75
 333 002a 054B     		ldr	r3, .L20+12
 334 002c 1B78     		ldrb	r3, [r3]	@ zero_extendqisi2
 264:Core/Src/main.c ****             printf("Received: %s\n", rxBuffer);
 335              		.loc 1 264 12 view .LVU76
 336 002e 002B     		cmp	r3, #0
 337 0030 EDD1     		bne	.L19
 338 0032 F3E7     		b	.L16
 339              	.L21:
 340              		.align	2
 341              	.L20:
 342 0034 00000000 		.word	rxBuffer
 343 0038 00000000 		.word	.LANCHOR0
 344 003c 00000000 		.word	.LC0
 345 0040 00000000 		.word	received
 346 0044 10000000 		.word	.LC1
 347              		.cfi_endproc
 348              	.LFE148:
 350              		.section	.rodata.clearScreen.str1.4,"aMS",%progbits,1
 351              		.align	2
 352              	.LC2:
 353 0000 1B5B324A 		.ascii	"\033[2J\033[H\000"
 353      1B5B4800 
 354              		.section	.text.clearScreen,"ax",%progbits
 355              		.align	1
 356              		.global	clearScreen
 357              		.syntax unified
 358              		.thumb
 359              		.thumb_func
 361              	clearScreen:
 362              	.LFB149:
 280:Core/Src/main.c ****   for (;;) {
 363              		.loc 1 280 34 is_stmt 1 view -0
 364              		.cfi_startproc
 365              		@ args = 0, pretend = 0, frame = 0
 366              		@ frame_needed = 0, uses_anonymous_args = 0
 367              	.LVL15:
 280:Core/Src/main.c ****   for (;;) {
 368              		.loc 1 280 34 is_stmt 0 view .LVU78
ARM GAS  /tmp/ccKWmiiR.s 			page 20


 369 0000 08B5     		push	{r3, lr}
 370              	.LCFI5:
 371              		.cfi_def_cfa_offset 8
 372              		.cfi_offset 3, -8
 373              		.cfi_offset 14, -4
 374              	.LVL16:
 375              	.L23:
 281:Core/Src/main.c ****     if (HAL_GPIO_ReadPin(GPIOC, GPIO_PIN_13) == GPIO_PIN_RESET) {
 376              		.loc 1 281 3 is_stmt 1 view .LVU79
 282:Core/Src/main.c **** 
 377              		.loc 1 282 5 view .LVU80
 282:Core/Src/main.c **** 
 378              		.loc 1 282 9 is_stmt 0 view .LVU81
 379 0002 4FF40051 		mov	r1, #8192
 380 0006 0848     		ldr	r0, .L26
 381 0008 FFF7FEFF 		bl	HAL_GPIO_ReadPin
 382              	.LVL17:
 282:Core/Src/main.c **** 
 383              		.loc 1 282 8 view .LVU82
 384 000c 0028     		cmp	r0, #0
 385 000e F8D1     		bne	.L23
 386              	.LBB8:
 285:Core/Src/main.c ****       HAL_UART_Transmit(&huart2, (uint8_t*) clearCommand, strlen(clearCommand),
 387              		.loc 1 285 7 is_stmt 1 view .LVU83
 388              	.LVL18:
 286:Core/Src/main.c ****       HAL_MAX_DELAY);
 389              		.loc 1 286 7 view .LVU84
 390 0010 4FF0FF33 		mov	r3, #-1
 391 0014 0722     		movs	r2, #7
 392 0016 0549     		ldr	r1, .L26+4
 393 0018 0548     		ldr	r0, .L26+8
 394 001a FFF7FEFF 		bl	HAL_UART_Transmit
 395              	.LVL19:
 289:Core/Src/main.c ****     }
 396              		.loc 1 289 7 view .LVU85
 397 001e C820     		movs	r0, #200
 398 0020 FFF7FEFF 		bl	vTaskDelay
 399              	.LVL20:
 400 0024 EDE7     		b	.L23
 401              	.L27:
 402 0026 00BF     		.align	2
 403              	.L26:
 404 0028 00080240 		.word	1073874944
 405 002c 00000000 		.word	.LC2
 406 0030 00000000 		.word	.LANCHOR1
 407              	.LBE8:
 408              		.cfi_endproc
 409              	.LFE149:
 411              		.section	.rodata.TaskAdd.str1.4,"aMS",%progbits,1
 412              		.align	2
 413              	.LC3:
 414 0000 2D2D2D2D 		.ascii	"---->%s Added\015\012\000"
 414      3E257320 
 414      41646465 
 414      640D0A00 
 415              		.align	2
 416              	.LC4:
ARM GAS  /tmp/ccKWmiiR.s 			page 21


 417 0010 2D2D2D2D 		.ascii	"---->Failed to add %s\015\012\000"
 417      3E466169 
 417      6C656420 
 417      746F2061 
 417      64642025 
 418              		.section	.text.TaskAdd,"ax",%progbits
 419              		.align	1
 420              		.global	TaskAdd
 421              		.syntax unified
 422              		.thumb
 423              		.thumb_func
 425              	TaskAdd:
 426              	.LVL21:
 427              	.LFB141:
 114:Core/Src/main.c ****   BaseType_t retValue = xTaskCreate(FunctionName, TaskName, StackSize,
 428              		.loc 1 114 1 view -0
 429              		.cfi_startproc
 430              		@ args = 8, pretend = 0, frame = 0
 431              		@ frame_needed = 0, uses_anonymous_args = 0
 114:Core/Src/main.c ****   BaseType_t retValue = xTaskCreate(FunctionName, TaskName, StackSize,
 432              		.loc 1 114 1 is_stmt 0 view .LVU87
 433 0000 70B5     		push	{r4, r5, r6, lr}
 434              	.LCFI6:
 435              		.cfi_def_cfa_offset 16
 436              		.cfi_offset 4, -16
 437              		.cfi_offset 5, -12
 438              		.cfi_offset 6, -8
 439              		.cfi_offset 14, -4
 440 0002 82B0     		sub	sp, sp, #8
 441              	.LCFI7:
 442              		.cfi_def_cfa_offset 24
 443 0004 0C46     		mov	r4, r1
 444 0006 079D     		ldr	r5, [sp, #28]
 115:Core/Src/main.c ****       pvParameters, uxPriority, TaskHandle);
 445              		.loc 1 115 3 is_stmt 1 view .LVU88
 115:Core/Src/main.c ****       pvParameters, uxPriority, TaskHandle);
 446              		.loc 1 115 25 is_stmt 0 view .LVU89
 447 0008 0195     		str	r5, [sp, #4]
 448 000a 069E     		ldr	r6, [sp, #24]
 449 000c 0096     		str	r6, [sp]
 450 000e FFF7FEFF 		bl	xTaskCreate
 451              	.LVL22:
 117:Core/Src/main.c ****     printf("---->%s Added\r\n", pcTaskGetName(*TaskHandle));
 452              		.loc 1 117 3 is_stmt 1 view .LVU90
 117:Core/Src/main.c ****     printf("---->%s Added\r\n", pcTaskGetName(*TaskHandle));
 453              		.loc 1 117 6 is_stmt 0 view .LVU91
 454 0012 0128     		cmp	r0, #1
 455 0014 06D0     		beq	.L32
 121:Core/Src/main.c ****   }
 456              		.loc 1 121 5 is_stmt 1 view .LVU92
 457 0016 2146     		mov	r1, r4
 458 0018 0748     		ldr	r0, .L33
 459              	.LVL23:
 121:Core/Src/main.c ****   }
 460              		.loc 1 121 5 is_stmt 0 view .LVU93
 461 001a FFF7FEFF 		bl	printf
 462              	.LVL24:
ARM GAS  /tmp/ccKWmiiR.s 			page 22


 123:Core/Src/main.c **** }
 463              		.loc 1 123 3 is_stmt 1 view .LVU94
 123:Core/Src/main.c **** }
 464              		.loc 1 123 10 is_stmt 0 view .LVU95
 465 001e 0120     		movs	r0, #1
 466              	.L30:
 124:Core/Src/main.c **** 
 467              		.loc 1 124 1 view .LVU96
 468 0020 02B0     		add	sp, sp, #8
 469              	.LCFI8:
 470              		.cfi_remember_state
 471              		.cfi_def_cfa_offset 16
 472              		@ sp needed
 473 0022 70BD     		pop	{r4, r5, r6, pc}
 474              	.LVL25:
 475              	.L32:
 476              	.LCFI9:
 477              		.cfi_restore_state
 118:Core/Src/main.c ****     return 0;
 478              		.loc 1 118 5 is_stmt 1 view .LVU97
 479 0024 2868     		ldr	r0, [r5]
 480              	.LVL26:
 118:Core/Src/main.c ****     return 0;
 481              		.loc 1 118 5 is_stmt 0 view .LVU98
 482 0026 FFF7FEFF 		bl	pcTaskGetName
 483              	.LVL27:
 484 002a 0146     		mov	r1, r0
 485 002c 0348     		ldr	r0, .L33+4
 486 002e FFF7FEFF 		bl	printf
 487              	.LVL28:
 119:Core/Src/main.c ****   } else {
 488              		.loc 1 119 5 is_stmt 1 view .LVU99
 119:Core/Src/main.c ****   } else {
 489              		.loc 1 119 12 is_stmt 0 view .LVU100
 490 0032 0020     		movs	r0, #0
 491 0034 F4E7     		b	.L30
 492              	.L34:
 493 0036 00BF     		.align	2
 494              	.L33:
 495 0038 10000000 		.word	.LC4
 496 003c 00000000 		.word	.LC3
 497              		.cfi_endproc
 498              	.LFE141:
 500              		.section	.rodata.KillTask.str1.4,"aMS",%progbits,1
 501              		.align	2
 502              	.LC5:
 503 0000 2D2D2D2D 		.ascii	"---->%s Killed\015\012\000"
 503      3E257320 
 503      4B696C6C 
 503      65640D0A 
 503      00
 504              		.section	.text.KillTask,"ax",%progbits
 505              		.align	1
 506              		.global	KillTask
 507              		.syntax unified
 508              		.thumb
 509              		.thumb_func
ARM GAS  /tmp/ccKWmiiR.s 			page 23


 511              	KillTask:
 512              	.LVL29:
 513              	.LFB142:
 126:Core/Src/main.c ****   vTaskDelete(*TaskHandle);
 514              		.loc 1 126 41 is_stmt 1 view -0
 515              		.cfi_startproc
 516              		@ args = 0, pretend = 0, frame = 0
 517              		@ frame_needed = 0, uses_anonymous_args = 0
 126:Core/Src/main.c ****   vTaskDelete(*TaskHandle);
 518              		.loc 1 126 41 is_stmt 0 view .LVU102
 519 0000 10B5     		push	{r4, lr}
 520              	.LCFI10:
 521              		.cfi_def_cfa_offset 8
 522              		.cfi_offset 4, -8
 523              		.cfi_offset 14, -4
 524 0002 0446     		mov	r4, r0
 127:Core/Src/main.c ****   printf("---->%s Killed\r\n", pcTaskGetName(*TaskHandle));
 525              		.loc 1 127 3 is_stmt 1 view .LVU103
 526 0004 0068     		ldr	r0, [r0]
 527              	.LVL30:
 127:Core/Src/main.c ****   printf("---->%s Killed\r\n", pcTaskGetName(*TaskHandle));
 528              		.loc 1 127 3 is_stmt 0 view .LVU104
 529 0006 FFF7FEFF 		bl	vTaskDelete
 530              	.LVL31:
 128:Core/Src/main.c ****   /* Task gets killed when IDLE Task runs */
 531              		.loc 1 128 3 is_stmt 1 view .LVU105
 532 000a 2068     		ldr	r0, [r4]
 533 000c FFF7FEFF 		bl	pcTaskGetName
 534              	.LVL32:
 535 0010 0146     		mov	r1, r0
 536 0012 0348     		ldr	r0, .L37
 537 0014 FFF7FEFF 		bl	printf
 538              	.LVL33:
 130:Core/Src/main.c **** }
 539              		.loc 1 130 3 view .LVU106
 130:Core/Src/main.c **** }
 540              		.loc 1 130 15 is_stmt 0 view .LVU107
 541 0018 0023     		movs	r3, #0
 542 001a 2360     		str	r3, [r4]
 131:Core/Src/main.c **** 
 543              		.loc 1 131 1 view .LVU108
 544 001c 10BD     		pop	{r4, pc}
 545              	.LVL34:
 546              	.L38:
 131:Core/Src/main.c **** 
 547              		.loc 1 131 1 view .LVU109
 548 001e 00BF     		.align	2
 549              	.L37:
 550 0020 00000000 		.word	.LC5
 551              		.cfi_endproc
 552              	.LFE142:
 554              		.section	.text.robotArm,"ax",%progbits
 555              		.align	1
 556              		.global	robotArm
 557              		.syntax unified
 558              		.thumb
 559              		.thumb_func
ARM GAS  /tmp/ccKWmiiR.s 			page 24


 561              	robotArm:
 562              	.LVL35:
 563              	.LFB144:
 202:Core/Src/main.c ****     // Initialize the servo motor 
 564              		.loc 1 202 30 is_stmt 1 view -0
 565              		.cfi_startproc
 566              		@ args = 0, pretend = 0, frame = 0
 567              		@ frame_needed = 0, uses_anonymous_args = 0
 202:Core/Src/main.c ****     // Initialize the servo motor 
 568              		.loc 1 202 30 is_stmt 0 view .LVU111
 569 0000 10B5     		push	{r4, lr}
 570              	.LCFI11:
 571              		.cfi_def_cfa_offset 8
 572              		.cfi_offset 4, -8
 573              		.cfi_offset 14, -4
 574 0002 2DED028B 		vpush.64	{d8}
 575              	.LCFI12:
 576              		.cfi_def_cfa_offset 16
 577              		.cfi_offset 80, -16
 578              		.cfi_offset 81, -12
 204:Core/Src/main.c ****   HAL_TIM_PWM_Start(&htim3, TIM_CHANNEL_2);
 579              		.loc 1 204 3 is_stmt 1 view .LVU112
 580 0006 174C     		ldr	r4, .L42
 581 0008 0021     		movs	r1, #0
 582 000a 2046     		mov	r0, r4
 583              	.LVL36:
 204:Core/Src/main.c ****   HAL_TIM_PWM_Start(&htim3, TIM_CHANNEL_2);
 584              		.loc 1 204 3 is_stmt 0 view .LVU113
 585 000c FFF7FEFF 		bl	HAL_TIM_PWM_Start
 586              	.LVL37:
 205:Core/Src/main.c ****   HAL_TIM_PWM_Start(&htim3, TIM_CHANNEL_3);
 587              		.loc 1 205 3 is_stmt 1 view .LVU114
 588 0010 0421     		movs	r1, #4
 589 0012 2046     		mov	r0, r4
 590 0014 FFF7FEFF 		bl	HAL_TIM_PWM_Start
 591              	.LVL38:
 206:Core/Src/main.c ****   HAL_TIM_PWM_Start(&htim3, TIM_CHANNEL_4);
 592              		.loc 1 206 3 view .LVU115
 593 0018 0821     		movs	r1, #8
 594 001a 2046     		mov	r0, r4
 595 001c FFF7FEFF 		bl	HAL_TIM_PWM_Start
 596              	.LVL39:
 207:Core/Src/main.c **** 
 597              		.loc 1 207 3 view .LVU116
 598 0020 0C21     		movs	r1, #12
 599 0022 2046     		mov	r0, r4
 600 0024 FFF7FEFF 		bl	HAL_TIM_PWM_Start
 601              	.LVL40:
 209:Core/Src/main.c **** 
 602              		.loc 1 209 3 view .LVU117
 211:Core/Src/main.c ****   hor_len = 19;
 603              		.loc 1 211 3 view .LVU118
 212:Core/Src/main.c ****   ver_len = 17;
 604              		.loc 1 212 3 view .LVU119
 213:Core/Src/main.c **** 
 605              		.loc 1 213 3 view .LVU120
 216:Core/Src/main.c ****   vTaskDelay(5000);
ARM GAS  /tmp/ccKWmiiR.s 			page 25


 606              		.loc 1 216 3 view .LVU121
 607 0028 9FED0F8A 		vldr.32	s16, .L42+4
 608 002c B3EE011A 		vmov.f32	s2, #1.7e+1
 609 0030 F3EE030A 		vmov.f32	s1, #1.9e+1
 610 0034 B0EE480A 		vmov.f32	s0, s16
 611 0038 FFF7FEFF 		bl	robot_PickItem
 612              	.LVL41:
 217:Core/Src/main.c **** 
 613              		.loc 1 217 3 view .LVU122
 614 003c 41F28830 		movw	r0, #5000
 615 0040 FFF7FEFF 		bl	vTaskDelay
 616              	.LVL42:
 220:Core/Src/main.c ****   vTaskDelay(5000);
 617              		.loc 1 220 3 view .LVU123
 618 0044 B3EE011A 		vmov.f32	s2, #1.7e+1
 619 0048 F3EE030A 		vmov.f32	s1, #1.9e+1
 620 004c B0EE480A 		vmov.f32	s0, s16
 621 0050 FFF7FEFF 		bl	robot_DropItem
 622              	.LVL43:
 221:Core/Src/main.c **** 
 623              		.loc 1 221 3 view .LVU124
 624 0054 41F28830 		movw	r0, #5000
 625 0058 FFF7FEFF 		bl	vTaskDelay
 626              	.LVL44:
 223:Core/Src/main.c **** 
 627              		.loc 1 223 3 view .LVU125
 628 005c 0348     		ldr	r0, .L42+8
 629 005e FFF7FEFF 		bl	KillTask
 630              	.LVL45:
 631              	.L40:
 225:Core/Src/main.c ****   }
 632              		.loc 1 225 3 discriminator 1 view .LVU126
 226:Core/Src/main.c **** }
 633              		.loc 1 226 3 discriminator 1 view .LVU127
 225:Core/Src/main.c ****   }
 634              		.loc 1 225 9 discriminator 1 view .LVU128
 635 0062 FEE7     		b	.L40
 636              	.L43:
 637              		.align	2
 638              	.L42:
 639 0064 00000000 		.word	.LANCHOR2
 640 0068 0000B442 		.word	1119092736
 641 006c 00000000 		.word	.LANCHOR3
 642              		.cfi_endproc
 643              	.LFE144:
 645              		.section	.text.__io_putchar,"ax",%progbits
 646              		.align	1
 647              		.global	__io_putchar
 648              		.syntax unified
 649              		.thumb
 650              		.thumb_func
 652              	__io_putchar:
 653              	.LVL46:
 654              	.LFB150:
 294:Core/Src/main.c ****     /* Place your implementation of fputc here */
 655              		.loc 1 294 19 view -0
 656              		.cfi_startproc
ARM GAS  /tmp/ccKWmiiR.s 			page 26


 657              		@ args = 0, pretend = 0, frame = 8
 658              		@ frame_needed = 0, uses_anonymous_args = 0
 294:Core/Src/main.c ****     /* Place your implementation of fputc here */
 659              		.loc 1 294 19 is_stmt 0 view .LVU130
 660 0000 00B5     		push	{lr}
 661              	.LCFI13:
 662              		.cfi_def_cfa_offset 4
 663              		.cfi_offset 14, -4
 664 0002 83B0     		sub	sp, sp, #12
 665              	.LCFI14:
 666              		.cfi_def_cfa_offset 16
 667 0004 0190     		str	r0, [sp, #4]
 297:Core/Src/main.c ****     return ch;
 668              		.loc 1 297 5 is_stmt 1 view .LVU131
 669 0006 4FF6FF73 		movw	r3, #65535
 670 000a 0122     		movs	r2, #1
 671 000c 01A9     		add	r1, sp, #4
 672 000e 0348     		ldr	r0, .L46
 673              	.LVL47:
 297:Core/Src/main.c ****     return ch;
 674              		.loc 1 297 5 is_stmt 0 view .LVU132
 675 0010 FFF7FEFF 		bl	HAL_UART_Transmit
 676              	.LVL48:
 298:Core/Src/main.c **** }
 677              		.loc 1 298 5 is_stmt 1 view .LVU133
 299:Core/Src/main.c **** 
 678              		.loc 1 299 1 is_stmt 0 view .LVU134
 679 0014 0198     		ldr	r0, [sp, #4]
 680 0016 03B0     		add	sp, sp, #12
 681              	.LCFI15:
 682              		.cfi_def_cfa_offset 4
 683              		@ sp needed
 684 0018 5DF804FB 		ldr	pc, [sp], #4
 685              	.L47:
 686              		.align	2
 687              	.L46:
 688 001c 00000000 		.word	.LANCHOR1
 689              		.cfi_endproc
 690              	.LFE150:
 692              		.section	.text.Error_Handler,"ax",%progbits
 693              		.align	1
 694              		.global	Error_Handler
 695              		.syntax unified
 696              		.thumb
 697              		.thumb_func
 699              	Error_Handler:
 700              	.LFB160:
 691:Core/Src/main.c **** 
 692:Core/Src/main.c **** /* USER CODE BEGIN 4 */
 693:Core/Src/main.c **** 
 694:Core/Src/main.c **** /* USER CODE END 4 */
 695:Core/Src/main.c **** 
 696:Core/Src/main.c **** 
 697:Core/Src/main.c **** /**
 698:Core/Src/main.c ****   * @brief  This function is executed in case of error occurrence.
 699:Core/Src/main.c ****   * @retval None
 700:Core/Src/main.c ****   */
ARM GAS  /tmp/ccKWmiiR.s 			page 27


 701:Core/Src/main.c **** void Error_Handler(void)
 702:Core/Src/main.c **** {
 701              		.loc 1 702 1 is_stmt 1 view -0
 702              		.cfi_startproc
 703              		@ Volatile: function does not return.
 704              		@ args = 0, pretend = 0, frame = 0
 705              		@ frame_needed = 0, uses_anonymous_args = 0
 706              		@ link register save eliminated.
 703:Core/Src/main.c ****   /* USER CODE BEGIN Error_Handler_Debug */
 704:Core/Src/main.c ****   /* User can add his own implementation to report the HAL error return state */
 705:Core/Src/main.c ****   __disable_irq();
 707              		.loc 1 705 3 view .LVU136
 708              	.LBB9:
 709              	.LBI9:
 710              		.file 2 "Drivers/CMSIS/Include/cmsis_gcc.h"
   1:Drivers/CMSIS/Include/cmsis_gcc.h **** /**************************************************************************//**
   2:Drivers/CMSIS/Include/cmsis_gcc.h ****  * @file     cmsis_gcc.h
   3:Drivers/CMSIS/Include/cmsis_gcc.h ****  * @brief    CMSIS compiler GCC header file
   4:Drivers/CMSIS/Include/cmsis_gcc.h ****  * @version  V5.4.1
   5:Drivers/CMSIS/Include/cmsis_gcc.h ****  * @date     27. May 2021
   6:Drivers/CMSIS/Include/cmsis_gcc.h ****  ******************************************************************************/
   7:Drivers/CMSIS/Include/cmsis_gcc.h **** /*
   8:Drivers/CMSIS/Include/cmsis_gcc.h ****  * Copyright (c) 2009-2021 Arm Limited. All rights reserved.
   9:Drivers/CMSIS/Include/cmsis_gcc.h ****  *
  10:Drivers/CMSIS/Include/cmsis_gcc.h ****  * SPDX-License-Identifier: Apache-2.0
  11:Drivers/CMSIS/Include/cmsis_gcc.h ****  *
  12:Drivers/CMSIS/Include/cmsis_gcc.h ****  * Licensed under the Apache License, Version 2.0 (the License); you may
  13:Drivers/CMSIS/Include/cmsis_gcc.h ****  * not use this file except in compliance with the License.
  14:Drivers/CMSIS/Include/cmsis_gcc.h ****  * You may obtain a copy of the License at
  15:Drivers/CMSIS/Include/cmsis_gcc.h ****  *
  16:Drivers/CMSIS/Include/cmsis_gcc.h ****  * www.apache.org/licenses/LICENSE-2.0
  17:Drivers/CMSIS/Include/cmsis_gcc.h ****  *
  18:Drivers/CMSIS/Include/cmsis_gcc.h ****  * Unless required by applicable law or agreed to in writing, software
  19:Drivers/CMSIS/Include/cmsis_gcc.h ****  * distributed under the License is distributed on an AS IS BASIS, WITHOUT
  20:Drivers/CMSIS/Include/cmsis_gcc.h ****  * WARRANTIES OR CONDITIONS OF ANY KIND, either express or implied.
  21:Drivers/CMSIS/Include/cmsis_gcc.h ****  * See the License for the specific language governing permissions and
  22:Drivers/CMSIS/Include/cmsis_gcc.h ****  * limitations under the License.
  23:Drivers/CMSIS/Include/cmsis_gcc.h ****  */
  24:Drivers/CMSIS/Include/cmsis_gcc.h **** 
  25:Drivers/CMSIS/Include/cmsis_gcc.h **** #ifndef __CMSIS_GCC_H
  26:Drivers/CMSIS/Include/cmsis_gcc.h **** #define __CMSIS_GCC_H
  27:Drivers/CMSIS/Include/cmsis_gcc.h **** 
  28:Drivers/CMSIS/Include/cmsis_gcc.h **** /* ignore some GCC warnings */
  29:Drivers/CMSIS/Include/cmsis_gcc.h **** #pragma GCC diagnostic push
  30:Drivers/CMSIS/Include/cmsis_gcc.h **** #pragma GCC diagnostic ignored "-Wsign-conversion"
  31:Drivers/CMSIS/Include/cmsis_gcc.h **** #pragma GCC diagnostic ignored "-Wconversion"
  32:Drivers/CMSIS/Include/cmsis_gcc.h **** #pragma GCC diagnostic ignored "-Wunused-parameter"
  33:Drivers/CMSIS/Include/cmsis_gcc.h **** 
  34:Drivers/CMSIS/Include/cmsis_gcc.h **** /* Fallback for __has_builtin */
  35:Drivers/CMSIS/Include/cmsis_gcc.h **** #ifndef __has_builtin
  36:Drivers/CMSIS/Include/cmsis_gcc.h ****   #define __has_builtin(x) (0)
  37:Drivers/CMSIS/Include/cmsis_gcc.h **** #endif
  38:Drivers/CMSIS/Include/cmsis_gcc.h **** 
  39:Drivers/CMSIS/Include/cmsis_gcc.h **** /* CMSIS compiler specific defines */
  40:Drivers/CMSIS/Include/cmsis_gcc.h **** #ifndef   __ASM
  41:Drivers/CMSIS/Include/cmsis_gcc.h ****   #define __ASM                                  __asm
  42:Drivers/CMSIS/Include/cmsis_gcc.h **** #endif
ARM GAS  /tmp/ccKWmiiR.s 			page 28


  43:Drivers/CMSIS/Include/cmsis_gcc.h **** #ifndef   __INLINE
  44:Drivers/CMSIS/Include/cmsis_gcc.h ****   #define __INLINE                               inline
  45:Drivers/CMSIS/Include/cmsis_gcc.h **** #endif
  46:Drivers/CMSIS/Include/cmsis_gcc.h **** #ifndef   __STATIC_INLINE
  47:Drivers/CMSIS/Include/cmsis_gcc.h ****   #define __STATIC_INLINE                        static inline
  48:Drivers/CMSIS/Include/cmsis_gcc.h **** #endif
  49:Drivers/CMSIS/Include/cmsis_gcc.h **** #ifndef   __STATIC_FORCEINLINE
  50:Drivers/CMSIS/Include/cmsis_gcc.h ****   #define __STATIC_FORCEINLINE                   __attribute__((always_inline)) static inline
  51:Drivers/CMSIS/Include/cmsis_gcc.h **** #endif
  52:Drivers/CMSIS/Include/cmsis_gcc.h **** #ifndef   __NO_RETURN
  53:Drivers/CMSIS/Include/cmsis_gcc.h ****   #define __NO_RETURN                            __attribute__((__noreturn__))
  54:Drivers/CMSIS/Include/cmsis_gcc.h **** #endif
  55:Drivers/CMSIS/Include/cmsis_gcc.h **** #ifndef   __USED
  56:Drivers/CMSIS/Include/cmsis_gcc.h ****   #define __USED                                 __attribute__((used))
  57:Drivers/CMSIS/Include/cmsis_gcc.h **** #endif
  58:Drivers/CMSIS/Include/cmsis_gcc.h **** #ifndef   __WEAK
  59:Drivers/CMSIS/Include/cmsis_gcc.h ****   #define __WEAK                                 __attribute__((weak))
  60:Drivers/CMSIS/Include/cmsis_gcc.h **** #endif
  61:Drivers/CMSIS/Include/cmsis_gcc.h **** #ifndef   __PACKED
  62:Drivers/CMSIS/Include/cmsis_gcc.h ****   #define __PACKED                               __attribute__((packed, aligned(1)))
  63:Drivers/CMSIS/Include/cmsis_gcc.h **** #endif
  64:Drivers/CMSIS/Include/cmsis_gcc.h **** #ifndef   __PACKED_STRUCT
  65:Drivers/CMSIS/Include/cmsis_gcc.h ****   #define __PACKED_STRUCT                        struct __attribute__((packed, aligned(1)))
  66:Drivers/CMSIS/Include/cmsis_gcc.h **** #endif
  67:Drivers/CMSIS/Include/cmsis_gcc.h **** #ifndef   __PACKED_UNION
  68:Drivers/CMSIS/Include/cmsis_gcc.h ****   #define __PACKED_UNION                         union __attribute__((packed, aligned(1)))
  69:Drivers/CMSIS/Include/cmsis_gcc.h **** #endif
  70:Drivers/CMSIS/Include/cmsis_gcc.h **** #ifndef   __UNALIGNED_UINT32        /* deprecated */
  71:Drivers/CMSIS/Include/cmsis_gcc.h ****   #pragma GCC diagnostic push
  72:Drivers/CMSIS/Include/cmsis_gcc.h ****   #pragma GCC diagnostic ignored "-Wpacked"
  73:Drivers/CMSIS/Include/cmsis_gcc.h ****   #pragma GCC diagnostic ignored "-Wattributes"
  74:Drivers/CMSIS/Include/cmsis_gcc.h ****   struct __attribute__((packed)) T_UINT32 { uint32_t v; };
  75:Drivers/CMSIS/Include/cmsis_gcc.h ****   #pragma GCC diagnostic pop
  76:Drivers/CMSIS/Include/cmsis_gcc.h ****   #define __UNALIGNED_UINT32(x)                  (((struct T_UINT32 *)(x))->v)
  77:Drivers/CMSIS/Include/cmsis_gcc.h **** #endif
  78:Drivers/CMSIS/Include/cmsis_gcc.h **** #ifndef   __UNALIGNED_UINT16_WRITE
  79:Drivers/CMSIS/Include/cmsis_gcc.h ****   #pragma GCC diagnostic push
  80:Drivers/CMSIS/Include/cmsis_gcc.h ****   #pragma GCC diagnostic ignored "-Wpacked"
  81:Drivers/CMSIS/Include/cmsis_gcc.h ****   #pragma GCC diagnostic ignored "-Wattributes"
  82:Drivers/CMSIS/Include/cmsis_gcc.h ****   __PACKED_STRUCT T_UINT16_WRITE { uint16_t v; };
  83:Drivers/CMSIS/Include/cmsis_gcc.h ****   #pragma GCC diagnostic pop
  84:Drivers/CMSIS/Include/cmsis_gcc.h ****   #define __UNALIGNED_UINT16_WRITE(addr, val)    (void)((((struct T_UINT16_WRITE *)(void *)(addr))-
  85:Drivers/CMSIS/Include/cmsis_gcc.h **** #endif
  86:Drivers/CMSIS/Include/cmsis_gcc.h **** #ifndef   __UNALIGNED_UINT16_READ
  87:Drivers/CMSIS/Include/cmsis_gcc.h ****   #pragma GCC diagnostic push
  88:Drivers/CMSIS/Include/cmsis_gcc.h ****   #pragma GCC diagnostic ignored "-Wpacked"
  89:Drivers/CMSIS/Include/cmsis_gcc.h ****   #pragma GCC diagnostic ignored "-Wattributes"
  90:Drivers/CMSIS/Include/cmsis_gcc.h ****   __PACKED_STRUCT T_UINT16_READ { uint16_t v; };
  91:Drivers/CMSIS/Include/cmsis_gcc.h ****   #pragma GCC diagnostic pop
  92:Drivers/CMSIS/Include/cmsis_gcc.h ****   #define __UNALIGNED_UINT16_READ(addr)          (((const struct T_UINT16_READ *)(const void *)(add
  93:Drivers/CMSIS/Include/cmsis_gcc.h **** #endif
  94:Drivers/CMSIS/Include/cmsis_gcc.h **** #ifndef   __UNALIGNED_UINT32_WRITE
  95:Drivers/CMSIS/Include/cmsis_gcc.h ****   #pragma GCC diagnostic push
  96:Drivers/CMSIS/Include/cmsis_gcc.h ****   #pragma GCC diagnostic ignored "-Wpacked"
  97:Drivers/CMSIS/Include/cmsis_gcc.h ****   #pragma GCC diagnostic ignored "-Wattributes"
  98:Drivers/CMSIS/Include/cmsis_gcc.h ****   __PACKED_STRUCT T_UINT32_WRITE { uint32_t v; };
  99:Drivers/CMSIS/Include/cmsis_gcc.h ****   #pragma GCC diagnostic pop
ARM GAS  /tmp/ccKWmiiR.s 			page 29


 100:Drivers/CMSIS/Include/cmsis_gcc.h ****   #define __UNALIGNED_UINT32_WRITE(addr, val)    (void)((((struct T_UINT32_WRITE *)(void *)(addr))-
 101:Drivers/CMSIS/Include/cmsis_gcc.h **** #endif
 102:Drivers/CMSIS/Include/cmsis_gcc.h **** #ifndef   __UNALIGNED_UINT32_READ
 103:Drivers/CMSIS/Include/cmsis_gcc.h ****   #pragma GCC diagnostic push
 104:Drivers/CMSIS/Include/cmsis_gcc.h ****   #pragma GCC diagnostic ignored "-Wpacked"
 105:Drivers/CMSIS/Include/cmsis_gcc.h ****   #pragma GCC diagnostic ignored "-Wattributes"
 106:Drivers/CMSIS/Include/cmsis_gcc.h ****   __PACKED_STRUCT T_UINT32_READ { uint32_t v; };
 107:Drivers/CMSIS/Include/cmsis_gcc.h ****   #pragma GCC diagnostic pop
 108:Drivers/CMSIS/Include/cmsis_gcc.h ****   #define __UNALIGNED_UINT32_READ(addr)          (((const struct T_UINT32_READ *)(const void *)(add
 109:Drivers/CMSIS/Include/cmsis_gcc.h **** #endif
 110:Drivers/CMSIS/Include/cmsis_gcc.h **** #ifndef   __ALIGNED
 111:Drivers/CMSIS/Include/cmsis_gcc.h ****   #define __ALIGNED(x)                           __attribute__((aligned(x)))
 112:Drivers/CMSIS/Include/cmsis_gcc.h **** #endif
 113:Drivers/CMSIS/Include/cmsis_gcc.h **** #ifndef   __RESTRICT
 114:Drivers/CMSIS/Include/cmsis_gcc.h ****   #define __RESTRICT                             __restrict
 115:Drivers/CMSIS/Include/cmsis_gcc.h **** #endif
 116:Drivers/CMSIS/Include/cmsis_gcc.h **** #ifndef   __COMPILER_BARRIER
 117:Drivers/CMSIS/Include/cmsis_gcc.h ****   #define __COMPILER_BARRIER()                   __ASM volatile("":::"memory")
 118:Drivers/CMSIS/Include/cmsis_gcc.h **** #endif
 119:Drivers/CMSIS/Include/cmsis_gcc.h **** 
 120:Drivers/CMSIS/Include/cmsis_gcc.h **** /* #########################  Startup and Lowlevel Init  ######################## */
 121:Drivers/CMSIS/Include/cmsis_gcc.h **** 
 122:Drivers/CMSIS/Include/cmsis_gcc.h **** #ifndef __PROGRAM_START
 123:Drivers/CMSIS/Include/cmsis_gcc.h **** 
 124:Drivers/CMSIS/Include/cmsis_gcc.h **** /**
 125:Drivers/CMSIS/Include/cmsis_gcc.h ****   \brief   Initializes data and bss sections
 126:Drivers/CMSIS/Include/cmsis_gcc.h ****   \details This default implementations initialized all data and additional bss
 127:Drivers/CMSIS/Include/cmsis_gcc.h ****            sections relying on .copy.table and .zero.table specified properly
 128:Drivers/CMSIS/Include/cmsis_gcc.h ****            in the used linker script.
 129:Drivers/CMSIS/Include/cmsis_gcc.h **** 
 130:Drivers/CMSIS/Include/cmsis_gcc.h ****  */
 131:Drivers/CMSIS/Include/cmsis_gcc.h **** __STATIC_FORCEINLINE __NO_RETURN void __cmsis_start(void)
 132:Drivers/CMSIS/Include/cmsis_gcc.h **** {
 133:Drivers/CMSIS/Include/cmsis_gcc.h ****   extern void _start(void) __NO_RETURN;
 134:Drivers/CMSIS/Include/cmsis_gcc.h **** 
 135:Drivers/CMSIS/Include/cmsis_gcc.h ****   typedef struct {
 136:Drivers/CMSIS/Include/cmsis_gcc.h ****     uint32_t const* src;
 137:Drivers/CMSIS/Include/cmsis_gcc.h ****     uint32_t* dest;
 138:Drivers/CMSIS/Include/cmsis_gcc.h ****     uint32_t  wlen;
 139:Drivers/CMSIS/Include/cmsis_gcc.h ****   } __copy_table_t;
 140:Drivers/CMSIS/Include/cmsis_gcc.h **** 
 141:Drivers/CMSIS/Include/cmsis_gcc.h ****   typedef struct {
 142:Drivers/CMSIS/Include/cmsis_gcc.h ****     uint32_t* dest;
 143:Drivers/CMSIS/Include/cmsis_gcc.h ****     uint32_t  wlen;
 144:Drivers/CMSIS/Include/cmsis_gcc.h ****   } __zero_table_t;
 145:Drivers/CMSIS/Include/cmsis_gcc.h **** 
 146:Drivers/CMSIS/Include/cmsis_gcc.h ****   extern const __copy_table_t __copy_table_start__;
 147:Drivers/CMSIS/Include/cmsis_gcc.h ****   extern const __copy_table_t __copy_table_end__;
 148:Drivers/CMSIS/Include/cmsis_gcc.h ****   extern const __zero_table_t __zero_table_start__;
 149:Drivers/CMSIS/Include/cmsis_gcc.h ****   extern const __zero_table_t __zero_table_end__;
 150:Drivers/CMSIS/Include/cmsis_gcc.h **** 
 151:Drivers/CMSIS/Include/cmsis_gcc.h ****   for (__copy_table_t const* pTable = &__copy_table_start__; pTable < &__copy_table_end__; ++pTable
 152:Drivers/CMSIS/Include/cmsis_gcc.h ****     for(uint32_t i=0u; i<pTable->wlen; ++i) {
 153:Drivers/CMSIS/Include/cmsis_gcc.h ****       pTable->dest[i] = pTable->src[i];
 154:Drivers/CMSIS/Include/cmsis_gcc.h ****     }
 155:Drivers/CMSIS/Include/cmsis_gcc.h ****   }
 156:Drivers/CMSIS/Include/cmsis_gcc.h **** 
ARM GAS  /tmp/ccKWmiiR.s 			page 30


 157:Drivers/CMSIS/Include/cmsis_gcc.h ****   for (__zero_table_t const* pTable = &__zero_table_start__; pTable < &__zero_table_end__; ++pTable
 158:Drivers/CMSIS/Include/cmsis_gcc.h ****     for(uint32_t i=0u; i<pTable->wlen; ++i) {
 159:Drivers/CMSIS/Include/cmsis_gcc.h ****       pTable->dest[i] = 0u;
 160:Drivers/CMSIS/Include/cmsis_gcc.h ****     }
 161:Drivers/CMSIS/Include/cmsis_gcc.h ****   }
 162:Drivers/CMSIS/Include/cmsis_gcc.h **** 
 163:Drivers/CMSIS/Include/cmsis_gcc.h ****   _start();
 164:Drivers/CMSIS/Include/cmsis_gcc.h **** }
 165:Drivers/CMSIS/Include/cmsis_gcc.h **** 
 166:Drivers/CMSIS/Include/cmsis_gcc.h **** #define __PROGRAM_START           __cmsis_start
 167:Drivers/CMSIS/Include/cmsis_gcc.h **** #endif
 168:Drivers/CMSIS/Include/cmsis_gcc.h **** 
 169:Drivers/CMSIS/Include/cmsis_gcc.h **** #ifndef __INITIAL_SP
 170:Drivers/CMSIS/Include/cmsis_gcc.h **** #define __INITIAL_SP              __StackTop
 171:Drivers/CMSIS/Include/cmsis_gcc.h **** #endif
 172:Drivers/CMSIS/Include/cmsis_gcc.h **** 
 173:Drivers/CMSIS/Include/cmsis_gcc.h **** #ifndef __STACK_LIMIT
 174:Drivers/CMSIS/Include/cmsis_gcc.h **** #define __STACK_LIMIT             __StackLimit
 175:Drivers/CMSIS/Include/cmsis_gcc.h **** #endif
 176:Drivers/CMSIS/Include/cmsis_gcc.h **** 
 177:Drivers/CMSIS/Include/cmsis_gcc.h **** #ifndef __VECTOR_TABLE
 178:Drivers/CMSIS/Include/cmsis_gcc.h **** #define __VECTOR_TABLE            __Vectors
 179:Drivers/CMSIS/Include/cmsis_gcc.h **** #endif
 180:Drivers/CMSIS/Include/cmsis_gcc.h **** 
 181:Drivers/CMSIS/Include/cmsis_gcc.h **** #ifndef __VECTOR_TABLE_ATTRIBUTE
 182:Drivers/CMSIS/Include/cmsis_gcc.h **** #define __VECTOR_TABLE_ATTRIBUTE  __attribute__((used, section(".vectors")))
 183:Drivers/CMSIS/Include/cmsis_gcc.h **** #endif
 184:Drivers/CMSIS/Include/cmsis_gcc.h **** 
 185:Drivers/CMSIS/Include/cmsis_gcc.h **** #if defined (__ARM_FEATURE_CMSE) && (__ARM_FEATURE_CMSE == 3U)
 186:Drivers/CMSIS/Include/cmsis_gcc.h **** #ifndef __STACK_SEAL
 187:Drivers/CMSIS/Include/cmsis_gcc.h **** #define __STACK_SEAL              __StackSeal
 188:Drivers/CMSIS/Include/cmsis_gcc.h **** #endif
 189:Drivers/CMSIS/Include/cmsis_gcc.h **** 
 190:Drivers/CMSIS/Include/cmsis_gcc.h **** #ifndef __TZ_STACK_SEAL_SIZE
 191:Drivers/CMSIS/Include/cmsis_gcc.h **** #define __TZ_STACK_SEAL_SIZE      8U
 192:Drivers/CMSIS/Include/cmsis_gcc.h **** #endif
 193:Drivers/CMSIS/Include/cmsis_gcc.h **** 
 194:Drivers/CMSIS/Include/cmsis_gcc.h **** #ifndef __TZ_STACK_SEAL_VALUE
 195:Drivers/CMSIS/Include/cmsis_gcc.h **** #define __TZ_STACK_SEAL_VALUE     0xFEF5EDA5FEF5EDA5ULL
 196:Drivers/CMSIS/Include/cmsis_gcc.h **** #endif
 197:Drivers/CMSIS/Include/cmsis_gcc.h **** 
 198:Drivers/CMSIS/Include/cmsis_gcc.h **** 
 199:Drivers/CMSIS/Include/cmsis_gcc.h **** __STATIC_FORCEINLINE void __TZ_set_STACKSEAL_S (uint32_t* stackTop) {
 200:Drivers/CMSIS/Include/cmsis_gcc.h ****   *((uint64_t *)stackTop) = __TZ_STACK_SEAL_VALUE;
 201:Drivers/CMSIS/Include/cmsis_gcc.h **** }
 202:Drivers/CMSIS/Include/cmsis_gcc.h **** #endif
 203:Drivers/CMSIS/Include/cmsis_gcc.h **** 
 204:Drivers/CMSIS/Include/cmsis_gcc.h **** 
 205:Drivers/CMSIS/Include/cmsis_gcc.h **** /* ##########################  Core Instruction Access  ######################### */
 206:Drivers/CMSIS/Include/cmsis_gcc.h **** /** \defgroup CMSIS_Core_InstructionInterface CMSIS Core Instruction Interface
 207:Drivers/CMSIS/Include/cmsis_gcc.h ****   Access to dedicated instructions
 208:Drivers/CMSIS/Include/cmsis_gcc.h ****   @{
 209:Drivers/CMSIS/Include/cmsis_gcc.h **** */
 210:Drivers/CMSIS/Include/cmsis_gcc.h **** 
 211:Drivers/CMSIS/Include/cmsis_gcc.h **** /* Define macros for porting to both thumb1 and thumb2.
 212:Drivers/CMSIS/Include/cmsis_gcc.h ****  * For thumb1, use low register (r0-r7), specified by constraint "l"
 213:Drivers/CMSIS/Include/cmsis_gcc.h ****  * Otherwise, use general registers, specified by constraint "r" */
ARM GAS  /tmp/ccKWmiiR.s 			page 31


 214:Drivers/CMSIS/Include/cmsis_gcc.h **** #if defined (__thumb__) && !defined (__thumb2__)
 215:Drivers/CMSIS/Include/cmsis_gcc.h **** #define __CMSIS_GCC_OUT_REG(r) "=l" (r)
 216:Drivers/CMSIS/Include/cmsis_gcc.h **** #define __CMSIS_GCC_RW_REG(r) "+l" (r)
 217:Drivers/CMSIS/Include/cmsis_gcc.h **** #define __CMSIS_GCC_USE_REG(r) "l" (r)
 218:Drivers/CMSIS/Include/cmsis_gcc.h **** #else
 219:Drivers/CMSIS/Include/cmsis_gcc.h **** #define __CMSIS_GCC_OUT_REG(r) "=r" (r)
 220:Drivers/CMSIS/Include/cmsis_gcc.h **** #define __CMSIS_GCC_RW_REG(r) "+r" (r)
 221:Drivers/CMSIS/Include/cmsis_gcc.h **** #define __CMSIS_GCC_USE_REG(r) "r" (r)
 222:Drivers/CMSIS/Include/cmsis_gcc.h **** #endif
 223:Drivers/CMSIS/Include/cmsis_gcc.h **** 
 224:Drivers/CMSIS/Include/cmsis_gcc.h **** /**
 225:Drivers/CMSIS/Include/cmsis_gcc.h ****   \brief   No Operation
 226:Drivers/CMSIS/Include/cmsis_gcc.h ****   \details No Operation does nothing. This instruction can be used for code alignment purposes.
 227:Drivers/CMSIS/Include/cmsis_gcc.h ****  */
 228:Drivers/CMSIS/Include/cmsis_gcc.h **** #define __NOP()                             __ASM volatile ("nop")
 229:Drivers/CMSIS/Include/cmsis_gcc.h **** 
 230:Drivers/CMSIS/Include/cmsis_gcc.h **** /**
 231:Drivers/CMSIS/Include/cmsis_gcc.h ****   \brief   Wait For Interrupt
 232:Drivers/CMSIS/Include/cmsis_gcc.h ****   \details Wait For Interrupt is a hint instruction that suspends execution until one of a number o
 233:Drivers/CMSIS/Include/cmsis_gcc.h ****  */
 234:Drivers/CMSIS/Include/cmsis_gcc.h **** #define __WFI()                             __ASM volatile ("wfi":::"memory")
 235:Drivers/CMSIS/Include/cmsis_gcc.h **** 
 236:Drivers/CMSIS/Include/cmsis_gcc.h **** 
 237:Drivers/CMSIS/Include/cmsis_gcc.h **** /**
 238:Drivers/CMSIS/Include/cmsis_gcc.h ****   \brief   Wait For Event
 239:Drivers/CMSIS/Include/cmsis_gcc.h ****   \details Wait For Event is a hint instruction that permits the processor to enter
 240:Drivers/CMSIS/Include/cmsis_gcc.h ****            a low-power state until one of a number of events occurs.
 241:Drivers/CMSIS/Include/cmsis_gcc.h ****  */
 242:Drivers/CMSIS/Include/cmsis_gcc.h **** #define __WFE()                             __ASM volatile ("wfe":::"memory")
 243:Drivers/CMSIS/Include/cmsis_gcc.h **** 
 244:Drivers/CMSIS/Include/cmsis_gcc.h **** 
 245:Drivers/CMSIS/Include/cmsis_gcc.h **** /**
 246:Drivers/CMSIS/Include/cmsis_gcc.h ****   \brief   Send Event
 247:Drivers/CMSIS/Include/cmsis_gcc.h ****   \details Send Event is a hint instruction. It causes an event to be signaled to the CPU.
 248:Drivers/CMSIS/Include/cmsis_gcc.h ****  */
 249:Drivers/CMSIS/Include/cmsis_gcc.h **** #define __SEV()                             __ASM volatile ("sev")
 250:Drivers/CMSIS/Include/cmsis_gcc.h **** 
 251:Drivers/CMSIS/Include/cmsis_gcc.h **** 
 252:Drivers/CMSIS/Include/cmsis_gcc.h **** /**
 253:Drivers/CMSIS/Include/cmsis_gcc.h ****   \brief   Instruction Synchronization Barrier
 254:Drivers/CMSIS/Include/cmsis_gcc.h ****   \details Instruction Synchronization Barrier flushes the pipeline in the processor,
 255:Drivers/CMSIS/Include/cmsis_gcc.h ****            so that all instructions following the ISB are fetched from cache or memory,
 256:Drivers/CMSIS/Include/cmsis_gcc.h ****            after the instruction has been completed.
 257:Drivers/CMSIS/Include/cmsis_gcc.h ****  */
 258:Drivers/CMSIS/Include/cmsis_gcc.h **** __STATIC_FORCEINLINE void __ISB(void)
 259:Drivers/CMSIS/Include/cmsis_gcc.h **** {
 260:Drivers/CMSIS/Include/cmsis_gcc.h ****   __ASM volatile ("isb 0xF":::"memory");
 261:Drivers/CMSIS/Include/cmsis_gcc.h **** }
 262:Drivers/CMSIS/Include/cmsis_gcc.h **** 
 263:Drivers/CMSIS/Include/cmsis_gcc.h **** 
 264:Drivers/CMSIS/Include/cmsis_gcc.h **** /**
 265:Drivers/CMSIS/Include/cmsis_gcc.h ****   \brief   Data Synchronization Barrier
 266:Drivers/CMSIS/Include/cmsis_gcc.h ****   \details Acts as a special kind of Data Memory Barrier.
 267:Drivers/CMSIS/Include/cmsis_gcc.h ****            It completes when all explicit memory accesses before this instruction complete.
 268:Drivers/CMSIS/Include/cmsis_gcc.h ****  */
 269:Drivers/CMSIS/Include/cmsis_gcc.h **** __STATIC_FORCEINLINE void __DSB(void)
 270:Drivers/CMSIS/Include/cmsis_gcc.h **** {
ARM GAS  /tmp/ccKWmiiR.s 			page 32


 271:Drivers/CMSIS/Include/cmsis_gcc.h ****   __ASM volatile ("dsb 0xF":::"memory");
 272:Drivers/CMSIS/Include/cmsis_gcc.h **** }
 273:Drivers/CMSIS/Include/cmsis_gcc.h **** 
 274:Drivers/CMSIS/Include/cmsis_gcc.h **** 
 275:Drivers/CMSIS/Include/cmsis_gcc.h **** /**
 276:Drivers/CMSIS/Include/cmsis_gcc.h ****   \brief   Data Memory Barrier
 277:Drivers/CMSIS/Include/cmsis_gcc.h ****   \details Ensures the apparent order of the explicit memory operations before
 278:Drivers/CMSIS/Include/cmsis_gcc.h ****            and after the instruction, without ensuring their completion.
 279:Drivers/CMSIS/Include/cmsis_gcc.h ****  */
 280:Drivers/CMSIS/Include/cmsis_gcc.h **** __STATIC_FORCEINLINE void __DMB(void)
 281:Drivers/CMSIS/Include/cmsis_gcc.h **** {
 282:Drivers/CMSIS/Include/cmsis_gcc.h ****   __ASM volatile ("dmb 0xF":::"memory");
 283:Drivers/CMSIS/Include/cmsis_gcc.h **** }
 284:Drivers/CMSIS/Include/cmsis_gcc.h **** 
 285:Drivers/CMSIS/Include/cmsis_gcc.h **** 
 286:Drivers/CMSIS/Include/cmsis_gcc.h **** /**
 287:Drivers/CMSIS/Include/cmsis_gcc.h ****   \brief   Reverse byte order (32 bit)
 288:Drivers/CMSIS/Include/cmsis_gcc.h ****   \details Reverses the byte order in unsigned integer value. For example, 0x12345678 becomes 0x785
 289:Drivers/CMSIS/Include/cmsis_gcc.h ****   \param [in]    value  Value to reverse
 290:Drivers/CMSIS/Include/cmsis_gcc.h ****   \return               Reversed value
 291:Drivers/CMSIS/Include/cmsis_gcc.h ****  */
 292:Drivers/CMSIS/Include/cmsis_gcc.h **** __STATIC_FORCEINLINE uint32_t __REV(uint32_t value)
 293:Drivers/CMSIS/Include/cmsis_gcc.h **** {
 294:Drivers/CMSIS/Include/cmsis_gcc.h **** #if (__GNUC__ > 4) || (__GNUC__ == 4 && __GNUC_MINOR__ >= 5)
 295:Drivers/CMSIS/Include/cmsis_gcc.h ****   return __builtin_bswap32(value);
 296:Drivers/CMSIS/Include/cmsis_gcc.h **** #else
 297:Drivers/CMSIS/Include/cmsis_gcc.h ****   uint32_t result;
 298:Drivers/CMSIS/Include/cmsis_gcc.h **** 
 299:Drivers/CMSIS/Include/cmsis_gcc.h ****   __ASM ("rev %0, %1" : __CMSIS_GCC_OUT_REG (result) : __CMSIS_GCC_USE_REG (value) );
 300:Drivers/CMSIS/Include/cmsis_gcc.h ****   return result;
 301:Drivers/CMSIS/Include/cmsis_gcc.h **** #endif
 302:Drivers/CMSIS/Include/cmsis_gcc.h **** }
 303:Drivers/CMSIS/Include/cmsis_gcc.h **** 
 304:Drivers/CMSIS/Include/cmsis_gcc.h **** 
 305:Drivers/CMSIS/Include/cmsis_gcc.h **** /**
 306:Drivers/CMSIS/Include/cmsis_gcc.h ****   \brief   Reverse byte order (16 bit)
 307:Drivers/CMSIS/Include/cmsis_gcc.h ****   \details Reverses the byte order within each halfword of a word. For example, 0x12345678 becomes 
 308:Drivers/CMSIS/Include/cmsis_gcc.h ****   \param [in]    value  Value to reverse
 309:Drivers/CMSIS/Include/cmsis_gcc.h ****   \return               Reversed value
 310:Drivers/CMSIS/Include/cmsis_gcc.h ****  */
 311:Drivers/CMSIS/Include/cmsis_gcc.h **** __STATIC_FORCEINLINE uint32_t __REV16(uint32_t value)
 312:Drivers/CMSIS/Include/cmsis_gcc.h **** {
 313:Drivers/CMSIS/Include/cmsis_gcc.h ****   uint32_t result;
 314:Drivers/CMSIS/Include/cmsis_gcc.h **** 
 315:Drivers/CMSIS/Include/cmsis_gcc.h ****   __ASM ("rev16 %0, %1" : __CMSIS_GCC_OUT_REG (result) : __CMSIS_GCC_USE_REG (value) );
 316:Drivers/CMSIS/Include/cmsis_gcc.h ****   return result;
 317:Drivers/CMSIS/Include/cmsis_gcc.h **** }
 318:Drivers/CMSIS/Include/cmsis_gcc.h **** 
 319:Drivers/CMSIS/Include/cmsis_gcc.h **** 
 320:Drivers/CMSIS/Include/cmsis_gcc.h **** /**
 321:Drivers/CMSIS/Include/cmsis_gcc.h ****   \brief   Reverse byte order (16 bit)
 322:Drivers/CMSIS/Include/cmsis_gcc.h ****   \details Reverses the byte order in a 16-bit value and returns the signed 16-bit result. For exam
 323:Drivers/CMSIS/Include/cmsis_gcc.h ****   \param [in]    value  Value to reverse
 324:Drivers/CMSIS/Include/cmsis_gcc.h ****   \return               Reversed value
 325:Drivers/CMSIS/Include/cmsis_gcc.h ****  */
 326:Drivers/CMSIS/Include/cmsis_gcc.h **** __STATIC_FORCEINLINE int16_t __REVSH(int16_t value)
 327:Drivers/CMSIS/Include/cmsis_gcc.h **** {
ARM GAS  /tmp/ccKWmiiR.s 			page 33


 328:Drivers/CMSIS/Include/cmsis_gcc.h **** #if (__GNUC__ > 4) || (__GNUC__ == 4 && __GNUC_MINOR__ >= 8)
 329:Drivers/CMSIS/Include/cmsis_gcc.h ****   return (int16_t)__builtin_bswap16(value);
 330:Drivers/CMSIS/Include/cmsis_gcc.h **** #else
 331:Drivers/CMSIS/Include/cmsis_gcc.h ****   int16_t result;
 332:Drivers/CMSIS/Include/cmsis_gcc.h **** 
 333:Drivers/CMSIS/Include/cmsis_gcc.h ****   __ASM ("revsh %0, %1" : __CMSIS_GCC_OUT_REG (result) : __CMSIS_GCC_USE_REG (value) );
 334:Drivers/CMSIS/Include/cmsis_gcc.h ****   return result;
 335:Drivers/CMSIS/Include/cmsis_gcc.h **** #endif
 336:Drivers/CMSIS/Include/cmsis_gcc.h **** }
 337:Drivers/CMSIS/Include/cmsis_gcc.h **** 
 338:Drivers/CMSIS/Include/cmsis_gcc.h **** 
 339:Drivers/CMSIS/Include/cmsis_gcc.h **** /**
 340:Drivers/CMSIS/Include/cmsis_gcc.h ****   \brief   Rotate Right in unsigned value (32 bit)
 341:Drivers/CMSIS/Include/cmsis_gcc.h ****   \details Rotate Right (immediate) provides the value of the contents of a register rotated by a v
 342:Drivers/CMSIS/Include/cmsis_gcc.h ****   \param [in]    op1  Value to rotate
 343:Drivers/CMSIS/Include/cmsis_gcc.h ****   \param [in]    op2  Number of Bits to rotate
 344:Drivers/CMSIS/Include/cmsis_gcc.h ****   \return               Rotated value
 345:Drivers/CMSIS/Include/cmsis_gcc.h ****  */
 346:Drivers/CMSIS/Include/cmsis_gcc.h **** __STATIC_FORCEINLINE uint32_t __ROR(uint32_t op1, uint32_t op2)
 347:Drivers/CMSIS/Include/cmsis_gcc.h **** {
 348:Drivers/CMSIS/Include/cmsis_gcc.h ****   op2 %= 32U;
 349:Drivers/CMSIS/Include/cmsis_gcc.h ****   if (op2 == 0U)
 350:Drivers/CMSIS/Include/cmsis_gcc.h ****   {
 351:Drivers/CMSIS/Include/cmsis_gcc.h ****     return op1;
 352:Drivers/CMSIS/Include/cmsis_gcc.h ****   }
 353:Drivers/CMSIS/Include/cmsis_gcc.h ****   return (op1 >> op2) | (op1 << (32U - op2));
 354:Drivers/CMSIS/Include/cmsis_gcc.h **** }
 355:Drivers/CMSIS/Include/cmsis_gcc.h **** 
 356:Drivers/CMSIS/Include/cmsis_gcc.h **** 
 357:Drivers/CMSIS/Include/cmsis_gcc.h **** /**
 358:Drivers/CMSIS/Include/cmsis_gcc.h ****   \brief   Breakpoint
 359:Drivers/CMSIS/Include/cmsis_gcc.h ****   \details Causes the processor to enter Debug state.
 360:Drivers/CMSIS/Include/cmsis_gcc.h ****            Debug tools can use this to investigate system state when the instruction at a particula
 361:Drivers/CMSIS/Include/cmsis_gcc.h ****   \param [in]    value  is ignored by the processor.
 362:Drivers/CMSIS/Include/cmsis_gcc.h ****                  If required, a debugger can use it to store additional information about the break
 363:Drivers/CMSIS/Include/cmsis_gcc.h ****  */
 364:Drivers/CMSIS/Include/cmsis_gcc.h **** #define __BKPT(value)                       __ASM volatile ("bkpt "#value)
 365:Drivers/CMSIS/Include/cmsis_gcc.h **** 
 366:Drivers/CMSIS/Include/cmsis_gcc.h **** 
 367:Drivers/CMSIS/Include/cmsis_gcc.h **** /**
 368:Drivers/CMSIS/Include/cmsis_gcc.h ****   \brief   Reverse bit order of value
 369:Drivers/CMSIS/Include/cmsis_gcc.h ****   \details Reverses the bit order of the given value.
 370:Drivers/CMSIS/Include/cmsis_gcc.h ****   \param [in]    value  Value to reverse
 371:Drivers/CMSIS/Include/cmsis_gcc.h ****   \return               Reversed value
 372:Drivers/CMSIS/Include/cmsis_gcc.h ****  */
 373:Drivers/CMSIS/Include/cmsis_gcc.h **** __STATIC_FORCEINLINE uint32_t __RBIT(uint32_t value)
 374:Drivers/CMSIS/Include/cmsis_gcc.h **** {
 375:Drivers/CMSIS/Include/cmsis_gcc.h ****   uint32_t result;
 376:Drivers/CMSIS/Include/cmsis_gcc.h **** 
 377:Drivers/CMSIS/Include/cmsis_gcc.h **** #if ((defined (__ARM_ARCH_7M__      ) && (__ARM_ARCH_7M__      == 1)) || \
 378:Drivers/CMSIS/Include/cmsis_gcc.h ****      (defined (__ARM_ARCH_7EM__     ) && (__ARM_ARCH_7EM__     == 1)) || \
 379:Drivers/CMSIS/Include/cmsis_gcc.h ****      (defined (__ARM_ARCH_8M_MAIN__ ) && (__ARM_ARCH_8M_MAIN__ == 1))    )
 380:Drivers/CMSIS/Include/cmsis_gcc.h ****    __ASM ("rbit %0, %1" : "=r" (result) : "r" (value) );
 381:Drivers/CMSIS/Include/cmsis_gcc.h **** #else
 382:Drivers/CMSIS/Include/cmsis_gcc.h ****   uint32_t s = (4U /*sizeof(v)*/ * 8U) - 1U; /* extra shift needed at end */
 383:Drivers/CMSIS/Include/cmsis_gcc.h **** 
 384:Drivers/CMSIS/Include/cmsis_gcc.h ****   result = value;                      /* r will be reversed bits of v; first get LSB of v */
ARM GAS  /tmp/ccKWmiiR.s 			page 34


 385:Drivers/CMSIS/Include/cmsis_gcc.h ****   for (value >>= 1U; value != 0U; value >>= 1U)
 386:Drivers/CMSIS/Include/cmsis_gcc.h ****   {
 387:Drivers/CMSIS/Include/cmsis_gcc.h ****     result <<= 1U;
 388:Drivers/CMSIS/Include/cmsis_gcc.h ****     result |= value & 1U;
 389:Drivers/CMSIS/Include/cmsis_gcc.h ****     s--;
 390:Drivers/CMSIS/Include/cmsis_gcc.h ****   }
 391:Drivers/CMSIS/Include/cmsis_gcc.h ****   result <<= s;                        /* shift when v's highest bits are zero */
 392:Drivers/CMSIS/Include/cmsis_gcc.h **** #endif
 393:Drivers/CMSIS/Include/cmsis_gcc.h ****   return result;
 394:Drivers/CMSIS/Include/cmsis_gcc.h **** }
 395:Drivers/CMSIS/Include/cmsis_gcc.h **** 
 396:Drivers/CMSIS/Include/cmsis_gcc.h **** 
 397:Drivers/CMSIS/Include/cmsis_gcc.h **** /**
 398:Drivers/CMSIS/Include/cmsis_gcc.h ****   \brief   Count leading zeros
 399:Drivers/CMSIS/Include/cmsis_gcc.h ****   \details Counts the number of leading zeros of a data value.
 400:Drivers/CMSIS/Include/cmsis_gcc.h ****   \param [in]  value  Value to count the leading zeros
 401:Drivers/CMSIS/Include/cmsis_gcc.h ****   \return             number of leading zeros in value
 402:Drivers/CMSIS/Include/cmsis_gcc.h ****  */
 403:Drivers/CMSIS/Include/cmsis_gcc.h **** __STATIC_FORCEINLINE uint8_t __CLZ(uint32_t value)
 404:Drivers/CMSIS/Include/cmsis_gcc.h **** {
 405:Drivers/CMSIS/Include/cmsis_gcc.h ****   /* Even though __builtin_clz produces a CLZ instruction on ARM, formally
 406:Drivers/CMSIS/Include/cmsis_gcc.h ****      __builtin_clz(0) is undefined behaviour, so handle this case specially.
 407:Drivers/CMSIS/Include/cmsis_gcc.h ****      This guarantees ARM-compatible results if happening to compile on a non-ARM
 408:Drivers/CMSIS/Include/cmsis_gcc.h ****      target, and ensures the compiler doesn't decide to activate any
 409:Drivers/CMSIS/Include/cmsis_gcc.h ****      optimisations using the logic "value was passed to __builtin_clz, so it
 410:Drivers/CMSIS/Include/cmsis_gcc.h ****      is non-zero".
 411:Drivers/CMSIS/Include/cmsis_gcc.h ****      ARM GCC 7.3 and possibly earlier will optimise this test away, leaving a
 412:Drivers/CMSIS/Include/cmsis_gcc.h ****      single CLZ instruction.
 413:Drivers/CMSIS/Include/cmsis_gcc.h ****    */
 414:Drivers/CMSIS/Include/cmsis_gcc.h ****   if (value == 0U)
 415:Drivers/CMSIS/Include/cmsis_gcc.h ****   {
 416:Drivers/CMSIS/Include/cmsis_gcc.h ****     return 32U;
 417:Drivers/CMSIS/Include/cmsis_gcc.h ****   }
 418:Drivers/CMSIS/Include/cmsis_gcc.h ****   return __builtin_clz(value);
 419:Drivers/CMSIS/Include/cmsis_gcc.h **** }
 420:Drivers/CMSIS/Include/cmsis_gcc.h **** 
 421:Drivers/CMSIS/Include/cmsis_gcc.h **** 
 422:Drivers/CMSIS/Include/cmsis_gcc.h **** #if ((defined (__ARM_ARCH_7M__      ) && (__ARM_ARCH_7M__      == 1)) || \
 423:Drivers/CMSIS/Include/cmsis_gcc.h ****      (defined (__ARM_ARCH_7EM__     ) && (__ARM_ARCH_7EM__     == 1)) || \
 424:Drivers/CMSIS/Include/cmsis_gcc.h ****      (defined (__ARM_ARCH_8M_MAIN__ ) && (__ARM_ARCH_8M_MAIN__ == 1)) || \
 425:Drivers/CMSIS/Include/cmsis_gcc.h ****      (defined (__ARM_ARCH_8M_BASE__ ) && (__ARM_ARCH_8M_BASE__ == 1))    )
 426:Drivers/CMSIS/Include/cmsis_gcc.h **** /**
 427:Drivers/CMSIS/Include/cmsis_gcc.h ****   \brief   LDR Exclusive (8 bit)
 428:Drivers/CMSIS/Include/cmsis_gcc.h ****   \details Executes a exclusive LDR instruction for 8 bit value.
 429:Drivers/CMSIS/Include/cmsis_gcc.h ****   \param [in]    ptr  Pointer to data
 430:Drivers/CMSIS/Include/cmsis_gcc.h ****   \return             value of type uint8_t at (*ptr)
 431:Drivers/CMSIS/Include/cmsis_gcc.h ****  */
 432:Drivers/CMSIS/Include/cmsis_gcc.h **** __STATIC_FORCEINLINE uint8_t __LDREXB(volatile uint8_t *addr)
 433:Drivers/CMSIS/Include/cmsis_gcc.h **** {
 434:Drivers/CMSIS/Include/cmsis_gcc.h ****     uint32_t result;
 435:Drivers/CMSIS/Include/cmsis_gcc.h **** 
 436:Drivers/CMSIS/Include/cmsis_gcc.h **** #if (__GNUC__ > 4) || (__GNUC__ == 4 && __GNUC_MINOR__ >= 8)
 437:Drivers/CMSIS/Include/cmsis_gcc.h ****    __ASM volatile ("ldrexb %0, %1" : "=r" (result) : "Q" (*addr) );
 438:Drivers/CMSIS/Include/cmsis_gcc.h **** #else
 439:Drivers/CMSIS/Include/cmsis_gcc.h ****     /* Prior to GCC 4.8, "Q" will be expanded to [rx, #0] which is not
 440:Drivers/CMSIS/Include/cmsis_gcc.h ****        accepted by assembler. So has to use following less efficient pattern.
 441:Drivers/CMSIS/Include/cmsis_gcc.h ****     */
ARM GAS  /tmp/ccKWmiiR.s 			page 35


 442:Drivers/CMSIS/Include/cmsis_gcc.h ****    __ASM volatile ("ldrexb %0, [%1]" : "=r" (result) : "r" (addr) : "memory" );
 443:Drivers/CMSIS/Include/cmsis_gcc.h **** #endif
 444:Drivers/CMSIS/Include/cmsis_gcc.h ****    return ((uint8_t) result);    /* Add explicit type cast here */
 445:Drivers/CMSIS/Include/cmsis_gcc.h **** }
 446:Drivers/CMSIS/Include/cmsis_gcc.h **** 
 447:Drivers/CMSIS/Include/cmsis_gcc.h **** 
 448:Drivers/CMSIS/Include/cmsis_gcc.h **** /**
 449:Drivers/CMSIS/Include/cmsis_gcc.h ****   \brief   LDR Exclusive (16 bit)
 450:Drivers/CMSIS/Include/cmsis_gcc.h ****   \details Executes a exclusive LDR instruction for 16 bit values.
 451:Drivers/CMSIS/Include/cmsis_gcc.h ****   \param [in]    ptr  Pointer to data
 452:Drivers/CMSIS/Include/cmsis_gcc.h ****   \return        value of type uint16_t at (*ptr)
 453:Drivers/CMSIS/Include/cmsis_gcc.h ****  */
 454:Drivers/CMSIS/Include/cmsis_gcc.h **** __STATIC_FORCEINLINE uint16_t __LDREXH(volatile uint16_t *addr)
 455:Drivers/CMSIS/Include/cmsis_gcc.h **** {
 456:Drivers/CMSIS/Include/cmsis_gcc.h ****     uint32_t result;
 457:Drivers/CMSIS/Include/cmsis_gcc.h **** 
 458:Drivers/CMSIS/Include/cmsis_gcc.h **** #if (__GNUC__ > 4) || (__GNUC__ == 4 && __GNUC_MINOR__ >= 8)
 459:Drivers/CMSIS/Include/cmsis_gcc.h ****    __ASM volatile ("ldrexh %0, %1" : "=r" (result) : "Q" (*addr) );
 460:Drivers/CMSIS/Include/cmsis_gcc.h **** #else
 461:Drivers/CMSIS/Include/cmsis_gcc.h ****     /* Prior to GCC 4.8, "Q" will be expanded to [rx, #0] which is not
 462:Drivers/CMSIS/Include/cmsis_gcc.h ****        accepted by assembler. So has to use following less efficient pattern.
 463:Drivers/CMSIS/Include/cmsis_gcc.h ****     */
 464:Drivers/CMSIS/Include/cmsis_gcc.h ****    __ASM volatile ("ldrexh %0, [%1]" : "=r" (result) : "r" (addr) : "memory" );
 465:Drivers/CMSIS/Include/cmsis_gcc.h **** #endif
 466:Drivers/CMSIS/Include/cmsis_gcc.h ****    return ((uint16_t) result);    /* Add explicit type cast here */
 467:Drivers/CMSIS/Include/cmsis_gcc.h **** }
 468:Drivers/CMSIS/Include/cmsis_gcc.h **** 
 469:Drivers/CMSIS/Include/cmsis_gcc.h **** 
 470:Drivers/CMSIS/Include/cmsis_gcc.h **** /**
 471:Drivers/CMSIS/Include/cmsis_gcc.h ****   \brief   LDR Exclusive (32 bit)
 472:Drivers/CMSIS/Include/cmsis_gcc.h ****   \details Executes a exclusive LDR instruction for 32 bit values.
 473:Drivers/CMSIS/Include/cmsis_gcc.h ****   \param [in]    ptr  Pointer to data
 474:Drivers/CMSIS/Include/cmsis_gcc.h ****   \return        value of type uint32_t at (*ptr)
 475:Drivers/CMSIS/Include/cmsis_gcc.h ****  */
 476:Drivers/CMSIS/Include/cmsis_gcc.h **** __STATIC_FORCEINLINE uint32_t __LDREXW(volatile uint32_t *addr)
 477:Drivers/CMSIS/Include/cmsis_gcc.h **** {
 478:Drivers/CMSIS/Include/cmsis_gcc.h ****     uint32_t result;
 479:Drivers/CMSIS/Include/cmsis_gcc.h **** 
 480:Drivers/CMSIS/Include/cmsis_gcc.h ****    __ASM volatile ("ldrex %0, %1" : "=r" (result) : "Q" (*addr) );
 481:Drivers/CMSIS/Include/cmsis_gcc.h ****    return(result);
 482:Drivers/CMSIS/Include/cmsis_gcc.h **** }
 483:Drivers/CMSIS/Include/cmsis_gcc.h **** 
 484:Drivers/CMSIS/Include/cmsis_gcc.h **** 
 485:Drivers/CMSIS/Include/cmsis_gcc.h **** /**
 486:Drivers/CMSIS/Include/cmsis_gcc.h ****   \brief   STR Exclusive (8 bit)
 487:Drivers/CMSIS/Include/cmsis_gcc.h ****   \details Executes a exclusive STR instruction for 8 bit values.
 488:Drivers/CMSIS/Include/cmsis_gcc.h ****   \param [in]  value  Value to store
 489:Drivers/CMSIS/Include/cmsis_gcc.h ****   \param [in]    ptr  Pointer to location
 490:Drivers/CMSIS/Include/cmsis_gcc.h ****   \return          0  Function succeeded
 491:Drivers/CMSIS/Include/cmsis_gcc.h ****   \return          1  Function failed
 492:Drivers/CMSIS/Include/cmsis_gcc.h ****  */
 493:Drivers/CMSIS/Include/cmsis_gcc.h **** __STATIC_FORCEINLINE uint32_t __STREXB(uint8_t value, volatile uint8_t *addr)
 494:Drivers/CMSIS/Include/cmsis_gcc.h **** {
 495:Drivers/CMSIS/Include/cmsis_gcc.h ****    uint32_t result;
 496:Drivers/CMSIS/Include/cmsis_gcc.h **** 
 497:Drivers/CMSIS/Include/cmsis_gcc.h ****    __ASM volatile ("strexb %0, %2, %1" : "=&r" (result), "=Q" (*addr) : "r" ((uint32_t)value) );
 498:Drivers/CMSIS/Include/cmsis_gcc.h ****    return(result);
ARM GAS  /tmp/ccKWmiiR.s 			page 36


 499:Drivers/CMSIS/Include/cmsis_gcc.h **** }
 500:Drivers/CMSIS/Include/cmsis_gcc.h **** 
 501:Drivers/CMSIS/Include/cmsis_gcc.h **** 
 502:Drivers/CMSIS/Include/cmsis_gcc.h **** /**
 503:Drivers/CMSIS/Include/cmsis_gcc.h ****   \brief   STR Exclusive (16 bit)
 504:Drivers/CMSIS/Include/cmsis_gcc.h ****   \details Executes a exclusive STR instruction for 16 bit values.
 505:Drivers/CMSIS/Include/cmsis_gcc.h ****   \param [in]  value  Value to store
 506:Drivers/CMSIS/Include/cmsis_gcc.h ****   \param [in]    ptr  Pointer to location
 507:Drivers/CMSIS/Include/cmsis_gcc.h ****   \return          0  Function succeeded
 508:Drivers/CMSIS/Include/cmsis_gcc.h ****   \return          1  Function failed
 509:Drivers/CMSIS/Include/cmsis_gcc.h ****  */
 510:Drivers/CMSIS/Include/cmsis_gcc.h **** __STATIC_FORCEINLINE uint32_t __STREXH(uint16_t value, volatile uint16_t *addr)
 511:Drivers/CMSIS/Include/cmsis_gcc.h **** {
 512:Drivers/CMSIS/Include/cmsis_gcc.h ****    uint32_t result;
 513:Drivers/CMSIS/Include/cmsis_gcc.h **** 
 514:Drivers/CMSIS/Include/cmsis_gcc.h ****    __ASM volatile ("strexh %0, %2, %1" : "=&r" (result), "=Q" (*addr) : "r" ((uint32_t)value) );
 515:Drivers/CMSIS/Include/cmsis_gcc.h ****    return(result);
 516:Drivers/CMSIS/Include/cmsis_gcc.h **** }
 517:Drivers/CMSIS/Include/cmsis_gcc.h **** 
 518:Drivers/CMSIS/Include/cmsis_gcc.h **** 
 519:Drivers/CMSIS/Include/cmsis_gcc.h **** /**
 520:Drivers/CMSIS/Include/cmsis_gcc.h ****   \brief   STR Exclusive (32 bit)
 521:Drivers/CMSIS/Include/cmsis_gcc.h ****   \details Executes a exclusive STR instruction for 32 bit values.
 522:Drivers/CMSIS/Include/cmsis_gcc.h ****   \param [in]  value  Value to store
 523:Drivers/CMSIS/Include/cmsis_gcc.h ****   \param [in]    ptr  Pointer to location
 524:Drivers/CMSIS/Include/cmsis_gcc.h ****   \return          0  Function succeeded
 525:Drivers/CMSIS/Include/cmsis_gcc.h ****   \return          1  Function failed
 526:Drivers/CMSIS/Include/cmsis_gcc.h ****  */
 527:Drivers/CMSIS/Include/cmsis_gcc.h **** __STATIC_FORCEINLINE uint32_t __STREXW(uint32_t value, volatile uint32_t *addr)
 528:Drivers/CMSIS/Include/cmsis_gcc.h **** {
 529:Drivers/CMSIS/Include/cmsis_gcc.h ****    uint32_t result;
 530:Drivers/CMSIS/Include/cmsis_gcc.h **** 
 531:Drivers/CMSIS/Include/cmsis_gcc.h ****    __ASM volatile ("strex %0, %2, %1" : "=&r" (result), "=Q" (*addr) : "r" (value) );
 532:Drivers/CMSIS/Include/cmsis_gcc.h ****    return(result);
 533:Drivers/CMSIS/Include/cmsis_gcc.h **** }
 534:Drivers/CMSIS/Include/cmsis_gcc.h **** 
 535:Drivers/CMSIS/Include/cmsis_gcc.h **** 
 536:Drivers/CMSIS/Include/cmsis_gcc.h **** /**
 537:Drivers/CMSIS/Include/cmsis_gcc.h ****   \brief   Remove the exclusive lock
 538:Drivers/CMSIS/Include/cmsis_gcc.h ****   \details Removes the exclusive lock which is created by LDREX.
 539:Drivers/CMSIS/Include/cmsis_gcc.h ****  */
 540:Drivers/CMSIS/Include/cmsis_gcc.h **** __STATIC_FORCEINLINE void __CLREX(void)
 541:Drivers/CMSIS/Include/cmsis_gcc.h **** {
 542:Drivers/CMSIS/Include/cmsis_gcc.h ****   __ASM volatile ("clrex" ::: "memory");
 543:Drivers/CMSIS/Include/cmsis_gcc.h **** }
 544:Drivers/CMSIS/Include/cmsis_gcc.h **** 
 545:Drivers/CMSIS/Include/cmsis_gcc.h **** #endif /* ((defined (__ARM_ARCH_7M__      ) && (__ARM_ARCH_7M__      == 1)) || \
 546:Drivers/CMSIS/Include/cmsis_gcc.h ****            (defined (__ARM_ARCH_7EM__     ) && (__ARM_ARCH_7EM__     == 1)) || \
 547:Drivers/CMSIS/Include/cmsis_gcc.h ****            (defined (__ARM_ARCH_8M_MAIN__ ) && (__ARM_ARCH_8M_MAIN__ == 1)) || \
 548:Drivers/CMSIS/Include/cmsis_gcc.h ****            (defined (__ARM_ARCH_8M_BASE__ ) && (__ARM_ARCH_8M_BASE__ == 1))    ) */
 549:Drivers/CMSIS/Include/cmsis_gcc.h **** 
 550:Drivers/CMSIS/Include/cmsis_gcc.h **** 
 551:Drivers/CMSIS/Include/cmsis_gcc.h **** #if ((defined (__ARM_ARCH_7M__      ) && (__ARM_ARCH_7M__      == 1)) || \
 552:Drivers/CMSIS/Include/cmsis_gcc.h ****      (defined (__ARM_ARCH_7EM__     ) && (__ARM_ARCH_7EM__     == 1)) || \
 553:Drivers/CMSIS/Include/cmsis_gcc.h ****      (defined (__ARM_ARCH_8M_MAIN__ ) && (__ARM_ARCH_8M_MAIN__ == 1))    )
 554:Drivers/CMSIS/Include/cmsis_gcc.h **** /**
 555:Drivers/CMSIS/Include/cmsis_gcc.h ****   \brief   Signed Saturate
ARM GAS  /tmp/ccKWmiiR.s 			page 37


 556:Drivers/CMSIS/Include/cmsis_gcc.h ****   \details Saturates a signed value.
 557:Drivers/CMSIS/Include/cmsis_gcc.h ****   \param [in]  ARG1  Value to be saturated
 558:Drivers/CMSIS/Include/cmsis_gcc.h ****   \param [in]  ARG2  Bit position to saturate to (1..32)
 559:Drivers/CMSIS/Include/cmsis_gcc.h ****   \return             Saturated value
 560:Drivers/CMSIS/Include/cmsis_gcc.h ****  */
 561:Drivers/CMSIS/Include/cmsis_gcc.h **** #define __SSAT(ARG1, ARG2) \
 562:Drivers/CMSIS/Include/cmsis_gcc.h **** __extension__ \
 563:Drivers/CMSIS/Include/cmsis_gcc.h **** ({                          \
 564:Drivers/CMSIS/Include/cmsis_gcc.h ****   int32_t __RES, __ARG1 = (ARG1); \
 565:Drivers/CMSIS/Include/cmsis_gcc.h ****   __ASM volatile ("ssat %0, %1, %2" : "=r" (__RES) :  "I" (ARG2), "r" (__ARG1) : "cc" ); \
 566:Drivers/CMSIS/Include/cmsis_gcc.h ****   __RES; \
 567:Drivers/CMSIS/Include/cmsis_gcc.h ****  })
 568:Drivers/CMSIS/Include/cmsis_gcc.h **** 
 569:Drivers/CMSIS/Include/cmsis_gcc.h **** 
 570:Drivers/CMSIS/Include/cmsis_gcc.h **** /**
 571:Drivers/CMSIS/Include/cmsis_gcc.h ****   \brief   Unsigned Saturate
 572:Drivers/CMSIS/Include/cmsis_gcc.h ****   \details Saturates an unsigned value.
 573:Drivers/CMSIS/Include/cmsis_gcc.h ****   \param [in]  ARG1  Value to be saturated
 574:Drivers/CMSIS/Include/cmsis_gcc.h ****   \param [in]  ARG2  Bit position to saturate to (0..31)
 575:Drivers/CMSIS/Include/cmsis_gcc.h ****   \return             Saturated value
 576:Drivers/CMSIS/Include/cmsis_gcc.h ****  */
 577:Drivers/CMSIS/Include/cmsis_gcc.h **** #define __USAT(ARG1, ARG2) \
 578:Drivers/CMSIS/Include/cmsis_gcc.h **** __extension__ \
 579:Drivers/CMSIS/Include/cmsis_gcc.h **** ({                          \
 580:Drivers/CMSIS/Include/cmsis_gcc.h ****   uint32_t __RES, __ARG1 = (ARG1); \
 581:Drivers/CMSIS/Include/cmsis_gcc.h ****   __ASM volatile ("usat %0, %1, %2" : "=r" (__RES) :  "I" (ARG2), "r" (__ARG1) : "cc" ); \
 582:Drivers/CMSIS/Include/cmsis_gcc.h ****   __RES; \
 583:Drivers/CMSIS/Include/cmsis_gcc.h ****  })
 584:Drivers/CMSIS/Include/cmsis_gcc.h **** 
 585:Drivers/CMSIS/Include/cmsis_gcc.h **** 
 586:Drivers/CMSIS/Include/cmsis_gcc.h **** /**
 587:Drivers/CMSIS/Include/cmsis_gcc.h ****   \brief   Rotate Right with Extend (32 bit)
 588:Drivers/CMSIS/Include/cmsis_gcc.h ****   \details Moves each bit of a bitstring right by one bit.
 589:Drivers/CMSIS/Include/cmsis_gcc.h ****            The carry input is shifted in at the left end of the bitstring.
 590:Drivers/CMSIS/Include/cmsis_gcc.h ****   \param [in]    value  Value to rotate
 591:Drivers/CMSIS/Include/cmsis_gcc.h ****   \return               Rotated value
 592:Drivers/CMSIS/Include/cmsis_gcc.h ****  */
 593:Drivers/CMSIS/Include/cmsis_gcc.h **** __STATIC_FORCEINLINE uint32_t __RRX(uint32_t value)
 594:Drivers/CMSIS/Include/cmsis_gcc.h **** {
 595:Drivers/CMSIS/Include/cmsis_gcc.h ****   uint32_t result;
 596:Drivers/CMSIS/Include/cmsis_gcc.h **** 
 597:Drivers/CMSIS/Include/cmsis_gcc.h ****   __ASM volatile ("rrx %0, %1" : __CMSIS_GCC_OUT_REG (result) : __CMSIS_GCC_USE_REG (value) );
 598:Drivers/CMSIS/Include/cmsis_gcc.h ****   return(result);
 599:Drivers/CMSIS/Include/cmsis_gcc.h **** }
 600:Drivers/CMSIS/Include/cmsis_gcc.h **** 
 601:Drivers/CMSIS/Include/cmsis_gcc.h **** 
 602:Drivers/CMSIS/Include/cmsis_gcc.h **** /**
 603:Drivers/CMSIS/Include/cmsis_gcc.h ****   \brief   LDRT Unprivileged (8 bit)
 604:Drivers/CMSIS/Include/cmsis_gcc.h ****   \details Executes a Unprivileged LDRT instruction for 8 bit value.
 605:Drivers/CMSIS/Include/cmsis_gcc.h ****   \param [in]    ptr  Pointer to data
 606:Drivers/CMSIS/Include/cmsis_gcc.h ****   \return             value of type uint8_t at (*ptr)
 607:Drivers/CMSIS/Include/cmsis_gcc.h ****  */
 608:Drivers/CMSIS/Include/cmsis_gcc.h **** __STATIC_FORCEINLINE uint8_t __LDRBT(volatile uint8_t *ptr)
 609:Drivers/CMSIS/Include/cmsis_gcc.h **** {
 610:Drivers/CMSIS/Include/cmsis_gcc.h ****     uint32_t result;
 611:Drivers/CMSIS/Include/cmsis_gcc.h **** 
 612:Drivers/CMSIS/Include/cmsis_gcc.h **** #if (__GNUC__ > 4) || (__GNUC__ == 4 && __GNUC_MINOR__ >= 8)
ARM GAS  /tmp/ccKWmiiR.s 			page 38


 613:Drivers/CMSIS/Include/cmsis_gcc.h ****    __ASM volatile ("ldrbt %0, %1" : "=r" (result) : "Q" (*ptr) );
 614:Drivers/CMSIS/Include/cmsis_gcc.h **** #else
 615:Drivers/CMSIS/Include/cmsis_gcc.h ****     /* Prior to GCC 4.8, "Q" will be expanded to [rx, #0] which is not
 616:Drivers/CMSIS/Include/cmsis_gcc.h ****        accepted by assembler. So has to use following less efficient pattern.
 617:Drivers/CMSIS/Include/cmsis_gcc.h ****     */
 618:Drivers/CMSIS/Include/cmsis_gcc.h ****    __ASM volatile ("ldrbt %0, [%1]" : "=r" (result) : "r" (ptr) : "memory" );
 619:Drivers/CMSIS/Include/cmsis_gcc.h **** #endif
 620:Drivers/CMSIS/Include/cmsis_gcc.h ****    return ((uint8_t) result);    /* Add explicit type cast here */
 621:Drivers/CMSIS/Include/cmsis_gcc.h **** }
 622:Drivers/CMSIS/Include/cmsis_gcc.h **** 
 623:Drivers/CMSIS/Include/cmsis_gcc.h **** 
 624:Drivers/CMSIS/Include/cmsis_gcc.h **** /**
 625:Drivers/CMSIS/Include/cmsis_gcc.h ****   \brief   LDRT Unprivileged (16 bit)
 626:Drivers/CMSIS/Include/cmsis_gcc.h ****   \details Executes a Unprivileged LDRT instruction for 16 bit values.
 627:Drivers/CMSIS/Include/cmsis_gcc.h ****   \param [in]    ptr  Pointer to data
 628:Drivers/CMSIS/Include/cmsis_gcc.h ****   \return        value of type uint16_t at (*ptr)
 629:Drivers/CMSIS/Include/cmsis_gcc.h ****  */
 630:Drivers/CMSIS/Include/cmsis_gcc.h **** __STATIC_FORCEINLINE uint16_t __LDRHT(volatile uint16_t *ptr)
 631:Drivers/CMSIS/Include/cmsis_gcc.h **** {
 632:Drivers/CMSIS/Include/cmsis_gcc.h ****     uint32_t result;
 633:Drivers/CMSIS/Include/cmsis_gcc.h **** 
 634:Drivers/CMSIS/Include/cmsis_gcc.h **** #if (__GNUC__ > 4) || (__GNUC__ == 4 && __GNUC_MINOR__ >= 8)
 635:Drivers/CMSIS/Include/cmsis_gcc.h ****    __ASM volatile ("ldrht %0, %1" : "=r" (result) : "Q" (*ptr) );
 636:Drivers/CMSIS/Include/cmsis_gcc.h **** #else
 637:Drivers/CMSIS/Include/cmsis_gcc.h ****     /* Prior to GCC 4.8, "Q" will be expanded to [rx, #0] which is not
 638:Drivers/CMSIS/Include/cmsis_gcc.h ****        accepted by assembler. So has to use following less efficient pattern.
 639:Drivers/CMSIS/Include/cmsis_gcc.h ****     */
 640:Drivers/CMSIS/Include/cmsis_gcc.h ****    __ASM volatile ("ldrht %0, [%1]" : "=r" (result) : "r" (ptr) : "memory" );
 641:Drivers/CMSIS/Include/cmsis_gcc.h **** #endif
 642:Drivers/CMSIS/Include/cmsis_gcc.h ****    return ((uint16_t) result);    /* Add explicit type cast here */
 643:Drivers/CMSIS/Include/cmsis_gcc.h **** }
 644:Drivers/CMSIS/Include/cmsis_gcc.h **** 
 645:Drivers/CMSIS/Include/cmsis_gcc.h **** 
 646:Drivers/CMSIS/Include/cmsis_gcc.h **** /**
 647:Drivers/CMSIS/Include/cmsis_gcc.h ****   \brief   LDRT Unprivileged (32 bit)
 648:Drivers/CMSIS/Include/cmsis_gcc.h ****   \details Executes a Unprivileged LDRT instruction for 32 bit values.
 649:Drivers/CMSIS/Include/cmsis_gcc.h ****   \param [in]    ptr  Pointer to data
 650:Drivers/CMSIS/Include/cmsis_gcc.h ****   \return        value of type uint32_t at (*ptr)
 651:Drivers/CMSIS/Include/cmsis_gcc.h ****  */
 652:Drivers/CMSIS/Include/cmsis_gcc.h **** __STATIC_FORCEINLINE uint32_t __LDRT(volatile uint32_t *ptr)
 653:Drivers/CMSIS/Include/cmsis_gcc.h **** {
 654:Drivers/CMSIS/Include/cmsis_gcc.h ****     uint32_t result;
 655:Drivers/CMSIS/Include/cmsis_gcc.h **** 
 656:Drivers/CMSIS/Include/cmsis_gcc.h ****    __ASM volatile ("ldrt %0, %1" : "=r" (result) : "Q" (*ptr) );
 657:Drivers/CMSIS/Include/cmsis_gcc.h ****    return(result);
 658:Drivers/CMSIS/Include/cmsis_gcc.h **** }
 659:Drivers/CMSIS/Include/cmsis_gcc.h **** 
 660:Drivers/CMSIS/Include/cmsis_gcc.h **** 
 661:Drivers/CMSIS/Include/cmsis_gcc.h **** /**
 662:Drivers/CMSIS/Include/cmsis_gcc.h ****   \brief   STRT Unprivileged (8 bit)
 663:Drivers/CMSIS/Include/cmsis_gcc.h ****   \details Executes a Unprivileged STRT instruction for 8 bit values.
 664:Drivers/CMSIS/Include/cmsis_gcc.h ****   \param [in]  value  Value to store
 665:Drivers/CMSIS/Include/cmsis_gcc.h ****   \param [in]    ptr  Pointer to location
 666:Drivers/CMSIS/Include/cmsis_gcc.h ****  */
 667:Drivers/CMSIS/Include/cmsis_gcc.h **** __STATIC_FORCEINLINE void __STRBT(uint8_t value, volatile uint8_t *ptr)
 668:Drivers/CMSIS/Include/cmsis_gcc.h **** {
 669:Drivers/CMSIS/Include/cmsis_gcc.h ****    __ASM volatile ("strbt %1, %0" : "=Q" (*ptr) : "r" ((uint32_t)value) );
ARM GAS  /tmp/ccKWmiiR.s 			page 39


 670:Drivers/CMSIS/Include/cmsis_gcc.h **** }
 671:Drivers/CMSIS/Include/cmsis_gcc.h **** 
 672:Drivers/CMSIS/Include/cmsis_gcc.h **** 
 673:Drivers/CMSIS/Include/cmsis_gcc.h **** /**
 674:Drivers/CMSIS/Include/cmsis_gcc.h ****   \brief   STRT Unprivileged (16 bit)
 675:Drivers/CMSIS/Include/cmsis_gcc.h ****   \details Executes a Unprivileged STRT instruction for 16 bit values.
 676:Drivers/CMSIS/Include/cmsis_gcc.h ****   \param [in]  value  Value to store
 677:Drivers/CMSIS/Include/cmsis_gcc.h ****   \param [in]    ptr  Pointer to location
 678:Drivers/CMSIS/Include/cmsis_gcc.h ****  */
 679:Drivers/CMSIS/Include/cmsis_gcc.h **** __STATIC_FORCEINLINE void __STRHT(uint16_t value, volatile uint16_t *ptr)
 680:Drivers/CMSIS/Include/cmsis_gcc.h **** {
 681:Drivers/CMSIS/Include/cmsis_gcc.h ****    __ASM volatile ("strht %1, %0" : "=Q" (*ptr) : "r" ((uint32_t)value) );
 682:Drivers/CMSIS/Include/cmsis_gcc.h **** }
 683:Drivers/CMSIS/Include/cmsis_gcc.h **** 
 684:Drivers/CMSIS/Include/cmsis_gcc.h **** 
 685:Drivers/CMSIS/Include/cmsis_gcc.h **** /**
 686:Drivers/CMSIS/Include/cmsis_gcc.h ****   \brief   STRT Unprivileged (32 bit)
 687:Drivers/CMSIS/Include/cmsis_gcc.h ****   \details Executes a Unprivileged STRT instruction for 32 bit values.
 688:Drivers/CMSIS/Include/cmsis_gcc.h ****   \param [in]  value  Value to store
 689:Drivers/CMSIS/Include/cmsis_gcc.h ****   \param [in]    ptr  Pointer to location
 690:Drivers/CMSIS/Include/cmsis_gcc.h ****  */
 691:Drivers/CMSIS/Include/cmsis_gcc.h **** __STATIC_FORCEINLINE void __STRT(uint32_t value, volatile uint32_t *ptr)
 692:Drivers/CMSIS/Include/cmsis_gcc.h **** {
 693:Drivers/CMSIS/Include/cmsis_gcc.h ****    __ASM volatile ("strt %1, %0" : "=Q" (*ptr) : "r" (value) );
 694:Drivers/CMSIS/Include/cmsis_gcc.h **** }
 695:Drivers/CMSIS/Include/cmsis_gcc.h **** 
 696:Drivers/CMSIS/Include/cmsis_gcc.h **** #else  /* ((defined (__ARM_ARCH_7M__      ) && (__ARM_ARCH_7M__      == 1)) || \
 697:Drivers/CMSIS/Include/cmsis_gcc.h ****            (defined (__ARM_ARCH_7EM__     ) && (__ARM_ARCH_7EM__     == 1)) || \
 698:Drivers/CMSIS/Include/cmsis_gcc.h ****            (defined (__ARM_ARCH_8M_MAIN__ ) && (__ARM_ARCH_8M_MAIN__ == 1))    ) */
 699:Drivers/CMSIS/Include/cmsis_gcc.h **** 
 700:Drivers/CMSIS/Include/cmsis_gcc.h **** /**
 701:Drivers/CMSIS/Include/cmsis_gcc.h ****   \brief   Signed Saturate
 702:Drivers/CMSIS/Include/cmsis_gcc.h ****   \details Saturates a signed value.
 703:Drivers/CMSIS/Include/cmsis_gcc.h ****   \param [in]  value  Value to be saturated
 704:Drivers/CMSIS/Include/cmsis_gcc.h ****   \param [in]    sat  Bit position to saturate to (1..32)
 705:Drivers/CMSIS/Include/cmsis_gcc.h ****   \return             Saturated value
 706:Drivers/CMSIS/Include/cmsis_gcc.h ****  */
 707:Drivers/CMSIS/Include/cmsis_gcc.h **** __STATIC_FORCEINLINE int32_t __SSAT(int32_t val, uint32_t sat)
 708:Drivers/CMSIS/Include/cmsis_gcc.h **** {
 709:Drivers/CMSIS/Include/cmsis_gcc.h ****   if ((sat >= 1U) && (sat <= 32U))
 710:Drivers/CMSIS/Include/cmsis_gcc.h ****   {
 711:Drivers/CMSIS/Include/cmsis_gcc.h ****     const int32_t max = (int32_t)((1U << (sat - 1U)) - 1U);
 712:Drivers/CMSIS/Include/cmsis_gcc.h ****     const int32_t min = -1 - max ;
 713:Drivers/CMSIS/Include/cmsis_gcc.h ****     if (val > max)
 714:Drivers/CMSIS/Include/cmsis_gcc.h ****     {
 715:Drivers/CMSIS/Include/cmsis_gcc.h ****       return max;
 716:Drivers/CMSIS/Include/cmsis_gcc.h ****     }
 717:Drivers/CMSIS/Include/cmsis_gcc.h ****     else if (val < min)
 718:Drivers/CMSIS/Include/cmsis_gcc.h ****     {
 719:Drivers/CMSIS/Include/cmsis_gcc.h ****       return min;
 720:Drivers/CMSIS/Include/cmsis_gcc.h ****     }
 721:Drivers/CMSIS/Include/cmsis_gcc.h ****   }
 722:Drivers/CMSIS/Include/cmsis_gcc.h ****   return val;
 723:Drivers/CMSIS/Include/cmsis_gcc.h **** }
 724:Drivers/CMSIS/Include/cmsis_gcc.h **** 
 725:Drivers/CMSIS/Include/cmsis_gcc.h **** /**
 726:Drivers/CMSIS/Include/cmsis_gcc.h ****   \brief   Unsigned Saturate
ARM GAS  /tmp/ccKWmiiR.s 			page 40


 727:Drivers/CMSIS/Include/cmsis_gcc.h ****   \details Saturates an unsigned value.
 728:Drivers/CMSIS/Include/cmsis_gcc.h ****   \param [in]  value  Value to be saturated
 729:Drivers/CMSIS/Include/cmsis_gcc.h ****   \param [in]    sat  Bit position to saturate to (0..31)
 730:Drivers/CMSIS/Include/cmsis_gcc.h ****   \return             Saturated value
 731:Drivers/CMSIS/Include/cmsis_gcc.h ****  */
 732:Drivers/CMSIS/Include/cmsis_gcc.h **** __STATIC_FORCEINLINE uint32_t __USAT(int32_t val, uint32_t sat)
 733:Drivers/CMSIS/Include/cmsis_gcc.h **** {
 734:Drivers/CMSIS/Include/cmsis_gcc.h ****   if (sat <= 31U)
 735:Drivers/CMSIS/Include/cmsis_gcc.h ****   {
 736:Drivers/CMSIS/Include/cmsis_gcc.h ****     const uint32_t max = ((1U << sat) - 1U);
 737:Drivers/CMSIS/Include/cmsis_gcc.h ****     if (val > (int32_t)max)
 738:Drivers/CMSIS/Include/cmsis_gcc.h ****     {
 739:Drivers/CMSIS/Include/cmsis_gcc.h ****       return max;
 740:Drivers/CMSIS/Include/cmsis_gcc.h ****     }
 741:Drivers/CMSIS/Include/cmsis_gcc.h ****     else if (val < 0)
 742:Drivers/CMSIS/Include/cmsis_gcc.h ****     {
 743:Drivers/CMSIS/Include/cmsis_gcc.h ****       return 0U;
 744:Drivers/CMSIS/Include/cmsis_gcc.h ****     }
 745:Drivers/CMSIS/Include/cmsis_gcc.h ****   }
 746:Drivers/CMSIS/Include/cmsis_gcc.h ****   return (uint32_t)val;
 747:Drivers/CMSIS/Include/cmsis_gcc.h **** }
 748:Drivers/CMSIS/Include/cmsis_gcc.h **** 
 749:Drivers/CMSIS/Include/cmsis_gcc.h **** #endif /* ((defined (__ARM_ARCH_7M__      ) && (__ARM_ARCH_7M__      == 1)) || \
 750:Drivers/CMSIS/Include/cmsis_gcc.h ****            (defined (__ARM_ARCH_7EM__     ) && (__ARM_ARCH_7EM__     == 1)) || \
 751:Drivers/CMSIS/Include/cmsis_gcc.h ****            (defined (__ARM_ARCH_8M_MAIN__ ) && (__ARM_ARCH_8M_MAIN__ == 1))    ) */
 752:Drivers/CMSIS/Include/cmsis_gcc.h **** 
 753:Drivers/CMSIS/Include/cmsis_gcc.h **** 
 754:Drivers/CMSIS/Include/cmsis_gcc.h **** #if ((defined (__ARM_ARCH_8M_MAIN__ ) && (__ARM_ARCH_8M_MAIN__ == 1)) || \
 755:Drivers/CMSIS/Include/cmsis_gcc.h ****      (defined (__ARM_ARCH_8M_BASE__ ) && (__ARM_ARCH_8M_BASE__ == 1))    )
 756:Drivers/CMSIS/Include/cmsis_gcc.h **** /**
 757:Drivers/CMSIS/Include/cmsis_gcc.h ****   \brief   Load-Acquire (8 bit)
 758:Drivers/CMSIS/Include/cmsis_gcc.h ****   \details Executes a LDAB instruction for 8 bit value.
 759:Drivers/CMSIS/Include/cmsis_gcc.h ****   \param [in]    ptr  Pointer to data
 760:Drivers/CMSIS/Include/cmsis_gcc.h ****   \return             value of type uint8_t at (*ptr)
 761:Drivers/CMSIS/Include/cmsis_gcc.h ****  */
 762:Drivers/CMSIS/Include/cmsis_gcc.h **** __STATIC_FORCEINLINE uint8_t __LDAB(volatile uint8_t *ptr)
 763:Drivers/CMSIS/Include/cmsis_gcc.h **** {
 764:Drivers/CMSIS/Include/cmsis_gcc.h ****     uint32_t result;
 765:Drivers/CMSIS/Include/cmsis_gcc.h **** 
 766:Drivers/CMSIS/Include/cmsis_gcc.h ****    __ASM volatile ("ldab %0, %1" : "=r" (result) : "Q" (*ptr) : "memory" );
 767:Drivers/CMSIS/Include/cmsis_gcc.h ****    return ((uint8_t) result);
 768:Drivers/CMSIS/Include/cmsis_gcc.h **** }
 769:Drivers/CMSIS/Include/cmsis_gcc.h **** 
 770:Drivers/CMSIS/Include/cmsis_gcc.h **** 
 771:Drivers/CMSIS/Include/cmsis_gcc.h **** /**
 772:Drivers/CMSIS/Include/cmsis_gcc.h ****   \brief   Load-Acquire (16 bit)
 773:Drivers/CMSIS/Include/cmsis_gcc.h ****   \details Executes a LDAH instruction for 16 bit values.
 774:Drivers/CMSIS/Include/cmsis_gcc.h ****   \param [in]    ptr  Pointer to data
 775:Drivers/CMSIS/Include/cmsis_gcc.h ****   \return        value of type uint16_t at (*ptr)
 776:Drivers/CMSIS/Include/cmsis_gcc.h ****  */
 777:Drivers/CMSIS/Include/cmsis_gcc.h **** __STATIC_FORCEINLINE uint16_t __LDAH(volatile uint16_t *ptr)
 778:Drivers/CMSIS/Include/cmsis_gcc.h **** {
 779:Drivers/CMSIS/Include/cmsis_gcc.h ****     uint32_t result;
 780:Drivers/CMSIS/Include/cmsis_gcc.h **** 
 781:Drivers/CMSIS/Include/cmsis_gcc.h ****    __ASM volatile ("ldah %0, %1" : "=r" (result) : "Q" (*ptr) : "memory" );
 782:Drivers/CMSIS/Include/cmsis_gcc.h ****    return ((uint16_t) result);
 783:Drivers/CMSIS/Include/cmsis_gcc.h **** }
ARM GAS  /tmp/ccKWmiiR.s 			page 41


 784:Drivers/CMSIS/Include/cmsis_gcc.h **** 
 785:Drivers/CMSIS/Include/cmsis_gcc.h **** 
 786:Drivers/CMSIS/Include/cmsis_gcc.h **** /**
 787:Drivers/CMSIS/Include/cmsis_gcc.h ****   \brief   Load-Acquire (32 bit)
 788:Drivers/CMSIS/Include/cmsis_gcc.h ****   \details Executes a LDA instruction for 32 bit values.
 789:Drivers/CMSIS/Include/cmsis_gcc.h ****   \param [in]    ptr  Pointer to data
 790:Drivers/CMSIS/Include/cmsis_gcc.h ****   \return        value of type uint32_t at (*ptr)
 791:Drivers/CMSIS/Include/cmsis_gcc.h ****  */
 792:Drivers/CMSIS/Include/cmsis_gcc.h **** __STATIC_FORCEINLINE uint32_t __LDA(volatile uint32_t *ptr)
 793:Drivers/CMSIS/Include/cmsis_gcc.h **** {
 794:Drivers/CMSIS/Include/cmsis_gcc.h ****     uint32_t result;
 795:Drivers/CMSIS/Include/cmsis_gcc.h **** 
 796:Drivers/CMSIS/Include/cmsis_gcc.h ****    __ASM volatile ("lda %0, %1" : "=r" (result) : "Q" (*ptr) : "memory" );
 797:Drivers/CMSIS/Include/cmsis_gcc.h ****    return(result);
 798:Drivers/CMSIS/Include/cmsis_gcc.h **** }
 799:Drivers/CMSIS/Include/cmsis_gcc.h **** 
 800:Drivers/CMSIS/Include/cmsis_gcc.h **** 
 801:Drivers/CMSIS/Include/cmsis_gcc.h **** /**
 802:Drivers/CMSIS/Include/cmsis_gcc.h ****   \brief   Store-Release (8 bit)
 803:Drivers/CMSIS/Include/cmsis_gcc.h ****   \details Executes a STLB instruction for 8 bit values.
 804:Drivers/CMSIS/Include/cmsis_gcc.h ****   \param [in]  value  Value to store
 805:Drivers/CMSIS/Include/cmsis_gcc.h ****   \param [in]    ptr  Pointer to location
 806:Drivers/CMSIS/Include/cmsis_gcc.h ****  */
 807:Drivers/CMSIS/Include/cmsis_gcc.h **** __STATIC_FORCEINLINE void __STLB(uint8_t value, volatile uint8_t *ptr)
 808:Drivers/CMSIS/Include/cmsis_gcc.h **** {
 809:Drivers/CMSIS/Include/cmsis_gcc.h ****    __ASM volatile ("stlb %1, %0" : "=Q" (*ptr) : "r" ((uint32_t)value) : "memory" );
 810:Drivers/CMSIS/Include/cmsis_gcc.h **** }
 811:Drivers/CMSIS/Include/cmsis_gcc.h **** 
 812:Drivers/CMSIS/Include/cmsis_gcc.h **** 
 813:Drivers/CMSIS/Include/cmsis_gcc.h **** /**
 814:Drivers/CMSIS/Include/cmsis_gcc.h ****   \brief   Store-Release (16 bit)
 815:Drivers/CMSIS/Include/cmsis_gcc.h ****   \details Executes a STLH instruction for 16 bit values.
 816:Drivers/CMSIS/Include/cmsis_gcc.h ****   \param [in]  value  Value to store
 817:Drivers/CMSIS/Include/cmsis_gcc.h ****   \param [in]    ptr  Pointer to location
 818:Drivers/CMSIS/Include/cmsis_gcc.h ****  */
 819:Drivers/CMSIS/Include/cmsis_gcc.h **** __STATIC_FORCEINLINE void __STLH(uint16_t value, volatile uint16_t *ptr)
 820:Drivers/CMSIS/Include/cmsis_gcc.h **** {
 821:Drivers/CMSIS/Include/cmsis_gcc.h ****    __ASM volatile ("stlh %1, %0" : "=Q" (*ptr) : "r" ((uint32_t)value) : "memory" );
 822:Drivers/CMSIS/Include/cmsis_gcc.h **** }
 823:Drivers/CMSIS/Include/cmsis_gcc.h **** 
 824:Drivers/CMSIS/Include/cmsis_gcc.h **** 
 825:Drivers/CMSIS/Include/cmsis_gcc.h **** /**
 826:Drivers/CMSIS/Include/cmsis_gcc.h ****   \brief   Store-Release (32 bit)
 827:Drivers/CMSIS/Include/cmsis_gcc.h ****   \details Executes a STL instruction for 32 bit values.
 828:Drivers/CMSIS/Include/cmsis_gcc.h ****   \param [in]  value  Value to store
 829:Drivers/CMSIS/Include/cmsis_gcc.h ****   \param [in]    ptr  Pointer to location
 830:Drivers/CMSIS/Include/cmsis_gcc.h ****  */
 831:Drivers/CMSIS/Include/cmsis_gcc.h **** __STATIC_FORCEINLINE void __STL(uint32_t value, volatile uint32_t *ptr)
 832:Drivers/CMSIS/Include/cmsis_gcc.h **** {
 833:Drivers/CMSIS/Include/cmsis_gcc.h ****    __ASM volatile ("stl %1, %0" : "=Q" (*ptr) : "r" ((uint32_t)value) : "memory" );
 834:Drivers/CMSIS/Include/cmsis_gcc.h **** }
 835:Drivers/CMSIS/Include/cmsis_gcc.h **** 
 836:Drivers/CMSIS/Include/cmsis_gcc.h **** 
 837:Drivers/CMSIS/Include/cmsis_gcc.h **** /**
 838:Drivers/CMSIS/Include/cmsis_gcc.h ****   \brief   Load-Acquire Exclusive (8 bit)
 839:Drivers/CMSIS/Include/cmsis_gcc.h ****   \details Executes a LDAB exclusive instruction for 8 bit value.
 840:Drivers/CMSIS/Include/cmsis_gcc.h ****   \param [in]    ptr  Pointer to data
ARM GAS  /tmp/ccKWmiiR.s 			page 42


 841:Drivers/CMSIS/Include/cmsis_gcc.h ****   \return             value of type uint8_t at (*ptr)
 842:Drivers/CMSIS/Include/cmsis_gcc.h ****  */
 843:Drivers/CMSIS/Include/cmsis_gcc.h **** __STATIC_FORCEINLINE uint8_t __LDAEXB(volatile uint8_t *ptr)
 844:Drivers/CMSIS/Include/cmsis_gcc.h **** {
 845:Drivers/CMSIS/Include/cmsis_gcc.h ****     uint32_t result;
 846:Drivers/CMSIS/Include/cmsis_gcc.h **** 
 847:Drivers/CMSIS/Include/cmsis_gcc.h ****    __ASM volatile ("ldaexb %0, %1" : "=r" (result) : "Q" (*ptr) : "memory" );
 848:Drivers/CMSIS/Include/cmsis_gcc.h ****    return ((uint8_t) result);
 849:Drivers/CMSIS/Include/cmsis_gcc.h **** }
 850:Drivers/CMSIS/Include/cmsis_gcc.h **** 
 851:Drivers/CMSIS/Include/cmsis_gcc.h **** 
 852:Drivers/CMSIS/Include/cmsis_gcc.h **** /**
 853:Drivers/CMSIS/Include/cmsis_gcc.h ****   \brief   Load-Acquire Exclusive (16 bit)
 854:Drivers/CMSIS/Include/cmsis_gcc.h ****   \details Executes a LDAH exclusive instruction for 16 bit values.
 855:Drivers/CMSIS/Include/cmsis_gcc.h ****   \param [in]    ptr  Pointer to data
 856:Drivers/CMSIS/Include/cmsis_gcc.h ****   \return        value of type uint16_t at (*ptr)
 857:Drivers/CMSIS/Include/cmsis_gcc.h ****  */
 858:Drivers/CMSIS/Include/cmsis_gcc.h **** __STATIC_FORCEINLINE uint16_t __LDAEXH(volatile uint16_t *ptr)
 859:Drivers/CMSIS/Include/cmsis_gcc.h **** {
 860:Drivers/CMSIS/Include/cmsis_gcc.h ****     uint32_t result;
 861:Drivers/CMSIS/Include/cmsis_gcc.h **** 
 862:Drivers/CMSIS/Include/cmsis_gcc.h ****    __ASM volatile ("ldaexh %0, %1" : "=r" (result) : "Q" (*ptr) : "memory" );
 863:Drivers/CMSIS/Include/cmsis_gcc.h ****    return ((uint16_t) result);
 864:Drivers/CMSIS/Include/cmsis_gcc.h **** }
 865:Drivers/CMSIS/Include/cmsis_gcc.h **** 
 866:Drivers/CMSIS/Include/cmsis_gcc.h **** 
 867:Drivers/CMSIS/Include/cmsis_gcc.h **** /**
 868:Drivers/CMSIS/Include/cmsis_gcc.h ****   \brief   Load-Acquire Exclusive (32 bit)
 869:Drivers/CMSIS/Include/cmsis_gcc.h ****   \details Executes a LDA exclusive instruction for 32 bit values.
 870:Drivers/CMSIS/Include/cmsis_gcc.h ****   \param [in]    ptr  Pointer to data
 871:Drivers/CMSIS/Include/cmsis_gcc.h ****   \return        value of type uint32_t at (*ptr)
 872:Drivers/CMSIS/Include/cmsis_gcc.h ****  */
 873:Drivers/CMSIS/Include/cmsis_gcc.h **** __STATIC_FORCEINLINE uint32_t __LDAEX(volatile uint32_t *ptr)
 874:Drivers/CMSIS/Include/cmsis_gcc.h **** {
 875:Drivers/CMSIS/Include/cmsis_gcc.h ****     uint32_t result;
 876:Drivers/CMSIS/Include/cmsis_gcc.h **** 
 877:Drivers/CMSIS/Include/cmsis_gcc.h ****    __ASM volatile ("ldaex %0, %1" : "=r" (result) : "Q" (*ptr) : "memory" );
 878:Drivers/CMSIS/Include/cmsis_gcc.h ****    return(result);
 879:Drivers/CMSIS/Include/cmsis_gcc.h **** }
 880:Drivers/CMSIS/Include/cmsis_gcc.h **** 
 881:Drivers/CMSIS/Include/cmsis_gcc.h **** 
 882:Drivers/CMSIS/Include/cmsis_gcc.h **** /**
 883:Drivers/CMSIS/Include/cmsis_gcc.h ****   \brief   Store-Release Exclusive (8 bit)
 884:Drivers/CMSIS/Include/cmsis_gcc.h ****   \details Executes a STLB exclusive instruction for 8 bit values.
 885:Drivers/CMSIS/Include/cmsis_gcc.h ****   \param [in]  value  Value to store
 886:Drivers/CMSIS/Include/cmsis_gcc.h ****   \param [in]    ptr  Pointer to location
 887:Drivers/CMSIS/Include/cmsis_gcc.h ****   \return          0  Function succeeded
 888:Drivers/CMSIS/Include/cmsis_gcc.h ****   \return          1  Function failed
 889:Drivers/CMSIS/Include/cmsis_gcc.h ****  */
 890:Drivers/CMSIS/Include/cmsis_gcc.h **** __STATIC_FORCEINLINE uint32_t __STLEXB(uint8_t value, volatile uint8_t *ptr)
 891:Drivers/CMSIS/Include/cmsis_gcc.h **** {
 892:Drivers/CMSIS/Include/cmsis_gcc.h ****    uint32_t result;
 893:Drivers/CMSIS/Include/cmsis_gcc.h **** 
 894:Drivers/CMSIS/Include/cmsis_gcc.h ****    __ASM volatile ("stlexb %0, %2, %1" : "=&r" (result), "=Q" (*ptr) : "r" ((uint32_t)value) : "mem
 895:Drivers/CMSIS/Include/cmsis_gcc.h ****    return(result);
 896:Drivers/CMSIS/Include/cmsis_gcc.h **** }
 897:Drivers/CMSIS/Include/cmsis_gcc.h **** 
ARM GAS  /tmp/ccKWmiiR.s 			page 43


 898:Drivers/CMSIS/Include/cmsis_gcc.h **** 
 899:Drivers/CMSIS/Include/cmsis_gcc.h **** /**
 900:Drivers/CMSIS/Include/cmsis_gcc.h ****   \brief   Store-Release Exclusive (16 bit)
 901:Drivers/CMSIS/Include/cmsis_gcc.h ****   \details Executes a STLH exclusive instruction for 16 bit values.
 902:Drivers/CMSIS/Include/cmsis_gcc.h ****   \param [in]  value  Value to store
 903:Drivers/CMSIS/Include/cmsis_gcc.h ****   \param [in]    ptr  Pointer to location
 904:Drivers/CMSIS/Include/cmsis_gcc.h ****   \return          0  Function succeeded
 905:Drivers/CMSIS/Include/cmsis_gcc.h ****   \return          1  Function failed
 906:Drivers/CMSIS/Include/cmsis_gcc.h ****  */
 907:Drivers/CMSIS/Include/cmsis_gcc.h **** __STATIC_FORCEINLINE uint32_t __STLEXH(uint16_t value, volatile uint16_t *ptr)
 908:Drivers/CMSIS/Include/cmsis_gcc.h **** {
 909:Drivers/CMSIS/Include/cmsis_gcc.h ****    uint32_t result;
 910:Drivers/CMSIS/Include/cmsis_gcc.h **** 
 911:Drivers/CMSIS/Include/cmsis_gcc.h ****    __ASM volatile ("stlexh %0, %2, %1" : "=&r" (result), "=Q" (*ptr) : "r" ((uint32_t)value) : "mem
 912:Drivers/CMSIS/Include/cmsis_gcc.h ****    return(result);
 913:Drivers/CMSIS/Include/cmsis_gcc.h **** }
 914:Drivers/CMSIS/Include/cmsis_gcc.h **** 
 915:Drivers/CMSIS/Include/cmsis_gcc.h **** 
 916:Drivers/CMSIS/Include/cmsis_gcc.h **** /**
 917:Drivers/CMSIS/Include/cmsis_gcc.h ****   \brief   Store-Release Exclusive (32 bit)
 918:Drivers/CMSIS/Include/cmsis_gcc.h ****   \details Executes a STL exclusive instruction for 32 bit values.
 919:Drivers/CMSIS/Include/cmsis_gcc.h ****   \param [in]  value  Value to store
 920:Drivers/CMSIS/Include/cmsis_gcc.h ****   \param [in]    ptr  Pointer to location
 921:Drivers/CMSIS/Include/cmsis_gcc.h ****   \return          0  Function succeeded
 922:Drivers/CMSIS/Include/cmsis_gcc.h ****   \return          1  Function failed
 923:Drivers/CMSIS/Include/cmsis_gcc.h ****  */
 924:Drivers/CMSIS/Include/cmsis_gcc.h **** __STATIC_FORCEINLINE uint32_t __STLEX(uint32_t value, volatile uint32_t *ptr)
 925:Drivers/CMSIS/Include/cmsis_gcc.h **** {
 926:Drivers/CMSIS/Include/cmsis_gcc.h ****    uint32_t result;
 927:Drivers/CMSIS/Include/cmsis_gcc.h **** 
 928:Drivers/CMSIS/Include/cmsis_gcc.h ****    __ASM volatile ("stlex %0, %2, %1" : "=&r" (result), "=Q" (*ptr) : "r" ((uint32_t)value) : "memo
 929:Drivers/CMSIS/Include/cmsis_gcc.h ****    return(result);
 930:Drivers/CMSIS/Include/cmsis_gcc.h **** }
 931:Drivers/CMSIS/Include/cmsis_gcc.h **** 
 932:Drivers/CMSIS/Include/cmsis_gcc.h **** #endif /* ((defined (__ARM_ARCH_8M_MAIN__ ) && (__ARM_ARCH_8M_MAIN__ == 1)) || \
 933:Drivers/CMSIS/Include/cmsis_gcc.h ****            (defined (__ARM_ARCH_8M_BASE__ ) && (__ARM_ARCH_8M_BASE__ == 1))    ) */
 934:Drivers/CMSIS/Include/cmsis_gcc.h **** 
 935:Drivers/CMSIS/Include/cmsis_gcc.h **** /*@}*/ /* end of group CMSIS_Core_InstructionInterface */
 936:Drivers/CMSIS/Include/cmsis_gcc.h **** 
 937:Drivers/CMSIS/Include/cmsis_gcc.h **** 
 938:Drivers/CMSIS/Include/cmsis_gcc.h **** /* ###########################  Core Function Access  ########################### */
 939:Drivers/CMSIS/Include/cmsis_gcc.h **** /** \ingroup  CMSIS_Core_FunctionInterface
 940:Drivers/CMSIS/Include/cmsis_gcc.h ****     \defgroup CMSIS_Core_RegAccFunctions CMSIS Core Register Access Functions
 941:Drivers/CMSIS/Include/cmsis_gcc.h ****   @{
 942:Drivers/CMSIS/Include/cmsis_gcc.h ****  */
 943:Drivers/CMSIS/Include/cmsis_gcc.h **** 
 944:Drivers/CMSIS/Include/cmsis_gcc.h **** /**
 945:Drivers/CMSIS/Include/cmsis_gcc.h ****   \brief   Enable IRQ Interrupts
 946:Drivers/CMSIS/Include/cmsis_gcc.h ****   \details Enables IRQ interrupts by clearing special-purpose register PRIMASK.
 947:Drivers/CMSIS/Include/cmsis_gcc.h ****            Can only be executed in Privileged modes.
 948:Drivers/CMSIS/Include/cmsis_gcc.h ****  */
 949:Drivers/CMSIS/Include/cmsis_gcc.h **** __STATIC_FORCEINLINE void __enable_irq(void)
 950:Drivers/CMSIS/Include/cmsis_gcc.h **** {
 951:Drivers/CMSIS/Include/cmsis_gcc.h ****   __ASM volatile ("cpsie i" : : : "memory");
 952:Drivers/CMSIS/Include/cmsis_gcc.h **** }
 953:Drivers/CMSIS/Include/cmsis_gcc.h **** 
 954:Drivers/CMSIS/Include/cmsis_gcc.h **** 
ARM GAS  /tmp/ccKWmiiR.s 			page 44


 955:Drivers/CMSIS/Include/cmsis_gcc.h **** /**
 956:Drivers/CMSIS/Include/cmsis_gcc.h ****   \brief   Disable IRQ Interrupts
 957:Drivers/CMSIS/Include/cmsis_gcc.h ****   \details Disables IRQ interrupts by setting special-purpose register PRIMASK.
 958:Drivers/CMSIS/Include/cmsis_gcc.h ****            Can only be executed in Privileged modes.
 959:Drivers/CMSIS/Include/cmsis_gcc.h ****  */
 960:Drivers/CMSIS/Include/cmsis_gcc.h **** __STATIC_FORCEINLINE void __disable_irq(void)
 711              		.loc 2 960 27 view .LVU137
 712              	.LBB10:
 961:Drivers/CMSIS/Include/cmsis_gcc.h **** {
 962:Drivers/CMSIS/Include/cmsis_gcc.h ****   __ASM volatile ("cpsid i" : : : "memory");
 713              		.loc 2 962 3 view .LVU138
 714              		.syntax unified
 715              	@ 962 "Drivers/CMSIS/Include/cmsis_gcc.h" 1
 716 0000 72B6     		cpsid i
 717              	@ 0 "" 2
 718              		.thumb
 719              		.syntax unified
 720              	.L49:
 721              	.LBE10:
 722              	.LBE9:
 706:Core/Src/main.c ****   while (1)
 723              		.loc 1 706 3 discriminator 1 view .LVU139
 707:Core/Src/main.c ****   {
 708:Core/Src/main.c ****   }
 724              		.loc 1 708 3 discriminator 1 view .LVU140
 706:Core/Src/main.c ****   while (1)
 725              		.loc 1 706 9 discriminator 1 view .LVU141
 726 0002 FEE7     		b	.L49
 727              		.cfi_endproc
 728              	.LFE160:
 730              		.section	.text.MX_I2C2_Init,"ax",%progbits
 731              		.align	1
 732              		.syntax unified
 733              		.thumb
 734              		.thumb_func
 736              	MX_I2C2_Init:
 737              	.LFB152:
 354:Core/Src/main.c **** 
 738              		.loc 1 354 1 view -0
 739              		.cfi_startproc
 740              		@ args = 0, pretend = 0, frame = 0
 741              		@ frame_needed = 0, uses_anonymous_args = 0
 742 0000 08B5     		push	{r3, lr}
 743              	.LCFI16:
 744              		.cfi_def_cfa_offset 8
 745              		.cfi_offset 3, -8
 746              		.cfi_offset 14, -4
 363:Core/Src/main.c ****   hi2c2.Init.ClockSpeed = 100000;
 747              		.loc 1 363 3 view .LVU143
 363:Core/Src/main.c ****   hi2c2.Init.ClockSpeed = 100000;
 748              		.loc 1 363 18 is_stmt 0 view .LVU144
 749 0002 0E48     		ldr	r0, .L54
 750 0004 0E4B     		ldr	r3, .L54+4
 751 0006 0360     		str	r3, [r0]
 364:Core/Src/main.c ****   hi2c2.Init.DutyCycle = I2C_DUTYCYCLE_2;
 752              		.loc 1 364 3 is_stmt 1 view .LVU145
 364:Core/Src/main.c ****   hi2c2.Init.DutyCycle = I2C_DUTYCYCLE_2;
ARM GAS  /tmp/ccKWmiiR.s 			page 45


 753              		.loc 1 364 25 is_stmt 0 view .LVU146
 754 0008 0E4B     		ldr	r3, .L54+8
 755 000a 4360     		str	r3, [r0, #4]
 365:Core/Src/main.c ****   hi2c2.Init.OwnAddress1 = 0;
 756              		.loc 1 365 3 is_stmt 1 view .LVU147
 365:Core/Src/main.c ****   hi2c2.Init.OwnAddress1 = 0;
 757              		.loc 1 365 24 is_stmt 0 view .LVU148
 758 000c 0023     		movs	r3, #0
 759 000e 8360     		str	r3, [r0, #8]
 366:Core/Src/main.c ****   hi2c2.Init.AddressingMode = I2C_ADDRESSINGMODE_7BIT;
 760              		.loc 1 366 3 is_stmt 1 view .LVU149
 366:Core/Src/main.c ****   hi2c2.Init.AddressingMode = I2C_ADDRESSINGMODE_7BIT;
 761              		.loc 1 366 26 is_stmt 0 view .LVU150
 762 0010 C360     		str	r3, [r0, #12]
 367:Core/Src/main.c ****   hi2c2.Init.DualAddressMode = I2C_DUALADDRESS_DISABLE;
 763              		.loc 1 367 3 is_stmt 1 view .LVU151
 367:Core/Src/main.c ****   hi2c2.Init.DualAddressMode = I2C_DUALADDRESS_DISABLE;
 764              		.loc 1 367 29 is_stmt 0 view .LVU152
 765 0012 4FF48042 		mov	r2, #16384
 766 0016 0261     		str	r2, [r0, #16]
 368:Core/Src/main.c ****   hi2c2.Init.OwnAddress2 = 0;
 767              		.loc 1 368 3 is_stmt 1 view .LVU153
 368:Core/Src/main.c ****   hi2c2.Init.OwnAddress2 = 0;
 768              		.loc 1 368 30 is_stmt 0 view .LVU154
 769 0018 4361     		str	r3, [r0, #20]
 369:Core/Src/main.c ****   hi2c2.Init.GeneralCallMode = I2C_GENERALCALL_DISABLE;
 770              		.loc 1 369 3 is_stmt 1 view .LVU155
 369:Core/Src/main.c ****   hi2c2.Init.GeneralCallMode = I2C_GENERALCALL_DISABLE;
 771              		.loc 1 369 26 is_stmt 0 view .LVU156
 772 001a 8361     		str	r3, [r0, #24]
 370:Core/Src/main.c ****   hi2c2.Init.NoStretchMode = I2C_NOSTRETCH_DISABLE;
 773              		.loc 1 370 3 is_stmt 1 view .LVU157
 370:Core/Src/main.c ****   hi2c2.Init.NoStretchMode = I2C_NOSTRETCH_DISABLE;
 774              		.loc 1 370 30 is_stmt 0 view .LVU158
 775 001c C361     		str	r3, [r0, #28]
 371:Core/Src/main.c ****   if (HAL_I2C_Init(&hi2c2) != HAL_OK)
 776              		.loc 1 371 3 is_stmt 1 view .LVU159
 371:Core/Src/main.c ****   if (HAL_I2C_Init(&hi2c2) != HAL_OK)
 777              		.loc 1 371 28 is_stmt 0 view .LVU160
 778 001e 0362     		str	r3, [r0, #32]
 372:Core/Src/main.c ****   {
 779              		.loc 1 372 3 is_stmt 1 view .LVU161
 372:Core/Src/main.c ****   {
 780              		.loc 1 372 7 is_stmt 0 view .LVU162
 781 0020 FFF7FEFF 		bl	HAL_I2C_Init
 782              	.LVL49:
 372:Core/Src/main.c ****   {
 783              		.loc 1 372 6 view .LVU163
 784 0024 40B9     		cbnz	r0, .L53
 378:Core/Src/main.c ****     HAL_NVIC_EnableIRQ(I2C1_EV_IRQn);
 785              		.loc 1 378 5 is_stmt 1 view .LVU164
 786 0026 0022     		movs	r2, #0
 787 0028 1146     		mov	r1, r2
 788 002a 1F20     		movs	r0, #31
 789 002c FFF7FEFF 		bl	HAL_NVIC_SetPriority
 790              	.LVL50:
 379:Core/Src/main.c ****   /* USER CODE END I2C2_Init 2 */
ARM GAS  /tmp/ccKWmiiR.s 			page 46


 791              		.loc 1 379 5 view .LVU165
 792 0030 1F20     		movs	r0, #31
 793 0032 FFF7FEFF 		bl	HAL_NVIC_EnableIRQ
 794              	.LVL51:
 382:Core/Src/main.c **** 
 795              		.loc 1 382 1 is_stmt 0 view .LVU166
 796 0036 08BD     		pop	{r3, pc}
 797              	.L53:
 374:Core/Src/main.c ****   }
 798              		.loc 1 374 5 is_stmt 1 view .LVU167
 799 0038 FFF7FEFF 		bl	Error_Handler
 800              	.LVL52:
 801              	.L55:
 802              		.align	2
 803              	.L54:
 804 003c 00000000 		.word	.LANCHOR4
 805 0040 00580040 		.word	1073764352
 806 0044 A0860100 		.word	100000
 807              		.cfi_endproc
 808              	.LFE152:
 810              		.section	.text.MX_I2S3_Init,"ax",%progbits
 811              		.align	1
 812              		.syntax unified
 813              		.thumb
 814              		.thumb_func
 816              	MX_I2S3_Init:
 817              	.LFB153:
 390:Core/Src/main.c **** 
 818              		.loc 1 390 1 view -0
 819              		.cfi_startproc
 820              		@ args = 0, pretend = 0, frame = 0
 821              		@ frame_needed = 0, uses_anonymous_args = 0
 822 0000 08B5     		push	{r3, lr}
 823              	.LCFI17:
 824              		.cfi_def_cfa_offset 8
 825              		.cfi_offset 3, -8
 826              		.cfi_offset 14, -4
 399:Core/Src/main.c ****   hi2s3.Init.Mode = I2S_MODE_MASTER_TX;
 827              		.loc 1 399 3 view .LVU169
 399:Core/Src/main.c ****   hi2s3.Init.Mode = I2S_MODE_MASTER_TX;
 828              		.loc 1 399 18 is_stmt 0 view .LVU170
 829 0002 0B48     		ldr	r0, .L60
 830 0004 0B4B     		ldr	r3, .L60+4
 831 0006 0360     		str	r3, [r0]
 400:Core/Src/main.c ****   hi2s3.Init.Standard = I2S_STANDARD_PHILIPS;
 832              		.loc 1 400 3 is_stmt 1 view .LVU171
 400:Core/Src/main.c ****   hi2s3.Init.Standard = I2S_STANDARD_PHILIPS;
 833              		.loc 1 400 19 is_stmt 0 view .LVU172
 834 0008 4FF40073 		mov	r3, #512
 835 000c 4360     		str	r3, [r0, #4]
 401:Core/Src/main.c ****   hi2s3.Init.DataFormat = I2S_DATAFORMAT_16B;
 836              		.loc 1 401 3 is_stmt 1 view .LVU173
 401:Core/Src/main.c ****   hi2s3.Init.DataFormat = I2S_DATAFORMAT_16B;
 837              		.loc 1 401 23 is_stmt 0 view .LVU174
 838 000e 0023     		movs	r3, #0
 839 0010 8360     		str	r3, [r0, #8]
 402:Core/Src/main.c ****   hi2s3.Init.MCLKOutput = I2S_MCLKOUTPUT_DISABLE;
ARM GAS  /tmp/ccKWmiiR.s 			page 47


 840              		.loc 1 402 3 is_stmt 1 view .LVU175
 402:Core/Src/main.c ****   hi2s3.Init.MCLKOutput = I2S_MCLKOUTPUT_DISABLE;
 841              		.loc 1 402 25 is_stmt 0 view .LVU176
 842 0012 C360     		str	r3, [r0, #12]
 403:Core/Src/main.c ****   hi2s3.Init.AudioFreq = I2S_AUDIOFREQ_8K;
 843              		.loc 1 403 3 is_stmt 1 view .LVU177
 403:Core/Src/main.c ****   hi2s3.Init.AudioFreq = I2S_AUDIOFREQ_8K;
 844              		.loc 1 403 25 is_stmt 0 view .LVU178
 845 0014 0361     		str	r3, [r0, #16]
 404:Core/Src/main.c ****   hi2s3.Init.CPOL = I2S_CPOL_LOW;
 846              		.loc 1 404 3 is_stmt 1 view .LVU179
 404:Core/Src/main.c ****   hi2s3.Init.CPOL = I2S_CPOL_LOW;
 847              		.loc 1 404 24 is_stmt 0 view .LVU180
 848 0016 4FF4FA52 		mov	r2, #8000
 849 001a 4261     		str	r2, [r0, #20]
 405:Core/Src/main.c ****   hi2s3.Init.ClockSource = I2S_CLOCK_PLL;
 850              		.loc 1 405 3 is_stmt 1 view .LVU181
 405:Core/Src/main.c ****   hi2s3.Init.ClockSource = I2S_CLOCK_PLL;
 851              		.loc 1 405 19 is_stmt 0 view .LVU182
 852 001c 8361     		str	r3, [r0, #24]
 406:Core/Src/main.c ****   hi2s3.Init.FullDuplexMode = I2S_FULLDUPLEXMODE_ENABLE;
 853              		.loc 1 406 3 is_stmt 1 view .LVU183
 406:Core/Src/main.c ****   hi2s3.Init.FullDuplexMode = I2S_FULLDUPLEXMODE_ENABLE;
 854              		.loc 1 406 26 is_stmt 0 view .LVU184
 855 001e C361     		str	r3, [r0, #28]
 407:Core/Src/main.c ****   if (HAL_I2S_Init(&hi2s3) != HAL_OK)
 856              		.loc 1 407 3 is_stmt 1 view .LVU185
 407:Core/Src/main.c ****   if (HAL_I2S_Init(&hi2s3) != HAL_OK)
 857              		.loc 1 407 29 is_stmt 0 view .LVU186
 858 0020 0123     		movs	r3, #1
 859 0022 0362     		str	r3, [r0, #32]
 408:Core/Src/main.c ****   {
 860              		.loc 1 408 3 is_stmt 1 view .LVU187
 408:Core/Src/main.c ****   {
 861              		.loc 1 408 7 is_stmt 0 view .LVU188
 862 0024 FFF7FEFF 		bl	HAL_I2S_Init
 863              	.LVL53:
 408:Core/Src/main.c ****   {
 864              		.loc 1 408 6 view .LVU189
 865 0028 00B9     		cbnz	r0, .L59
 416:Core/Src/main.c **** 
 866              		.loc 1 416 1 view .LVU190
 867 002a 08BD     		pop	{r3, pc}
 868              	.L59:
 410:Core/Src/main.c ****   }
 869              		.loc 1 410 5 is_stmt 1 view .LVU191
 870 002c FFF7FEFF 		bl	Error_Handler
 871              	.LVL54:
 872              	.L61:
 873              		.align	2
 874              	.L60:
 875 0030 00000000 		.word	.LANCHOR5
 876 0034 003C0040 		.word	1073757184
 877              		.cfi_endproc
 878              	.LFE153:
 880              		.section	.text.MX_SPI2_Init,"ax",%progbits
 881              		.align	1
ARM GAS  /tmp/ccKWmiiR.s 			page 48


 882              		.syntax unified
 883              		.thumb
 884              		.thumb_func
 886              	MX_SPI2_Init:
 887              	.LFB154:
 424:Core/Src/main.c **** 
 888              		.loc 1 424 1 view -0
 889              		.cfi_startproc
 890              		@ args = 0, pretend = 0, frame = 0
 891              		@ frame_needed = 0, uses_anonymous_args = 0
 892 0000 08B5     		push	{r3, lr}
 893              	.LCFI18:
 894              		.cfi_def_cfa_offset 8
 895              		.cfi_offset 3, -8
 896              		.cfi_offset 14, -4
 434:Core/Src/main.c ****   hspi2.Init.Mode = SPI_MODE_MASTER;
 897              		.loc 1 434 3 view .LVU193
 434:Core/Src/main.c ****   hspi2.Init.Mode = SPI_MODE_MASTER;
 898              		.loc 1 434 18 is_stmt 0 view .LVU194
 899 0002 0D48     		ldr	r0, .L66
 900 0004 0D4B     		ldr	r3, .L66+4
 901 0006 0360     		str	r3, [r0]
 435:Core/Src/main.c ****   hspi2.Init.Direction = SPI_DIRECTION_2LINES;
 902              		.loc 1 435 3 is_stmt 1 view .LVU195
 435:Core/Src/main.c ****   hspi2.Init.Direction = SPI_DIRECTION_2LINES;
 903              		.loc 1 435 19 is_stmt 0 view .LVU196
 904 0008 4FF48273 		mov	r3, #260
 905 000c 4360     		str	r3, [r0, #4]
 436:Core/Src/main.c ****   hspi2.Init.DataSize = SPI_DATASIZE_8BIT;
 906              		.loc 1 436 3 is_stmt 1 view .LVU197
 436:Core/Src/main.c ****   hspi2.Init.DataSize = SPI_DATASIZE_8BIT;
 907              		.loc 1 436 24 is_stmt 0 view .LVU198
 908 000e 0023     		movs	r3, #0
 909 0010 8360     		str	r3, [r0, #8]
 437:Core/Src/main.c ****   hspi2.Init.CLKPolarity = SPI_POLARITY_LOW;
 910              		.loc 1 437 3 is_stmt 1 view .LVU199
 437:Core/Src/main.c ****   hspi2.Init.CLKPolarity = SPI_POLARITY_LOW;
 911              		.loc 1 437 23 is_stmt 0 view .LVU200
 912 0012 C360     		str	r3, [r0, #12]
 438:Core/Src/main.c ****   hspi2.Init.CLKPhase = SPI_PHASE_1EDGE;
 913              		.loc 1 438 3 is_stmt 1 view .LVU201
 438:Core/Src/main.c ****   hspi2.Init.CLKPhase = SPI_PHASE_1EDGE;
 914              		.loc 1 438 26 is_stmt 0 view .LVU202
 915 0014 0361     		str	r3, [r0, #16]
 439:Core/Src/main.c ****   hspi2.Init.NSS = SPI_NSS_SOFT;
 916              		.loc 1 439 3 is_stmt 1 view .LVU203
 439:Core/Src/main.c ****   hspi2.Init.NSS = SPI_NSS_SOFT;
 917              		.loc 1 439 23 is_stmt 0 view .LVU204
 918 0016 4361     		str	r3, [r0, #20]
 440:Core/Src/main.c ****   hspi2.Init.BaudRatePrescaler = SPI_BAUDRATEPRESCALER_2;
 919              		.loc 1 440 3 is_stmt 1 view .LVU205
 440:Core/Src/main.c ****   hspi2.Init.BaudRatePrescaler = SPI_BAUDRATEPRESCALER_2;
 920              		.loc 1 440 18 is_stmt 0 view .LVU206
 921 0018 4FF40072 		mov	r2, #512
 922 001c 8261     		str	r2, [r0, #24]
 441:Core/Src/main.c ****   hspi2.Init.FirstBit = SPI_FIRSTBIT_MSB;
 923              		.loc 1 441 3 is_stmt 1 view .LVU207
ARM GAS  /tmp/ccKWmiiR.s 			page 49


 441:Core/Src/main.c ****   hspi2.Init.FirstBit = SPI_FIRSTBIT_MSB;
 924              		.loc 1 441 32 is_stmt 0 view .LVU208
 925 001e C361     		str	r3, [r0, #28]
 442:Core/Src/main.c ****   hspi2.Init.TIMode = SPI_TIMODE_DISABLE;
 926              		.loc 1 442 3 is_stmt 1 view .LVU209
 442:Core/Src/main.c ****   hspi2.Init.TIMode = SPI_TIMODE_DISABLE;
 927              		.loc 1 442 23 is_stmt 0 view .LVU210
 928 0020 0362     		str	r3, [r0, #32]
 443:Core/Src/main.c ****   hspi2.Init.CRCCalculation = SPI_CRCCALCULATION_DISABLE;
 929              		.loc 1 443 3 is_stmt 1 view .LVU211
 443:Core/Src/main.c ****   hspi2.Init.CRCCalculation = SPI_CRCCALCULATION_DISABLE;
 930              		.loc 1 443 21 is_stmt 0 view .LVU212
 931 0022 4362     		str	r3, [r0, #36]
 444:Core/Src/main.c ****   hspi2.Init.CRCPolynomial = 10;
 932              		.loc 1 444 3 is_stmt 1 view .LVU213
 444:Core/Src/main.c ****   hspi2.Init.CRCPolynomial = 10;
 933              		.loc 1 444 29 is_stmt 0 view .LVU214
 934 0024 8362     		str	r3, [r0, #40]
 445:Core/Src/main.c ****   if (HAL_SPI_Init(&hspi2) != HAL_OK)
 935              		.loc 1 445 3 is_stmt 1 view .LVU215
 445:Core/Src/main.c ****   if (HAL_SPI_Init(&hspi2) != HAL_OK)
 936              		.loc 1 445 28 is_stmt 0 view .LVU216
 937 0026 0A23     		movs	r3, #10
 938 0028 C362     		str	r3, [r0, #44]
 446:Core/Src/main.c ****   {
 939              		.loc 1 446 3 is_stmt 1 view .LVU217
 446:Core/Src/main.c ****   {
 940              		.loc 1 446 7 is_stmt 0 view .LVU218
 941 002a FFF7FEFF 		bl	HAL_SPI_Init
 942              	.LVL55:
 446:Core/Src/main.c ****   {
 943              		.loc 1 446 6 view .LVU219
 944 002e 00B9     		cbnz	r0, .L65
 454:Core/Src/main.c **** 
 945              		.loc 1 454 1 view .LVU220
 946 0030 08BD     		pop	{r3, pc}
 947              	.L65:
 448:Core/Src/main.c ****   }
 948              		.loc 1 448 5 is_stmt 1 view .LVU221
 949 0032 FFF7FEFF 		bl	Error_Handler
 950              	.LVL56:
 951              	.L67:
 952 0036 00BF     		.align	2
 953              	.L66:
 954 0038 00000000 		.word	.LANCHOR6
 955 003c 00380040 		.word	1073756160
 956              		.cfi_endproc
 957              	.LFE154:
 959              		.section	.text.MX_TIM3_Init,"ax",%progbits
 960              		.align	1
 961              		.syntax unified
 962              		.thumb
 963              		.thumb_func
 965              	MX_TIM3_Init:
 966              	.LFB155:
 462:Core/Src/main.c **** 
 967              		.loc 1 462 1 view -0
ARM GAS  /tmp/ccKWmiiR.s 			page 50


 968              		.cfi_startproc
 969              		@ args = 0, pretend = 0, frame = 56
 970              		@ frame_needed = 0, uses_anonymous_args = 0
 971 0000 00B5     		push	{lr}
 972              	.LCFI19:
 973              		.cfi_def_cfa_offset 4
 974              		.cfi_offset 14, -4
 975 0002 8FB0     		sub	sp, sp, #60
 976              	.LCFI20:
 977              		.cfi_def_cfa_offset 64
 468:Core/Src/main.c ****   TIM_MasterConfigTypeDef sMasterConfig = {0};
 978              		.loc 1 468 3 view .LVU223
 468:Core/Src/main.c ****   TIM_MasterConfigTypeDef sMasterConfig = {0};
 979              		.loc 1 468 26 is_stmt 0 view .LVU224
 980 0004 0023     		movs	r3, #0
 981 0006 0A93     		str	r3, [sp, #40]
 982 0008 0B93     		str	r3, [sp, #44]
 983 000a 0C93     		str	r3, [sp, #48]
 984 000c 0D93     		str	r3, [sp, #52]
 469:Core/Src/main.c ****   TIM_OC_InitTypeDef sConfigOC = {0};
 985              		.loc 1 469 3 is_stmt 1 view .LVU225
 469:Core/Src/main.c ****   TIM_OC_InitTypeDef sConfigOC = {0};
 986              		.loc 1 469 27 is_stmt 0 view .LVU226
 987 000e 0893     		str	r3, [sp, #32]
 988 0010 0993     		str	r3, [sp, #36]
 470:Core/Src/main.c **** 
 989              		.loc 1 470 3 is_stmt 1 view .LVU227
 470:Core/Src/main.c **** 
 990              		.loc 1 470 22 is_stmt 0 view .LVU228
 991 0012 0193     		str	r3, [sp, #4]
 992 0014 0293     		str	r3, [sp, #8]
 993 0016 0393     		str	r3, [sp, #12]
 994 0018 0493     		str	r3, [sp, #16]
 995 001a 0593     		str	r3, [sp, #20]
 996 001c 0693     		str	r3, [sp, #24]
 997 001e 0793     		str	r3, [sp, #28]
 475:Core/Src/main.c ****   htim3.Init.Prescaler = 179;
 998              		.loc 1 475 3 is_stmt 1 view .LVU229
 475:Core/Src/main.c ****   htim3.Init.Prescaler = 179;
 999              		.loc 1 475 18 is_stmt 0 view .LVU230
 1000 0020 2C48     		ldr	r0, .L86
 1001 0022 2D4A     		ldr	r2, .L86+4
 1002 0024 0260     		str	r2, [r0]
 476:Core/Src/main.c ****   htim3.Init.CounterMode = TIM_COUNTERMODE_UP;
 1003              		.loc 1 476 3 is_stmt 1 view .LVU231
 476:Core/Src/main.c ****   htim3.Init.CounterMode = TIM_COUNTERMODE_UP;
 1004              		.loc 1 476 24 is_stmt 0 view .LVU232
 1005 0026 B322     		movs	r2, #179
 1006 0028 4260     		str	r2, [r0, #4]
 477:Core/Src/main.c ****   htim3.Init.Period = 9999;
 1007              		.loc 1 477 3 is_stmt 1 view .LVU233
 477:Core/Src/main.c ****   htim3.Init.Period = 9999;
 1008              		.loc 1 477 26 is_stmt 0 view .LVU234
 1009 002a 8360     		str	r3, [r0, #8]
 478:Core/Src/main.c ****   htim3.Init.ClockDivision = TIM_CLOCKDIVISION_DIV1;
 1010              		.loc 1 478 3 is_stmt 1 view .LVU235
 478:Core/Src/main.c ****   htim3.Init.ClockDivision = TIM_CLOCKDIVISION_DIV1;
ARM GAS  /tmp/ccKWmiiR.s 			page 51


 1011              		.loc 1 478 21 is_stmt 0 view .LVU236
 1012 002c 42F20F72 		movw	r2, #9999
 1013 0030 C260     		str	r2, [r0, #12]
 479:Core/Src/main.c ****   htim3.Init.AutoReloadPreload = TIM_AUTORELOAD_PRELOAD_DISABLE;
 1014              		.loc 1 479 3 is_stmt 1 view .LVU237
 479:Core/Src/main.c ****   htim3.Init.AutoReloadPreload = TIM_AUTORELOAD_PRELOAD_DISABLE;
 1015              		.loc 1 479 28 is_stmt 0 view .LVU238
 1016 0032 0361     		str	r3, [r0, #16]
 480:Core/Src/main.c ****   if (HAL_TIM_Base_Init(&htim3) != HAL_OK)
 1017              		.loc 1 480 3 is_stmt 1 view .LVU239
 480:Core/Src/main.c ****   if (HAL_TIM_Base_Init(&htim3) != HAL_OK)
 1018              		.loc 1 480 32 is_stmt 0 view .LVU240
 1019 0034 8361     		str	r3, [r0, #24]
 481:Core/Src/main.c ****   {
 1020              		.loc 1 481 3 is_stmt 1 view .LVU241
 481:Core/Src/main.c ****   {
 1021              		.loc 1 481 7 is_stmt 0 view .LVU242
 1022 0036 FFF7FEFF 		bl	HAL_TIM_Base_Init
 1023              	.LVL57:
 481:Core/Src/main.c ****   {
 1024              		.loc 1 481 6 view .LVU243
 1025 003a 0028     		cmp	r0, #0
 1026 003c 39D1     		bne	.L78
 485:Core/Src/main.c ****   if (HAL_TIM_ConfigClockSource(&htim3, &sClockSourceConfig) != HAL_OK)
 1027              		.loc 1 485 3 is_stmt 1 view .LVU244
 485:Core/Src/main.c ****   if (HAL_TIM_ConfigClockSource(&htim3, &sClockSourceConfig) != HAL_OK)
 1028              		.loc 1 485 34 is_stmt 0 view .LVU245
 1029 003e 4FF48053 		mov	r3, #4096
 1030 0042 0A93     		str	r3, [sp, #40]
 486:Core/Src/main.c ****   {
 1031              		.loc 1 486 3 is_stmt 1 view .LVU246
 486:Core/Src/main.c ****   {
 1032              		.loc 1 486 7 is_stmt 0 view .LVU247
 1033 0044 0AA9     		add	r1, sp, #40
 1034 0046 2348     		ldr	r0, .L86
 1035 0048 FFF7FEFF 		bl	HAL_TIM_ConfigClockSource
 1036              	.LVL58:
 486:Core/Src/main.c ****   {
 1037              		.loc 1 486 6 view .LVU248
 1038 004c 0028     		cmp	r0, #0
 1039 004e 32D1     		bne	.L79
 490:Core/Src/main.c ****   {
 1040              		.loc 1 490 3 is_stmt 1 view .LVU249
 490:Core/Src/main.c ****   {
 1041              		.loc 1 490 7 is_stmt 0 view .LVU250
 1042 0050 2048     		ldr	r0, .L86
 1043 0052 FFF7FEFF 		bl	HAL_TIM_PWM_Init
 1044              	.LVL59:
 490:Core/Src/main.c ****   {
 1045              		.loc 1 490 6 view .LVU251
 1046 0056 0028     		cmp	r0, #0
 1047 0058 2FD1     		bne	.L80
 494:Core/Src/main.c ****   sMasterConfig.MasterSlaveMode = TIM_MASTERSLAVEMODE_DISABLE;
 1048              		.loc 1 494 3 is_stmt 1 view .LVU252
 494:Core/Src/main.c ****   sMasterConfig.MasterSlaveMode = TIM_MASTERSLAVEMODE_DISABLE;
 1049              		.loc 1 494 37 is_stmt 0 view .LVU253
 1050 005a 0023     		movs	r3, #0
ARM GAS  /tmp/ccKWmiiR.s 			page 52


 1051 005c 0893     		str	r3, [sp, #32]
 495:Core/Src/main.c ****   if (HAL_TIMEx_MasterConfigSynchronization(&htim3, &sMasterConfig) != HAL_OK)
 1052              		.loc 1 495 3 is_stmt 1 view .LVU254
 495:Core/Src/main.c ****   if (HAL_TIMEx_MasterConfigSynchronization(&htim3, &sMasterConfig) != HAL_OK)
 1053              		.loc 1 495 33 is_stmt 0 view .LVU255
 1054 005e 0993     		str	r3, [sp, #36]
 496:Core/Src/main.c ****   {
 1055              		.loc 1 496 3 is_stmt 1 view .LVU256
 496:Core/Src/main.c ****   {
 1056              		.loc 1 496 7 is_stmt 0 view .LVU257
 1057 0060 08A9     		add	r1, sp, #32
 1058 0062 1C48     		ldr	r0, .L86
 1059 0064 FFF7FEFF 		bl	HAL_TIMEx_MasterConfigSynchronization
 1060              	.LVL60:
 496:Core/Src/main.c ****   {
 1061              		.loc 1 496 6 view .LVU258
 1062 0068 48BB     		cbnz	r0, .L81
 500:Core/Src/main.c ****   sConfigOC.Pulse = 0;
 1063              		.loc 1 500 3 is_stmt 1 view .LVU259
 500:Core/Src/main.c ****   sConfigOC.Pulse = 0;
 1064              		.loc 1 500 20 is_stmt 0 view .LVU260
 1065 006a 6023     		movs	r3, #96
 1066 006c 0193     		str	r3, [sp, #4]
 501:Core/Src/main.c ****   sConfigOC.OCPolarity = TIM_OCPOLARITY_HIGH;
 1067              		.loc 1 501 3 is_stmt 1 view .LVU261
 501:Core/Src/main.c ****   sConfigOC.OCPolarity = TIM_OCPOLARITY_HIGH;
 1068              		.loc 1 501 19 is_stmt 0 view .LVU262
 1069 006e 0022     		movs	r2, #0
 1070 0070 0292     		str	r2, [sp, #8]
 502:Core/Src/main.c ****   sConfigOC.OCFastMode = TIM_OCFAST_DISABLE;
 1071              		.loc 1 502 3 is_stmt 1 view .LVU263
 502:Core/Src/main.c ****   sConfigOC.OCFastMode = TIM_OCFAST_DISABLE;
 1072              		.loc 1 502 24 is_stmt 0 view .LVU264
 1073 0072 0392     		str	r2, [sp, #12]
 503:Core/Src/main.c ****   if (HAL_TIM_PWM_ConfigChannel(&htim3, &sConfigOC, TIM_CHANNEL_1) != HAL_OK)
 1074              		.loc 1 503 3 is_stmt 1 view .LVU265
 503:Core/Src/main.c ****   if (HAL_TIM_PWM_ConfigChannel(&htim3, &sConfigOC, TIM_CHANNEL_1) != HAL_OK)
 1075              		.loc 1 503 24 is_stmt 0 view .LVU266
 1076 0074 0592     		str	r2, [sp, #20]
 504:Core/Src/main.c ****   {
 1077              		.loc 1 504 3 is_stmt 1 view .LVU267
 504:Core/Src/main.c ****   {
 1078              		.loc 1 504 7 is_stmt 0 view .LVU268
 1079 0076 01A9     		add	r1, sp, #4
 1080 0078 1648     		ldr	r0, .L86
 1081 007a FFF7FEFF 		bl	HAL_TIM_PWM_ConfigChannel
 1082              	.LVL61:
 504:Core/Src/main.c ****   {
 1083              		.loc 1 504 6 view .LVU269
 1084 007e 00BB     		cbnz	r0, .L82
 508:Core/Src/main.c ****   {
 1085              		.loc 1 508 3 is_stmt 1 view .LVU270
 508:Core/Src/main.c ****   {
 1086              		.loc 1 508 7 is_stmt 0 view .LVU271
 1087 0080 0422     		movs	r2, #4
 1088 0082 0DEB0201 		add	r1, sp, r2
 1089 0086 1348     		ldr	r0, .L86
ARM GAS  /tmp/ccKWmiiR.s 			page 53


 1090 0088 FFF7FEFF 		bl	HAL_TIM_PWM_ConfigChannel
 1091              	.LVL62:
 508:Core/Src/main.c ****   {
 1092              		.loc 1 508 6 view .LVU272
 1093 008c D8B9     		cbnz	r0, .L83
 512:Core/Src/main.c ****   {
 1094              		.loc 1 512 3 is_stmt 1 view .LVU273
 512:Core/Src/main.c ****   {
 1095              		.loc 1 512 7 is_stmt 0 view .LVU274
 1096 008e 0822     		movs	r2, #8
 1097 0090 01A9     		add	r1, sp, #4
 1098 0092 1048     		ldr	r0, .L86
 1099 0094 FFF7FEFF 		bl	HAL_TIM_PWM_ConfigChannel
 1100              	.LVL63:
 512:Core/Src/main.c ****   {
 1101              		.loc 1 512 6 view .LVU275
 1102 0098 B8B9     		cbnz	r0, .L84
 516:Core/Src/main.c ****   {
 1103              		.loc 1 516 3 is_stmt 1 view .LVU276
 516:Core/Src/main.c ****   {
 1104              		.loc 1 516 7 is_stmt 0 view .LVU277
 1105 009a 0C22     		movs	r2, #12
 1106 009c 01A9     		add	r1, sp, #4
 1107 009e 0D48     		ldr	r0, .L86
 1108 00a0 FFF7FEFF 		bl	HAL_TIM_PWM_ConfigChannel
 1109              	.LVL64:
 516:Core/Src/main.c ****   {
 1110              		.loc 1 516 6 view .LVU278
 1111 00a4 98B9     		cbnz	r0, .L85
 523:Core/Src/main.c **** 
 1112              		.loc 1 523 3 is_stmt 1 view .LVU279
 1113 00a6 0B48     		ldr	r0, .L86
 1114 00a8 FFF7FEFF 		bl	HAL_TIM_MspPostInit
 1115              	.LVL65:
 525:Core/Src/main.c **** 
 1116              		.loc 1 525 1 is_stmt 0 view .LVU280
 1117 00ac 0FB0     		add	sp, sp, #60
 1118              	.LCFI21:
 1119              		.cfi_remember_state
 1120              		.cfi_def_cfa_offset 4
 1121              		@ sp needed
 1122 00ae 5DF804FB 		ldr	pc, [sp], #4
 1123              	.L78:
 1124              	.LCFI22:
 1125              		.cfi_restore_state
 483:Core/Src/main.c ****   }
 1126              		.loc 1 483 5 is_stmt 1 view .LVU281
 1127 00b2 FFF7FEFF 		bl	Error_Handler
 1128              	.LVL66:
 1129              	.L79:
 488:Core/Src/main.c ****   }
 1130              		.loc 1 488 5 view .LVU282
 1131 00b6 FFF7FEFF 		bl	Error_Handler
 1132              	.LVL67:
 1133              	.L80:
 492:Core/Src/main.c ****   }
 1134              		.loc 1 492 5 view .LVU283
ARM GAS  /tmp/ccKWmiiR.s 			page 54


 1135 00ba FFF7FEFF 		bl	Error_Handler
 1136              	.LVL68:
 1137              	.L81:
 498:Core/Src/main.c ****   }
 1138              		.loc 1 498 5 view .LVU284
 1139 00be FFF7FEFF 		bl	Error_Handler
 1140              	.LVL69:
 1141              	.L82:
 506:Core/Src/main.c ****   }
 1142              		.loc 1 506 5 view .LVU285
 1143 00c2 FFF7FEFF 		bl	Error_Handler
 1144              	.LVL70:
 1145              	.L83:
 510:Core/Src/main.c ****   }
 1146              		.loc 1 510 5 view .LVU286
 1147 00c6 FFF7FEFF 		bl	Error_Handler
 1148              	.LVL71:
 1149              	.L84:
 514:Core/Src/main.c ****   }
 1150              		.loc 1 514 5 view .LVU287
 1151 00ca FFF7FEFF 		bl	Error_Handler
 1152              	.LVL72:
 1153              	.L85:
 518:Core/Src/main.c ****   }
 1154              		.loc 1 518 5 view .LVU288
 1155 00ce FFF7FEFF 		bl	Error_Handler
 1156              	.LVL73:
 1157              	.L87:
 1158 00d2 00BF     		.align	2
 1159              	.L86:
 1160 00d4 00000000 		.word	.LANCHOR2
 1161 00d8 00040040 		.word	1073742848
 1162              		.cfi_endproc
 1163              	.LFE155:
 1165              		.section	.text.MX_TIM4_Init,"ax",%progbits
 1166              		.align	1
 1167              		.syntax unified
 1168              		.thumb
 1169              		.thumb_func
 1171              	MX_TIM4_Init:
 1172              	.LFB156:
 533:Core/Src/main.c **** 
 1173              		.loc 1 533 1 view -0
 1174              		.cfi_startproc
 1175              		@ args = 0, pretend = 0, frame = 56
 1176              		@ frame_needed = 0, uses_anonymous_args = 0
 1177 0000 00B5     		push	{lr}
 1178              	.LCFI23:
 1179              		.cfi_def_cfa_offset 4
 1180              		.cfi_offset 14, -4
 1181 0002 8FB0     		sub	sp, sp, #60
 1182              	.LCFI24:
 1183              		.cfi_def_cfa_offset 64
 539:Core/Src/main.c ****   TIM_MasterConfigTypeDef sMasterConfig = {0};
 1184              		.loc 1 539 3 view .LVU290
 539:Core/Src/main.c ****   TIM_MasterConfigTypeDef sMasterConfig = {0};
 1185              		.loc 1 539 26 is_stmt 0 view .LVU291
ARM GAS  /tmp/ccKWmiiR.s 			page 55


 1186 0004 0023     		movs	r3, #0
 1187 0006 0A93     		str	r3, [sp, #40]
 1188 0008 0B93     		str	r3, [sp, #44]
 1189 000a 0C93     		str	r3, [sp, #48]
 1190 000c 0D93     		str	r3, [sp, #52]
 540:Core/Src/main.c ****   TIM_OC_InitTypeDef sConfigOC = {0};
 1191              		.loc 1 540 3 is_stmt 1 view .LVU292
 540:Core/Src/main.c ****   TIM_OC_InitTypeDef sConfigOC = {0};
 1192              		.loc 1 540 27 is_stmt 0 view .LVU293
 1193 000e 0893     		str	r3, [sp, #32]
 1194 0010 0993     		str	r3, [sp, #36]
 541:Core/Src/main.c **** 
 1195              		.loc 1 541 3 is_stmt 1 view .LVU294
 541:Core/Src/main.c **** 
 1196              		.loc 1 541 22 is_stmt 0 view .LVU295
 1197 0012 0193     		str	r3, [sp, #4]
 1198 0014 0293     		str	r3, [sp, #8]
 1199 0016 0393     		str	r3, [sp, #12]
 1200 0018 0493     		str	r3, [sp, #16]
 1201 001a 0593     		str	r3, [sp, #20]
 1202 001c 0693     		str	r3, [sp, #24]
 1203 001e 0793     		str	r3, [sp, #28]
 546:Core/Src/main.c ****   htim4.Init.Prescaler = 179;
 1204              		.loc 1 546 3 is_stmt 1 view .LVU296
 546:Core/Src/main.c ****   htim4.Init.Prescaler = 179;
 1205              		.loc 1 546 18 is_stmt 0 view .LVU297
 1206 0020 2248     		ldr	r0, .L102
 1207 0022 234A     		ldr	r2, .L102+4
 1208 0024 0260     		str	r2, [r0]
 547:Core/Src/main.c ****   htim4.Init.CounterMode = TIM_COUNTERMODE_UP;
 1209              		.loc 1 547 3 is_stmt 1 view .LVU298
 547:Core/Src/main.c ****   htim4.Init.CounterMode = TIM_COUNTERMODE_UP;
 1210              		.loc 1 547 24 is_stmt 0 view .LVU299
 1211 0026 B322     		movs	r2, #179
 1212 0028 4260     		str	r2, [r0, #4]
 548:Core/Src/main.c ****   htim4.Init.Period = 9999;
 1213              		.loc 1 548 3 is_stmt 1 view .LVU300
 548:Core/Src/main.c ****   htim4.Init.Period = 9999;
 1214              		.loc 1 548 26 is_stmt 0 view .LVU301
 1215 002a 8360     		str	r3, [r0, #8]
 549:Core/Src/main.c ****   htim4.Init.ClockDivision = TIM_CLOCKDIVISION_DIV1;
 1216              		.loc 1 549 3 is_stmt 1 view .LVU302
 549:Core/Src/main.c ****   htim4.Init.ClockDivision = TIM_CLOCKDIVISION_DIV1;
 1217              		.loc 1 549 21 is_stmt 0 view .LVU303
 1218 002c 42F20F72 		movw	r2, #9999
 1219 0030 C260     		str	r2, [r0, #12]
 550:Core/Src/main.c ****   htim4.Init.AutoReloadPreload = TIM_AUTORELOAD_PRELOAD_DISABLE;
 1220              		.loc 1 550 3 is_stmt 1 view .LVU304
 550:Core/Src/main.c ****   htim4.Init.AutoReloadPreload = TIM_AUTORELOAD_PRELOAD_DISABLE;
 1221              		.loc 1 550 28 is_stmt 0 view .LVU305
 1222 0032 0361     		str	r3, [r0, #16]
 551:Core/Src/main.c ****   if (HAL_TIM_Base_Init(&htim4) != HAL_OK)
 1223              		.loc 1 551 3 is_stmt 1 view .LVU306
 551:Core/Src/main.c ****   if (HAL_TIM_Base_Init(&htim4) != HAL_OK)
 1224              		.loc 1 551 32 is_stmt 0 view .LVU307
 1225 0034 8361     		str	r3, [r0, #24]
 552:Core/Src/main.c ****   {
ARM GAS  /tmp/ccKWmiiR.s 			page 56


 1226              		.loc 1 552 3 is_stmt 1 view .LVU308
 552:Core/Src/main.c ****   {
 1227              		.loc 1 552 7 is_stmt 0 view .LVU309
 1228 0036 FFF7FEFF 		bl	HAL_TIM_Base_Init
 1229              	.LVL74:
 552:Core/Src/main.c ****   {
 1230              		.loc 1 552 6 view .LVU310
 1231 003a 58BB     		cbnz	r0, .L96
 556:Core/Src/main.c ****   if (HAL_TIM_ConfigClockSource(&htim4, &sClockSourceConfig) != HAL_OK)
 1232              		.loc 1 556 3 is_stmt 1 view .LVU311
 556:Core/Src/main.c ****   if (HAL_TIM_ConfigClockSource(&htim4, &sClockSourceConfig) != HAL_OK)
 1233              		.loc 1 556 34 is_stmt 0 view .LVU312
 1234 003c 4FF48053 		mov	r3, #4096
 1235 0040 0A93     		str	r3, [sp, #40]
 557:Core/Src/main.c ****   {
 1236              		.loc 1 557 3 is_stmt 1 view .LVU313
 557:Core/Src/main.c ****   {
 1237              		.loc 1 557 7 is_stmt 0 view .LVU314
 1238 0042 0AA9     		add	r1, sp, #40
 1239 0044 1948     		ldr	r0, .L102
 1240 0046 FFF7FEFF 		bl	HAL_TIM_ConfigClockSource
 1241              	.LVL75:
 557:Core/Src/main.c ****   {
 1242              		.loc 1 557 6 view .LVU315
 1243 004a 28BB     		cbnz	r0, .L97
 561:Core/Src/main.c ****   {
 1244              		.loc 1 561 3 is_stmt 1 view .LVU316
 561:Core/Src/main.c ****   {
 1245              		.loc 1 561 7 is_stmt 0 view .LVU317
 1246 004c 1748     		ldr	r0, .L102
 1247 004e FFF7FEFF 		bl	HAL_TIM_PWM_Init
 1248              	.LVL76:
 561:Core/Src/main.c ****   {
 1249              		.loc 1 561 6 view .LVU318
 1250 0052 18BB     		cbnz	r0, .L98
 565:Core/Src/main.c ****   sMasterConfig.MasterSlaveMode = TIM_MASTERSLAVEMODE_DISABLE;
 1251              		.loc 1 565 3 is_stmt 1 view .LVU319
 565:Core/Src/main.c ****   sMasterConfig.MasterSlaveMode = TIM_MASTERSLAVEMODE_DISABLE;
 1252              		.loc 1 565 37 is_stmt 0 view .LVU320
 1253 0054 0023     		movs	r3, #0
 1254 0056 0893     		str	r3, [sp, #32]
 566:Core/Src/main.c ****   if (HAL_TIMEx_MasterConfigSynchronization(&htim4, &sMasterConfig) != HAL_OK)
 1255              		.loc 1 566 3 is_stmt 1 view .LVU321
 566:Core/Src/main.c ****   if (HAL_TIMEx_MasterConfigSynchronization(&htim4, &sMasterConfig) != HAL_OK)
 1256              		.loc 1 566 33 is_stmt 0 view .LVU322
 1257 0058 0993     		str	r3, [sp, #36]
 567:Core/Src/main.c ****   {
 1258              		.loc 1 567 3 is_stmt 1 view .LVU323
 567:Core/Src/main.c ****   {
 1259              		.loc 1 567 7 is_stmt 0 view .LVU324
 1260 005a 08A9     		add	r1, sp, #32
 1261 005c 1348     		ldr	r0, .L102
 1262 005e FFF7FEFF 		bl	HAL_TIMEx_MasterConfigSynchronization
 1263              	.LVL77:
 567:Core/Src/main.c ****   {
 1264              		.loc 1 567 6 view .LVU325
 1265 0062 E8B9     		cbnz	r0, .L99
ARM GAS  /tmp/ccKWmiiR.s 			page 57


 571:Core/Src/main.c ****   sConfigOC.Pulse = 0;
 1266              		.loc 1 571 3 is_stmt 1 view .LVU326
 571:Core/Src/main.c ****   sConfigOC.Pulse = 0;
 1267              		.loc 1 571 20 is_stmt 0 view .LVU327
 1268 0064 6023     		movs	r3, #96
 1269 0066 0193     		str	r3, [sp, #4]
 572:Core/Src/main.c ****   sConfigOC.OCPolarity = TIM_OCPOLARITY_HIGH;
 1270              		.loc 1 572 3 is_stmt 1 view .LVU328
 572:Core/Src/main.c ****   sConfigOC.OCPolarity = TIM_OCPOLARITY_HIGH;
 1271              		.loc 1 572 19 is_stmt 0 view .LVU329
 1272 0068 0022     		movs	r2, #0
 1273 006a 0292     		str	r2, [sp, #8]
 573:Core/Src/main.c ****   sConfigOC.OCFastMode = TIM_OCFAST_DISABLE;
 1274              		.loc 1 573 3 is_stmt 1 view .LVU330
 573:Core/Src/main.c ****   sConfigOC.OCFastMode = TIM_OCFAST_DISABLE;
 1275              		.loc 1 573 24 is_stmt 0 view .LVU331
 1276 006c 0392     		str	r2, [sp, #12]
 574:Core/Src/main.c ****   if (HAL_TIM_PWM_ConfigChannel(&htim4, &sConfigOC, TIM_CHANNEL_1) != HAL_OK)
 1277              		.loc 1 574 3 is_stmt 1 view .LVU332
 574:Core/Src/main.c ****   if (HAL_TIM_PWM_ConfigChannel(&htim4, &sConfigOC, TIM_CHANNEL_1) != HAL_OK)
 1278              		.loc 1 574 24 is_stmt 0 view .LVU333
 1279 006e 0592     		str	r2, [sp, #20]
 575:Core/Src/main.c ****   {
 1280              		.loc 1 575 3 is_stmt 1 view .LVU334
 575:Core/Src/main.c ****   {
 1281              		.loc 1 575 7 is_stmt 0 view .LVU335
 1282 0070 01A9     		add	r1, sp, #4
 1283 0072 0E48     		ldr	r0, .L102
 1284 0074 FFF7FEFF 		bl	HAL_TIM_PWM_ConfigChannel
 1285              	.LVL78:
 575:Core/Src/main.c ****   {
 1286              		.loc 1 575 6 view .LVU336
 1287 0078 A0B9     		cbnz	r0, .L100
 579:Core/Src/main.c ****   {
 1288              		.loc 1 579 3 is_stmt 1 view .LVU337
 579:Core/Src/main.c ****   {
 1289              		.loc 1 579 7 is_stmt 0 view .LVU338
 1290 007a 0422     		movs	r2, #4
 1291 007c 0DEB0201 		add	r1, sp, r2
 1292 0080 0A48     		ldr	r0, .L102
 1293 0082 FFF7FEFF 		bl	HAL_TIM_PWM_ConfigChannel
 1294              	.LVL79:
 579:Core/Src/main.c ****   {
 1295              		.loc 1 579 6 view .LVU339
 1296 0086 78B9     		cbnz	r0, .L101
 586:Core/Src/main.c **** 
 1297              		.loc 1 586 3 is_stmt 1 view .LVU340
 1298 0088 0848     		ldr	r0, .L102
 1299 008a FFF7FEFF 		bl	HAL_TIM_MspPostInit
 1300              	.LVL80:
 588:Core/Src/main.c **** 
 1301              		.loc 1 588 1 is_stmt 0 view .LVU341
 1302 008e 0FB0     		add	sp, sp, #60
 1303              	.LCFI25:
 1304              		.cfi_remember_state
 1305              		.cfi_def_cfa_offset 4
 1306              		@ sp needed
ARM GAS  /tmp/ccKWmiiR.s 			page 58


 1307 0090 5DF804FB 		ldr	pc, [sp], #4
 1308              	.L96:
 1309              	.LCFI26:
 1310              		.cfi_restore_state
 554:Core/Src/main.c ****   }
 1311              		.loc 1 554 5 is_stmt 1 view .LVU342
 1312 0094 FFF7FEFF 		bl	Error_Handler
 1313              	.LVL81:
 1314              	.L97:
 559:Core/Src/main.c ****   }
 1315              		.loc 1 559 5 view .LVU343
 1316 0098 FFF7FEFF 		bl	Error_Handler
 1317              	.LVL82:
 1318              	.L98:
 563:Core/Src/main.c ****   }
 1319              		.loc 1 563 5 view .LVU344
 1320 009c FFF7FEFF 		bl	Error_Handler
 1321              	.LVL83:
 1322              	.L99:
 569:Core/Src/main.c ****   }
 1323              		.loc 1 569 5 view .LVU345
 1324 00a0 FFF7FEFF 		bl	Error_Handler
 1325              	.LVL84:
 1326              	.L100:
 577:Core/Src/main.c ****   }
 1327              		.loc 1 577 5 view .LVU346
 1328 00a4 FFF7FEFF 		bl	Error_Handler
 1329              	.LVL85:
 1330              	.L101:
 581:Core/Src/main.c ****   }
 1331              		.loc 1 581 5 view .LVU347
 1332 00a8 FFF7FEFF 		bl	Error_Handler
 1333              	.LVL86:
 1334              	.L103:
 1335              		.align	2
 1336              	.L102:
 1337 00ac 00000000 		.word	.LANCHOR7
 1338 00b0 00080040 		.word	1073743872
 1339              		.cfi_endproc
 1340              	.LFE156:
 1342              		.section	.text.MX_USART2_UART_Init,"ax",%progbits
 1343              		.align	1
 1344              		.syntax unified
 1345              		.thumb
 1346              		.thumb_func
 1348              	MX_USART2_UART_Init:
 1349              	.LFB158:
 628:Core/Src/main.c **** 
 1350              		.loc 1 628 1 view -0
 1351              		.cfi_startproc
 1352              		@ args = 0, pretend = 0, frame = 0
 1353              		@ frame_needed = 0, uses_anonymous_args = 0
 1354 0000 08B5     		push	{r3, lr}
 1355              	.LCFI27:
 1356              		.cfi_def_cfa_offset 8
 1357              		.cfi_offset 3, -8
 1358              		.cfi_offset 14, -4
ARM GAS  /tmp/ccKWmiiR.s 			page 59


 637:Core/Src/main.c ****   huart2.Init.BaudRate = 115200;
 1359              		.loc 1 637 3 view .LVU349
 637:Core/Src/main.c ****   huart2.Init.BaudRate = 115200;
 1360              		.loc 1 637 19 is_stmt 0 view .LVU350
 1361 0002 0A48     		ldr	r0, .L108
 1362 0004 0A4B     		ldr	r3, .L108+4
 1363 0006 0360     		str	r3, [r0]
 638:Core/Src/main.c ****   huart2.Init.WordLength = UART_WORDLENGTH_8B;
 1364              		.loc 1 638 3 is_stmt 1 view .LVU351
 638:Core/Src/main.c ****   huart2.Init.WordLength = UART_WORDLENGTH_8B;
 1365              		.loc 1 638 24 is_stmt 0 view .LVU352
 1366 0008 4FF4E133 		mov	r3, #115200
 1367 000c 4360     		str	r3, [r0, #4]
 639:Core/Src/main.c ****   huart2.Init.StopBits = UART_STOPBITS_1;
 1368              		.loc 1 639 3 is_stmt 1 view .LVU353
 639:Core/Src/main.c ****   huart2.Init.StopBits = UART_STOPBITS_1;
 1369              		.loc 1 639 26 is_stmt 0 view .LVU354
 1370 000e 0023     		movs	r3, #0
 1371 0010 8360     		str	r3, [r0, #8]
 640:Core/Src/main.c ****   huart2.Init.Parity = UART_PARITY_NONE;
 1372              		.loc 1 640 3 is_stmt 1 view .LVU355
 640:Core/Src/main.c ****   huart2.Init.Parity = UART_PARITY_NONE;
 1373              		.loc 1 640 24 is_stmt 0 view .LVU356
 1374 0012 C360     		str	r3, [r0, #12]
 641:Core/Src/main.c ****   huart2.Init.Mode = UART_MODE_TX_RX;
 1375              		.loc 1 641 3 is_stmt 1 view .LVU357
 641:Core/Src/main.c ****   huart2.Init.Mode = UART_MODE_TX_RX;
 1376              		.loc 1 641 22 is_stmt 0 view .LVU358
 1377 0014 0361     		str	r3, [r0, #16]
 642:Core/Src/main.c ****   huart2.Init.HwFlowCtl = UART_HWCONTROL_NONE;
 1378              		.loc 1 642 3 is_stmt 1 view .LVU359
 642:Core/Src/main.c ****   huart2.Init.HwFlowCtl = UART_HWCONTROL_NONE;
 1379              		.loc 1 642 20 is_stmt 0 view .LVU360
 1380 0016 0C22     		movs	r2, #12
 1381 0018 4261     		str	r2, [r0, #20]
 643:Core/Src/main.c ****   huart2.Init.OverSampling = UART_OVERSAMPLING_16;
 1382              		.loc 1 643 3 is_stmt 1 view .LVU361
 643:Core/Src/main.c ****   huart2.Init.OverSampling = UART_OVERSAMPLING_16;
 1383              		.loc 1 643 25 is_stmt 0 view .LVU362
 1384 001a 8361     		str	r3, [r0, #24]
 644:Core/Src/main.c ****   if (HAL_UART_Init(&huart2) != HAL_OK)
 1385              		.loc 1 644 3 is_stmt 1 view .LVU363
 644:Core/Src/main.c ****   if (HAL_UART_Init(&huart2) != HAL_OK)
 1386              		.loc 1 644 28 is_stmt 0 view .LVU364
 1387 001c C361     		str	r3, [r0, #28]
 645:Core/Src/main.c ****   {
 1388              		.loc 1 645 3 is_stmt 1 view .LVU365
 645:Core/Src/main.c ****   {
 1389              		.loc 1 645 7 is_stmt 0 view .LVU366
 1390 001e FFF7FEFF 		bl	HAL_UART_Init
 1391              	.LVL87:
 645:Core/Src/main.c ****   {
 1392              		.loc 1 645 6 view .LVU367
 1393 0022 00B9     		cbnz	r0, .L107
 653:Core/Src/main.c **** 
 1394              		.loc 1 653 1 view .LVU368
 1395 0024 08BD     		pop	{r3, pc}
ARM GAS  /tmp/ccKWmiiR.s 			page 60


 1396              	.L107:
 647:Core/Src/main.c ****   }
 1397              		.loc 1 647 5 is_stmt 1 view .LVU369
 1398 0026 FFF7FEFF 		bl	Error_Handler
 1399              	.LVL88:
 1400              	.L109:
 1401 002a 00BF     		.align	2
 1402              	.L108:
 1403 002c 00000000 		.word	.LANCHOR1
 1404 0030 00440040 		.word	1073759232
 1405              		.cfi_endproc
 1406              	.LFE158:
 1408              		.section	.text.MX_USART1_UART_Init,"ax",%progbits
 1409              		.align	1
 1410              		.syntax unified
 1411              		.thumb
 1412              		.thumb_func
 1414              	MX_USART1_UART_Init:
 1415              	.LFB157:
 596:Core/Src/main.c **** 
 1416              		.loc 1 596 1 view -0
 1417              		.cfi_startproc
 1418              		@ args = 0, pretend = 0, frame = 0
 1419              		@ frame_needed = 0, uses_anonymous_args = 0
 1420 0000 08B5     		push	{r3, lr}
 1421              	.LCFI28:
 1422              		.cfi_def_cfa_offset 8
 1423              		.cfi_offset 3, -8
 1424              		.cfi_offset 14, -4
 605:Core/Src/main.c ****   huart1.Init.BaudRate = 9600;
 1425              		.loc 1 605 3 view .LVU371
 605:Core/Src/main.c ****   huart1.Init.BaudRate = 9600;
 1426              		.loc 1 605 19 is_stmt 0 view .LVU372
 1427 0002 0A48     		ldr	r0, .L114
 1428 0004 0A4B     		ldr	r3, .L114+4
 1429 0006 0360     		str	r3, [r0]
 606:Core/Src/main.c ****   huart1.Init.WordLength = UART_WORDLENGTH_8B;
 1430              		.loc 1 606 3 is_stmt 1 view .LVU373
 606:Core/Src/main.c ****   huart1.Init.WordLength = UART_WORDLENGTH_8B;
 1431              		.loc 1 606 24 is_stmt 0 view .LVU374
 1432 0008 4FF41653 		mov	r3, #9600
 1433 000c 4360     		str	r3, [r0, #4]
 607:Core/Src/main.c ****   huart1.Init.StopBits = UART_STOPBITS_1;
 1434              		.loc 1 607 3 is_stmt 1 view .LVU375
 607:Core/Src/main.c ****   huart1.Init.StopBits = UART_STOPBITS_1;
 1435              		.loc 1 607 26 is_stmt 0 view .LVU376
 1436 000e 0023     		movs	r3, #0
 1437 0010 8360     		str	r3, [r0, #8]
 608:Core/Src/main.c ****   huart1.Init.Parity = UART_PARITY_NONE;
 1438              		.loc 1 608 3 is_stmt 1 view .LVU377
 608:Core/Src/main.c ****   huart1.Init.Parity = UART_PARITY_NONE;
 1439              		.loc 1 608 24 is_stmt 0 view .LVU378
 1440 0012 C360     		str	r3, [r0, #12]
 609:Core/Src/main.c ****   huart1.Init.Mode = UART_MODE_TX_RX;
 1441              		.loc 1 609 3 is_stmt 1 view .LVU379
 609:Core/Src/main.c ****   huart1.Init.Mode = UART_MODE_TX_RX;
 1442              		.loc 1 609 22 is_stmt 0 view .LVU380
ARM GAS  /tmp/ccKWmiiR.s 			page 61


 1443 0014 0361     		str	r3, [r0, #16]
 610:Core/Src/main.c ****   huart1.Init.HwFlowCtl = UART_HWCONTROL_NONE;
 1444              		.loc 1 610 3 is_stmt 1 view .LVU381
 610:Core/Src/main.c ****   huart1.Init.HwFlowCtl = UART_HWCONTROL_NONE;
 1445              		.loc 1 610 20 is_stmt 0 view .LVU382
 1446 0016 0C22     		movs	r2, #12
 1447 0018 4261     		str	r2, [r0, #20]
 611:Core/Src/main.c ****   huart1.Init.OverSampling = UART_OVERSAMPLING_16;
 1448              		.loc 1 611 3 is_stmt 1 view .LVU383
 611:Core/Src/main.c ****   huart1.Init.OverSampling = UART_OVERSAMPLING_16;
 1449              		.loc 1 611 25 is_stmt 0 view .LVU384
 1450 001a 8361     		str	r3, [r0, #24]
 612:Core/Src/main.c ****   if (HAL_UART_Init(&huart1) != HAL_OK)
 1451              		.loc 1 612 3 is_stmt 1 view .LVU385
 612:Core/Src/main.c ****   if (HAL_UART_Init(&huart1) != HAL_OK)
 1452              		.loc 1 612 28 is_stmt 0 view .LVU386
 1453 001c C361     		str	r3, [r0, #28]
 613:Core/Src/main.c ****   {
 1454              		.loc 1 613 3 is_stmt 1 view .LVU387
 613:Core/Src/main.c ****   {
 1455              		.loc 1 613 7 is_stmt 0 view .LVU388
 1456 001e FFF7FEFF 		bl	HAL_UART_Init
 1457              	.LVL89:
 613:Core/Src/main.c ****   {
 1458              		.loc 1 613 6 view .LVU389
 1459 0022 00B9     		cbnz	r0, .L113
 621:Core/Src/main.c **** /**
 1460              		.loc 1 621 1 view .LVU390
 1461 0024 08BD     		pop	{r3, pc}
 1462              	.L113:
 615:Core/Src/main.c ****   }
 1463              		.loc 1 615 5 is_stmt 1 view .LVU391
 1464 0026 FFF7FEFF 		bl	Error_Handler
 1465              	.LVL90:
 1466              	.L115:
 1467 002a 00BF     		.align	2
 1468              	.L114:
 1469 002c 00000000 		.word	.LANCHOR0
 1470 0030 00100140 		.word	1073811456
 1471              		.cfi_endproc
 1472              	.LFE157:
 1474              		.section	.text.SystemClock_Config,"ax",%progbits
 1475              		.align	1
 1476              		.global	SystemClock_Config
 1477              		.syntax unified
 1478              		.thumb
 1479              		.thumb_func
 1481              	SystemClock_Config:
 1482              	.LFB151:
 307:Core/Src/main.c ****   RCC_OscInitTypeDef RCC_OscInitStruct = {0};
 1483              		.loc 1 307 1 view -0
 1484              		.cfi_startproc
 1485              		@ args = 0, pretend = 0, frame = 80
 1486              		@ frame_needed = 0, uses_anonymous_args = 0
 1487 0000 00B5     		push	{lr}
 1488              	.LCFI29:
 1489              		.cfi_def_cfa_offset 4
ARM GAS  /tmp/ccKWmiiR.s 			page 62


 1490              		.cfi_offset 14, -4
 1491 0002 95B0     		sub	sp, sp, #84
 1492              	.LCFI30:
 1493              		.cfi_def_cfa_offset 88
 308:Core/Src/main.c ****   RCC_ClkInitTypeDef RCC_ClkInitStruct = {0};
 1494              		.loc 1 308 3 view .LVU393
 308:Core/Src/main.c ****   RCC_ClkInitTypeDef RCC_ClkInitStruct = {0};
 1495              		.loc 1 308 22 is_stmt 0 view .LVU394
 1496 0004 3022     		movs	r2, #48
 1497 0006 0021     		movs	r1, #0
 1498 0008 08A8     		add	r0, sp, #32
 1499 000a FFF7FEFF 		bl	memset
 1500              	.LVL91:
 309:Core/Src/main.c **** 
 1501              		.loc 1 309 3 is_stmt 1 view .LVU395
 309:Core/Src/main.c **** 
 1502              		.loc 1 309 22 is_stmt 0 view .LVU396
 1503 000e 0023     		movs	r3, #0
 1504 0010 0393     		str	r3, [sp, #12]
 1505 0012 0493     		str	r3, [sp, #16]
 1506 0014 0593     		str	r3, [sp, #20]
 1507 0016 0693     		str	r3, [sp, #24]
 1508 0018 0793     		str	r3, [sp, #28]
 313:Core/Src/main.c ****   __HAL_PWR_VOLTAGESCALING_CONFIG(PWR_REGULATOR_VOLTAGE_SCALE1);
 1509              		.loc 1 313 3 is_stmt 1 view .LVU397
 1510              	.LBB11:
 313:Core/Src/main.c ****   __HAL_PWR_VOLTAGESCALING_CONFIG(PWR_REGULATOR_VOLTAGE_SCALE1);
 1511              		.loc 1 313 3 view .LVU398
 1512 001a 0193     		str	r3, [sp, #4]
 313:Core/Src/main.c ****   __HAL_PWR_VOLTAGESCALING_CONFIG(PWR_REGULATOR_VOLTAGE_SCALE1);
 1513              		.loc 1 313 3 view .LVU399
 1514 001c 1E4A     		ldr	r2, .L122
 1515 001e 116C     		ldr	r1, [r2, #64]
 1516 0020 41F08051 		orr	r1, r1, #268435456
 1517 0024 1164     		str	r1, [r2, #64]
 313:Core/Src/main.c ****   __HAL_PWR_VOLTAGESCALING_CONFIG(PWR_REGULATOR_VOLTAGE_SCALE1);
 1518              		.loc 1 313 3 view .LVU400
 1519 0026 126C     		ldr	r2, [r2, #64]
 1520 0028 02F08052 		and	r2, r2, #268435456
 1521 002c 0192     		str	r2, [sp, #4]
 313:Core/Src/main.c ****   __HAL_PWR_VOLTAGESCALING_CONFIG(PWR_REGULATOR_VOLTAGE_SCALE1);
 1522              		.loc 1 313 3 view .LVU401
 1523 002e 019A     		ldr	r2, [sp, #4]
 1524              	.LBE11:
 313:Core/Src/main.c ****   __HAL_PWR_VOLTAGESCALING_CONFIG(PWR_REGULATOR_VOLTAGE_SCALE1);
 1525              		.loc 1 313 3 view .LVU402
 314:Core/Src/main.c **** 
 1526              		.loc 1 314 3 view .LVU403
 1527              	.LBB12:
 314:Core/Src/main.c **** 
 1528              		.loc 1 314 3 view .LVU404
 1529 0030 0293     		str	r3, [sp, #8]
 314:Core/Src/main.c **** 
 1530              		.loc 1 314 3 view .LVU405
 1531 0032 1A4A     		ldr	r2, .L122+4
 1532 0034 1168     		ldr	r1, [r2]
 1533 0036 41F44041 		orr	r1, r1, #49152
ARM GAS  /tmp/ccKWmiiR.s 			page 63


 1534 003a 1160     		str	r1, [r2]
 314:Core/Src/main.c **** 
 1535              		.loc 1 314 3 view .LVU406
 1536 003c 1268     		ldr	r2, [r2]
 1537 003e 02F44042 		and	r2, r2, #49152
 1538 0042 0292     		str	r2, [sp, #8]
 314:Core/Src/main.c **** 
 1539              		.loc 1 314 3 view .LVU407
 1540 0044 029A     		ldr	r2, [sp, #8]
 1541              	.LBE12:
 314:Core/Src/main.c **** 
 1542              		.loc 1 314 3 view .LVU408
 319:Core/Src/main.c ****   RCC_OscInitStruct.HSIState = RCC_HSI_ON;
 1543              		.loc 1 319 3 view .LVU409
 319:Core/Src/main.c ****   RCC_OscInitStruct.HSIState = RCC_HSI_ON;
 1544              		.loc 1 319 36 is_stmt 0 view .LVU410
 1545 0046 0221     		movs	r1, #2
 1546 0048 0891     		str	r1, [sp, #32]
 320:Core/Src/main.c ****   RCC_OscInitStruct.HSICalibrationValue = RCC_HSICALIBRATION_DEFAULT;
 1547              		.loc 1 320 3 is_stmt 1 view .LVU411
 320:Core/Src/main.c ****   RCC_OscInitStruct.HSICalibrationValue = RCC_HSICALIBRATION_DEFAULT;
 1548              		.loc 1 320 30 is_stmt 0 view .LVU412
 1549 004a 0122     		movs	r2, #1
 1550 004c 0B92     		str	r2, [sp, #44]
 321:Core/Src/main.c ****   RCC_OscInitStruct.PLL.PLLState = RCC_PLL_ON;
 1551              		.loc 1 321 3 is_stmt 1 view .LVU413
 321:Core/Src/main.c ****   RCC_OscInitStruct.PLL.PLLState = RCC_PLL_ON;
 1552              		.loc 1 321 41 is_stmt 0 view .LVU414
 1553 004e 1022     		movs	r2, #16
 1554 0050 0C92     		str	r2, [sp, #48]
 322:Core/Src/main.c ****   RCC_OscInitStruct.PLL.PLLSource = RCC_PLLSOURCE_HSI;
 1555              		.loc 1 322 3 is_stmt 1 view .LVU415
 322:Core/Src/main.c ****   RCC_OscInitStruct.PLL.PLLSource = RCC_PLLSOURCE_HSI;
 1556              		.loc 1 322 34 is_stmt 0 view .LVU416
 1557 0052 0E91     		str	r1, [sp, #56]
 323:Core/Src/main.c ****   RCC_OscInitStruct.PLL.PLLM = 16;
 1558              		.loc 1 323 3 is_stmt 1 view .LVU417
 323:Core/Src/main.c ****   RCC_OscInitStruct.PLL.PLLM = 16;
 1559              		.loc 1 323 35 is_stmt 0 view .LVU418
 1560 0054 0F93     		str	r3, [sp, #60]
 324:Core/Src/main.c ****   RCC_OscInitStruct.PLL.PLLN = 336;
 1561              		.loc 1 324 3 is_stmt 1 view .LVU419
 324:Core/Src/main.c ****   RCC_OscInitStruct.PLL.PLLN = 336;
 1562              		.loc 1 324 30 is_stmt 0 view .LVU420
 1563 0056 1092     		str	r2, [sp, #64]
 325:Core/Src/main.c ****   RCC_OscInitStruct.PLL.PLLP = RCC_PLLP_DIV4;
 1564              		.loc 1 325 3 is_stmt 1 view .LVU421
 325:Core/Src/main.c ****   RCC_OscInitStruct.PLL.PLLP = RCC_PLLP_DIV4;
 1565              		.loc 1 325 30 is_stmt 0 view .LVU422
 1566 0058 4FF4A873 		mov	r3, #336
 1567 005c 1193     		str	r3, [sp, #68]
 326:Core/Src/main.c ****   RCC_OscInitStruct.PLL.PLLQ = 4;
 1568              		.loc 1 326 3 is_stmt 1 view .LVU423
 326:Core/Src/main.c ****   RCC_OscInitStruct.PLL.PLLQ = 4;
 1569              		.loc 1 326 30 is_stmt 0 view .LVU424
 1570 005e 0423     		movs	r3, #4
 1571 0060 1293     		str	r3, [sp, #72]
ARM GAS  /tmp/ccKWmiiR.s 			page 64


 327:Core/Src/main.c ****   if (HAL_RCC_OscConfig(&RCC_OscInitStruct) != HAL_OK)
 1572              		.loc 1 327 3 is_stmt 1 view .LVU425
 327:Core/Src/main.c ****   if (HAL_RCC_OscConfig(&RCC_OscInitStruct) != HAL_OK)
 1573              		.loc 1 327 30 is_stmt 0 view .LVU426
 1574 0062 1393     		str	r3, [sp, #76]
 328:Core/Src/main.c ****   {
 1575              		.loc 1 328 3 is_stmt 1 view .LVU427
 328:Core/Src/main.c ****   {
 1576              		.loc 1 328 7 is_stmt 0 view .LVU428
 1577 0064 08A8     		add	r0, sp, #32
 1578 0066 FFF7FEFF 		bl	HAL_RCC_OscConfig
 1579              	.LVL92:
 328:Core/Src/main.c ****   {
 1580              		.loc 1 328 6 view .LVU429
 1581 006a 80B9     		cbnz	r0, .L120
 335:Core/Src/main.c ****                               |RCC_CLOCKTYPE_PCLK1|RCC_CLOCKTYPE_PCLK2;
 1582              		.loc 1 335 3 is_stmt 1 view .LVU430
 335:Core/Src/main.c ****                               |RCC_CLOCKTYPE_PCLK1|RCC_CLOCKTYPE_PCLK2;
 1583              		.loc 1 335 31 is_stmt 0 view .LVU431
 1584 006c 0F23     		movs	r3, #15
 1585 006e 0393     		str	r3, [sp, #12]
 337:Core/Src/main.c ****   RCC_ClkInitStruct.AHBCLKDivider = RCC_SYSCLK_DIV1;
 1586              		.loc 1 337 3 is_stmt 1 view .LVU432
 337:Core/Src/main.c ****   RCC_ClkInitStruct.AHBCLKDivider = RCC_SYSCLK_DIV1;
 1587              		.loc 1 337 34 is_stmt 0 view .LVU433
 1588 0070 0221     		movs	r1, #2
 1589 0072 0491     		str	r1, [sp, #16]
 338:Core/Src/main.c ****   RCC_ClkInitStruct.APB1CLKDivider = RCC_HCLK_DIV2;
 1590              		.loc 1 338 3 is_stmt 1 view .LVU434
 338:Core/Src/main.c ****   RCC_ClkInitStruct.APB1CLKDivider = RCC_HCLK_DIV2;
 1591              		.loc 1 338 35 is_stmt 0 view .LVU435
 1592 0074 0023     		movs	r3, #0
 1593 0076 0593     		str	r3, [sp, #20]
 339:Core/Src/main.c ****   RCC_ClkInitStruct.APB2CLKDivider = RCC_HCLK_DIV1;
 1594              		.loc 1 339 3 is_stmt 1 view .LVU436
 339:Core/Src/main.c ****   RCC_ClkInitStruct.APB2CLKDivider = RCC_HCLK_DIV1;
 1595              		.loc 1 339 36 is_stmt 0 view .LVU437
 1596 0078 4FF48052 		mov	r2, #4096
 1597 007c 0692     		str	r2, [sp, #24]
 340:Core/Src/main.c **** 
 1598              		.loc 1 340 3 is_stmt 1 view .LVU438
 340:Core/Src/main.c **** 
 1599              		.loc 1 340 36 is_stmt 0 view .LVU439
 1600 007e 0793     		str	r3, [sp, #28]
 342:Core/Src/main.c ****   {
 1601              		.loc 1 342 3 is_stmt 1 view .LVU440
 342:Core/Src/main.c ****   {
 1602              		.loc 1 342 7 is_stmt 0 view .LVU441
 1603 0080 03A8     		add	r0, sp, #12
 1604 0082 FFF7FEFF 		bl	HAL_RCC_ClockConfig
 1605              	.LVL93:
 342:Core/Src/main.c ****   {
 1606              		.loc 1 342 6 view .LVU442
 1607 0086 20B9     		cbnz	r0, .L121
 346:Core/Src/main.c **** 
 1608              		.loc 1 346 1 view .LVU443
 1609 0088 15B0     		add	sp, sp, #84
ARM GAS  /tmp/ccKWmiiR.s 			page 65


 1610              	.LCFI31:
 1611              		.cfi_remember_state
 1612              		.cfi_def_cfa_offset 4
 1613              		@ sp needed
 1614 008a 5DF804FB 		ldr	pc, [sp], #4
 1615              	.L120:
 1616              	.LCFI32:
 1617              		.cfi_restore_state
 330:Core/Src/main.c ****   }
 1618              		.loc 1 330 5 is_stmt 1 view .LVU444
 1619 008e FFF7FEFF 		bl	Error_Handler
 1620              	.LVL94:
 1621              	.L121:
 344:Core/Src/main.c ****   }
 1622              		.loc 1 344 5 view .LVU445
 1623 0092 FFF7FEFF 		bl	Error_Handler
 1624              	.LVL95:
 1625              	.L123:
 1626 0096 00BF     		.align	2
 1627              	.L122:
 1628 0098 00380240 		.word	1073887232
 1629 009c 00700040 		.word	1073770496
 1630              		.cfi_endproc
 1631              	.LFE151:
 1633              		.section	.rodata.main.str1.4,"aMS",%progbits,1
 1634              		.align	2
 1635              	.LC6:
 1636 0000 21215365 		.ascii	"!!Setup!!\015\000"
 1636      74757021 
 1636      210D00
 1637 000b 00       		.align	2
 1638              	.LC7:
 1639 000c 5461736B 		.ascii	"Task01\000"
 1639      303100
 1640 0013 00       		.align	2
 1641              	.LC8:
 1642 0014 5461736B 		.ascii	"Task02\000"
 1642      303200
 1643 001b 00       		.align	2
 1644              	.LC9:
 1645 001c 5461736B 		.ascii	"Task03\000"
 1645      303300
 1646 0023 00       		.align	2
 1647              	.LC10:
 1648 0024 5461736B 		.ascii	"Task04\000"
 1648      303400
 1649 002b 00       		.align	2
 1650              	.LC11:
 1651 002c 5461736B 		.ascii	"Task05\000"
 1651      303500
 1652 0033 00       		.align	2
 1653              	.LC12:
 1654 0034 5461736B 		.ascii	"Task06\000"
 1654      303600
 1655 003b 00       		.align	2
 1656              	.LC13:
 1657 003c 7C2A2A20 		.ascii	"|** Start Scheduler **|\015\000"
ARM GAS  /tmp/ccKWmiiR.s 			page 66


 1657      53746172 
 1657      74205363 
 1657      68656475 
 1657      6C657220 
 1658              		.section	.text.main,"ax",%progbits
 1659              		.align	1
 1660              		.global	main
 1661              		.syntax unified
 1662              		.thumb
 1663              		.thumb_func
 1665              	main:
 1666              	.LFB143:
 142:Core/Src/main.c **** 
 1667              		.loc 1 142 1 view -0
 1668              		.cfi_startproc
 1669              		@ Volatile: function does not return.
 1670              		@ args = 0, pretend = 0, frame = 0
 1671              		@ frame_needed = 0, uses_anonymous_args = 0
 1672 0000 00B5     		push	{lr}
 1673              	.LCFI33:
 1674              		.cfi_def_cfa_offset 4
 1675              		.cfi_offset 14, -4
 1676 0002 83B0     		sub	sp, sp, #12
 1677              	.LCFI34:
 1678              		.cfi_def_cfa_offset 16
 151:Core/Src/main.c **** 
 1679              		.loc 1 151 3 view .LVU447
 1680 0004 FFF7FEFF 		bl	HAL_Init
 1681              	.LVL96:
 158:Core/Src/main.c **** 
 1682              		.loc 1 158 3 view .LVU448
 1683 0008 FFF7FEFF 		bl	SystemClock_Config
 1684              	.LVL97:
 165:Core/Src/main.c ****   MX_I2C2_Init();
 1685              		.loc 1 165 3 view .LVU449
 1686 000c FFF7FEFF 		bl	MX_GPIO_Init
 1687              	.LVL98:
 166:Core/Src/main.c ****   MX_I2S3_Init();
 1688              		.loc 1 166 3 view .LVU450
 1689 0010 FFF7FEFF 		bl	MX_I2C2_Init
 1690              	.LVL99:
 167:Core/Src/main.c ****   MX_SPI2_Init();
 1691              		.loc 1 167 3 view .LVU451
 1692 0014 FFF7FEFF 		bl	MX_I2S3_Init
 1693              	.LVL100:
 168:Core/Src/main.c ****   MX_TIM3_Init();
 1694              		.loc 1 168 3 view .LVU452
 1695 0018 FFF7FEFF 		bl	MX_SPI2_Init
 1696              	.LVL101:
 169:Core/Src/main.c ****   MX_TIM4_Init();
 1697              		.loc 1 169 3 view .LVU453
 1698 001c FFF7FEFF 		bl	MX_TIM3_Init
 1699              	.LVL102:
 170:Core/Src/main.c ****   MX_USART2_UART_Init();
 1700              		.loc 1 170 3 view .LVU454
 1701 0020 FFF7FEFF 		bl	MX_TIM4_Init
 1702              	.LVL103:
ARM GAS  /tmp/ccKWmiiR.s 			page 67


 171:Core/Src/main.c ****   MX_USART1_UART_Init();
 1703              		.loc 1 171 3 view .LVU455
 1704 0024 FFF7FEFF 		bl	MX_USART2_UART_Init
 1705              	.LVL104:
 172:Core/Src/main.c ****   /* USER CODE BEGIN 2 */
 1706              		.loc 1 172 3 view .LVU456
 1707 0028 FFF7FEFF 		bl	MX_USART1_UART_Init
 1708              	.LVL105:
 174:Core/Src/main.c ****   TaskAdd(robotArm, "Task01", 512, NULL, 8, &robotArm_Handle);
 1709              		.loc 1 174 3 view .LVU457
 1710 002c 2248     		ldr	r0, .L127
 1711 002e FFF7FEFF 		bl	puts
 1712              	.LVL106:
 175:Core/Src/main.c ****   TaskAdd(clearScreen, "Task02", 128, NULL, 7, &clearScreen_Handle);
 1713              		.loc 1 175 3 view .LVU458
 1714 0032 224B     		ldr	r3, .L127+4
 1715 0034 0193     		str	r3, [sp, #4]
 1716 0036 0823     		movs	r3, #8
 1717 0038 0093     		str	r3, [sp]
 1718 003a 0023     		movs	r3, #0
 1719 003c 4FF40072 		mov	r2, #512
 1720 0040 1F49     		ldr	r1, .L127+8
 1721 0042 2048     		ldr	r0, .L127+12
 1722 0044 FFF7FEFF 		bl	TaskAdd
 1723              	.LVL107:
 176:Core/Src/main.c ****   TaskAdd(barcodeReader, "Task03", 128 * 4, NULL, 6, &barcodeReader_Handle);
 1724              		.loc 1 176 3 view .LVU459
 1725 0048 1F4B     		ldr	r3, .L127+16
 1726 004a 0193     		str	r3, [sp, #4]
 1727 004c 0723     		movs	r3, #7
 1728 004e 0093     		str	r3, [sp]
 1729 0050 0023     		movs	r3, #0
 1730 0052 8022     		movs	r2, #128
 1731 0054 1D49     		ldr	r1, .L127+20
 1732 0056 1E48     		ldr	r0, .L127+24
 1733 0058 FFF7FEFF 		bl	TaskAdd
 1734              	.LVL108:
 177:Core/Src/main.c ****   TaskAdd(servoBelt, "Task04", 128, NULL, 5, &servoBelt_Handle);
 1735              		.loc 1 177 3 view .LVU460
 1736 005c 1D4B     		ldr	r3, .L127+28
 1737 005e 0193     		str	r3, [sp, #4]
 1738 0060 0623     		movs	r3, #6
 1739 0062 0093     		str	r3, [sp]
 1740 0064 0023     		movs	r3, #0
 1741 0066 4FF40072 		mov	r2, #512
 1742 006a 1B49     		ldr	r1, .L127+32
 1743 006c 1B48     		ldr	r0, .L127+36
 1744 006e FFF7FEFF 		bl	TaskAdd
 1745              	.LVL109:
 178:Core/Src/main.c ****   TaskAdd(boxSize_cal, "Task05", 128, NULL, 4, &boxSize_Handle);
 1746              		.loc 1 178 3 view .LVU461
 1747 0072 1B4B     		ldr	r3, .L127+40
 1748 0074 0193     		str	r3, [sp, #4]
 1749 0076 0523     		movs	r3, #5
 1750 0078 0093     		str	r3, [sp]
 1751 007a 0023     		movs	r3, #0
 1752 007c 8022     		movs	r2, #128
ARM GAS  /tmp/ccKWmiiR.s 			page 68


 1753 007e 1949     		ldr	r1, .L127+44
 1754 0080 1948     		ldr	r0, .L127+48
 1755 0082 FFF7FEFF 		bl	TaskAdd
 1756              	.LVL110:
 179:Core/Src/main.c ****   TaskAdd(bluetooth_comm, "Task06", 128, NULL, 4, &bluetoothBecon_Handle);
 1757              		.loc 1 179 3 view .LVU462
 1758 0086 194B     		ldr	r3, .L127+52
 1759 0088 0193     		str	r3, [sp, #4]
 1760 008a 0424     		movs	r4, #4
 1761 008c 0094     		str	r4, [sp]
 1762 008e 0023     		movs	r3, #0
 1763 0090 8022     		movs	r2, #128
 1764 0092 1749     		ldr	r1, .L127+56
 1765 0094 1748     		ldr	r0, .L127+60
 1766 0096 FFF7FEFF 		bl	TaskAdd
 1767              	.LVL111:
 180:Core/Src/main.c **** 
 1768              		.loc 1 180 3 view .LVU463
 1769 009a 174B     		ldr	r3, .L127+64
 1770 009c 0193     		str	r3, [sp, #4]
 1771 009e 0094     		str	r4, [sp]
 1772 00a0 0023     		movs	r3, #0
 1773 00a2 8022     		movs	r2, #128
 1774 00a4 1549     		ldr	r1, .L127+68
 1775 00a6 1648     		ldr	r0, .L127+72
 1776 00a8 FFF7FEFF 		bl	TaskAdd
 1777              	.LVL112:
 183:Core/Src/main.c ****   vTaskStartScheduler();
 1778              		.loc 1 183 3 view .LVU464
 1779 00ac 1548     		ldr	r0, .L127+76
 1780 00ae FFF7FEFF 		bl	puts
 1781              	.LVL113:
 184:Core/Src/main.c ****   /* USER CODE END 2 */
 1782              		.loc 1 184 3 view .LVU465
 1783 00b2 FFF7FEFF 		bl	vTaskStartScheduler
 1784              	.LVL114:
 1785              	.L125:
 193:Core/Src/main.c ****   {
 1786              		.loc 1 193 3 discriminator 1 view .LVU466
 198:Core/Src/main.c ****   /* USER CODE END 3 */
 1787              		.loc 1 198 3 discriminator 1 view .LVU467
 193:Core/Src/main.c ****   {
 1788              		.loc 1 193 9 discriminator 1 view .LVU468
 1789 00b6 FEE7     		b	.L125
 1790              	.L128:
 1791              		.align	2
 1792              	.L127:
 1793 00b8 00000000 		.word	.LC6
 1794 00bc 00000000 		.word	.LANCHOR3
 1795 00c0 0C000000 		.word	.LC7
 1796 00c4 00000000 		.word	robotArm
 1797 00c8 00000000 		.word	.LANCHOR8
 1798 00cc 14000000 		.word	.LC8
 1799 00d0 00000000 		.word	clearScreen
 1800 00d4 00000000 		.word	.LANCHOR9
 1801 00d8 1C000000 		.word	.LC9
 1802 00dc 00000000 		.word	barcodeReader
ARM GAS  /tmp/ccKWmiiR.s 			page 69


 1803 00e0 00000000 		.word	.LANCHOR10
 1804 00e4 24000000 		.word	.LC10
 1805 00e8 00000000 		.word	servoBelt
 1806 00ec 00000000 		.word	.LANCHOR11
 1807 00f0 2C000000 		.word	.LC11
 1808 00f4 00000000 		.word	boxSize_cal
 1809 00f8 00000000 		.word	.LANCHOR12
 1810 00fc 34000000 		.word	.LC12
 1811 0100 00000000 		.word	bluetooth_comm
 1812 0104 3C000000 		.word	.LC13
 1813              		.cfi_endproc
 1814              	.LFE143:
 1816              		.global	bluetoothBecon_Handle
 1817              		.global	servoBelt_Handle
 1818              		.global	boxSize_Handle
 1819              		.global	barcodeReader_Handle
 1820              		.global	clearScreen_Handle
 1821              		.global	robotArm_Handle
 1822              		.global	huart2
 1823              		.global	huart1
 1824              		.global	htim4
 1825              		.global	htim3
 1826              		.global	hspi2
 1827              		.global	hi2s3
 1828              		.global	hi2c2
 1829              		.section	.bss.barcodeReader_Handle,"aw",%nobits
 1830              		.align	2
 1831              		.set	.LANCHOR9,. + 0
 1834              	barcodeReader_Handle:
 1835 0000 00000000 		.space	4
 1836              		.section	.bss.bluetoothBecon_Handle,"aw",%nobits
 1837              		.align	2
 1838              		.set	.LANCHOR12,. + 0
 1841              	bluetoothBecon_Handle:
 1842 0000 00000000 		.space	4
 1843              		.section	.bss.boxSize_Handle,"aw",%nobits
 1844              		.align	2
 1845              		.set	.LANCHOR11,. + 0
 1848              	boxSize_Handle:
 1849 0000 00000000 		.space	4
 1850              		.section	.bss.clearScreen_Handle,"aw",%nobits
 1851              		.align	2
 1852              		.set	.LANCHOR8,. + 0
 1855              	clearScreen_Handle:
 1856 0000 00000000 		.space	4
 1857              		.section	.bss.hi2c2,"aw",%nobits
 1858              		.align	2
 1859              		.set	.LANCHOR4,. + 0
 1862              	hi2c2:
 1863 0000 00000000 		.space	84
 1863      00000000 
 1863      00000000 
 1863      00000000 
 1863      00000000 
 1864              		.section	.bss.hi2s3,"aw",%nobits
 1865              		.align	2
 1866              		.set	.LANCHOR5,. + 0
ARM GAS  /tmp/ccKWmiiR.s 			page 70


 1869              	hi2s3:
 1870 0000 00000000 		.space	72
 1870      00000000 
 1870      00000000 
 1870      00000000 
 1870      00000000 
 1871              		.section	.bss.hspi2,"aw",%nobits
 1872              		.align	2
 1873              		.set	.LANCHOR6,. + 0
 1876              	hspi2:
 1877 0000 00000000 		.space	88
 1877      00000000 
 1877      00000000 
 1877      00000000 
 1877      00000000 
 1878              		.section	.bss.htim3,"aw",%nobits
 1879              		.align	2
 1880              		.set	.LANCHOR2,. + 0
 1883              	htim3:
 1884 0000 00000000 		.space	72
 1884      00000000 
 1884      00000000 
 1884      00000000 
 1884      00000000 
 1885              		.section	.bss.htim4,"aw",%nobits
 1886              		.align	2
 1887              		.set	.LANCHOR7,. + 0
 1890              	htim4:
 1891 0000 00000000 		.space	72
 1891      00000000 
 1891      00000000 
 1891      00000000 
 1891      00000000 
 1892              		.section	.bss.huart1,"aw",%nobits
 1893              		.align	2
 1894              		.set	.LANCHOR0,. + 0
 1897              	huart1:
 1898 0000 00000000 		.space	72
 1898      00000000 
 1898      00000000 
 1898      00000000 
 1898      00000000 
 1899              		.section	.bss.huart2,"aw",%nobits
 1900              		.align	2
 1901              		.set	.LANCHOR1,. + 0
 1904              	huart2:
 1905 0000 00000000 		.space	72
 1905      00000000 
 1905      00000000 
 1905      00000000 
 1905      00000000 
 1906              		.section	.bss.robotArm_Handle,"aw",%nobits
 1907              		.align	2
 1908              		.set	.LANCHOR3,. + 0
 1911              	robotArm_Handle:
 1912 0000 00000000 		.space	4
 1913              		.section	.bss.servoBelt_Handle,"aw",%nobits
ARM GAS  /tmp/ccKWmiiR.s 			page 71


 1914              		.align	2
 1915              		.set	.LANCHOR10,. + 0
 1918              	servoBelt_Handle:
 1919 0000 00000000 		.space	4
 1920              		.text
 1921              	.Letext0:
 1922              		.file 3 "/usr/local/arm-none-eabi/include/machine/_default_types.h"
 1923              		.file 4 "/usr/local/arm-none-eabi/include/sys/_stdint.h"
 1924              		.file 5 "Drivers/CMSIS/Device/ST/STM32F4xx/Include/stm32f411xe.h"
 1925              		.file 6 "Drivers/STM32F4xx_HAL_Driver/Inc/stm32f4xx_hal_def.h"
 1926              		.file 7 "Drivers/STM32F4xx_HAL_Driver/Inc/stm32f4xx_hal_rcc_ex.h"
 1927              		.file 8 "Drivers/STM32F4xx_HAL_Driver/Inc/stm32f4xx_hal_rcc.h"
 1928              		.file 9 "Drivers/STM32F4xx_HAL_Driver/Inc/stm32f4xx_hal_gpio.h"
 1929              		.file 10 "Drivers/STM32F4xx_HAL_Driver/Inc/stm32f4xx_hal_dma.h"
 1930              		.file 11 "Drivers/STM32F4xx_HAL_Driver/Inc/stm32f4xx_hal_i2c.h"
 1931              		.file 12 "Drivers/STM32F4xx_HAL_Driver/Inc/stm32f4xx_hal_i2s.h"
 1932              		.file 13 "Drivers/STM32F4xx_HAL_Driver/Inc/stm32f4xx_hal_spi.h"
 1933              		.file 14 "Drivers/STM32F4xx_HAL_Driver/Inc/stm32f4xx_hal_tim.h"
 1934              		.file 15 "Drivers/STM32F4xx_HAL_Driver/Inc/stm32f4xx_hal_uart.h"
 1935              		.file 16 "Middlewares/Third_Party/FreeRTOS/Source/portable/GCC/ARM_CM4F/portmacro.h"
 1936              		.file 17 "Middlewares/Third_Party/FreeRTOS/Source/include/task.h"
 1937              		.file 18 "Core/Inc/robot_servos.h"
 1938              		.file 19 "Core/Inc/bluetooth_comm.h"
 1939              		.file 20 "Core/Inc/barcode_reader.h"
 1940              		.file 21 "Drivers/STM32F4xx_HAL_Driver/Inc/stm32f4xx_hal_tim_ex.h"
 1941              		.file 22 "Core/Inc/main.h"
 1942              		.file 23 "Drivers/STM32F4xx_HAL_Driver/Inc/stm32f4xx_hal_cortex.h"
 1943              		.file 24 "/usr/local/arm-none-eabi/include/stdio.h"
 1944              		.file 25 "Drivers/STM32F4xx_HAL_Driver/Inc/stm32f4xx_hal.h"
 1945              		.file 26 "<built-in>"
ARM GAS  /tmp/ccKWmiiR.s 			page 72


DEFINED SYMBOLS
                            *ABS*:0000000000000000 main.c
     /tmp/ccKWmiiR.s:20     .text.servoBelt:0000000000000000 $t
     /tmp/ccKWmiiR.s:26     .text.servoBelt:0000000000000000 servoBelt
     /tmp/ccKWmiiR.s:45     .text.boxSize_cal:0000000000000000 $t
     /tmp/ccKWmiiR.s:51     .text.boxSize_cal:0000000000000000 boxSize_cal
     /tmp/ccKWmiiR.s:69     .text.MX_GPIO_Init:0000000000000000 $t
     /tmp/ccKWmiiR.s:74     .text.MX_GPIO_Init:0000000000000000 MX_GPIO_Init
     /tmp/ccKWmiiR.s:213    .text.MX_GPIO_Init:000000000000009c $d
     /tmp/ccKWmiiR.s:220    .text.barcodeReader:0000000000000000 $t
     /tmp/ccKWmiiR.s:226    .text.barcodeReader:0000000000000000 barcodeReader
     /tmp/ccKWmiiR.s:266    .text.barcodeReader:000000000000001c $d
     /tmp/ccKWmiiR.s:272    .rodata.bluetooth_comm.str1.4:0000000000000000 $d
     /tmp/ccKWmiiR.s:279    .text.bluetooth_comm:0000000000000000 $t
     /tmp/ccKWmiiR.s:285    .text.bluetooth_comm:0000000000000000 bluetooth_comm
     /tmp/ccKWmiiR.s:342    .text.bluetooth_comm:0000000000000034 $d
     /tmp/ccKWmiiR.s:351    .rodata.clearScreen.str1.4:0000000000000000 $d
     /tmp/ccKWmiiR.s:355    .text.clearScreen:0000000000000000 $t
     /tmp/ccKWmiiR.s:361    .text.clearScreen:0000000000000000 clearScreen
     /tmp/ccKWmiiR.s:404    .text.clearScreen:0000000000000028 $d
     /tmp/ccKWmiiR.s:412    .rodata.TaskAdd.str1.4:0000000000000000 $d
     /tmp/ccKWmiiR.s:419    .text.TaskAdd:0000000000000000 $t
     /tmp/ccKWmiiR.s:425    .text.TaskAdd:0000000000000000 TaskAdd
     /tmp/ccKWmiiR.s:495    .text.TaskAdd:0000000000000038 $d
     /tmp/ccKWmiiR.s:501    .rodata.KillTask.str1.4:0000000000000000 $d
     /tmp/ccKWmiiR.s:505    .text.KillTask:0000000000000000 $t
     /tmp/ccKWmiiR.s:511    .text.KillTask:0000000000000000 KillTask
     /tmp/ccKWmiiR.s:550    .text.KillTask:0000000000000020 $d
     /tmp/ccKWmiiR.s:555    .text.robotArm:0000000000000000 $t
     /tmp/ccKWmiiR.s:561    .text.robotArm:0000000000000000 robotArm
     /tmp/ccKWmiiR.s:639    .text.robotArm:0000000000000064 $d
     /tmp/ccKWmiiR.s:646    .text.__io_putchar:0000000000000000 $t
     /tmp/ccKWmiiR.s:652    .text.__io_putchar:0000000000000000 __io_putchar
     /tmp/ccKWmiiR.s:688    .text.__io_putchar:000000000000001c $d
     /tmp/ccKWmiiR.s:693    .text.Error_Handler:0000000000000000 $t
     /tmp/ccKWmiiR.s:699    .text.Error_Handler:0000000000000000 Error_Handler
     /tmp/ccKWmiiR.s:731    .text.MX_I2C2_Init:0000000000000000 $t
     /tmp/ccKWmiiR.s:736    .text.MX_I2C2_Init:0000000000000000 MX_I2C2_Init
     /tmp/ccKWmiiR.s:804    .text.MX_I2C2_Init:000000000000003c $d
     /tmp/ccKWmiiR.s:811    .text.MX_I2S3_Init:0000000000000000 $t
     /tmp/ccKWmiiR.s:816    .text.MX_I2S3_Init:0000000000000000 MX_I2S3_Init
     /tmp/ccKWmiiR.s:875    .text.MX_I2S3_Init:0000000000000030 $d
     /tmp/ccKWmiiR.s:881    .text.MX_SPI2_Init:0000000000000000 $t
     /tmp/ccKWmiiR.s:886    .text.MX_SPI2_Init:0000000000000000 MX_SPI2_Init
     /tmp/ccKWmiiR.s:954    .text.MX_SPI2_Init:0000000000000038 $d
     /tmp/ccKWmiiR.s:960    .text.MX_TIM3_Init:0000000000000000 $t
     /tmp/ccKWmiiR.s:965    .text.MX_TIM3_Init:0000000000000000 MX_TIM3_Init
     /tmp/ccKWmiiR.s:1160   .text.MX_TIM3_Init:00000000000000d4 $d
     /tmp/ccKWmiiR.s:1166   .text.MX_TIM4_Init:0000000000000000 $t
     /tmp/ccKWmiiR.s:1171   .text.MX_TIM4_Init:0000000000000000 MX_TIM4_Init
     /tmp/ccKWmiiR.s:1337   .text.MX_TIM4_Init:00000000000000ac $d
     /tmp/ccKWmiiR.s:1343   .text.MX_USART2_UART_Init:0000000000000000 $t
     /tmp/ccKWmiiR.s:1348   .text.MX_USART2_UART_Init:0000000000000000 MX_USART2_UART_Init
     /tmp/ccKWmiiR.s:1403   .text.MX_USART2_UART_Init:000000000000002c $d
     /tmp/ccKWmiiR.s:1409   .text.MX_USART1_UART_Init:0000000000000000 $t
     /tmp/ccKWmiiR.s:1414   .text.MX_USART1_UART_Init:0000000000000000 MX_USART1_UART_Init
     /tmp/ccKWmiiR.s:1469   .text.MX_USART1_UART_Init:000000000000002c $d
ARM GAS  /tmp/ccKWmiiR.s 			page 73


     /tmp/ccKWmiiR.s:1475   .text.SystemClock_Config:0000000000000000 $t
     /tmp/ccKWmiiR.s:1481   .text.SystemClock_Config:0000000000000000 SystemClock_Config
     /tmp/ccKWmiiR.s:1628   .text.SystemClock_Config:0000000000000098 $d
     /tmp/ccKWmiiR.s:1634   .rodata.main.str1.4:0000000000000000 $d
     /tmp/ccKWmiiR.s:1659   .text.main:0000000000000000 $t
     /tmp/ccKWmiiR.s:1665   .text.main:0000000000000000 main
     /tmp/ccKWmiiR.s:1793   .text.main:00000000000000b8 $d
     /tmp/ccKWmiiR.s:1841   .bss.bluetoothBecon_Handle:0000000000000000 bluetoothBecon_Handle
     /tmp/ccKWmiiR.s:1918   .bss.servoBelt_Handle:0000000000000000 servoBelt_Handle
     /tmp/ccKWmiiR.s:1848   .bss.boxSize_Handle:0000000000000000 boxSize_Handle
     /tmp/ccKWmiiR.s:1834   .bss.barcodeReader_Handle:0000000000000000 barcodeReader_Handle
     /tmp/ccKWmiiR.s:1855   .bss.clearScreen_Handle:0000000000000000 clearScreen_Handle
     /tmp/ccKWmiiR.s:1911   .bss.robotArm_Handle:0000000000000000 robotArm_Handle
     /tmp/ccKWmiiR.s:1904   .bss.huart2:0000000000000000 huart2
     /tmp/ccKWmiiR.s:1897   .bss.huart1:0000000000000000 huart1
     /tmp/ccKWmiiR.s:1890   .bss.htim4:0000000000000000 htim4
     /tmp/ccKWmiiR.s:1883   .bss.htim3:0000000000000000 htim3
     /tmp/ccKWmiiR.s:1876   .bss.hspi2:0000000000000000 hspi2
     /tmp/ccKWmiiR.s:1869   .bss.hi2s3:0000000000000000 hi2s3
     /tmp/ccKWmiiR.s:1862   .bss.hi2c2:0000000000000000 hi2c2
     /tmp/ccKWmiiR.s:1830   .bss.barcodeReader_Handle:0000000000000000 $d
     /tmp/ccKWmiiR.s:1837   .bss.bluetoothBecon_Handle:0000000000000000 $d
     /tmp/ccKWmiiR.s:1844   .bss.boxSize_Handle:0000000000000000 $d
     /tmp/ccKWmiiR.s:1851   .bss.clearScreen_Handle:0000000000000000 $d
     /tmp/ccKWmiiR.s:1858   .bss.hi2c2:0000000000000000 $d
     /tmp/ccKWmiiR.s:1865   .bss.hi2s3:0000000000000000 $d
     /tmp/ccKWmiiR.s:1872   .bss.hspi2:0000000000000000 $d
     /tmp/ccKWmiiR.s:1879   .bss.htim3:0000000000000000 $d
     /tmp/ccKWmiiR.s:1886   .bss.htim4:0000000000000000 $d
     /tmp/ccKWmiiR.s:1893   .bss.huart1:0000000000000000 $d
     /tmp/ccKWmiiR.s:1900   .bss.huart2:0000000000000000 $d
     /tmp/ccKWmiiR.s:1907   .bss.robotArm_Handle:0000000000000000 $d
     /tmp/ccKWmiiR.s:1914   .bss.servoBelt_Handle:0000000000000000 $d

UNDEFINED SYMBOLS
HAL_GPIO_WritePin
HAL_GPIO_Init
Process_QR_Data
QR_Scanner_Read
data_received
qr_data
HAL_UART_Receive_IT
printf
sendBluetoothData_IT
vTaskDelay
rxBuffer
received
HAL_GPIO_ReadPin
HAL_UART_Transmit
xTaskCreate
pcTaskGetName
vTaskDelete
HAL_TIM_PWM_Start
robot_PickItem
robot_DropItem
HAL_I2C_Init
HAL_NVIC_SetPriority
ARM GAS  /tmp/ccKWmiiR.s 			page 74


HAL_NVIC_EnableIRQ
HAL_I2S_Init
HAL_SPI_Init
HAL_TIM_Base_Init
HAL_TIM_ConfigClockSource
HAL_TIM_PWM_Init
HAL_TIMEx_MasterConfigSynchronization
HAL_TIM_PWM_ConfigChannel
HAL_TIM_MspPostInit
HAL_UART_Init
memset
HAL_RCC_OscConfig
HAL_RCC_ClockConfig
HAL_Init
puts
vTaskStartScheduler
